date,area_code,area_name,population,cases,cases_7d,deaths,admissions,hospital_occupancy,vax_first_dose,vax_second_dose,vax_third_dose,vax_first_cum,vax_second_cum,workplace_pct_england,workplace_m,transit_pct_england,transit_m,retail_pct_england,residential_pct_england,workplace_pct_gb,stringency,c4_gatherings,c6_stay_home,c7_movement,h7_vaccine_policy
2020-09-01,E92000001,England,56550138,1962.0,1315.857142857143,4.0,58.0,496.0,0.0,0.0,0.0,0.0,0.0,-42.35362955757692,0.5764637044242308,-28.958679283679285,0.7104132071632072,-11.037514029180695,9.483394091288828,-44.0,64.35,4.0,1.0,2.0,0.0
2020-09-02,E92000001,England,56550138,2696.0,1532.2857142857142,10.0,79.0,451.0,0.0,0.0,0.0,0.0,0.0,-40.96811740890688,0.5903188259109312,-34.28359788359788,0.6571640211640213,-17.19951499118166,10.801967623020253,-42.0,64.35,4.0,1.0,2.0,0.0
2020-09-03,E92000001,England,56550138,2716.0,1726.5714285714287,6.0,69.0,468.0,0.0,0.0,0.0,0.0,0.0,-40.46264451922347,0.5953735548077653,-33.18002645502646,0.6681997354497354,-17.098148148148148,10.255287256603047,-42.0,64.35,4.0,1.0,2.0,0.0
2020-09-04,E92000001,England,56550138,2637.0,1904.0,8.0,67.0,474.0,0.0,0.0,0.0,0.0,0.0,-38.441153145100515,0.6155884685489948,-27.250793650793653,0.7274920634920634,-19.53849206349206,8.486635294530032,-40.0,64.35,4.0,1.0,2.0,0.0
2020-09-05,E92000001,England,56550138,2200.0,2068.1428571428573,12.0,94.0,471.0,0.0,0.0,0.0,0.0,0.0,-9.070723104056437,0.9092927689594357,-23.796055796055796,0.7620394420394421,-23.654251612584947,2.6739414906081573,-10.0,64.35,4.0,1.0,2.0,0.0
2020-09-06,E92000001,England,56550138,2079.0,2224.1428571428573,9.0,85.0,483.0,0.0,0.0,0.0,0.0,0.0,-6.757671957671957,0.9324232804232804,-24.512962962962963,0.7548703703703704,-20.520590828924163,1.909030784030784,-7.0,64.35,4.0,1.0,2.0,0.0
2020-09-07,E92000001,England,56550138,3530.0,2545.714285714286,13.0,84.0,555.0,0.0,0.0,0.0,0.0,0.0,-40.82442236126447,0.5917557763873553,-29.12932098765432,0.7087067901234567,-15.836111111111112,8.833673198146883,-43.0,64.35,4.0,1.0,2.0,0.0
2020-09-08,E92000001,England,56550138,3071.0,2704.1428571428573,10.0,99.0,535.0,0.0,0.0,0.0,0.0,0.0,-39.943972401867136,0.6005602759813287,-29.18769841269841,0.7081230158730158,-15.398372615039282,8.897848058374374,-42.0,64.35,4.0,1.0,2.0,0.0
2020-09-09,E92000001,England,56550138,2893.0,2732.285714285714,10.0,136.0,557.0,0.0,0.0,0.0,0.0,0.0,-37.753509210088154,0.6224649078991185,-30.03126102292769,0.6996873897707231,-17.96878306878307,8.754175502859715,-39.0,64.35,4.0,1.0,2.0,0.0
2020-09-10,E92000001,England,56550138,3143.0,2793.285714285714,12.0,143.0,572.0,0.0,0.0,0.0,0.0,0.0,-38.10282743572217,0.6189717256427782,-28.953835978835983,0.7104616402116402,-17.742592592592594,8.571667513772777,-40.0,64.35,4.0,1.0,2.0,0.0
2020-09-11,E92000001,England,56550138,2893.0,2829.8571428571427,9.0,135.0,622.0,0.0,0.0,0.0,0.0,0.0,-36.658613852034904,0.633413861479651,-23.68953999217157,0.7631046000782843,-19.10579771106087,7.479422770212243,-38.0,64.35,4.0,1.0,2.0,0.0
2020-09-12,E92000001,England,56550138,2224.0,2833.285714285714,18.0,143.0,663.0,0.0,0.0,0.0,0.0,0.0,-8.147230449862029,0.9185276955013797,-19.933665895508,0.80066334104492,-22.944784698732068,2.38689705356372,-9.0,64.35,4.0,1.0,2.0,0.0
2020-09-13,E92000001,England,56550138,1722.0,2782.285714285714,15.0,153.0,691.0,0.0,0.0,0.0,0.0,0.0,-5.750441955705114,0.9424955804429489,-14.464825233246286,0.8553517476675372,-18.157590362853522,0.6727392977392976,-7.0,64.35,4.0,1.0,2.0,0.0
2020-09-14,E92000001,England,56550138,2941.0,2698.1428571428573,17.0,172.0,812.0,0.0,0.0,0.0,0.0,0.0,-34.71762225753454,0.6528237774246546,-23.790953198847934,0.7620904680115207,-13.668037664090296,7.327392636603163,-36.0,65.74,4.0,1.0,2.0,0.0
2020-09-15,E92000001,England,56550138,3057.0,2696.1428571428573,15.0,194.0,891.0,0.0,0.0,0.0,0.0,0.0,-34.42479146908972,0.6557520853091028,-25.768760917445128,0.7423123908255487,-14.971696578275527,8.354621255937046,-36.0,65.74,4.0,1.0,2.0,0.0
2020-09-16,E92000001,England,56550138,3778.0,2822.5714285714284,23.0,183.0,929.0,0.0,0.0,0.0,0.0,0.0,-34.64160430213062,0.6535839569786939,-28.23357023093865,0.7176642976906136,-18.417212319843898,8.80219181403392,-36.0,65.74,4.0,1.0,2.0,0.0
2020-09-17,E92000001,England,56550138,3979.0,2942.0,25.0,199.0,984.0,0.0,0.0,0.0,0.0,0.0,-34.60623190974068,0.6539376809025932,-27.255344655344654,0.7274465534465535,-16.152116012642328,8.180578777947199,-36.0,65.74,4.0,1.0,2.0,0.0
2020-09-18,E92000001,England,56550138,4290.0,3141.5714285714284,21.0,205.0,1020.0,0.0,0.0,0.0,0.0,0.0,-33.42093400426734,0.6657906599573267,-23.89628383312594,0.7610371616687406,-19.269979581821687,7.385388003809057,-35.0,65.74,4.0,1.0,2.0,0.0
2020-09-19,E92000001,England,56550138,4215.0,3426.0,19.0,204.0,1081.0,0.0,0.0,0.0,0.0,0.0,-8.645935545935547,0.9135406445406445,-21.423643607854135,0.7857635639214586,-23.448084079663026,3.064701656368323,-10.0,65.74,4.0,1.0,2.0,0.0
2020-09-20,E92000001,England,56550138,4652.0,3844.5714285714284,28.0,237.0,1174.0,0.0,0.0,0.0,0.0,0.0,-6.109370308054519,0.9389062969194548,-17.583384159699946,0.8241661584030006,-19.34183915499705,1.8526815776815775,-7.0,65.74,4.0,1.0,2.0,0.0
2020-09-21,E92000001,England,56550138,4727.0,4099.714285714285,24.0,275.0,1299.0,0.0,0.0,0.0,0.0,0.0,-35.27818171107645,0.6472181828892355,-25.707531503584136,0.7429246849641586,-14.686667864299444,7.91245435850699,-37.0,65.74,4.0,1.0,2.0,0.0
2020-09-22,E92000001,England,56550138,5400.0,4434.428571428572,35.0,268.0,1378.0,0.0,0.0,0.0,0.0,0.0,-34.43172878129018,0.6556827121870982,-29.4496794141531,0.7055032058584689,-17.907895905264326,8.845442861232335,-36.0,65.74,4.0,1.0,2.0,0.0
2020-09-23,E92000001,England,56550138,5933.0,4742.285714285715,52.0,314.0,1439.0,0.0,0.0,0.0,0.0,0.0,-33.70499945149068,0.6629500054850932,-35.878221924274555,0.6412177807572544,-24.82963995069258,10.575125167230432,-35.0,65.74,4.0,1.0,2.0,0.0
2020-09-24,E92000001,England,56550138,6361.0,5082.571428571428,33.0,288.0,1546.0,0.0,0.0,0.0,0.0,0.0,-33.52009254553114,0.6647990745446886,-34.987837747048275,0.6501216225295172,-22.515684899895426,10.095153092521514,-35.0,67.59,4.0,1.0,2.0,0.0
2020-09-25,E92000001,England,56550138,6105.0,5341.857142857143,30.0,274.0,1686.0,0.0,0.0,0.0,0.0,0.0,-32.173848601041584,0.6782615139895842,-30.57482926430295,0.6942517073569705,-22.98388964836333,9.251357560568087,-34.0,67.59,4.0,1.0,2.0,0.0
2020-09-26,E92000001,England,56550138,5704.0,5554.571428571428,36.0,245.0,1689.0,0.0,0.0,0.0,0.0,0.0,-7.58867902727552,0.9241132097272449,-29.352118933697877,0.7064788106630212,-25.305799723343583,4.613366312050522,-9.0,67.59,4.0,1.0,2.0,0.0
2020-09-27,E92000001,England,56550138,6084.0,5759.142857142857,44.0,241.0,1793.0,0.0,0.0,0.0,0.0,0.0,-5.720013904224431,0.9427998609577557,-25.263098597309124,0.7473690140269087,-22.642502964871387,3.360982146508462,-7.0,67.59,4.0,1.0,2.0,0.0
2020-09-28,E92000001,England,56550138,8641.0,6318.285714285715,47.0,308.0,1955.0,0.0,0.0,0.0,0.0,0.0,-31.925229059439587,0.6807477094056041,-30.483238106922315,0.6951676189307768,-16.53059498980552,9.000702952018742,-35.0,67.59,4.0,1.0,2.0,0.0
2020-09-29,E92000001,England,56550138,8832.0,6808.571428571428,43.0,310.0,1954.0,0.0,0.0,0.0,0.0,0.0,-31.627618223232258,0.6837238177676774,-31.160669301458775,0.6883933069854122,-17.936355165302537,9.463296141804914,-34.0,67.59,4.0,1.0,2.0,0.0
2020-09-30,E92000001,England,56550138,10663.0,7484.285714285715,48.0,328.0,2036.0,0.0,0.0,0.0,0.0,0.0,-32.41615880870267,0.6758384119129733,-35.09761013839961,0.649023898616004,-22.5581663950085,10.422847620216041,-34.0,67.59,4.0,1.0,2.0,0.0
2020-10-01,E92000001,England,56550138,11444.0,8210.42857142857,56.0,368.0,2069.0,0.0,0.0,0.0,0.0,0.0,-29.944735495174093,0.7005526450482591,-31.973849834376146,0.6802615016562386,-19.191831998410947,9.537161474003579,-32.0,67.59,4.0,1.0,2.0,0.0
2020-10-02,E92000001,England,56550138,11719.0,9012.42857142857,65.0,371.0,2180.0,0.0,0.0,0.0,0.0,0.0,-30.136241276592152,0.6986375872340784,-30.152993935888674,0.6984700606411133,-27.440760993392573,10.129581821687085,-32.0,67.59,4.0,1.0,2.0,0.0
2020-10-03,E92000001,England,56550138,9820.0,9600.42857142857,55.0,386.0,2290.0,0.0,0.0,0.0,0.0,0.0,-10.560437775350056,0.8943956222464995,-36.204190400243036,0.6379580959975697,-31.742137849155394,6.861691963007753,-12.0,67.59,4.0,1.0,2.0,0.0
2020-10-04,E92000001,England,56550138,9966.0,10155.0,54.0,478.0,2435.0,0.0,0.0,0.0,0.0,0.0,-7.895907601170759,0.9210409239882924,-30.3016068726595,0.696983931273405,-28.43830482383114,4.856607589940923,-9.0,67.59,4.0,1.0,2.0,0.0
2020-10-05,E92000001,England,56550138,14218.0,10951.714285714286,59.0,472.0,2705.0,0.0,0.0,0.0,0.0,0.0,-31.921734243664066,0.6807826575633593,-29.983891108891108,0.700161088911089,-21.522862663652138,9.462048769943507,-34.0,67.59,4.0,1.0,2.0,0.0
2020-10-06,E92000001,England,56550138,14458.0,11755.42857142857,62.0,524.0,2903.0,0.0,0.0,0.0,0.0,0.0,-31.69005286461427,0.6830994713538573,-31.53054723054723,0.6846945276945278,-22.393942461047725,9.932957409711797,-34.0,67.59,4.0,1.0,2.0,0.0
2020-10-07,E92000001,England,56550138,15418.0,12434.714285714286,81.0,491.0,3066.0,0.0,0.0,0.0,0.0,0.0,-30.14708194664335,0.6985291805335665,-32.285403047245154,0.6771459695275485,-21.721505103084052,9.442612634279302,-32.0,67.59,4.0,1.0,2.0,0.0
2020-10-08,E92000001,England,56550138,15452.0,13007.285714285714,78.0,513.0,3179.0,0.0,0.0,0.0,0.0,0.0,-30.830537883169466,0.6916946211683053,-34.99774114774115,0.6500225885225885,-23.843697092381305,10.261246469579802,-33.0,67.59,4.0,1.0,2.0,0.0
2020-10-09,E92000001,England,56550138,13159.0,13213.0,68.0,544.0,3238.0,0.0,0.0,0.0,0.0,0.0,-29.235859851649327,0.7076414014835067,-31.33114239561608,0.6866885760438393,-25.064141268088637,9.412920997131524,-31.0,67.59,4.0,1.0,2.0,0.0
2020-10-10,E92000001,England,56550138,10301.0,13281.714285714286,91.0,515.0,3369.0,0.0,0.0,0.0,0.0,0.0,-6.368946777718708,0.9363105322228129,-31.919889905416223,0.6808011009458378,-27.030411807166193,5.502665317139002,-8.0,67.59,4.0,1.0,2.0,0.0
2020-10-11,E92000001,England,56550138,9781.0,13255.285714285714,104.0,628.0,3604.0,0.0,0.0,0.0,0.0,0.0,-4.53097589544958,0.9546902410455042,-27.82160456502562,0.7217839543497437,-24.307904668430986,3.591529084950137,-6.0,67.59,4.0,1.0,2.0,0.0
2020-10-12,E92000001,England,56550138,16420.0,13569.857142857143,97.0,664.0,3827.0,0.0,0.0,0.0,0.0,0.0,-31.728430341588236,0.6827156965841177,-34.217340554182655,0.6578265944581734,-25.118311513048354,10.190001080790555,-35.0,60.19,4.0,1.0,1.0,0.0
2020-10-13,E92000001,England,56550138,15660.0,13741.57142857143,87.0,764.0,4105.0,0.0,0.0,0.0,0.0,0.0,-31.179493427300446,0.6882050657269956,-34.88461713724872,0.6511538286275128,-24.927762150130572,10.77811713952065,-35.0,60.19,4.0,1.0,1.0,0.0
2020-10-14,E92000001,England,56550138,16646.0,13917.0,102.0,706.0,4313.0,0.0,0.0,0.0,0.0,0.0,-29.74807896781581,0.7025192103218418,-34.03733065180434,0.6596266934819566,-24.35921709869078,10.586521811521813,-33.0,60.19,4.0,1.0,1.0,0.0
2020-10-15,E92000001,England,56550138,15428.0,13913.57142857143,124.0,792.0,4569.0,0.0,0.0,0.0,0.0,0.0,-29.995321572514555,0.7000467842748545,-34.43549403812561,0.6556450596187439,-23.42641583562636,10.602552905184485,-33.0,60.19,4.0,1.0,1.0,0.0
2020-10-16,E92000001,England,56550138,14761.0,14142.42857142857,122.0,632.0,4854.0,0.0,0.0,0.0,0.0,0.0,-28.708168196326092,0.7129183180367391,-31.610150521992622,0.6838984947800737,-25.014022089022088,9.928947952632164,-32.0,60.19,4.0,1.0,1.0,0.0
2020-10-17,E92000001,England,56550138,12487.0,14454.714285714286,162.0,785.0,5029.0,0.0,0.0,0.0,0.0,0.0,-7.5588524373612085,0.9244114756263879,-35.22119926856769,0.6477880073143232,-29.038031526628018,6.169125465178096,-10.0,60.19,4.0,1.0,1.0,0.0
2020-10-18,E92000001,England,56550138,11982.0,14769.142857142857,121.0,870.0,5202.0,0.0,0.0,0.0,0.0,0.0,-6.979576417734312,0.9302042358226569,-33.26789570079043,0.6673210429920957,-27.401338135548663,4.794747065799697,-9.0,60.19,4.0,1.0,1.0,0.0
2020-10-19,E92000001,England,56550138,22369.0,15619.0,159.0,861.0,5644.0,0.0,0.0,0.0,0.0,0.0,-32.49317519712256,0.6750682480287744,-33.761271477060944,0.6623872852293906,-22.441962569594146,10.522795041216094,-35.0,65.74,4.0,1.0,1.0,0.0
2020-10-20,E92000001,England,56550138,21638.0,16473.0,174.0,925.0,6072.0,0.0,0.0,0.0,0.0,0.0,-32.20914339072234,0.6779085660927766,-35.029556700609334,0.6497044329939067,-23.407643818170136,10.94772259903839,-35.0,65.74,4.0,1.0,1.0,0.0
2020-10-21,E92000001,England,56550138,21762.0,17203.85714285714,191.0,997.0,6271.0,0.0,0.0,0.0,0.0,0.0,-32.14593687663863,0.6785406312336137,-38.407606866817396,0.6159239313318261,-27.80222686670055,12.179122631754211,-35.0,65.74,4.0,1.0,1.0,0.0
2020-10-22,E92000001,England,56550138,19866.0,17837.85714285714,187.0,987.0,6345.0,0.0,0.0,0.0,0.0,0.0,-31.68350585411989,0.683164941458801,-35.70980832033464,0.6429019167966536,-22.120177775440933,10.967720437457281,-34.0,67.59,4.0,1.0,1.0,0.0
2020-10-23,E92000001,England,56550138,18359.0,18351.85714285714,189.0,997.0,6842.0,0.0,0.0,0.0,0.0,0.0,-32.196135768065595,0.6780386423193441,-34.914100665416456,0.6508589933458355,-24.561266949424844,11.01619652277547,-35.0,75.0,4.0,2.0,2.0,0.0
2020-10-24,E92000001,England,56550138,13713.0,18527.0,171.0,990.0,7176.0,0.0,0.0,0.0,0.0,0.0,-9.660162254899097,0.903398377451009,-38.82780771859719,0.611721922814028,-32.559675655728284,6.979193905509695,-13.0,75.0,4.0,2.0,2.0,0.0
2020-10-25,E92000001,England,56550138,13353.0,18722.85714285714,207.0,1186.0,7612.0,0.0,0.0,0.0,0.0,0.0,-6.629974411553359,0.9337002558844664,-32.69540182040182,0.6730459817959817,-23.050617657196604,4.374256445309077,-10.0,75.0,4.0,2.0,2.0,0.0
2020-10-26,E92000001,England,56550138,23033.0,18817.714285714286,226.0,1279.0,7856.0,0.0,0.0,0.0,0.0,0.0,-42.79083952110268,0.5720916047889733,-37.859316414579574,0.6214068358542042,-15.170506394190605,12.017202680360576,-45.0,75.0,4.0,2.0,2.0,0.0
2020-10-27,E92000001,England,56550138,20762.0,18692.571428571428,220.0,1190.0,8595.0,0.0,0.0,0.0,0.0,0.0,-43.01516008358114,0.5698483991641886,-40.62676942940101,0.5937323057059899,-19.011453166716326,13.379519018992703,-45.0,75.0,4.0,2.0,2.0,0.0
2020-10-28,E92000001,England,56550138,20547.0,18519.0,238.0,1239.0,9070.0,0.0,0.0,0.0,0.0,0.0,-41.570270875972625,0.5842972912402737,-39.27789359763044,0.6072210640236957,-16.884547031915453,12.809206290785237,-43.0,75.0,4.0,2.0,2.0,0.0
2020-10-29,E92000001,England,56550138,20257.0,18574.85714285714,250.0,1345.0,9127.0,0.0,0.0,0.0,0.0,0.0,-42.559440169966486,0.5744055983003351,-42.97097463939569,0.570290253606043,-19.889966904440588,13.749448796817218,-44.0,75.0,4.0,2.0,2.0,0.0
2020-10-30,E92000001,England,56550138,19899.0,18794.85714285714,282.0,1109.0,9295.0,0.0,0.0,0.0,0.0,0.0,-40.665704503423804,0.593342954965762,-37.13194860694861,0.6286805139305138,-20.68048267521952,12.269137441505862,-42.0,75.0,4.0,2.0,2.0,0.0
2020-10-31,E92000001,England,56550138,14565.0,18916.571428571428,283.0,1240.0,9782.0,0.0,0.0,0.0,0.0,0.0,-9.716433160731405,0.9028356683926859,-39.380551466077776,0.6061944853392223,-33.04218953561059,6.9165509928667825,-13.0,75.0,4.0,2.0,2.0,0.0
2020-11-01,E92000001,England,56550138,13611.0,18953.428571428572,288.0,1280.0,9623.0,0.0,0.0,0.0,0.0,0.0,-6.391957749852486,0.9360804225014752,-35.83922597869966,0.6416077402130034,-23.891104363472785,4.666360978203084,-10.0,75.0,4.0,2.0,2.0,0.0
2020-11-02,E92000001,England,56550138,28394.0,19719.285714285714,291.0,1331.0,10397.0,0.0,0.0,0.0,0.0,0.0,-30.766265151352872,0.6923373484864712,-34.870831069515276,0.6512916893048473,-10.501359897412529,9.794756705283021,-34.0,75.0,4.0,2.0,2.0,0.0
2020-11-03,E92000001,England,56550138,22690.0,19994.714285714286,293.0,1246.0,10971.0,0.0,0.0,0.0,0.0,0.0,-29.453176729053926,0.7054682327094608,-33.257789140683876,0.6674221085931613,-7.837411565043144,9.591549532339007,-33.0,75.0,4.0,2.0,2.0,0.0
2020-11-04,E92000001,England,56550138,21053.0,20067.0,278.0,1382.0,11037.0,0.0,0.0,0.0,0.0,0.0,-27.672468175099752,0.7232753182490025,-30.80641171693803,0.6919358828306197,-2.8358615069141386,8.462860060667078,-31.0,75.0,4.0,2.0,2.0,0.0
2020-11-05,E92000001,England,56550138,21206.0,20202.571428571428,304.0,1346.0,10994.0,0.0,0.0,0.0,0.0,0.0,-37.068817342501546,0.6293118265749845,-47.77338275759328,0.5222661724240671,-55.731128520602205,15.52901046322099,-38.0,75.0,4.0,2.0,2.0,0.0
2020-11-06,E92000001,England,56550138,21179.0,20385.428571428572,334.0,1182.0,11181.0,0.0,0.0,0.0,0.0,0.0,-37.32665781262273,0.6267334218737728,-49.711882415829784,0.5028811758417022,-57.08710723973882,16.72450809424494,-38.0,72.22,4.0,1.0,1.0,0.0
2020-11-07,E92000001,England,56550138,16888.0,20717.285714285714,336.0,1319.0,11514.0,0.0,0.0,0.0,0.0,0.0,-28.480375066778574,0.7151962493322143,-57.92410820173978,0.42075891798260223,-62.64913827238388,13.152067523120156,-28.0,72.22,4.0,1.0,1.0,0.0
2020-11-08,E92000001,England,56550138,18272.0,21383.14285714286,345.0,1488.0,11680.0,0.0,0.0,0.0,0.0,0.0,-28.963716400558503,0.710362835994415,-56.271874470558686,0.4372812552944132,-62.42694206378417,10.706256706256706,-28.0,72.22,4.0,1.0,1.0,0.0
2020-11-09,E92000001,England,56550138,28560.0,21406.85714285714,405.0,1551.0,12259.0,0.0,0.0,0.0,0.0,0.0,-38.21904279930596,0.6178095720069404,-47.33376141402457,0.5266623858597543,-50.20149893965683,15.030120902489323,-39.0,66.67,4.0,1.0,1.0,0.0
2020-11-10,E92000001,England,56550138,24836.0,21713.428571428572,320.0,1592.0,12033.0,0.0,0.0,0.0,0.0,0.0,-38.24359730587801,0.6175640269412199,-45.531036945510635,0.5446896305448936,-50.17892312365996,15.2238802133539,-39.0,64.81,4.0,1.0,1.0,0.0
2020-11-11,E92000001,England,56550138,25065.0,22286.571428571428,313.0,1711.0,12730.0,0.0,0.0,0.0,0.0,0.0,-37.74969632381913,0.6225030367618087,-47.52528319633583,0.5247471680366418,-51.8656916183232,15.89293805609595,-38.0,64.81,4.0,1.0,1.0,0.0
2020-11-12,E92000001,England,56550138,22320.0,22445.714285714286,353.0,1666.0,12967.0,0.0,0.0,0.0,0.0,0.0,-38.04725396435923,0.6195274603564077,-46.76489972016288,0.5323510027983712,-50.275782842888106,15.665481594428961,-39.0,64.81,4.0,1.0,1.0,0.0
2020-11-13,E92000001,England,56550138,22008.0,22564.14285714286,360.0,1433.0,13328.0,0.0,0.0,0.0,0.0,0.0,-37.631830287970644,0.6236816971202936,-47.3880889578258,0.526119110421742,-52.42211513308004,16.44299487062645,-38.0,64.81,4.0,1.0,1.0,0.0
2020-11-14,E92000001,England,56550138,16290.0,22478.714285714286,365.0,1388.0,13399.0,0.0,0.0,0.0,0.0,0.0,-29.694357461901323,0.7030564253809868,-59.73624460334986,0.40263755396650136,-62.12625683283578,13.674590760117077,-28.0,64.81,4.0,1.0,1.0,0.0
2020-11-15,E92000001,England,56550138,14422.0,21928.714285714286,385.0,1467.0,13886.0,0.0,0.0,0.0,0.0,0.0,-28.976493616844493,0.7102350638315551,-55.90642456958247,0.4409357543041753,-60.29917085838138,10.394103735770402,-28.0,64.81,4.0,1.0,1.0,0.0
2020-11-16,E92000001,England,56550138,24136.0,21296.714285714286,361.0,1560.0,14313.0,0.0,0.0,0.0,0.0,0.0,-38.18127752689156,0.6181872247310845,-46.585508789456156,0.5341449121054385,-48.53178531994322,14.880847807163597,-39.0,64.81,4.0,1.0,1.0,0.0
2020-11-17,E92000001,England,56550138,20677.0,20702.571428571428,367.0,1491.0,14411.0,0.0,0.0,0.0,0.0,0.0,-38.11674646016751,0.6188325353983248,-46.032824339403284,0.5396717566059672,-49.32487497882235,15.216426848005796,-39.0,64.81,4.0,1.0,1.0,0.0
2020-11-18,E92000001,England,56550138,18545.0,19771.14285714286,440.0,1571.0,14490.0,0.0,0.0,0.0,0.0,0.0,-37.652686754441135,0.6234731324555887,-47.97319960741013,0.5202680039258987,-51.27786818444713,16.00776796303112,-38.0,64.81,4.0,1.0,1.0,0.0
2020-11-19,E92000001,England,56550138,15797.0,18839.285714285714,401.0,1484.0,14479.0,0.0,0.0,0.0,0.0,0.0,-37.97586792674512,0.6202413207325488,-47.072405080299816,0.5292759491970018,-49.75243893533367,15.871610407136721,-39.0,64.81,4.0,1.0,1.0,0.0
2020-11-20,E92000001,England,56550138,14960.0,17832.428571428572,394.0,1316.0,14236.0,0.0,0.0,0.0,0.0,0.0,-37.73556492240703,0.6226443507759297,-48.81428074849127,0.5118571925150872,-53.08007745990202,16.80914874599085,-38.0,67.59,4.0,1.0,2.0,0.0
2020-11-21,E92000001,England,56550138,10806.0,17049.0,400.0,1255.0,14118.0,0.0,0.0,0.0,0.0,0.0,-27.23421286316023,0.7276578713683977,-55.218150854992956,0.44781849145007047,-58.12012823109314,12.52669654906497,-26.0,67.59,4.0,1.0,2.0,0.0
2020-11-22,E92000001,England,56550138,10216.0,16448.14285714286,410.0,1333.0,14354.0,0.0,0.0,0.0,0.0,0.0,-26.436963329068593,0.735630366709314,-51.11323647113121,0.48886763528868793,-55.72008430166325,9.29274922608256,-26.0,67.59,4.0,1.0,2.0,0.0
2020-11-23,E92000001,England,56550138,16472.0,15353.285714285714,401.0,1385.0,14712.0,0.0,0.0,0.0,0.0,0.0,-37.51539425486794,0.6248460574513206,-45.924470120522756,0.5407552987947725,-46.084324593535115,14.57732808127545,-39.0,67.59,4.0,1.0,2.0,0.0
2020-11-24,E92000001,England,56550138,14266.0,14437.42857142857,410.0,1277.0,14506.0,0.0,0.0,0.0,0.0,0.0,-37.30713823213823,0.6269286176786177,-45.60833085043611,0.5439166914956388,-47.75368199052409,15.001844646581487,-38.0,67.59,4.0,1.0,2.0,0.0
2020-11-25,E92000001,England,56550138,14155.0,13810.285714285714,429.0,1415.0,14240.0,0.0,0.0,0.0,0.0,0.0,-36.29496737830071,0.6370503262169929,-47.04061318798161,0.5295938681201839,-49.0543845043845,15.554566047987102,-37.0,67.59,4.0,1.0,2.0,0.0
2020-11-26,E92000001,England,56550138,12459.0,13333.42857142857,374.0,1198.0,13908.0,0.0,0.0,0.0,0.0,0.0,-36.535206346609854,0.6346479365339015,-45.89727100384995,0.5410272899615005,-47.323728318465164,15.232467386414754,-37.0,67.59,4.0,1.0,2.0,0.0
2020-11-27,E92000001,England,56550138,12459.0,12976.142857142857,369.0,1055.0,13754.0,0.0,0.0,0.0,0.0,0.0,-36.65884427463375,0.6334115572536625,-46.395780243148664,0.5360421975685133,-48.666880682670154,15.787295891243259,-38.0,67.59,4.0,1.0,2.0,0.0
2020-11-28,E92000001,England,56550138,9347.0,12767.714285714286,387.0,1065.0,13208.0,0.0,0.0,0.0,0.0,0.0,-25.11268280127929,0.748873171987207,-54.17281767939662,0.45827182320603377,-56.162020808950636,12.16954346822768,-24.0,67.59,4.0,1.0,2.0,0.0
2020-11-29,E92000001,England,56550138,9068.0,12603.714285714286,404.0,1215.0,13521.0,0.0,0.0,0.0,0.0,0.0,-24.586985236985235,0.7541301476301476,-50.97590786406576,0.4902409213593424,-54.56114674798885,9.319246185912853,-24.0,67.59,4.0,1.0,2.0,0.0
2020-11-30,E92000001,England,56550138,15228.0,12426.0,365.0,1216.0,13756.0,0.0,0.0,0.0,0.0,0.0,-35.729061094850564,0.6427093890514943,-44.955054302422724,0.5504494569757727,-42.0714192240508,14.07068311805154,-37.0,67.59,4.0,1.0,2.0,0.0
2020-12-01,E92000001,England,56550138,13731.0,12349.57142857143,347.0,1271.0,13507.0,0.0,0.0,0.0,0.0,0.0,-34.22979027145694,0.6577020972854306,-43.20028115159694,0.5679971884840306,-43.088557787241996,13.939738331843595,-36.0,67.59,4.0,1.0,2.0,0.0
2020-12-02,E92000001,England,56550138,13662.0,12279.142857142857,337.0,1262.0,13212.0,0.0,0.0,0.0,0.0,0.0,-29.763534402569487,0.7023646559743051,-39.60878974826343,0.6039121025173657,-28.183489901910956,12.531309918152024,-32.0,67.59,4.0,1.0,2.0,0.0
2020-12-03,E92000001,England,56550138,12762.0,12322.42857142857,408.0,1337.0,12896.0,0.0,0.0,0.0,0.0,0.0,-31.005838833031817,0.6899416116696818,-40.92802694381642,0.5907197305618358,-30.158616529669164,13.163766350608455,-33.0,63.89,4.0,0.0,2.0,0.0
2020-12-04,E92000001,England,56550138,13065.0,12409.0,414.0,1248.0,12987.0,0.0,0.0,0.0,0.0,0.0,-30.816154232382303,0.6918384576761769,-39.25888906415222,0.6074111093584778,-32.746708262497734,13.049567245619876,-33.0,63.89,4.0,0.0,2.0,0.0
2020-12-05,E92000001,England,56550138,10302.0,12545.42857142857,345.0,1186.0,12968.0,0.0,0.0,0.0,0.0,0.0,-11.064457942966715,0.8893554205703329,-36.99448168790274,0.6300551831209726,-33.47214768662137,7.830704091230406,-13.0,63.89,4.0,0.0,2.0,0.0
2020-12-06,E92000001,England,56550138,11036.0,12826.57142857143,357.0,1311.0,13189.0,0.0,0.0,0.0,0.0,0.0,-12.24589518668466,0.8775410481331534,-37.47195290090027,0.6252804709909974,-35.20463980463981,6.501569726569727,-13.0,63.89,4.0,0.0,2.0,0.0
2020-12-07,E92000001,England,56550138,17662.0,13174.285714285714,360.0,1466.0,13616.0,0.0,0.0,0.0,0.0,0.0,-32.183245133683734,0.6781675486631626,-37.16862625678415,0.6283137374321586,-23.684655549129232,11.304450374187217,-34.0,63.89,4.0,0.0,2.0,0.0
2020-12-08,E92000001,England,56550138,16937.0,13632.285714285714,376.0,1528.0,13629.0,5121.0,153.0,0.0,5121.0,153.0,-30.40368557693119,0.6959631442306882,-38.23160465265729,0.6176839534734271,-27.31477513714356,11.919498743621551,-33.0,67.59,4.0,1.0,2.0,3.0
2020-12-09,E92000001,England,56550138,17744.0,14215.42857142857,376.0,1550.0,13467.0,9354.0,145.0,2.0,14475.0,298.0,-30.120714389574037,0.6987928561042596,-38.07737627869207,0.6192262372130792,-28.573060857271383,11.894643660433134,-32.0,67.59,4.0,1.0,2.0,3.0
2020-12-10,E92000001,England,56550138,18850.0,15085.142857142857,380.0,1524.0,13796.0,11465.0,119.0,1.0,25940.0,417.0,-30.875547535635253,0.6912445246436475,-38.35621965753545,0.6164378034246456,-28.28076996103312,12.267857142857144,-33.0,67.59,4.0,1.0,2.0,3.0
2020-12-11,E92000001,England,56550138,20177.0,16101.142857142857,400.0,1450.0,13901.0,12083.0,83.0,1.0,38023.0,500.0,-30.213152360959377,0.6978684763904062,-36.54885888964836,0.6345114111035164,-31.966010451536768,12.23301406196143,-32.0,67.59,4.0,1.0,2.0,3.0
2020-12-12,E92000001,England,56550138,16268.0,16953.428571428572,378.0,1587.0,13927.0,10262.0,25.0,3.0,48285.0,525.0,-10.946808681896401,0.890531913181036,-35.95467368888421,0.6404532631111579,-35.630763615851336,7.682203469045573,-12.0,67.59,4.0,1.0,2.0,3.0
2020-12-13,E92000001,England,56550138,18409.0,18006.714285714286,368.0,1581.0,14460.0,5976.0,31.0,0.0,54261.0,556.0,-13.793418715787137,0.8620658128421286,-42.48987401487401,0.5751012598512599,-41.30331817305502,7.436162294495627,-14.0,67.59,4.0,1.0,2.0,3.0
2020-12-14,E92000001,England,56550138,30019.0,19772.0,415.0,1746.0,15053.0,11777.0,153.0,3.0,66038.0,709.0,-32.49611671629216,0.6750388328370784,-37.17150247413405,0.6282849752586595,-23.886393723235827,11.337930636614848,-35.0,73.15,4.0,1.0,2.0,3.0
2020-12-15,E92000001,England,56550138,29652.0,21588.428571428572,391.0,1730.0,15031.0,52597.0,117.0,3.0,118635.0,826.0,-31.856883337585096,0.681431166624149,-35.92801628196365,0.6407198371803635,-23.701510769931822,11.31138554428028,-34.0,73.15,4.0,1.0,2.0,3.0
2020-12-16,E92000001,England,56550138,30650.0,23432.14285714286,354.0,1796.0,15465.0,84518.0,155.0,1.0,203153.0,981.0,-31.961899487776677,0.6803810051222332,-40.943253237990085,0.5905674676200992,-31.23037211326685,13.064247594510753,-34.0,73.15,4.0,1.0,2.0,3.0
2020-12-17,E92000001,England,56550138,30159.0,25047.714285714286,441.0,1873.0,15741.0,84777.0,173.0,4.0,287930.0,1154.0,-32.48817499913991,0.6751182500086009,-37.565061984798824,0.6243493801520117,-25.8586756810441,12.401190038032142,-35.0,73.15,4.0,1.0,2.0,3.0
2020-12-18,E92000001,England,56550138,32426.0,26797.571428571428,436.0,1672.0,15866.0,68978.0,155.0,1.0,356908.0,1309.0,-35.88340343866659,0.6411659656133342,-39.45134061844588,0.6054865938155412,-31.826730141203825,14.096757044125464,-37.0,73.15,4.0,1.0,2.0,3.0
2020-12-19,E92000001,England,56550138,22195.0,27644.285714285714,415.0,1812.0,16183.0,79422.0,17.0,4.0,436330.0,1326.0,-12.40840532112462,0.8759159467887538,-35.249671673355884,0.6475032832664411,-38.018409660514926,8.167159594791174,-13.0,76.85,4.0,2.0,2.0,3.0
2020-12-20,E92000001,England,56550138,29556.0,29236.714285714286,430.0,1976.0,16633.0,70963.0,18.0,2.0,507293.0,1344.0,-11.9924121200437,0.8800758787995631,-38.07838214417162,0.6192161785582838,-41.177754847491684,6.971479446479446,-13.0,76.85,4.0,2.0,2.0,3.0
2020-12-21,E92000001,England,56550138,43446.0,31154.85714285714,498.0,2115.0,17709.0,59125.0,79.0,5.0,566418.0,1423.0,-47.64158273500379,0.5235841726499622,-45.440760409181465,0.5455923959081854,-23.810391655128498,15.467801934907198,-49.0,76.85,4.0,2.0,2.0,3.0
2020-12-22,E92000001,England,56550138,41741.0,32881.857142857145,491.0,2203.0,18063.0,77600.0,63.0,6.0,644018.0,1486.0,-48.91259380645346,0.5108740619354655,-43.97128850681483,0.5602871149318517,-22.515774576300892,15.624072564862038,-50.0,76.85,4.0,2.0,2.0,3.0
2020-12-23,E92000001,England,56550138,38383.0,33986.57142857143,483.0,1980.0,17834.0,72889.0,33.0,5.0,716907.0,1519.0,-51.96074442127073,0.4803925557872927,-47.84240204240204,0.5215759795759796,-25.462432450590345,17.529930157561736,-53.0,76.85,4.0,2.0,2.0,3.0
2020-12-24,E92000001,England,56550138,29287.0,33862.0,490.0,1795.0,18227.0,25380.0,4.0,2.0,742287.0,1523.0,-64.03815672631463,0.3596184327368538,-53.29695363116416,0.46703046368835843,-32.9129113576482,20.437679571890097,-65.0,79.63,4.0,2.0,2.0,3.0
2020-12-25,E92000001,England,56550138,12926.0,31076.285714285714,541.0,1952.0,17701.0,266.0,3.0,1.0,742553.0,1526.0,-84.59172362724993,0.15408276372750063,-81.4484531550321,0.18551546844967903,-92.1662851768115,26.82725666146719,-85.0,75.46,3.0,2.0,2.0,3.0
2020-12-26,E92000001,England,56550138,37462.0,33257.28571428572,572.0,2298.0,18350.0,1796.0,6.0,0.0,744349.0,1532.0,-52.584476845441756,0.4741552315455825,-73.04855772882088,0.26951442271179116,-78.70513443671338,14.745062101641047,-54.0,79.63,4.0,2.0,2.0,3.0
2020-12-27,E92000001,England,56550138,43250.0,35213.57142857143,585.0,2572.0,19277.0,4972.0,1.0,0.0,749321.0,1533.0,-27.658785009662203,0.723412149903378,-51.644328186433455,0.4835567181356655,-52.77976292713135,9.01219860386527,-29.0,79.63,4.0,2.0,2.0,3.0
2020-12-28,E92000001,England,56550138,40845.0,34842.0,594.0,2795.0,20426.0,9022.0,9.0,2.0,758343.0,1542.0,-76.18262648657385,0.23817373513426143,-64.77013147671043,0.35229868523289565,-46.52953420848158,25.533544525649788,-77.0,79.63,4.0,2.0,2.0,3.0
2020-12-29,E92000001,England,56550138,74058.0,39458.71428571428,580.0,2886.0,21787.0,42733.0,2181.0,3.0,801076.0,3723.0,-66.01058098821257,0.33989419011787436,-58.32148275700907,0.4167851724299093,-40.34659185843397,22.894298683772366,-68.0,79.63,4.0,2.0,2.0,3.0
2020-12-30,E92000001,England,56550138,64243.0,43153.0,629.0,2861.0,22713.0,95655.0,4131.0,2.0,896731.0,7854.0,-64.2556894210403,0.35744310578959704,-56.27701421385632,0.43722985786143687,-36.264219698430225,22.397465692202534,-66.0,79.63,4.0,2.0,2.0,3.0
2020-12-31,E92000001,England,56550138,47824.0,45801.142857142855,653.0,2536.0,22728.0,80115.0,4580.0,7.0,976846.0,12434.0,-67.84155511480073,0.3215844488519928,-62.945792949740316,0.3705420705025968,-50.35700469121522,23.973686547370757,-69.0,79.63,4.0,2.0,2.0,3.0
2021-01-01,E92000001,England,56550138,28879.0,48080.142857142855,644.0,3010.0,22534.0,22749.0,1066.0,1.0,999595.0,13500.0,-83.20228348649401,0.1679771651350599,-81.13538289196184,0.18864617108038162,-82.811119728225,31.450760788918686,-83.0,79.63,4.0,2.0,2.0,3.0
2021-01-02,E92000001,England,56550138,55428.0,50646.71428571428,673.0,3145.0,23557.0,28170.0,4517.0,4.0,1027765.0,18017.0,-36.91172013496575,0.6308827986503425,-62.15785165127271,0.3784214834872729,-66.06273909651104,15.241664914033334,-39.0,79.63,4.0,2.0,2.0,3.0
2021-01-03,E92000001,England,56550138,50664.0,51705.857142857145,656.0,3351.0,24957.0,16016.0,3650.0,2.0,1043781.0,21667.0,-27.694619431900133,0.7230538056809988,-58.07067712988766,0.4192932287011234,-63.73467555835977,11.150628383961717,-29.0,79.63,4.0,2.0,2.0,3.0
2021-01-04,E92000001,England,56550138,70920.0,56002.28571428572,759.0,3587.0,26626.0,27457.0,9038.0,4.0,1071238.0,30705.0,-44.899782121711944,0.5510021787828805,-56.444743852638595,0.4355525614736141,-51.06633804791699,18.045984132826238,-49.0,79.63,4.0,2.0,2.0,3.0
2021-01-05,E92000001,England,56550138,59600.0,53936.857142857145,823.0,3697.0,26467.0,56376.0,41185.0,5.0,1127614.0,71890.0,-47.03434679355732,0.5296565320644269,-58.69705002599739,0.4130294997400261,-59.46799180351812,19.682421087684247,-50.0,87.96,4.0,2.0,2.0,3.0
2021-01-06,E92000001,England,56550138,52752.0,52295.28571428572,829.0,3967.0,27727.0,85058.0,69907.0,8.0,1212672.0,141797.0,-47.21183076183076,0.5278816923816925,-58.82015455304929,0.411798454469507,-61.54340235787603,20.309673221515325,-49.0,87.96,4.0,2.0,2.0,3.0
2021-01-07,E92000001,England,56550138,48132.0,52339.28571428572,891.0,3849.0,28246.0,183722.0,68871.0,7.0,1396394.0,210668.0,-47.79540874979472,0.5220459125020529,-59.06481223454908,0.4093518776545092,-61.00405340273762,20.63796364454259,-50.0,87.96,4.0,2.0,2.0,3.0
2021-01-08,E92000001,England,56550138,43494.0,54427.142857142855,892.0,3549.0,29346.0,223621.0,52922.0,7.0,1620015.0,263590.0,-47.45497673216971,0.5254502326783028,-60.71290449316765,0.3928709550683235,-64.35723465942765,21.520102266154897,-49.0,87.96,4.0,2.0,2.0,3.0
2021-01-09,E92000001,England,56550138,36419.0,51711.57142857143,930.0,3718.0,29462.0,190683.0,55630.0,10.0,1810698.0,319220.0,-32.076151496326936,0.6792384850367306,-62.479099555415345,0.3752090044458466,-67.73243775392899,14.704659375712007,-33.0,87.96,4.0,2.0,2.0,3.0
2021-01-10,E92000001,England,56550138,33749.0,49295.142857142855,984.0,3571.0,30758.0,100426.0,39914.0,3.0,1911124.0,359134.0,-30.592771912947356,0.6940722808705264,-61.98155105128789,0.38018448948712114,-68.01208133971292,11.666866158532825,-31.0,87.96,4.0,2.0,2.0,3.0
2021-01-11,E92000001,England,56550138,53519.0,46809.28571428572,1008.0,3894.0,32070.0,104420.0,14864.0,5.0,2015544.0,373998.0,-47.33594767805294,0.5266405232194706,-58.65675055938214,0.4134324944061786,-58.528809056440636,19.114879710932343,-50.0,87.96,4.0,2.0,2.0,3.0
2021-01-12,E92000001,England,56550138,45968.0,44861.857142857145,1094.0,4134.0,32202.0,159891.0,9782.0,6.0,2175435.0,383780.0,-48.4026044455869,0.515973955544131,-58.30957784905153,0.4169042215094847,-59.86427461427461,19.72488140514456,-51.0,87.96,4.0,2.0,2.0,3.0
2021-01-13,E92000001,England,56550138,42303.0,43369.142857142855,1105.0,3840.0,32689.0,229656.0,6036.0,7.0,2405091.0,389816.0,-48.41922697185855,0.5158077302814146,-60.922412236885926,0.39077587763114074,-62.9902828165986,19.992312950207687,-50.0,87.96,4.0,2.0,2.0,3.0
2021-01-14,E92000001,England,56550138,39658.0,42158.57142857143,1096.0,3678.0,32925.0,260188.0,3607.0,5.0,2665279.0,393423.0,-50.386594756770194,0.496134052432298,-62.03862336493915,0.3796137663506085,-65.18661104976894,20.902649543439015,-53.0,87.96,4.0,2.0,2.0,3.0
2021-01-15,E92000001,England,56550138,37879.0,41356.42857142857,1104.0,3295.0,33362.0,300130.0,2240.0,4.0,2965409.0,395663.0,-49.13042956069272,0.5086957043930729,-60.2518557465926,0.397481442534074,-63.99308644571803,20.34133600317811,-51.0,87.96,4.0,2.0,2.0,3.0
2021-01-16,E92000001,England,56550138,28413.0,40212.71428571428,1175.0,3569.0,32923.0,260175.0,1270.0,4.0,3225584.0,396933.0,-34.33748149186746,0.6566251850813254,-64.71039107091738,0.35289608929082616,-69.78054589984416,14.818003925898662,-35.0,87.96,4.0,2.0,2.0,3.0
2021-01-17,E92000001,England,56550138,26976.0,39245.142857142855,1174.0,3424.0,33352.0,137127.0,785.0,1.0,3362711.0,397718.0,-30.833508272104762,0.6916649172789524,-59.688104293367445,0.4031189570663255,-66.98720636089057,10.634829984829985,-31.0,87.96,4.0,2.0,2.0,3.0
2021-01-18,E92000001,England,56550138,41935.0,37590.28571428572,1173.0,3711.0,34336.0,139425.0,966.0,1.0,3502136.0,398684.0,-48.64697094653235,0.5135302905346766,-58.0043929754456,0.41995607024554404,-59.10992618492618,18.323437673437674,-51.0,87.96,4.0,2.0,2.0,3.0
2021-01-19,E92000001,England,56550138,37055.0,36317.0,1255.0,3768.0,34015.0,271444.0,1304.0,4.0,3773580.0,399988.0,-49.60685581475055,0.5039314418524945,-60.176230640704325,0.3982376935929568,-61.971898423214206,19.53097092965514,-52.0,87.96,4.0,2.0,2.0,3.0
2021-01-20,E92000001,England,56550138,32679.0,34942.142857142855,1179.0,3679.0,33886.0,293562.0,1619.0,2.0,4067142.0,401607.0,-49.22541620173199,0.5077458379826801,-61.42172140724772,0.3857827859275228,-64.27104430657063,20.499098270150903,-51.0,87.96,4.0,2.0,2.0,3.0
2021-01-21,E92000001,England,56550138,29633.0,33510.0,1139.0,3237.0,33235.0,330551.0,1511.0,8.0,4397693.0,403118.0,-49.03268964628614,0.5096731035371387,-59.24663041636726,0.40753369583632737,-60.88860992808361,19.904639950692584,-51.0,87.96,4.0,2.0,2.0,3.0
2021-01-22,E92000001,England,56550138,27741.0,32061.714285714286,1128.0,3016.0,33412.0,431762.0,714.0,8.0,4829455.0,403832.0,-47.46993985546617,0.5253006014453383,-58.506213085160454,0.4149378691483955,-61.284391631760045,19.87240916977759,-49.0,87.96,4.0,2.0,2.0,3.0
2021-01-23,E92000001,England,56550138,20425.0,30920.571428571428,1069.0,2780.0,32614.0,429149.0,646.0,1.0,5258604.0,404478.0,-32.06095358507639,0.6793904641492361,-62.19371111344796,0.3780628888655204,-66.7731135985522,13.897459996144207,-33.0,87.96,4.0,2.0,2.0,3.0
2021-01-24,E92000001,England,56550138,15883.0,29335.85714285714,1042.0,2824.0,32907.0,178768.0,540.0,1.0,5437372.0,405018.0,-33.738186504853175,0.6626181349514683,-62.28214548609286,0.37717854513907145,-70.38006007962149,11.417369667369668,-34.0,87.96,4.0,2.0,2.0,3.0
2021-01-25,E92000001,England,56550138,27972.0,27341.14285714286,1077.0,2648.0,32938.0,177915.0,594.0,3.0,5615287.0,405612.0,-50.03593833067517,0.49964061669324833,-57.78723922276554,0.4221276077723446,-58.69481994613573,18.882046024151286,-52.0,87.96,4.0,2.0,2.0,3.0
2021-01-26,E92000001,England,56550138,25210.0,25649.0,969.0,2799.0,32337.0,212589.0,548.0,7.0,5827876.0,406160.0,-49.11994504845382,0.5088005495154617,-59.84293104556262,0.4015706895443738,-60.69946427841165,19.458406067616593,-51.0,87.96,4.0,2.0,2.0,3.0
2021-01-27,E92000001,England,56550138,23899.0,24394.714285714286,1013.0,2742.0,30846.0,220803.0,651.0,5.0,6048679.0,406811.0,-47.601506858963,0.52398493141037,-58.37893977367662,0.4162106022632338,-59.552021808600756,19.325719309929838,-50.0,87.96,4.0,2.0,2.0,3.0
2021-01-28,E92000001,England,56550138,22523.0,23379.0,1021.0,2719.0,30333.0,314833.0,1224.0,5.0,6363512.0,408035.0,-48.267164511901356,0.5173283548809864,-59.146761425708796,0.40853238574291206,-59.57967631783421,19.576517488359592,-50.0,87.96,4.0,2.0,2.0,3.0
2021-01-29,E92000001,England,56550138,20363.0,22325.0,947.0,2379.0,29359.0,447700.0,2312.0,8.0,6811212.0,410347.0,-46.81617662714154,0.5318382337285846,-57.33794348925929,0.4266205651074071,-59.3448927940156,19.441092679250573,-49.0,87.96,4.0,2.0,2.0,3.0
2021-01-30,E92000001,England,56550138,15524.0,21624.85714285714,833.0,2193.0,28571.0,437287.0,2367.0,13.0,7248499.0,412714.0,-32.09757211599317,0.6790242788400683,-64.08827809617283,0.35911721903827176,-66.68769933769934,14.175813221865853,-33.0,87.96,4.0,2.0,2.0,3.0
2021-01-31,E92000001,England,56550138,14138.0,21375.571428571428,812.0,2183.0,28112.0,266709.0,2413.0,3.0,7515208.0,415127.0,-29.482034485981856,0.7051796551401814,-59.656642480326695,0.40343357519673306,-64.56819248003458,10.548382481715814,-30.0,87.96,4.0,2.0,2.0,3.0
2021-02-01,E92000001,England,56550138,20765.0,20346.0,812.0,2347.0,28539.0,248800.0,1426.0,3.0,7764008.0,416553.0,-47.39375043410131,0.526062495658987,-55.364181432602486,0.4463581856739751,-55.597344906555435,17.594843898791268,-49.0,87.96,4.0,2.0,2.0,3.0
2021-02-02,E92000001,England,56550138,18193.0,19343.571428571428,764.0,2222.0,27397.0,281354.0,1351.0,9.0,8045362.0,417904.0,-48.81760659743116,0.5118239340256885,-58.51404472720262,0.4148595527279738,-59.38515504962873,19.258777187724558,-51.0,87.96,4.0,2.0,2.0,3.0
2021-02-03,E92000001,England,56550138,17948.0,18493.428571428572,786.0,2096.0,26374.0,345504.0,2395.0,3.0,8390866.0,420299.0,-46.999348896717315,0.5300065110328269,-58.10263961185014,0.4189736038814986,-58.821160856687165,19.030592360855522,-49.0,87.96,4.0,2.0,2.0,3.0
2021-02-04,E92000001,England,56550138,16717.0,17664.0,654.0,1907.0,25334.0,371529.0,2865.0,5.0,8762395.0,423164.0,-47.295373096688884,0.5270462690331111,-58.61539133381239,0.41384608666187606,-58.850118448802654,19.219522728733253,-49.0,87.96,4.0,2.0,2.0,3.0
2021-02-05,E92000001,England,56550138,14461.0,16820.85714285714,680.0,1757.0,24402.0,381153.0,1936.0,4.0,9143548.0,425100.0,-46.10383377181623,0.5389616622818377,-57.504651927020355,0.42495348072979644,-58.93645120311786,19.148055015160278,-48.0,87.96,4.0,2.0,2.0,3.0
2021-02-06,E92000001,England,56550138,10951.0,16167.57142857143,613.0,1679.0,23042.0,453222.0,680.0,3.0,9596770.0,425780.0,-29.956687902740537,0.7004331209725947,-62.660415899889585,0.3733958410011041,-65.04983960159399,13.403617727301938,-31.0,87.96,4.0,2.0,2.0,3.0
2021-02-07,E92000001,England,56550138,10457.0,15641.714285714286,569.0,1675.0,22991.0,215390.0,440.0,2.0,9812160.0,426220.0,-30.90545244229455,0.6909454755770545,-63.7573449941871,0.36242655005812896,-67.86781215860164,11.226942810276144,-32.0,87.96,4.0,2.0,2.0,3.0
2021-02-08,E92000001,England,56550138,14370.0,14728.142857142857,614.0,1739.0,23020.0,224409.0,1114.0,9.0,10036569.0,427334.0,-49.48792868924448,0.5051207131075552,-59.678499132446504,0.40321500867553495,-59.876936951936955,19.066373246636406,-52.0,87.96,4.0,2.0,2.0,3.0
2021-02-09,E92000001,England,56550138,12696.0,13942.857142857143,543.0,1531.0,22067.0,291502.0,2577.0,7.0,10328071.0,429911.0,-48.961217762094954,0.5103878223790504,-58.87744842876422,0.41122551571235777,-59.072757505652234,19.512851476009374,-52.0,87.96,4.0,2.0,2.0,3.0
2021-02-10,E92000001,England,56550138,12272.0,13132.0,544.0,1535.0,20926.0,319135.0,4350.0,5.0,10647206.0,434261.0,-47.30068265068265,0.5269931734931734,-58.11808191808192,0.4188191808191808,-58.24303036145141,19.277044154675732,-50.0,87.96,4.0,2.0,2.0,3.0
2021-02-11,E92000001,England,56550138,11637.0,12406.285714285714,513.0,1440.0,19983.0,375487.0,4388.0,11.0,11022693.0,438649.0,-47.03488329409382,0.5296511670590618,-57.90192541376752,0.4209807458623248,-56.77767335004177,19.294147811253072,-49.0,87.96,4.0,2.0,2.0,3.0
2021-02-12,E92000001,England,56550138,10986.0,11909.857142857143,460.0,1318.0,19009.0,415152.0,4115.0,7.0,11437845.0,442764.0,-46.097651292826725,0.5390234870717328,-57.68648150095518,0.4231351849904482,-57.4592040675374,19.51850108955372,-48.0,87.96,4.0,2.0,2.0,3.0
2021-02-13,E92000001,England,56550138,8025.0,11491.857142857143,435.0,1240.0,17694.0,424698.0,2291.0,10.0,11862543.0,445055.0,-29.938718364156962,0.7006128163584304,-62.50673274094327,0.3749326725905673,-62.41987622513938,13.398993988467673,-31.0,87.96,4.0,2.0,2.0,3.0
2021-02-14,E92000001,England,56550138,7781.0,11109.57142857143,440.0,1364.0,17787.0,180058.0,809.0,2.0,12042601.0,445864.0,-29.214605715921508,0.7078539428407848,-62.86299665247034,0.3713700334752965,-64.5017054582844,11.375020966687634,-30.0,87.96,4.0,2.0,2.0,3.0
2021-02-15,E92000001,England,56550138,12953.0,10907.142857142857,462.0,1322.0,17730.0,195728.0,1720.0,5.0,12238329.0,447584.0,-50.88856848155094,0.49111431518449056,-55.18679887364098,0.44813201126359015,-50.70317562554405,17.762754058806692,-53.0,87.96,4.0,2.0,2.0,3.0
2021-02-16,E92000001,England,56550138,11268.0,10703.142857142857,397.0,1311.0,17093.0,301885.0,3455.0,5.0,12540214.0,451039.0,-50.81743000339491,0.49182569996605086,-55.802951434530385,0.4419704856546961,-52.660134602239864,18.650719455982614,-52.0,87.96,4.0,2.0,2.0,3.0
2021-02-17,E92000001,England,56550138,10419.0,10438.42857142857,386.0,1233.0,16458.0,410794.0,4902.0,8.0,12951008.0,455941.0,-50.194469841399666,0.4980553015860033,-55.835998650472334,0.4416400134952767,-53.466374707164185,19.076398455345824,-51.0,87.96,4.0,2.0,2.0,3.0
2021-02-18,E92000001,England,56550138,10303.0,10247.857142857143,369.0,1149.0,15633.0,388992.0,5147.0,14.0,13340000.0,461088.0,-50.49549247049247,0.49504507529507524,-56.31571732361206,0.4368428267638794,-52.865022988707196,19.18517009306483,-52.0,87.96,4.0,2.0,2.0,3.0
2021-02-19,E92000001,England,56550138,9246.0,9999.285714285714,316.0,1068.0,15018.0,312738.0,4593.0,5.0,13652738.0,465681.0,-49.62684420842316,0.5037315579157684,-56.96134348108032,0.4303865651891968,-56.13925710416939,19.90452047952048,-51.0,87.96,4.0,2.0,2.0,3.0
2021-02-20,E92000001,England,56550138,7161.0,9875.857142857143,304.0,904.0,14316.0,305408.0,2925.0,4.0,13958146.0,468606.0,-27.639438907421365,0.7236056109257863,-58.76239257818205,0.41237607421817946,-60.93552430350675,12.77737364974207,-28.0,87.96,4.0,2.0,2.0,3.0
2021-02-21,E92000001,England,56550138,7033.0,9769.0,287.0,1008.0,14142.0,109755.0,2462.0,1.0,14067901.0,471068.0,-25.170814857656964,0.7482918514234304,-53.974609308819836,0.4602539069118017,-59.90902956692431,9.49753055586389,-26.0,87.96,4.0,2.0,2.0,3.0
2021-02-22,E92000001,England,56550138,10279.0,9387.0,241.0,980.0,14137.0,143345.0,5582.0,3.0,14211246.0,476650.0,-45.38922933791355,0.5461077066208645,-53.95911938938255,0.4604088061061745,-51.821399360873045,17.06599307125623,-47.0,86.11,4.0,2.0,2.0,3.0
2021-02-23,E92000001,England,56550138,8536.0,8996.714285714286,258.0,976.0,13489.0,278980.0,9967.0,8.0,14490226.0,486617.0,-45.37163791374317,0.5462836208625683,-54.74334086965666,0.45256659130343335,-52.63658636684952,17.56822621822622,-47.0,86.11,4.0,2.0,2.0,3.0
2021-02-24,E92000001,England,56550138,7621.0,8597.0,241.0,874.0,13007.0,396662.0,15107.0,10.0,14886888.0,501724.0,-44.5106329830014,0.554893670169986,-54.88658899579952,0.45113411004200477,-53.49293133766818,18.0138672730778,-46.0,86.11,4.0,2.0,2.0,3.0
2021-02-25,E92000001,England,56550138,6934.0,8115.714285714285,222.0,832.0,12449.0,434279.0,17485.0,10.0,15321167.0,519209.0,-44.73867178954899,0.5526132821045101,-53.47624816703764,0.46523751832962357,-51.374402205981156,17.70828528196949,-46.0,86.11,4.0,2.0,2.0,3.0
2021-02-26,E92000001,England,56550138,5883.0,7635.285714285715,197.0,718.0,11781.0,445455.0,16726.0,12.0,15766622.0,535935.0,-43.32332996762821,0.5667667003237179,-51.478581652265866,0.48521418347734135,-50.48298840535683,17.250623645360488,-45.0,86.11,4.0,2.0,2.0,3.0
2021-02-27,E92000001,England,56550138,4254.0,7220.0,197.0,624.0,11090.0,374634.0,15050.0,3.0,16141256.0,550985.0,-23.906517167043482,0.7609348283295652,-52.918555421187,0.47081444578813003,-55.289112073761196,10.807911971069865,-25.0,86.11,4.0,2.0,2.0,3.0
2021-02-28,E92000001,England,56550138,4112.0,6802.714285714285,201.0,662.0,10663.0,155860.0,9196.0,3.0,16297116.0,560181.0,-21.950934591724067,0.7804906540827593,-49.408229781913995,0.5059177021808601,-53.88041344620292,8.512349070682404,-23.0,86.11,4.0,2.0,2.0,3.0
2021-03-01,E92000001,England,56550138,6215.0,6222.142857142857,192.0,704.0,10765.0,144984.0,11709.0,11.0,16442100.0,571890.0,-44.19724237750554,0.5580275762249446,-52.5496963562753,0.474503036437247,-47.98435029882398,16.2508076718603,-46.0,86.11,4.0,2.0,2.0,3.0
2021-03-02,E92000001,England,56550138,5950.0,5852.714285714285,158.0,683.0,10121.0,170617.0,26887.0,15.0,16612717.0,598777.0,-44.3240061270763,0.556759938729237,-52.78894190604717,0.4721105809395283,-50.43239684292316,16.95520429862535,-46.0,86.11,4.0,2.0,2.0,3.0
2021-03-03,E92000001,England,56550138,5305.0,5521.857142857143,126.0,607.0,9594.0,227177.0,42061.0,9.0,16839894.0,640838.0,-43.93988485523573,0.5606011514476427,-54.34828110486006,0.4565171889513995,-53.02760572760573,17.71020908915646,-46.0,86.11,4.0,2.0,2.0,3.0
2021-03-04,E92000001,England,56550138,5011.0,5247.142857142857,130.0,596.0,9092.0,318705.0,41964.0,13.0,17158599.0,682802.0,-44.08064028239467,0.5591935971760533,-54.431865502918136,0.4556813449708187,-52.37917462654305,17.734059215638165,-46.0,86.11,4.0,2.0,2.0,3.0
2021-03-05,E92000001,England,56550138,4728.0,5082.142857142857,156.0,487.0,8594.0,384212.0,34240.0,13.0,17542811.0,717042.0,-42.392681782155464,0.5760731821784454,-52.48126756284651,0.4751873243715349,-52.50903162789128,17.782751751172803,-44.0,86.11,4.0,2.0,2.0,3.0
2021-03-06,E92000001,England,56550138,3832.0,5021.857142857143,129.0,528.0,8021.0,387355.0,20300.0,7.0,17930166.0,737342.0,-23.802217146076796,0.761977828539232,-55.230170268328166,0.4476982973167183,-56.53931068931069,11.590545127387234,-24.0,86.11,4.0,2.0,2.0,3.0
2021-03-07,E92000001,England,56550138,3677.0,4959.714285714285,115.0,461.0,7812.0,139821.0,8119.0,1.0,18069987.0,745461.0,-21.2283770323244,0.787716229676756,-51.40064745196324,0.48599352548036767,-55.416943144574724,8.816100257766925,-22.0,86.11,4.0,2.0,2.0,3.0
2021-03-08,E92000001,England,56550138,5818.0,4903.0,122.0,501.0,7847.0,166361.0,22221.0,9.0,18236348.0,767682.0,-41.18174452253399,0.5881825547746601,-48.489193993141356,0.5151080600685864,-45.679504851873276,14.71813917077075,-44.0,82.41,4.0,2.0,2.0,3.0
2021-03-09,E92000001,England,56550138,5488.0,4837.0,118.0,483.0,7451.0,175782.0,45559.0,12.0,18412130.0,813241.0,-40.37466412729571,0.5962533587270429,-46.66598021861179,0.5333401978138821,-47.105943325680165,14.588251368514527,-43.0,82.41,4.0,2.0,2.0,3.0
2021-03-10,E92000001,England,56550138,5222.0,4825.142857142857,99.0,494.0,6975.0,202490.0,65467.0,22.0,18614620.0,878708.0,-40.15138961103874,0.5984861038896125,-51.63181394628763,0.4836818605371237,-53.87437620858673,16.44531404268246,-42.0,82.41,4.0,2.0,2.0,3.0
2021-03-11,E92000001,England,56550138,4848.0,4801.857142857143,110.0,449.0,6687.0,136951.0,50082.0,30.0,18751571.0,928790.0,-39.60200160463319,0.6039799839536681,-49.455631356947144,0.5054436864305285,-50.871467713572976,15.874040141145404,-42.0,82.41,4.0,2.0,2.0,3.0
2021-03-12,E92000001,England,56550138,4767.0,4807.428571428572,84.0,386.0,6391.0,311402.0,62681.0,26.0,19062973.0,991471.0,-37.75651226616139,0.6224348773383861,-47.75078693236588,0.5224921306763413,-50.95295588102606,15.441084500295027,-40.0,82.41,4.0,2.0,2.0,3.0
2021-03-13,E92000001,England,56550138,3592.0,4773.142857142857,98.0,385.0,6072.0,470390.0,36229.0,11.0,19533363.0,1027700.0,-22.82404648632719,0.7717595351367281,-55.00636994584363,0.44993630054156375,-55.227816708957064,11.220171495171495,-23.0,80.56,4.0,2.0,2.0,3.0
2021-03-14,E92000001,England,56550138,3707.0,4777.428571428572,83.0,357.0,6039.0,224121.0,13199.0,14.0,19757484.0,1040899.0,-13.270987930198455,0.8672901206980155,-49.91593508830351,0.5008406491169648,-57.50135697635697,7.888568221901555,-14.0,80.56,4.0,2.0,2.0,3.0
2021-03-15,E92000001,England,56550138,5643.0,4752.428571428572,90.0,431.0,5976.0,318739.0,29885.0,9.0,20076223.0,1070784.0,-38.84131698386084,0.6115868301613916,-44.96921923106134,0.5503078076893866,-45.9810351928773,13.72869528132686,-41.0,78.7,4.0,2.0,2.0,3.0
2021-03-16,E92000001,England,56550138,4933.0,4673.142857142857,68.0,364.0,5664.0,371656.0,62780.0,12.0,20447879.0,1133564.0,-39.16739962441717,0.6083260037558282,-45.69497797524113,0.5430502202475886,-48.015269087637506,14.382840551261605,-41.0,78.7,4.0,2.0,2.0,3.0
2021-03-17,E92000001,England,56550138,5048.0,4648.285714285715,67.0,343.0,5397.0,388885.0,87372.0,30.0,20836764.0,1220936.0,-37.75746284255056,0.6224253715744944,-45.211930467193625,0.5478806953280637,-48.582918105286524,14.53645900882743,-40.0,78.7,4.0,2.0,2.0,4.0
2021-03-18,E92000001,England,56550138,4689.0,4625.571428571428,52.0,351.0,5083.0,457514.0,99199.0,46.0,21294278.0,1320135.0,-38.20929541543577,0.6179070458456424,-45.83401291690765,0.5416598708309235,-49.435835655572504,15.017864299443248,-40.0,78.7,4.0,2.0,2.0,4.0
2021-03-19,E92000001,England,56550138,4333.0,4563.571428571428,56.0,283.0,4841.0,541064.0,93352.0,46.0,21835342.0,1413487.0,-36.902033054664635,0.6309796694533536,-45.52298228087702,0.5447701771912299,-50.598344994836225,14.993879658353343,-39.0,78.7,4.0,2.0,2.0,4.0
2021-03-20,E92000001,England,56550138,3514.0,4552.428571428572,59.0,287.0,4589.0,695451.0,66851.0,17.0,22530793.0,1480338.0,-21.384872177854632,0.7861512782214537,-51.96669470879997,0.48033305291200035,-56.11294309978521,10.973437673437674,-22.0,78.7,4.0,2.0,2.0,4.0
2021-03-21,E92000001,England,56550138,4679.0,4691.285714285715,71.0,279.0,4492.0,294126.0,28475.0,43.0,22824919.0,1508813.0,-18.675804458699197,0.813241955413008,-48.48989008067955,0.5151010991932046,-54.47421029263134,8.43916854750188,-19.0,78.7,4.0,2.0,2.0,4.0
2021-03-22,E92000001,England,56550138,5400.0,4656.571428571428,60.0,294.0,4501.0,265366.0,61107.0,43.0,23090285.0,1569920.0,-37.59656714305837,0.6240343285694163,-43.34931764142291,0.5665068235857709,-43.911263152052626,13.352820717294401,-40.0,78.7,4.0,2.0,2.0,4.0
2021-03-23,E92000001,England,56550138,4566.0,4604.142857142857,48.0,295.0,4245.0,261952.0,129847.0,30.0,23352237.0,1699767.0,-37.93610153654013,0.6206389846345988,-44.54336117099275,0.5545663882900724,-46.54811329021855,13.907994052730894,-40.0,78.7,4.0,2.0,2.0,4.0
2021-03-24,E92000001,England,56550138,5321.0,4643.142857142857,36.0,277.0,4005.0,269906.0,199786.0,40.0,23622143.0,1899553.0,-36.88876704841617,0.6311123295158383,-44.660407574881255,0.5533959242511874,-47.234196213143576,14.172979944032575,-39.0,78.7,4.0,2.0,2.0,4.0
2021-03-25,E92000001,England,56550138,4674.0,4641.0,38.0,288.0,3763.0,283535.0,209007.0,50.0,23905678.0,2108560.0,-37.25325382869242,0.6274674617130758,-44.74749519486362,0.5525250480513638,-46.83119307592992,14.46782530335162,-40.0,78.7,4.0,2.0,2.0,4.0
2021-03-26,E92000001,England,56550138,3803.0,4565.285714285715,41.0,245.0,3712.0,320556.0,210464.0,39.0,24226234.0,2319024.0,-36.63009573272731,0.6336990426727269,-46.46760870708239,0.535323912929176,-50.04267434969189,15.283018297491983,-39.0,78.7,4.0,2.0,2.0,4.0
2021-03-27,E92000001,England,56550138,3136.0,4511.285714285715,32.0,217.0,3676.0,413644.0,218114.0,32.0,24639878.0,2537138.0,-20.79781373597163,0.7920218626402837,-50.831768815979345,0.4916823118402065,-53.80904206255084,10.457929497403182,-21.0,70.37,4.0,2.0,1.0,4.0
2021-03-28,E92000001,England,56550138,4477.0,4482.428571428572,27.0,221.0,3438.0,209920.0,87556.0,9.0,24849798.0,2624694.0,-20.81565189196768,0.7918434810803232,-53.186231604652654,0.46813768395347344,-57.603475325843746,9.277851777851778,-22.0,70.37,4.0,2.0,1.0,4.0
2021-03-29,E92000001,England,56550138,3422.0,4199.857142857143,28.0,206.0,3466.0,174291.0,123813.0,32.0,25024089.0,2748507.0,-40.11000164552796,0.5988999835447204,-42.53824318955898,0.5746175681044101,-40.03299799615589,12.855007419481105,-42.0,70.37,4.0,2.0,1.0,4.0
2021-03-30,E92000001,England,56550138,3135.0,3995.4285714285716,38.0,217.0,3283.0,169007.0,221919.0,52.0,25193096.0,2970426.0,-39.98197513986988,0.6001802486013013,-38.87304449936029,0.6112695550063971,-40.120731169415386,12.103602975971397,-42.0,70.37,4.0,2.0,1.0,4.0
2021-03-31,E92000001,England,56550138,3340.0,3712.4285714285716,37.0,225.0,3084.0,179676.0,320161.0,55.0,25372772.0,3290587.0,-39.64694985002003,0.6035305014997997,-39.80666015271279,0.6019333984728721,-40.42110944610945,12.913466504255977,-41.0,70.37,4.0,2.0,1.0,4.0
2021-04-01,E92000001,England,56550138,3067.0,3482.8571428571427,29.0,180.0,2928.0,119391.0,385755.0,61.0,25492163.0,3676342.0,-40.704620769094454,0.5929537923090555,-40.50214872846452,0.5949785127153548,-36.57189871531977,13.06184079078816,-42.0,70.37,4.0,2.0,1.0,4.0
2021-04-02,E92000001,England,56550138,2248.0,3260.714285714286,23.0,178.0,2784.0,68058.0,202662.0,20.0,25560221.0,3879004.0,-68.83787104708158,0.3116212895291842,-54.30126525521262,0.45698734744787384,-48.772334682861,21.17159638607007,-68.0,70.37,4.0,2.0,1.0,4.0
2021-04-03,E92000001,England,56550138,2121.0,3115.714285714286,27.0,179.0,2677.0,74522.0,146118.0,18.0,25634743.0,4025122.0,-26.99876510753704,0.7300123489246296,-47.248943746312165,0.5275105625368783,-54.51274498730639,8.96911538753644,-27.0,70.37,4.0,2.0,1.0,4.0
2021-04-04,E92000001,England,56550138,2042.0,2767.8571428571427,25.0,156.0,2672.0,26012.0,35936.0,3.0,25660755.0,4061058.0,-23.107726776147828,0.7689227322385217,-43.08888932704722,0.5691111067295278,-70.5942925495557,5.860109643442977,-23.0,70.37,4.0,2.0,1.0,4.0
2021-04-05,E92000001,England,56550138,2314.0,2609.5714285714284,12.0,188.0,2680.0,17335.0,46034.0,4.0,25678090.0,4107092.0,-75.03681278111102,0.24963187218888971,-61.53168980142664,0.38468310198573363,-46.79653270705902,22.805757692599798,-75.0,70.37,4.0,2.0,1.0,4.0
2021-04-06,E92000001,England,56550138,2756.0,2555.4285714285716,24.0,183.0,2588.0,50239.0,147729.0,39.0,25728329.0,4254821.0,-47.68593279689771,0.5231406720310229,-46.77240566451093,0.5322759433548907,-42.33185279632648,15.59537100326574,-50.0,70.37,4.0,2.0,1.0,4.0
2021-04-07,E92000001,England,56550138,2752.0,2471.4285714285716,23.0,189.0,2486.0,55189.0,354332.0,61.0,25783518.0,4609153.0,-46.38159528905143,0.5361840471094856,-47.04800418879366,0.5295199581120633,-44.84952357583936,15.8583217951639,-48.0,70.37,4.0,2.0,1.0,4.0
2021-04-08,E92000001,England,56550138,2651.0,2412.0,31.0,167.0,2382.0,52366.0,378250.0,74.0,25835884.0,4987403.0,-45.64597061483026,0.5435402938516973,-46.50801216327532,0.5349198783672469,-44.09173385094438,15.584924578345632,-47.0,70.37,4.0,2.0,1.0,4.0
2021-04-09,E92000001,England,56550138,2482.0,2445.4285714285716,21.0,167.0,2321.0,60402.0,382333.0,51.0,25896286.0,5369736.0,-44.0925808921423,0.559074191078577,-46.260181485181484,0.5373981851481852,-47.81859225894314,15.622069597069595,-46.0,70.37,4.0,2.0,1.0,4.0
2021-04-10,E92000001,England,56550138,2009.0,2429.4285714285716,19.0,151.0,2190.0,74921.0,422962.0,52.0,25971207.0,5792698.0,-20.141074714758926,0.7985892528524108,-48.39822633506844,0.5160177366493155,-56.11007790130597,9.59408573882258,-21.0,70.37,4.0,2.0,1.0,4.0
2021-04-11,E92000001,England,56550138,2020.0,2426.285714285714,21.0,175.0,2096.0,35702.0,149354.0,21.0,26006909.0,5942052.0,-16.560710196236514,0.8343928980376348,-43.418137272084635,0.5658186272791537,-52.727886294991556,7.1316088232754895,-17.0,70.37,4.0,2.0,1.0,4.0
2021-04-12,E92000001,England,56550138,2399.0,2438.4285714285716,27.0,173.0,2108.0,23745.0,157508.0,45.0,26030654.0,6099560.0,-39.72186377624974,0.6027813622375027,-30.66260479286795,0.6933739520713205,-13.753068276752488,10.272998346682558,-42.0,61.11,4.0,0.0,1.0,4.0
2021-04-13,E92000001,England,56550138,2060.0,2339.0,20.0,153.0,2057.0,36495.0,219452.0,51.0,26067149.0,6319012.0,-39.868596364648994,0.6013140363535101,-32.52128222654538,0.6747871777345462,-19.320295932138038,11.182105321579007,-43.0,61.11,4.0,0.0,1.0,4.0
2021-04-14,E92000001,England,56550138,2068.0,2241.285714285714,10.0,156.0,1972.0,79090.0,275278.0,48.0,26146239.0,6594290.0,-39.607879758318354,0.6039212024168165,-32.363252244831195,0.6763674775516881,-21.364979026821132,11.381274865485391,-42.0,61.11,4.0,0.0,1.0,4.0
2021-04-15,E92000001,England,56550138,1959.0,2142.4285714285716,18.0,127.0,1885.0,94852.0,345225.0,49.0,26241091.0,6939515.0,-38.82270932446371,0.6117729067553629,-31.589100081205345,0.6841089991879465,-20.90202224675909,11.323112121796333,-41.0,61.11,4.0,0.0,1.0,4.0
2021-04-16,E92000001,England,56550138,1963.0,2068.285714285714,17.0,118.0,1844.0,103504.0,421857.0,54.0,26344595.0,7361372.0,-37.8799016772701,0.621200983227299,-29.417729638782273,0.7058227036121772,-26.24109618451724,10.556650951387793,-40.0,61.11,4.0,0.0,1.0,4.0
2021-04-17,E92000001,England,56550138,1398.0,1981.0,21.0,135.0,1735.0,116492.0,453606.0,60.0,26461087.0,7814978.0,-14.982947380754398,0.850170526192456,-25.340175467807043,0.7465982453219295,-32.66048688153951,4.599162971531393,-16.0,61.11,4.0,0.0,1.0,4.0
2021-04-18,E92000001,England,56550138,2281.0,2018.2857142857142,16.0,112.0,1691.0,70591.0,184661.0,21.0,26531678.0,7999639.0,-12.110778694989222,0.8788922130501078,-21.829829673250728,0.7817017032674927,-29.755944201996833,3.4758584982269194,-13.0,61.11,4.0,0.0,1.0,4.0
2021-04-19,E92000001,England,56550138,2268.0,1999.5714285714287,16.0,138.0,1732.0,82648.0,189936.0,42.0,26614326.0,8189575.0,-31.953456160473706,0.6804654383952629,-28.486001133369555,0.7151399886663045,-21.324629171997593,9.19285422180159,-34.0,61.11,4.0,0.0,1.0,4.0
2021-04-20,E92000001,England,56550138,2112.0,2007.0,17.0,98.0,1649.0,83825.0,256752.0,40.0,26698151.0,8446327.0,-31.482520273748346,0.6851747972625166,-29.477380806328174,0.7052261919367182,-23.576973173025806,9.721545738212406,-34.0,61.11,4.0,0.0,1.0,4.0
2021-04-21,E92000001,England,56550138,2298.0,2039.857142857143,17.0,126.0,1609.0,93715.0,323865.0,65.0,26791866.0,8770192.0,-31.3351014969436,0.6866489850305639,-33.692937179779285,0.6630706282022072,-25.808430020272127,10.28654284312179,-33.0,61.11,4.0,0.0,1.0,4.0
2021-04-22,E92000001,England,56550138,2032.0,2050.285714285714,15.0,92.0,1523.0,103709.0,334971.0,61.0,26895575.0,9105163.0,-30.118070396140574,0.6988192960385943,-32.35294573847206,0.6764705426152794,-22.607877648667124,9.546766018257246,-32.0,61.11,4.0,0.0,1.0,4.0
2021-04-23,E92000001,England,56550138,1701.0,2012.857142857143,19.0,124.0,1478.0,108982.0,378462.0,71.0,27004557.0,9483625.0,-29.139192759806797,0.708608072401932,-29.103543240385346,0.7089645675961466,-25.033388833388834,8.721594925542295,-31.0,61.11,4.0,0.0,1.0,4.0
2021-04-24,E92000001,England,56550138,1300.0,1998.857142857143,7.0,99.0,1401.0,126496.0,475438.0,59.0,27131053.0,9959063.0,-12.762073680056137,0.8723792631994386,-28.65006776848882,0.7134993223151118,-29.474205878591842,4.066396907186381,-14.0,61.11,4.0,0.0,1.0,4.0
2021-04-25,E92000001,England,56550138,1897.0,1944.0,12.0,107.0,1377.0,62180.0,216547.0,25.0,27193233.0,10175610.0,-11.476316957895905,0.885236830421041,-28.44209942104679,0.7155790057895322,-27.929329004329006,3.63765109159846,-12.0,61.11,4.0,0.0,1.0,4.0
2021-04-26,E92000001,England,56550138,2267.0,1943.857142857143,11.0,108.0,1393.0,63121.0,227820.0,50.0,27256354.0,10403430.0,-30.309889720416038,0.6969011027958396,-31.68243788375367,0.6831756211624633,-22.36371377160851,9.315553744501113,-33.0,61.11,4.0,0.0,1.0,4.0
2021-04-27,E92000001,England,56550138,1809.0,1900.5714285714287,13.0,128.0,1310.0,84934.0,297747.0,59.0,27341288.0,10701177.0,-30.67519858309332,0.6932480141690668,-34.09207152496626,0.6590792847503375,-26.60083571399361,10.128833106464686,-33.0,61.11,4.0,0.0,1.0,4.0
2021-04-28,E92000001,England,56550138,2153.0,1879.857142857143,15.0,89.0,1278.0,103165.0,376202.0,67.0,27444453.0,11077379.0,-30.509309111940688,0.6949069088805931,-34.79448037342774,0.6520551962657226,-28.448719847404057,10.739834726676833,-33.0,61.11,4.0,0.0,1.0,4.0
2021-04-29,E92000001,England,56550138,1901.0,1861.142857142857,13.0,80.0,1235.0,112420.0,385282.0,75.0,27556873.0,11462661.0,-30.218488382962068,0.6978151161703794,-33.319912835702304,0.666800871642977,-25.64676522308101,10.170882187987452,-32.0,61.11,4.0,0.0,1.0,4.0
2021-04-30,E92000001,England,56550138,1528.0,1836.4285714285713,12.0,82.0,1161.0,116047.0,347783.0,67.0,27672920.0,11810444.0,-29.16944699225401,0.7083055300774599,-28.599072272756487,0.7140092772724351,-25.096130477709423,9.17263686605792,-31.0,61.11,4.0,0.0,1.0,4.0
2021-05-01,E92000001,England,56550138,1210.0,1823.5714285714287,8.0,68.0,1071.0,123840.0,327485.0,45.0,27796760.0,12137929.0,-14.369777590830223,0.8563022240916978,-28.40757064572854,0.7159242935427146,-28.604032484734237,4.7209886604623446,-15.0,61.11,4.0,0.0,1.0,4.0
2021-05-02,E92000001,England,56550138,1305.0,1739.0,12.0,92.0,1082.0,71363.0,131808.0,19.0,27868123.0,12269737.0,-12.988440360808783,0.8701155963919122,-26.693845774108933,0.7330615422589106,-23.90190438216754,2.9817416501627028,-14.0,61.11,4.0,0.0,1.0,4.0
2021-05-03,E92000001,England,56550138,1806.0,1673.142857142857,9.0,98.0,1096.0,59019.0,92354.0,22.0,27927142.0,12362091.0,-73.20169598108195,0.2679830401891805,-53.80613217192164,0.4619386782807836,-28.885421595947914,20.69481717113296,-73.0,59.72,4.0,0.0,1.0,4.0
2021-05-04,E92000001,England,56550138,2200.0,1729.0,9.0,76.0,1093.0,98369.0,202189.0,30.0,28025511.0,12564280.0,-31.272560756332684,0.6872743924366731,-35.08128552733816,0.6491871447266184,-29.297028556239084,10.791316140000351,-34.0,59.72,4.0,0.0,1.0,4.0
2021-05-05,E92000001,England,56550138,2203.0,1736.142857142857,13.0,96.0,1032.0,108113.0,344561.0,65.0,28133624.0,12908841.0,-29.79111908234715,0.7020888091765285,-33.91164405769669,0.6608835594230331,-27.923445998446,10.455005228689439,-32.0,59.72,4.0,0.0,1.0,4.0
2021-05-06,E92000001,England,56550138,1967.0,1745.5714285714287,7.0,88.0,976.0,102463.0,416973.0,79.0,28236087.0,13325814.0,-29.793095338709374,0.7020690466129063,-32.241985061721905,0.6775801493827809,-25.030223285486443,9.97753925736382,-32.0,59.72,4.0,0.0,1.0,4.0
2021-05-07,E92000001,England,56550138,1657.0,1764.0,10.0,77.0,973.0,110296.0,410454.0,64.0,28346383.0,13736268.0,-27.340398036012072,0.7265960196398793,-30.337354896565426,0.6966264510343457,-27.46538972723183,9.08537179195074,-29.0,59.72,4.0,0.0,1.0,4.0
2021-05-08,E92000001,England,56550138,1301.0,1777.0,10.0,80.0,948.0,140791.0,401152.0,60.0,28487174.0,14137420.0,-15.977544547719987,0.8402245545228001,-43.62121007647323,0.5637878992352676,-41.29118410828937,8.383560007244219,-16.0,59.72,4.0,0.0,1.0,4.0
2021-05-09,E92000001,England,56550138,1985.0,1874.142857142857,8.0,76.0,933.0,74951.0,154867.0,26.0,28562125.0,14292287.0,-9.695563938984991,0.9030443606101501,-30.883783321941216,0.6911621667805878,-29.10399191451823,4.31776980329612,-11.0,59.72,4.0,0.0,1.0,4.0
2021-05-10,E92000001,England,56550138,2325.0,1948.2857142857142,10.0,76.0,944.0,75229.0,178084.0,46.0,28637354.0,14470371.0,-29.543050078576396,0.7045694992142361,-32.951940749309166,0.6704805925069084,-24.592619661040715,9.619359295675086,-32.0,59.72,4.0,0.0,1.0,4.0
2021-05-11,E92000001,England,56550138,1872.0,1901.4285714285713,14.0,79.0,921.0,101414.0,305107.0,66.0,28738768.0,14775478.0,-28.967255876027806,0.7103274412397219,-32.9582036384668,0.670417963615332,-24.53514278119541,9.907052710122885,-31.0,59.72,4.0,0.0,1.0,4.0
2021-05-12,E92000001,England,56550138,1869.0,1853.7142857142858,10.0,93.0,907.0,154110.0,402270.0,82.0,28892878.0,15177748.0,-29.11229379782011,0.7088770620217989,-32.331848560795926,0.6766815143920407,-23.323716488190172,9.69246148588254,-31.0,59.72,4.0,0.0,1.0,4.0
2021-05-13,E92000001,England,56550138,1737.0,1820.857142857143,6.0,74.0,845.0,180639.0,375645.0,88.0,29073517.0,15553393.0,-30.3408201609956,0.696591798390044,-33.6679200916043,0.6633207990839569,-26.721944575891946,10.245897961687435,-32.0,59.72,4.0,0.0,1.0,4.0
2021-05-14,E92000001,England,56550138,1540.0,1804.142857142857,3.0,72.0,818.0,191446.0,339291.0,79.0,29264963.0,15892684.0,-28.053690526497544,0.7194630947350246,-29.94803091645197,0.7005196908354803,-26.806959122748598,9.204653387548126,-30.0,59.72,4.0,0.0,1.0,4.0
2021-05-15,E92000001,England,56550138,1306.0,1804.857142857143,8.0,70.0,810.0,215165.0,354620.0,67.0,29480128.0,16247304.0,-13.702485363888874,0.8629751463611113,-33.421989414094675,0.6657801058590532,-33.00329727127973,6.02649061464851,-15.0,59.72,4.0,0.0,1.0,4.0
2021-05-16,E92000001,England,56550138,1587.0,1748.0,7.0,59.0,801.0,109624.0,154407.0,28.0,29589752.0,16401711.0,-9.748438841859894,0.902515611581401,-32.47377169614012,0.6752622830385988,-31.79743078558868,4.706987148653815,-10.0,59.72,4.0,0.0,1.0,4.0
2021-05-17,E92000001,England,56550138,2341.0,1750.2857142857142,7.0,74.0,798.0,83391.0,200352.0,55.0,29673143.0,16602063.0,-28.183600317810843,0.7181639968218916,-27.019749694749695,0.729802503052503,-14.993351677562202,8.26264860870124,-30.0,62.5,4.0,0.0,2.0,4.0
2021-05-18,E92000001,England,56550138,2241.0,1803.0,3.0,90.0,749.0,158638.0,265027.0,50.0,29831781.0,16867090.0,-28.132458444739147,0.7186754155526085,-28.275123560649874,0.7172487643935013,-16.199707310233624,8.535709352376019,-30.0,62.5,4.0,0.0,2.0,4.0
2021-05-19,E92000001,England,56550138,2261.0,1859.0,3.0,93.0,757.0,242571.0,306477.0,79.0,30074352.0,17173567.0,-27.452460470004333,0.7254753952999566,-28.069005117689326,0.7193099488231067,-16.029959368117265,8.390142086633315,-29.0,62.5,4.0,0.0,2.0,4.0
2021-05-20,E92000001,England,56550138,2000.0,1896.5714285714287,6.0,98.0,749.0,240549.0,366814.0,74.0,30314901.0,17540381.0,-28.148962798085606,0.7185103720191439,-33.75549932523617,0.6624450067476383,-20.0768661163398,9.531520704766319,-30.0,62.5,4.0,0.0,2.0,4.0
2021-05-21,E92000001,England,56550138,1872.0,1944.0,9.0,85.0,766.0,194482.0,369531.0,73.0,30509383.0,17909912.0,-27.275569881710233,0.7272443011828977,-27.92320910084068,0.7207679089915933,-22.581930496404183,8.465527893159472,-29.0,62.5,4.0,0.0,2.0,4.0
2021-05-22,E92000001,England,56550138,1606.0,1986.857142857143,3.0,75.0,730.0,186809.0,520253.0,105.0,30696192.0,18430165.0,-8.699344628730593,0.9130065537126941,-24.033886435202223,0.7596611356479778,-21.120064097695675,2.831077402130034,-9.0,62.5,4.0,0.0,2.0,4.0
2021-05-23,E92000001,England,56550138,1918.0,2034.142857142857,8.0,77.0,756.0,104883.0,219705.0,42.0,30801075.0,18649870.0,-8.028058783321942,0.9197194121667805,-24.794234274497434,0.7520576572550257,-22.093052123315278,2.6646924712714184,-9.0,62.5,4.0,0.0,2.0,4.0
2021-05-24,E92000001,England,56550138,2750.0,2092.5714285714284,8.0,98.0,797.0,89324.0,257718.0,50.0,30890399.0,18907588.0,-28.843703372650744,0.7115629662734926,-29.933355387302754,0.7006664461269725,-17.31245508877088,8.631971115304449,-31.0,62.5,4.0,0.0,2.0,4.0
2021-05-25,E92000001,England,56550138,2797.0,2172.0,6.0,88.0,765.0,160106.0,321646.0,62.0,31050505.0,19229234.0,-28.091028513396935,0.7190897148660307,-31.619574723522092,0.6838042527647791,-16.746127994812205,8.942577289507113,-30.0,62.5,4.0,0.0,2.0,4.0
2021-05-26,E92000001,England,56550138,3179.0,2303.1428571428573,12.0,95.0,745.0,210349.0,365362.0,93.0,31260854.0,19594596.0,-27.47613968228003,0.7252386031771997,-30.300348627980206,0.6969965137201979,-15.08783307335939,8.560204269414795,-29.0,62.5,4.0,0.0,2.0,4.0
2021-05-27,E92000001,England,56550138,3075.0,2456.714285714286,8.0,83.0,742.0,241150.0,356165.0,111.0,31502004.0,19950761.0,-26.983730256098678,0.7301626974390132,-26.33237946264262,0.7366762053735738,-7.57591268380742,7.493412013587453,-29.0,62.5,4.0,0.0,2.0,4.0
2021-05-28,E92000001,England,56550138,2929.0,2607.714285714286,6.0,92.0,743.0,180066.0,371240.0,83.0,31682070.0,20322001.0,-27.433755571913466,0.7256624442808653,-17.561556133924555,0.8243844386607544,-8.183852989116147,5.8399110960514475,-30.0,62.5,4.0,0.0,2.0,4.0
2021-05-29,E92000001,England,56550138,2462.0,2730.0,7.0,69.0,748.0,161674.0,378517.0,85.0,31843744.0,20700518.0,-10.292209268963655,0.8970779073103634,-11.025581144002196,0.889744188559978,-14.768519784309259,0.30622593780488516,-10.0,62.5,4.0,0.0,2.0,4.0
2021-05-30,E92000001,England,56550138,2598.0,2827.1428571428573,8.0,80.0,755.0,99678.0,173309.0,31.0,31943422.0,20873827.0,-6.560163520689836,0.9343983647931017,-6.169770580296896,0.938302294197031,-0.06638887428361112,-1.6740931583036847,-7.0,62.5,4.0,0.0,2.0,4.0
2021-05-31,E92000001,England,56550138,3170.0,2887.1428571428573,8.0,98.0,773.0,71912.0,147860.0,31.0,32015334.0,21021687.0,-72.45989765595029,0.2754010234404971,-31.77065419960157,0.6822934580039843,2.6776609355556724,12.611553212869003,-71.0,62.5,4.0,0.0,2.0,4.0
2021-06-01,E92000001,England,56550138,4515.0,3132.5714285714284,3.0,115.0,776.0,73683.0,270059.0,58.0,32089017.0,21291746.0,-42.63782564089582,0.5736217435910418,-23.06562969194548,0.7693437030805452,2.2008383429436065,8.096752305524236,-43.0,62.5,4.0,0.0,2.0,4.0
2021-06-02,E92000001,England,56550138,5039.0,3398.285714285714,12.0,101.0,801.0,133073.0,281284.0,96.0,32222090.0,21573030.0,-41.354898253143865,0.5864510174685613,-26.544897792266212,0.7345510220773379,-1.5410446278867331,9.05536890010574,-42.0,62.5,4.0,0.0,2.0,4.0
2021-06-03,E92000001,England,56550138,5131.0,3692.0,10.0,93.0,779.0,160998.0,309263.0,136.0,32383088.0,21882293.0,-40.78993857020173,0.5921006142979828,-27.01411074305811,0.7298588925694189,-0.4940639769587136,8.958483621641516,-41.0,62.5,4.0,0.0,2.0,4.0
2021-06-04,E92000001,England,56550138,4886.0,3971.5714285714284,11.0,96.0,805.0,150580.0,321297.0,104.0,32533668.0,22203590.0,-39.04688130258305,0.6095311869741695,-23.39890080679554,0.7660109919320446,-9.869598676177624,8.154757523178576,-39.0,62.5,4.0,0.0,2.0,4.0
2021-06-05,E92000001,England,56550138,3964.0,4186.142857142857,6.0,96.0,782.0,182637.0,425377.0,111.0,32716305.0,22628967.0,-7.1716025365148175,0.9282839746348518,-15.666537702064018,0.8433346229793598,-17.78312637654743,0.7493954875533823,-7.0,51.39,4.0,0.0,0.0,4.0
2021-06-06,E92000001,England,56550138,4730.0,4490.714285714285,7.0,121.0,807.0,101062.0,217525.0,45.0,32817367.0,22846492.0,-3.2241788912841542,0.9677582110871584,-16.361400587716375,0.8363859941228362,-12.704255685834633,0.9029400424137266,-3.0,51.39,4.0,0.0,0.0,4.0
2021-06-07,E92000001,England,56550138,6791.0,5008.0,5.0,131.0,860.0,85300.0,234748.0,81.0,32902667.0,23081240.0,-28.23181466032343,0.7176818533967657,-26.31890886890887,0.7368109113109114,-7.345408830935146,7.5766942284486145,-31.0,51.39,4.0,0.0,0.0,4.0
2021-06-08,E92000001,England,56550138,6630.0,5310.142857142857,9.0,147.0,879.0,107301.0,247603.0,113.0,33009968.0,23328843.0,-26.951566253759236,0.7304843374624077,-26.953998486893223,0.7304600151310678,-6.708936239199397,7.607457195176494,-29.0,51.39,4.0,0.0,0.0,4.0
2021-06-09,E92000001,England,56550138,6919.0,5578.714285714285,6.0,158.0,876.0,152337.0,253372.0,135.0,33162305.0,23582215.0,-26.681023930585337,0.7331897606941467,-27.383451782135992,0.7261654821786401,-8.16513019144598,7.818988889602925,-29.0,51.39,4.0,0.0,0.0,4.0
2021-06-10,E92000001,England,56550138,6718.0,5805.428571428572,11.0,162.0,906.0,177039.0,250679.0,169.0,33339344.0,23832894.0,-26.47076807208386,0.7352923192791614,-27.339729860782494,0.726602701392175,-8.20216771532561,7.833649099438572,-28.0,51.39,4.0,0.0,0.0,4.0
2021-06-11,E92000001,England,56550138,6510.0,6037.428571428572,6.0,144.0,884.0,178995.0,249034.0,124.0,33518339.0,24081928.0,-25.35889855758277,0.7464110144241722,-22.796159104053842,0.7720384089594616,-11.968123543123543,6.5013233842181215,-27.0,51.39,4.0,0.0,0.0,4.0
2021-06-12,E92000001,England,56550138,5422.0,6245.714285714285,14.0,137.0,915.0,234227.0,279954.0,102.0,33752566.0,24361882.0,-5.6579026074640115,0.9434209739253598,-18.311092124250017,0.8168890787574998,-17.840809628967524,1.0475721646774279,-5.0,51.39,4.0,0.0,0.0,4.0
2021-06-13,E92000001,England,56550138,6075.0,6437.857142857143,8.0,187.0,947.0,125177.0,152282.0,51.0,33877743.0,24514164.0,-2.795074662179925,0.9720492533782007,-14.065420544367912,0.8593457945563209,-16.88847395294764,-0.03247658773974563,-3.0,51.39,4.0,0.0,0.0,4.0
2021-06-14,E92000001,England,56550138,8941.0,6745.0,10.0,185.0,993.0,110792.0,164307.0,104.0,33988535.0,24678471.0,-28.06483933545337,0.7193516066454663,-26.330952819110717,0.7366904718088929,-9.65087324955746,7.630377208885981,-30.0,51.39,4.0,0.0,0.0,4.0
2021-06-15,E92000001,England,56550138,9153.0,7105.428571428572,15.0,188.0,1030.0,152695.0,172601.0,136.0,34141230.0,24851072.0,-26.662090102879578,0.7333790989712042,-26.860607082975505,0.7313939291702449,-7.49521122152701,7.564416480205954,-29.0,51.39,4.0,0.0,0.0,4.0
2021-06-16,E92000001,England,56550138,9411.0,7461.428571428572,12.0,177.0,1057.0,173847.0,178932.0,104.0,34315077.0,25030004.0,-27.126429613271718,0.7287357038672828,-27.610372084056294,0.723896279159437,-9.311648439280019,7.747487210645106,-29.0,51.39,4.0,0.0,0.0,4.0
2021-06-17,E92000001,England,56550138,9523.0,7862.142857142857,5.0,202.0,1122.0,216375.0,173339.0,216.0,34531452.0,25203343.0,-27.668674567797375,0.7233132543220262,-29.257004545162438,0.7074299545483755,-11.219607877502614,8.36677481063446,-29.0,51.39,4.0,0.0,0.0,4.0
2021-06-18,E92000001,England,56550138,8772.0,8185.285714285715,10.0,185.0,1170.0,199390.0,164895.0,142.0,34730842.0,25368238.0,-26.908434661504838,0.7309156533849517,-25.652416735311473,0.7434758326468853,-17.980052403736615,7.449758574758574,-29.0,51.39,4.0,0.0,0.0,4.0
2021-06-19,E92000001,England,56550138,7127.0,8428.857142857143,19.0,178.0,1143.0,263827.0,200645.0,117.0,34994669.0,25568883.0,-6.791538351187474,0.9320846164881252,-22.07404642141484,0.7792595357858516,-17.714307768255136,2.286956464588043,-6.0,51.39,4.0,0.0,0.0,4.0
2021-06-20,E92000001,England,56550138,8203.0,8732.857142857143,22.0,171.0,1168.0,142201.0,80006.0,42.0,35136870.0,25648889.0,-2.2025245222613643,0.9779747547773864,-20.489268334005175,0.7951073166599483,-12.44475918818024,1.1086533349691243,-2.0,51.39,4.0,0.0,0.0,4.0
2021-06-21,E92000001,England,56550138,12707.0,9270.857142857143,13.0,181.0,1290.0,125233.0,94632.0,98.0,35262103.0,25743521.0,-28.880193377123206,0.711198066228768,-29.103021101705313,0.7089697889829469,-13.442103218419009,8.577853287063814,-31.0,51.39,4.0,0.0,0.0,4.0
2021-06-22,E92000001,England,56550138,13563.0,9900.857142857143,9.0,182.0,1301.0,162136.0,121716.0,145.0,35424239.0,25865237.0,-27.623545135825836,0.7237645486417417,-28.82579686395476,0.7117420313604523,-9.912792762792762,8.123423344037379,-30.0,51.39,4.0,0.0,0.0,4.0
2021-06-23,E92000001,England,56550138,14806.0,10671.57142857143,6.0,214.0,1255.0,177807.0,120461.0,121.0,35602046.0,25985698.0,-27.44543119323821,0.7255456880676179,-28.46856097119255,0.7153143902880745,-10.005179469653154,7.9376845701407115,-29.0,51.39,4.0,0.0,0.0,4.0
2021-06-24,E92000001,England,56550138,15084.0,11466.0,20.0,194.0,1274.0,198031.0,134852.0,157.0,35800077.0,26120550.0,-27.68463747104098,0.7231536252895903,-28.219018846650428,0.7178098115334957,-9.391086398981136,8.15357300269581,-30.0,51.39,4.0,0.0,0.0,5.0
2021-06-25,E92000001,England,56550138,14901.0,12341.57142857143,21.0,206.0,1284.0,179172.0,132430.0,155.0,35979249.0,26252980.0,-27.29110085820612,0.7270889914179388,-23.55732571522045,0.7644267428477955,-12.223332077279444,7.167885623148781,-29.0,51.39,4.0,0.0,0.0,5.0
2021-06-26,E92000001,England,56550138,13486.0,13250.0,9.0,223.0,1276.0,217340.0,179064.0,150.0,36196589.0,26432044.0,-6.156589885098657,0.9384341011490134,-18.74568370226265,0.8125431629773735,-16.26999900684111,1.5497543392280233,-6.0,51.39,4.0,0.0,0.0,5.0
2021-06-27,E92000001,England,56550138,15407.0,14279.142857142857,19.0,226.0,1331.0,119242.0,99158.0,85.0,36315831.0,26531202.0,-3.8020570073201654,0.9619794299267983,-18.69431854695013,0.8130568145304987,-13.98352349404981,1.449421338895023,-4.0,51.39,4.0,0.0,0.0,5.0
2021-06-28,E92000001,England,56550138,23511.0,15822.57142857143,10.0,244.0,1465.0,101737.0,102982.0,124.0,36417568.0,26634184.0,-29.44155151216555,0.7055844848783446,-27.260477096003413,0.7273952290399659,-9.792447318763108,7.822641393694026,-32.0,51.39,4.0,0.0,0.0,5.0
2021-06-29,E92000001,England,56550138,23250.0,17206.428571428572,21.0,283.0,1445.0,113555.0,113057.0,171.0,36531123.0,26747241.0,-29.84146376690236,0.7015853623309765,-31.978264425632844,0.6802173557436715,-12.65190116900643,7.657403301701548,-33.0,51.39,4.0,0.0,0.0,5.0
2021-06-30,E92000001,England,56550138,23941.0,18511.428571428572,21.0,331.0,1500.0,117324.0,137101.0,143.0,36648447.0,26884342.0,-28.784907230521267,0.7121509276947873,-30.299510285036604,0.697004897149634,-9.65062846510215,7.178069672367918,-31.0,51.39,4.0,0.0,0.0,5.0
2021-07-01,E92000001,England,56550138,24267.0,19823.285714285714,22.0,295.0,1560.0,120557.0,145657.0,157.0,36769004.0,27029999.0,-28.252451901574705,0.717475480984253,-27.040384177226283,0.7295961582277372,-6.765886598781336,7.988386353737231,-31.0,51.39,4.0,0.0,0.0,5.0
2021-07-02,E92000001,England,56550138,22287.0,20878.428571428572,26.0,307.0,1611.0,104124.0,139115.0,139.0,36873128.0,27169114.0,-27.248259489048962,0.7275174051095104,-21.132437153489786,0.7886756284651022,-11.646961225908594,6.981990231990232,-30.0,51.39,4.0,0.0,0.0,5.0
2021-07-03,E92000001,England,56550138,20638.0,21900.14285714286,24.0,323.0,1636.0,124697.0,169511.0,116.0,36997825.0,27338625.0,-7.094852207571505,0.9290514779242849,-21.95641361562414,0.7804358638437586,-19.16322058383462,2.4798631193368035,-7.0,51.39,4.0,0.0,0.0,5.0
2021-07-04,E92000001,England,56550138,21806.0,22814.285714285714,23.0,390.0,1744.0,63537.0,86503.0,44.0,37061362.0,27425128.0,-4.748805726437305,0.952511942735627,-18.694955629166156,0.8130504437083385,-14.815730760467602,2.1516017608122873,-5.0,51.39,4.0,0.0,0.0,5.0
2021-07-05,E92000001,England,56550138,30215.0,23772.0,24.0,416.0,1888.0,61545.0,106120.0,77.0,37122907.0,27531248.0,-29.377798955430535,0.7062220104456947,-26.86544303649567,0.7313455696350433,-8.675614297982719,8.446453335488423,-32.0,51.39,4.0,0.0,0.0,5.0
2021-07-06,E92000001,England,56550138,31627.0,24968.714285714286,19.0,458.0,1998.0,70377.0,108134.0,92.0,37193284.0,27639382.0,-29.475594921647556,0.7052440507835245,-31.453580629896422,0.6854641937010357,-12.02847196662986,9.693158222544188,-32.0,51.39,4.0,0.0,0.0,5.0
2021-07-07,E92000001,England,56550138,34274.0,26444.85714285714,23.0,461.0,2144.0,73860.0,128432.0,109.0,37267144.0,27767814.0,-28.881524534594707,0.711184754654053,-29.842004486741327,0.7015799551325868,-9.584297281665703,8.562409098374012,-32.0,51.39,4.0,0.0,0.0,5.0
2021-07-08,E92000001,England,56550138,29929.0,27253.714285714286,30.0,488.0,2209.0,83135.0,137428.0,129.0,37350279.0,27905242.0,-29.624891060855973,0.7037510893914403,-27.90726539542329,0.720927346045767,-8.776704728020517,8.776475749721364,-32.0,51.39,4.0,0.0,0.0,5.0
2021-07-09,E92000001,England,56550138,29050.0,28219.85714285714,39.0,451.0,2352.0,78761.0,146103.0,120.0,37429040.0,28051345.0,-28.09493389975846,0.7190506610024154,-21.975266108160845,0.7802473389183915,-11.842667566351777,7.363096260464682,-31.0,51.39,4.0,0.0,0.0,5.0
2021-07-10,E92000001,England,56550138,25411.0,28901.714285714286,33.0,442.0,2429.0,84260.0,180592.0,157.0,37513300.0,28231937.0,-7.1710822640647205,0.9282891773593528,-19.719393179919493,0.8028060682008051,-17.029804552172973,2.5920595486384963,-7.0,51.39,4.0,0.0,0.0,5.0
2021-07-11,E92000001,England,56550138,27418.0,29703.428571428572,27.0,502.0,2564.0,33998.0,83300.0,59.0,37547298.0,28315237.0,-1.231670522459996,0.9876832947754001,-15.344301458775144,0.8465569854122486,-11.728665778665778,-0.040579595842753745,-1.0,51.39,4.0,0.0,0.0,5.0
2021-07-12,E92000001,England,56550138,40477.0,31169.428571428572,34.0,610.0,2798.0,40265.0,95061.0,82.0,37587563.0,28410298.0,-34.20744028551046,0.6579255971448954,-29.355867816394134,0.7064413218360587,-14.0891310443942,10.102333923386555,-38.0,51.39,4.0,0.0,0.0,5.0
2021-07-13,E92000001,England,56550138,43247.0,32829.42857142857,38.0,621.0,2970.0,47563.0,124037.0,77.0,37635126.0,28534335.0,-30.761679629662087,0.6923832037033791,-29.279621840148156,0.7072037815985184,-9.391200466200466,9.140383706611777,-34.0,51.39,4.0,0.0,0.0,5.0
2021-07-14,E92000001,England,56550138,50320.0,35121.71428571428,33.0,636.0,3110.0,49922.0,149671.0,93.0,37685048.0,28684006.0,-30.298165593341032,0.6970183440665897,-28.26012145748988,0.7173987854251012,-7.882734516945043,8.88200951095688,-33.0,51.39,4.0,0.0,0.0,5.0
2021-07-15,E92000001,England,56550138,57583.0,39072.28571428572,44.0,658.0,3241.0,53531.0,170602.0,109.0,37738579.0,28854608.0,-30.68221228089649,0.6931778771910351,-27.592316893632685,0.7240768310636732,-7.129429050481682,8.729065541346243,-33.0,51.39,4.0,0.0,0.0,5.0
2021-07-16,E92000001,England,56550138,51138.0,42227.71428571428,41.0,593.0,3367.0,50268.0,167932.0,132.0,37788847.0,29022540.0,-29.989854995556747,0.7001014500444325,-20.637287420182158,0.7936271257981784,-10.874557021925444,6.997631900263479,-32.0,51.39,4.0,0.0,0.0,5.0
2021-07-17,E92000001,England,56550138,35281.0,43637.71428571428,44.0,622.0,3442.0,61101.0,204581.0,105.0,37849948.0,29227121.0,-8.28273037878301,0.9171726962121699,-15.250868575868575,0.8474913142413143,-20.765010720273878,1.3597415742152585,-8.0,51.39,4.0,0.0,0.0,5.0
2021-07-18,E92000001,England,56550138,33164.0,44458.57142857143,57.0,698.0,3546.0,27844.0,106144.0,49.0,37877792.0,29333265.0,-4.332845663108821,0.9566715433689118,-10.453000800369221,0.8954699919963078,-14.14884121726227,0.27842610605768503,-4.0,51.39,4.0,0.0,0.0,5.0
2021-07-19,E92000001,England,56550138,43401.0,44876.28571428572,70.0,752.0,3813.0,30925.0,108364.0,77.0,37908717.0,29441629.0,-34.6369110421742,0.6536308895782581,-24.622591589696853,0.7537740841030315,-4.2251821278137065,8.260867933236353,-37.0,43.98,4.0,0.0,0.0,5.0
2021-07-20,E92000001,England,56550138,35947.0,43833.42857142857,49.0,805.0,3894.0,33589.0,124818.0,68.0,37942306.0,29566447.0,-34.99611509348351,0.650038849065165,-27.817196692196692,0.7218280330780331,-5.936235255972098,8.945708531234848,-37.0,43.98,4.0,0.0,0.0,5.0
2021-07-21,E92000001,England,56550138,31676.0,41170.0,45.0,783.0,4063.0,37827.0,145643.0,97.0,37980133.0,29712090.0,-34.95082172538313,0.6504917827461687,-27.62813838208575,0.7237186161791425,-5.549671673355884,8.842822674401623,-37.0,43.98,4.0,0.0,0.0,5.0
2021-07-22,E92000001,England,56550138,27711.0,36902.57142857143,67.0,827.0,4230.0,37372.0,156482.0,105.0,38017505.0,29868572.0,-36.11754171754172,0.6388245828245829,-26.53530081030081,0.7346469918969919,-4.24905956616483,8.857688364267311,-38.0,43.98,4.0,0.0,0.0,5.0
2021-07-23,E92000001,England,56550138,24586.0,33109.42857142857,74.0,725.0,4401.0,35912.0,155106.0,92.0,38053417.0,30023678.0,-35.97004483495712,0.6402995516504288,-19.549735498419707,0.8045026450158029,-8.229763657395235,7.475102821155452,-38.0,43.98,4.0,0.0,0.0,5.0
2021-07-24,E92000001,England,56550138,20276.0,30965.85714285714,66.0,734.0,4476.0,39523.0,182664.0,81.0,38092940.0,30206342.0,-8.016892691454096,0.9198310730854591,-14.330536860800018,0.8566946313919999,-17.07523806602754,1.6577407972144815,-7.0,43.98,4.0,0.0,0.0,5.0
2021-07-25,E92000001,England,56550138,19657.0,29036.285714285714,65.0,836.0,4725.0,20567.0,95377.0,66.0,38113507.0,30301719.0,-3.2749208393945235,0.9672507916060548,-11.137001010685221,0.8886299898931478,-10.100844039001935,0.8502459528775318,-3.0,43.98,4.0,0.0,0.0,5.0
2021-07-26,E92000001,England,56550138,26541.0,26627.714285714286,67.0,830.0,5055.0,26459.0,108101.0,95.0,38139966.0,30409820.0,-40.01876847973339,0.5998123152026661,-23.341916562969192,0.7665808343703081,-0.09985526169736689,8.544169281011385,-42.0,43.98,4.0,0.0,0.0,5.0
2021-07-27,E92000001,England,56550138,26027.0,25210.571428571428,59.0,816.0,5163.0,28518.0,116092.0,83.0,38168484.0,30525912.0,-39.60725192611157,0.6039274807388842,-28.91577238550923,0.7108422761449077,-2.4158759369285687,9.979687709950868,-41.0,43.98,4.0,0.0,0.0,5.0
2021-07-28,E92000001,England,56550138,26925.0,24531.85714285714,72.0,728.0,5182.0,30883.0,132215.0,57.0,38199367.0,30658127.0,-39.33752933226617,0.6066247066773383,-29.62343519054045,0.7037656480945955,-3.500249604196972,10.105922732238522,-41.0,43.98,4.0,0.0,0.0,5.0
2021-07-29,E92000001,England,56550138,25361.0,24196.14285714286,70.0,758.0,5056.0,32500.0,144311.0,96.0,38231867.0,30802438.0,-39.15460962039909,0.608453903796009,-25.70302373065531,0.7429697626934468,0.48526999316472985,8.89234785682154,-41.0,43.98,4.0,0.0,0.0,5.0
2021-07-30,E92000001,England,56550138,22109.0,23842.285714285714,96.0,650.0,5111.0,28886.0,141586.0,76.0,38260753.0,30944024.0,-39.17582170915504,0.6082417829084497,-22.15282670545828,0.7784717329454172,-8.858023847497531,8.896443176706335,-40.0,43.98,4.0,0.0,0.0,5.0
2021-07-31,E92000001,England,56550138,18450.0,23581.428571428572,78.0,593.0,5057.0,33559.0,186856.0,82.0,38294312.0,31130880.0,-7.925566327759309,0.9207443367224069,-11.864450461818883,0.8813554953818111,-13.570548165285008,1.0574102797787008,-7.0,43.98,4.0,0.0,0.0,5.0
2021-08-01,E92000001,England,56550138,18714.0,23446.714285714286,75.0,645.0,5090.0,18973.0,93713.0,72.0,38313285.0,31224593.0,-3.7825556022924443,0.9621744439770755,-8.623404081298819,0.9137659591870118,-6.94934875066454,0.33383122725227987,-3.0,43.98,4.0,0.0,0.0,5.0
2021-08-02,E92000001,England,56550138,26580.0,23452.285714285714,68.0,686.0,5309.0,22075.0,93247.0,63.0,38335360.0,31317840.0,-41.128483115325224,0.5887151688467478,-22.684358185673975,0.7731564181432602,1.8433350275455536,8.565388266704055,-43.0,43.98,4.0,0.0,0.0,5.0
2021-08-03,E92000001,England,56550138,27062.0,23600.14285714286,66.0,680.0,5116.0,24875.0,109868.0,100.0,38360235.0,31427708.0,-40.603715128276534,0.5939628487172346,-24.93318976345292,0.7506681023654708,2.6830460475197313,8.873015580910318,-42.0,43.98,4.0,0.0,0.0,5.0
2021-08-04,E92000001,England,56550138,28895.0,23881.571428571428,71.0,747.0,4944.0,26998.0,133124.0,110.0,38387233.0,31560832.0,-40.07416001801967,0.5992583998198033,-24.891371494003074,0.7510862850599692,1.4549054746423165,8.62843676791045,-41.0,43.98,4.0,0.0,0.0,5.0
2021-08-05,E92000001,England,56550138,28126.0,24276.571428571428,90.0,693.0,4894.0,27534.0,143334.0,126.0,38414767.0,31704166.0,-40.52288820666014,0.5947711179333985,-27.096221176484335,0.7290377882351566,-1.7710072091651041,9.61774701906281,-42.0,43.98,4.0,0.0,0.0,5.0
2021-08-06,E92000001,England,56550138,24851.0,24668.285714285714,81.0,657.0,4879.0,26475.0,141072.0,109.0,38441242.0,31845238.0,-39.65762328964084,0.6034237671035916,-21.29986358670569,0.7870013641329431,-7.878891138101665,8.58308372913636,-41.0,43.98,4.0,0.0,0.0,5.0
2021-08-07,E92000001,England,56550138,19957.0,24883.571428571428,85.0,630.0,4817.0,33762.0,190046.0,98.0,38475004.0,32035284.0,-9.552349047963084,0.9044765095203692,-12.346188460662145,0.8765381153933786,-15.724600253547623,1.6232847561794932,-9.0,43.98,4.0,0.0,0.0,5.0
2021-08-08,E92000001,England,56550138,20157.0,25089.714285714286,67.0,651.0,4939.0,18903.0,96237.0,97.0,38493907.0,32131521.0,-4.823670627617997,0.9517632937238201,-10.956127498232762,0.8904387250176724,-9.82940947940948,1.0441692810113863,-4.0,43.98,4.0,0.0,0.0,5.0
2021-08-09,E92000001,England,56550138,28292.0,25334.285714285714,72.0,665.0,5098.0,20978.0,111351.0,89.0,38514885.0,32242872.0,-40.73962604971377,0.5926037395028623,-22.997046812836288,0.7700295318716371,1.2511364366627522,8.769067044067045,-42.0,43.98,4.0,0.0,0.0,5.0
2021-08-10,E92000001,England,56550138,27610.0,25412.571428571428,69.0,760.0,5096.0,27187.0,121318.0,95.0,38542072.0,32364190.0,-39.948909261628565,0.6005109073837144,-23.88181701339596,0.7611818298660404,4.3002942963469275,8.494444622953395,-41.0,43.98,4.0,0.0,0.0,5.0
2021-08-11,E92000001,England,56550138,29135.0,25446.85714285714,81.0,747.0,5073.0,33195.0,147726.0,106.0,38575267.0,32511916.0,-39.76512522565154,0.6023487477434846,-23.811495229916282,0.7618850477008372,1.0717913665282088,8.643704541072962,-41.0,43.98,4.0,0.0,0.0,5.0
2021-08-12,E92000001,England,56550138,27690.0,25384.571428571428,93.0,758.0,5029.0,34068.0,166399.0,132.0,38609335.0,32678315.0,-39.702879219545885,0.6029712078045412,-22.322542077805238,0.7767745792219476,2.708201009516799,8.176775563617669,-41.0,43.98,4.0,0.0,0.0,5.0
2021-08-13,E92000001,England,56550138,24992.0,25404.714285714286,90.0,694.0,5076.0,30372.0,146517.0,102.0,38639707.0,32824832.0,-38.91831763103693,0.6108168236896308,-16.941000081789557,0.8305899991821044,-5.40006353295827,7.199414620467252,-40.0,43.98,4.0,0.0,0.0,5.0
2021-08-14,E92000001,England,56550138,21336.0,25601.714285714286,82.0,689.0,4973.0,40961.0,178884.0,93.0,38680668.0,33003716.0,-8.36851932992284,0.9163148067007716,-5.022828925460505,0.9497717107453949,-13.518536142220352,0.038788404577878265,-8.0,43.98,4.0,0.0,0.0,5.0
2021-08-15,E92000001,England,56550138,21280.0,25762.14285714286,74.0,719.0,5115.0,24820.0,102404.0,81.0,38705488.0,33106120.0,-4.064486975013291,0.9593551302498671,-4.646581050528419,0.9535341894947158,-6.748347412821097,-0.2532990401411454,-3.0,43.98,4.0,0.0,0.0,5.0
2021-08-16,E92000001,England,56550138,30861.0,26129.14285714286,76.0,776.0,5429.0,28299.0,117219.0,99.0,38733787.0,33223339.0,-40.788645873294996,0.59211354126705,-20.511156533524954,0.7948884346647505,1.7695903511692985,8.03361477703583,-42.0,43.98,4.0,0.0,0.0,5.0
2021-08-17,E92000001,England,56550138,31095.0,26627.0,97.0,832.0,5437.0,32549.0,120934.0,108.0,38766336.0,33344273.0,-40.59613748824275,0.5940386251175724,-26.083693353430196,0.7391630664656981,0.8832544648334122,9.176163456426615,-42.0,43.98,4.0,0.0,0.0,5.0
2021-08-18,E92000001,England,56550138,31426.0,26954.285714285714,81.0,795.0,5514.0,38683.0,147704.0,129.0,38805019.0,33491977.0,-38.35084846926952,0.6164915153073047,-24.33056388056388,0.7566943611943612,1.1583878110193901,8.548969305548253,-39.0,43.98,4.0,0.0,0.0,5.0
2021-08-19,E92000001,England,56550138,29081.0,27153.0,94.0,824.0,5554.0,47469.0,155112.0,124.0,38852488.0,33647089.0,-38.88190677094186,0.6111809322905815,-23.59759874628296,0.7640240125371704,0.5797351771035981,8.528745409885762,-40.0,43.98,4.0,0.0,0.0,5.0
2021-08-20,E92000001,England,56550138,25555.0,27233.428571428572,101.0,733.0,5576.0,51372.0,148115.0,93.0,38903860.0,33795204.0,-38.13181511470985,0.6186818488529016,-16.456918081918083,0.8354308191808192,-5.3740940346203505,7.025215719952562,-39.0,43.98,4.0,0.0,0.0,5.0
2021-08-21,E92000001,England,56550138,22605.0,27414.714285714286,91.0,757.0,5575.0,61916.0,176922.0,107.0,38965776.0,33972126.0,-9.373314794367426,0.9062668520563257,-11.670090874038243,0.8832990912596176,-16.208773098246784,1.4317089343405134,-9.0,43.98,4.0,0.0,0.0,5.0
2021-08-22,E92000001,England,56550138,22409.0,27576.0,104.0,726.0,5749.0,32007.0,96814.0,61.0,38997783.0,34068940.0,-2.7955224599961443,0.9720447754000385,-5.731659568501674,0.9426834043149832,-7.227034661245188,-0.08535996167575115,-2.0,43.98,4.0,0.0,0.0,5.0
2021-08-23,E92000001,England,56550138,30333.0,27500.571428571428,98.0,831.0,6000.0,36768.0,113033.0,98.0,39034551.0,34181973.0,-39.55435897760459,0.604456410223954,-19.784255072412964,0.8021574492758703,3.65079306658254,7.669854998802368,-41.0,43.98,4.0,0.0,0.0,5.0
2021-08-24,E92000001,England,56550138,28212.0,27088.714285714286,104.0,818.0,5911.0,47284.0,124272.0,98.0,39081835.0,34306245.0,-39.423104673104675,0.6057689532689532,-23.113292701450597,0.7688670729854941,3.4258885850991114,8.205701608333188,-40.0,43.98,4.0,0.0,0.0,5.0
2021-08-25,E92000001,England,56550138,27901.0,26585.14285714286,88.0,843.0,5922.0,51598.0,128524.0,108.0,39133433.0,34434769.0,-38.89877653210986,0.6110122346789013,-22.700160804108172,0.7729983919589183,3.4606510448615717,8.177506995928049,-40.0,43.98,4.0,0.0,0.0,5.0
2021-08-26,E92000001,England,56550138,26482.0,26213.85714285714,106.0,777.0,5893.0,45661.0,128379.0,103.0,39179094.0,34563148.0,-39.382623581746394,0.606173764182536,-20.886422495633024,0.7911357750436697,4.626207418312681,7.968346095100482,-40.0,43.98,4.0,0.0,0.0,5.0
2021-08-27,E92000001,England,56550138,24253.0,26027.85714285714,106.0,749.0,5889.0,37333.0,116679.0,87.0,39216427.0,34679827.0,-39.35545124141615,0.6064454875858385,-14.3143987591356,0.856856012408644,-1.3518868558342245,6.4403226890069,-40.0,43.98,4.0,0.0,0.0,5.0
2021-08-28,E92000001,England,56550138,20138.0,25675.428571428572,105.0,688.0,5756.0,37512.0,118666.0,82.0,39253939.0,34798493.0,-8.799737380877731,0.9120026261912226,-1.2628755747176803,0.9873712442528232,-10.085241804978645,-0.6438115977589661,-8.0,43.98,4.0,0.0,0.0,5.0
2021-08-29,E92000001,England,56550138,19152.0,25210.14285714286,106.0,701.0,5855.0,19860.0,65843.0,47.0,39273799.0,34864336.0,-3.7155952234899607,0.9628440477651004,-1.3406013577066207,0.9865939864229338,2.6225369659580187,-1.6860150083834293,-3.0,43.98,4.0,0.0,0.0,5.0
2021-08-30,E92000001,England,56550138,24973.0,24444.428571428572,91.0,808.0,6002.0,15291.0,52645.0,61.0,39289090.0,34916981.0,-71.83744311244311,0.2816255688755689,-32.06906499932816,0.6793093500067184,4.332227129595551,13.905812170285854,-70.0,43.98,4.0,0.0,0.0,5.0
2021-08-31,E92000001,England,56550138,33565.0,25209.14285714286,95.0,798.0,6293.0,33481.0,104941.0,122.0,39322571.0,35021922.0,-38.67548132504273,0.6132451867495727,-23.01921966921967,0.7698078033078033,3.3753351911246647,8.71437805209735,-40.0,43.98,4.0,0.0,0.0,5.0
2021-09-01,E92000001,England,56550138,31600.0,25737.571428571428,98.0,835.0,6236.0,33975.0,101749.0,107.0,39356546.0,35123671.0,-35.25224418206874,0.6474775581793126,-25.422065945750155,0.7457793405424984,-0.4908549053285898,8.809565288512657,-36.0,43.98,4.0,0.0,0.0,5.0
2021-09-02,E92000001,England,56550138,30636.0,26331.0,101.0,788.0,6186.0,32694.0,103833.0,140.0,39389240.0,35227504.0,-33.46044772316702,0.6653955227683298,-24.817575845207426,0.7518242415479257,-0.1087094192357348,8.271187973819552,-35.0,43.98,4.0,0.0,0.0,5.0
2021-09-03,E92000001,England,56550138,28730.0,26970.571428571428,126.0,688.0,6195.0,29476.0,99669.0,126.0,39418716.0,35327173.0,-31.457005875865523,0.6854299412413447,-17.321293910767594,0.826787060892324,-4.877997295102558,6.553620794410268,-33.0,43.98,4.0,0.0,0.0,5.0
2021-09-04,E92000001,England,56550138,23409.0,27437.85714285714,112.0,752.0,6043.0,33451.0,118247.0,161.0,39452167.0,35445420.0,-5.489115027272922,0.9451088497272708,-10.363818053291737,0.8963618194670826,-10.380077816919922,0.783603969130285,-5.0,43.98,4.0,0.0,0.0,5.0
2021-09-05,E92000001,England,56550138,23457.0,28052.85714285714,118.0,691.0,6167.0,15290.0,60311.0,63.0,39467457.0,35505731.0,-0.3661730082782715,0.9963382699172173,-5.483269654322286,0.9451673034567771,-2.236613678718942,-0.2750724421777053,-1.0,43.98,4.0,0.0,0.0,5.0
2021-09-06,E92000001,England,56550138,33135.0,29218.85714285714,121.0,831.0,6375.0,17351.0,70823.0,108.0,39484808.0,35576554.0,-31.297805995174414,0.6870219400482558,-18.481474519632414,0.8151852548036759,-0.031309626046468156,6.522279961753646,-33.0,43.98,4.0,0.0,0.0,5.0
2021-09-07,E92000001,England,56550138,27938.0,28415.0,126.0,801.0,6244.0,18537.0,71817.0,117.0,39503345.0,35648371.0,-30.224995991662656,0.6977500400833734,-19.690926179084073,0.8030907382091592,-0.40657514999620287,6.501126845863688,-32.0,43.98,4.0,0.0,0.0,5.0
2021-09-08,E92000001,England,56550138,25659.0,27566.285714285714,116.0,900.0,6302.0,19573.0,75957.0,229.0,39522918.0,35724328.0,-29.370661275047244,0.7062933872495276,-19.9421346197662,0.8005786538023381,-3.095611260084944,6.553439445544708,-31.0,43.98,4.0,0.0,0.0,5.0
2021-09-09,E92000001,England,56550138,24440.0,26681.14285714286,132.0,790.0,6254.0,21056.0,87703.0,285.0,39543974.0,35812031.0,-29.162909264225057,0.7083709073577494,-21.459975112606692,0.7854002488739331,-5.726540710751237,6.96659508457754,-31.0,43.98,4.0,0.0,0.0,5.0
2021-09-10,E92000001,England,56550138,21031.0,25581.285714285714,110.0,680.0,6400.0,20975.0,79851.0,185.0,39564949.0,35891882.0,-27.704748370537843,0.7229525162946215,-13.984503070029385,0.8601549692997061,-7.850102529049898,5.516654544286123,-29.0,41.2,3.0,0.0,0.0,5.0
2021-09-11,E92000001,England,56550138,16956.0,24659.428571428572,105.0,649.0,6206.0,23708.0,88318.0,655.0,39588657.0,35980200.0,-5.477423405054984,0.9452257659494502,-6.643625818625819,0.9335637418137418,-8.9791788620736,0.4151791191264876,-5.0,41.2,3.0,0.0,0.0,5.0
2021-09-12,E92000001,England,56550138,17879.0,23862.571428571428,107.0,658.0,6253.0,11236.0,43569.0,105.0,39599893.0,36023769.0,-1.7361858901332585,0.9826381410986674,-6.79066372224267,0.9320933627775733,-5.107153665048402,0.23521098784256678,-2.0,41.2,3.0,0.0,0.0,5.0
2021-09-13,E92000001,England,56550138,25199.0,22728.85714285714,72.0,688.0,6424.0,14477.0,54366.0,296.0,39614370.0,36078135.0,-29.804150511606654,0.7019584948839335,-17.324093158303683,0.8267590684169632,-4.1414864375390685,6.240057392250375,-32.0,41.2,3.0,0.0,0.0,5.0
2021-09-14,E92000001,England,56550138,22641.0,21972.14285714286,119.0,701.0,6344.0,16483.0,56388.0,1160.0,39630853.0,36134523.0,-30.684004072600562,0.6931599592739943,-22.10738326001484,0.7789261673998517,-7.9286926523768635,7.530642992485097,-33.0,41.2,3.0,0.0,0.0,5.0
2021-09-15,E92000001,England,56550138,22414.0,21508.571428571428,104.0,691.0,6306.0,18466.0,57020.0,1650.0,39649319.0,36191543.0,-29.402263379894958,0.7059773662010504,-19.002231394336658,0.8099776860566335,-3.250619117724381,5.977894571315624,-31.0,41.2,3.0,0.0,0.0,5.0
2021-09-16,E92000001,England,56550138,22320.0,21205.714285714286,113.0,672.0,6081.0,17861.0,59172.0,3157.0,39667180.0,36250715.0,-30.46418385058736,0.6953581614941264,-18.79017649017649,0.8120982350982351,-3.3558332018858335,5.493342687202336,-32.0,41.2,3.0,0.0,0.0,5.0
2021-09-17,E92000001,England,56550138,22375.0,21397.714285714286,127.0,540.0,5910.0,16422.0,55946.0,5274.0,39683602.0,36306661.0,-30.023397784801293,0.699766022151987,-12.986892931629775,0.8701310706837022,-6.429242541084646,4.841360686097528,-32.0,41.2,3.0,0.0,0.0,5.0
2021-09-18,E92000001,England,56550138,20926.0,21964.85714285714,94.0,560.0,5688.0,21161.0,67876.0,10682.0,39704763.0,36374537.0,-8.018358038972075,0.9198164196102793,-5.623769797454008,0.94376230202546,-9.553051772788614,-0.07755256439466966,-7.0,41.2,3.0,0.0,0.0,5.0
2021-09-19,E92000001,England,56550138,24789.0,22952.0,90.0,572.0,5695.0,9928.0,31167.0,5696.0,39714691.0,36405704.0,-4.65595427963849,0.9534404572036151,-8.351384872437503,0.9164861512756249,-7.629636737531475,0.47974364816470083,-5.0,41.2,3.0,0.0,0.0,5.0
2021-09-20,E92000001,England,56550138,32121.0,23940.85714285714,106.0,606.0,5727.0,15231.0,41507.0,7455.0,39729922.0,36447211.0,-30.812615389808375,0.6918738461019163,-17.03014894462263,0.8296985105537737,-3.667840784946048,5.934869062062045,-33.0,41.2,3.0,0.0,0.0,5.0
2021-09-21,E92000001,England,56550138,30547.0,25070.285714285714,94.0,602.0,5543.0,16071.0,39470.0,21846.0,39745993.0,36486681.0,-29.7952435803313,0.702047564196687,-19.763131021025757,0.8023686897897424,-4.149142816248079,6.1777426439707135,-32.0,41.2,3.0,0.0,0.0,5.0
2021-09-22,E92000001,England,56550138,28789.0,25981.0,106.0,572.0,5406.0,18911.0,40316.0,43197.0,39764904.0,36526997.0,-27.499628879892036,0.7250037112010796,-20.53881104275841,0.7946118895724159,-5.172992066413119,6.246723792776425,-29.0,41.2,3.0,0.0,0.0,5.0
2021-09-23,E92000001,England,56550138,28340.0,26841.0,105.0,577.0,5214.0,23067.0,42697.0,56704.0,39787971.0,36569694.0,-27.82375710709044,0.7217624289290956,-20.051755992545466,0.7994824400745453,-4.835667986983776,6.303554697414346,-29.0,41.2,3.0,0.0,0.0,5.0
2021-09-24,E92000001,England,56550138,25754.0,27323.714285714286,93.0,557.0,5036.0,24599.0,40130.0,81497.0,39812570.0,36609824.0,-27.424212288685972,0.7257578771131403,-11.844576184049869,0.8815542381595013,-5.528235799288431,4.595515449462819,-30.0,41.2,3.0,0.0,0.0,5.0
2021-09-25,E92000001,England,56550138,23389.0,27675.571428571428,92.0,520.0,5100.0,16301.0,45102.0,110517.0,39828871.0,36654926.0,-7.351535014692909,0.9264846498530709,-5.123496824812615,0.9487650317518739,-10.78171170934329,0.4492383347646505,-7.0,41.2,3.0,0.0,0.0,5.0
2021-09-26,E92000001,England,56550138,26814.0,27964.85714285714,68.0,535.0,4949.0,8310.0,22075.0,49352.0,39837181.0,36677001.0,-3.570804049751418,0.9642919595024858,-4.518749379275695,0.954812506207243,-6.947829509671615,0.3312487220381957,-4.0,41.2,3.0,0.0,0.0,5.0
2021-09-27,E92000001,England,56550138,34595.0,28318.285714285714,80.0,617.0,5121.0,24923.0,28788.0,83623.0,39862104.0,36705789.0,-29.801182086269804,0.7019881791373019,-19.507376249481513,0.8049262375051849,-9.912576166523534,7.258336838599997,-32.0,41.2,3.0,0.0,0.0,5.0
2021-09-28,E92000001,England,56550138,29628.0,28187.0,81.0,596.0,5126.0,31880.0,29961.0,100055.0,39893984.0,36735750.0,-29.74416467223485,0.7025583532776516,-22.268476260581522,0.7773152373941847,-11.276549619970673,7.718812084601558,-32.0,41.2,3.0,0.0,0.0,5.0
2021-09-29,E92000001,England,56550138,28688.0,28172.571428571428,86.0,625.0,5017.0,32788.0,30749.0,125725.0,39926772.0,36766499.0,-29.359309923345013,0.7064069007665499,-22.48822288822289,0.7751177711177711,-8.294794971110761,6.87765304870568,-31.0,41.2,3.0,0.0,0.0,5.0
2021-09-30,E92000001,England,56550138,26808.0,27953.714285714286,81.0,552.0,4916.0,34517.0,30959.0,146764.0,39961289.0,36797458.0,-29.54279403182912,0.7045720596817088,-23.932007904376327,0.7606799209562367,-8.350257929205297,7.429345654345655,-31.0,41.2,3.0,0.0,0.0,5.0
2021-10-01,E92000001,England,56550138,24134.0,27722.285714285714,98.0,520.0,4799.0,32474.0,28479.0,148716.0,39993763.0,36825937.0,-28.584418051084715,0.7141558194891529,-17.385135040398197,0.826148649596018,-7.770145643829854,6.00082636661584,-30.0,39.97,3.0,0.0,0.0,5.0
2021-10-02,E92000001,England,56550138,21873.0,27505.714285714286,75.0,549.0,4652.0,17172.0,32401.0,191825.0,40010935.0,36858338.0,-10.419993943678154,0.8958000605632185,-18.800367468788522,0.8119963253121147,-15.990321131110603,3.0571875492928124,-10.0,39.97,3.0,0.0,0.0,5.0
2021-10-03,E92000001,England,56550138,27138.0,27552.0,74.0,577.0,4778.0,9753.0,17882.0,83319.0,40020688.0,36876220.0,-4.7540999935736785,0.9524590000642632,-13.880624492466598,0.861193755075334,-6.875290645027487,1.4248821354084513,-5.0,39.97,3.0,0.0,0.0,5.0
2021-10-04,E92000001,England,56550138,36475.0,27820.571428571428,82.0,627.0,4909.0,33715.0,24046.0,111433.0,40054403.0,36900266.0,-29.632427156988562,0.7036757284301144,-22.911101909786122,0.7708889809021388,-8.09125625836152,6.661722049879945,-32.0,39.97,3.0,0.0,0.0,5.0
2021-10-05,E92000001,England,56550138,32269.0,28197.85714285714,87.0,658.0,5006.0,39210.0,24391.0,143134.0,40093613.0,36924657.0,-29.961537147063463,0.7003846285293653,-26.933685174474647,0.7306631482552535,-10.690294208715262,7.598135392872235,-32.0,39.97,3.0,0.0,0.0,5.0
2021-10-06,E92000001,England,56550138,32547.0,28749.14285714286,77.0,632.0,5009.0,39737.0,25713.0,171056.0,40133350.0,36950370.0,-28.219221032378925,0.7178077896762107,-24.071591274222854,0.7592840872577715,-6.883217951639004,6.671177652756601,-30.0,39.96,3.0,0.0,0.0,5.0
2021-10-07,E92000001,England,56550138,32158.0,29513.428571428572,93.0,634.0,4962.0,38817.0,25720.0,188293.0,40172167.0,36976090.0,-27.97022981891403,0.7202977018108596,-23.420090289827133,0.7657990971017287,-6.983499833499834,6.468937933411618,-30.0,39.96,3.0,0.0,0.0,5.0
2021-10-08,E92000001,England,56550138,29848.0,30329.714285714286,96.0,619.0,4975.0,38117.0,26567.0,183706.0,40210284.0,37002657.0,-27.422211884931183,0.7257778811506881,-17.230581260844417,0.8276941873915559,-7.788314317261686,5.361940106676949,-29.0,39.96,3.0,0.0,0.0,5.0
2021-10-09,E92000001,England,56550138,27180.0,31087.85714285714,92.0,613.0,4921.0,17929.0,33169.0,260776.0,40228213.0,37035826.0,-7.283799014500769,0.9271620098549923,-12.205376933008512,0.8779462306699148,-8.400264793685846,0.8781468531468533,-7.0,39.96,3.0,0.0,0.0,5.0
2021-10-10,E92000001,England,56550138,31499.0,31710.85714285714,70.0,606.0,5077.0,9768.0,17923.0,94344.0,40237981.0,37053749.0,-4.49391252022831,0.955060874797717,-11.845877806404122,0.8815412219359587,-6.255000993158888,0.6695585116637748,-5.0,39.96,3.0,0.0,0.0,5.0
2021-10-11,E92000001,England,56550138,43115.0,32659.428571428572,95.0,685.0,5206.0,38071.0,23057.0,127252.0,40276052.0,37076806.0,-28.375874807453755,0.7162412519254624,-21.900508993930046,0.7809949100606995,-6.753052649105281,6.41415280625807,-31.0,43.66,3.0,0.0,0.0,5.0
2021-10-12,E92000001,England,56550138,40892.0,33891.28571428572,87.0,760.0,5213.0,44551.0,22575.0,167473.0,40320603.0,37099381.0,-27.88038548521005,0.7211961451478995,-24.147552009394115,0.7585244799060589,-8.54382810172284,6.852592112241235,-30.0,43.66,3.0,0.0,0.0,5.0
2021-10-13,E92000001,England,56550138,40547.0,35034.142857142855,89.0,752.0,5246.0,44166.0,23392.0,184291.0,40364769.0,37122773.0,-27.29939762966079,0.7270060237033922,-24.293419007892695,0.7570658099210731,-8.626853555800924,6.5677550519655785,-30.0,43.66,3.0,0.0,0.0,5.0
2021-10-14,E92000001,England,56550138,39262.0,36049.0,111.0,730.0,5289.0,45275.0,23146.0,208380.0,40410044.0,37145919.0,-27.05652450213854,0.7294347549786147,-23.741699966699965,0.7625830003330003,-7.637348032084875,6.404635617793513,-29.0,43.65,3.0,0.0,0.0,5.0
2021-10-15,E92000001,England,56550138,36631.0,37018.0,108.0,752.0,5363.0,43564.0,25772.0,191450.0,40453608.0,37171691.0,-26.740768604365098,0.732592313956349,-17.378429757377127,0.8262157024262288,-7.55098366545735,5.403289838816154,-29.0,43.65,3.0,0.0,0.0,5.0
2021-10-16,E92000001,England,56550138,31639.0,37655.0,97.0,743.0,5385.0,16794.0,31443.0,287870.0,40470402.0,37203134.0,-8.06699612927683,0.9193300387072317,-14.132877940772678,0.8586712205922732,-9.531443199425656,1.2968654152864678,-8.0,43.65,3.0,0.0,0.0,5.0
2021-10-17,E92000001,England,56550138,37501.0,38512.42857142857,104.0,828.0,5623.0,8267.0,15454.0,104282.0,40478669.0,37218588.0,-5.209736900526374,0.9479026309947363,-14.75015174883596,0.8524984825116404,-8.824420754683912,1.518498022445391,-6.0,43.65,3.0,0.0,0.0,5.0
2021-10-18,E92000001,England,56550138,49257.0,39389.857142857145,95.0,896.0,5938.0,42225.0,19987.0,132006.0,40520894.0,37238575.0,-29.873540364768434,0.7012645963523156,-24.033767402188452,0.7596623259781154,-9.921440839861894,7.129796665322981,-32.0,43.65,3.0,0.0,0.0,5.0
2021-10-19,E92000001,England,56550138,44630.0,39923.857142857145,104.0,894.0,6099.0,43161.0,20668.0,184142.0,40564055.0,37259243.0,-29.46364238425642,0.7053635761574357,-26.48338342943606,0.7351661657056394,-9.793624065992487,7.432667624772888,-31.0,43.64,3.0,0.0,0.0,5.0
2021-10-20,E92000001,England,56550138,43963.0,40411.857142857145,120.0,903.0,6299.0,46484.0,21818.0,215788.0,40610539.0,37281061.0,-29.06276175091965,0.7093723824908036,-26.639725333146387,0.7336027466685362,-9.605041741883847,7.555675172780436,-31.0,43.64,3.0,0.0,0.0,5.0
2021-10-21,E92000001,England,56550138,38581.0,40314.57142857143,113.0,799.0,6366.0,44264.0,21433.0,248362.0,40654803.0,37302494.0,-28.651495272109305,0.7134850472789069,-24.34399387162545,0.7565600612837455,-6.014562338246549,6.760783514730883,-30.0,43.64,3.0,0.0,0.0,5.0
2021-10-22,E92000001,England,56550138,34506.0,40011.0,105.0,760.0,6405.0,40061.0,22336.0,243088.0,40694864.0,37324830.0,-29.637446520341257,0.7036255347965874,-18.41889207283944,0.8158110792716056,-8.457557062820221,6.320431177010125,-31.0,43.64,3.0,0.0,0.0,5.0
2021-10-23,E92000001,England,56550138,29747.0,39740.71428571428,133.0,756.0,6386.0,23391.0,29454.0,323793.0,40718255.0,37354284.0,-9.197715994207222,0.9080228400579278,-12.879382167540063,0.8712061783245993,-10.485045526273597,1.4122122030016768,-9.0,43.64,3.0,0.0,0.0,5.0
2021-10-24,E92000001,England,56550138,30091.0,38682.142857142855,119.0,829.0,6515.0,14354.0,14309.0,132334.0,40732609.0,37368593.0,-6.6769122690175315,0.9332308773098247,-13.760439998597894,0.862395600014021,-7.726434968540232,1.3691359809780863,-7.0,43.64,3.0,0.0,0.0,5.0
2021-10-25,E92000001,England,56550138,39958.0,37353.71428571428,115.0,865.0,6801.0,26061.0,17778.0,161483.0,40758670.0,37386371.0,-39.22202308737397,0.6077797691262603,-22.536418990366357,0.7746358100963364,1.8548885325201117,7.710768179189232,-40.0,43.63,3.0,0.0,0.0,5.0
2021-10-26,E92000001,England,56550138,35276.0,36017.42857142857,132.0,911.0,6883.0,30706.0,18926.0,206122.0,40789376.0,37405297.0,-38.407181950603004,0.61592818049397,-24.94459400248874,0.7505540599751126,0.9914248032669085,8.204672082303661,-39.0,43.63,3.0,0.0,0.0,5.0
2021-10-27,E92000001,England,56550138,36524.0,34954.71428571428,134.0,955.0,6951.0,36224.0,20051.0,223125.0,40825600.0,37425348.0,-38.118868136412,0.61881131863588,-24.66162098135782,0.7533837901864218,0.7076476155423523,8.247183810341705,-39.0,43.63,3.0,0.0,0.0,5.0
2021-10-28,E92000001,England,56550138,35076.0,34454.0,154.0,888.0,7019.0,36560.0,19438.0,238978.0,40862160.0,37444786.0,-38.23369531702865,0.6176630468297135,-24.20246493272809,0.7579753506727192,2.1060554942133884,7.9067761186182235,-39.0,43.63,3.0,0.0,0.0,5.0
2021-10-29,E92000001,England,56550138,33995.0,34381.0,130.0,840.0,7113.0,32884.0,19180.0,228844.0,40895044.0,37463966.0,-37.949119139470014,0.6205088086052999,-19.380259214469742,0.8061974078553026,-2.9475750857329803,7.4637248716196085,-39.0,43.63,3.0,0.0,0.0,5.0
2021-10-30,E92000001,England,56550138,28243.0,34166.142857142855,133.0,741.0,7155.0,29511.0,23218.0,330895.0,40924555.0,37487184.0,-10.3818219791904,0.896181780208096,-13.357824631508842,0.8664217536849116,-10.239596157578612,1.139129145708093,-10.0,43.63,3.0,0.0,0.0,5.0
2021-10-31,E92000001,England,56550138,29564.0,34090.857142857145,155.0,860.0,7311.0,21230.0,12073.0,126674.0,40945785.0,37499257.0,-7.046001805212331,0.9295399819478767,-15.74989951568899,0.8425010048431101,-12.444916633074529,1.7349695626011414,-7.0,43.63,3.0,0.0,0.0,5.0
2021-11-01,E92000001,England,56550138,37663.0,33763.0,137.0,899.0,7535.0,38753.0,15627.0,186011.0,40984538.0,37514884.0,-28.93434330451874,0.7106565669548126,-24.633086650191913,0.7536691334980808,-9.054415467573362,7.406223308854887,-31.0,43.62,3.0,0.0,0.0,5.0
2021-11-02,E92000001,England,56550138,31328.0,33199.0,128.0,891.0,7510.0,42851.0,16601.0,234296.0,41027389.0,37531485.0,-26.590583068653245,0.7340941693134675,-24.824443977075557,0.7517555602292444,-7.120155429365956,6.998200792060441,-29.0,43.62,3.0,0.0,0.0,5.0
2021-11-03,E92000001,England,56550138,29396.0,32180.714285714286,129.0,807.0,7291.0,43535.0,17800.0,262525.0,41070924.0,37549285.0,-26.421316094561707,0.7357868390543829,-25.878172412382938,0.7412182758761706,-9.205276302644725,7.275581436107752,-28.0,43.62,3.0,0.0,0.0,5.0
2021-11-04,E92000001,England,56550138,27379.0,31081.14285714286,121.0,717.0,7201.0,42826.0,16871.0,274646.0,41113750.0,37566156.0,-26.44134155318366,0.7355865844681635,-24.171514888620152,0.7582848511137985,-7.107500832500833,6.983543941438678,-28.0,43.62,3.0,0.0,0.0,5.0
2021-11-05,E92000001,England,56550138,24405.0,29711.14285714286,128.0,686.0,7072.0,39632.0,18925.0,261922.0,41153382.0,37585081.0,-26.27750772619194,0.7372249227380806,-18.892081602607917,0.8110791839739209,-8.270817632659737,6.1109666649140335,-28.0,43.62,3.0,0.0,0.0,5.0
2021-11-06,E92000001,England,56550138,22581.0,28902.285714285714,140.0,688.0,6874.0,30354.0,24077.0,375927.0,41183736.0,37609158.0,-8.907107999213261,0.9109289200078674,-17.010909120119646,0.8298909087988036,-11.446887096009903,2.1839337563021775,-9.0,43.62,3.0,0.0,0.0,5.0
2021-11-07,E92000001,England,56550138,25447.0,28314.14285714286,135.0,739.0,6910.0,19456.0,11602.0,162856.0,41203192.0,37620760.0,-5.834039936671516,0.9416596006332848,-13.718064099643048,0.8628193590035695,-5.8867801788854415,1.1749062341167604,-6.0,43.62,3.0,0.0,0.0,5.0
2021-11-08,E92000001,England,56550138,36138.0,28096.285714285714,128.0,850.0,7075.0,33204.0,17171.0,209321.0,41236396.0,37637931.0,-26.91536384343402,0.7308463615656597,-23.93543415648679,0.7606456584351321,-8.278680676049097,6.934360522518417,-29.0,43.61,3.0,0.0,0.0,5.0
2021-11-09,E92000001,England,56550138,34679.0,28575.0,126.0,808.0,7053.0,36952.0,17841.0,266917.0,41273348.0,37655772.0,-25.952427705497882,0.7404757229450212,-24.599550741656007,0.7540044925834399,-8.381416974838027,7.04854192266473,-28.0,43.61,3.0,0.0,0.0,5.0
2021-11-10,E92000001,England,56550138,35390.0,29431.285714285714,119.0,821.0,6961.0,33197.0,20424.0,295214.0,41306545.0,37676196.0,-25.791378115062326,0.7420862188493768,-25.114600604074287,0.7488539939592571,-9.312757418020576,7.071152645275452,-27.0,43.61,3.0,0.0,0.0,5.0
2021-11-11,E92000001,England,56550138,33700.0,30334.285714285714,123.0,797.0,6861.0,33295.0,19738.0,300535.0,41339840.0,37695934.0,-25.557113240885172,0.7444288675911483,-24.02632338421812,0.7597367661578188,-6.9724382342803395,6.765087836140468,-27.0,43.61,3.0,0.0,0.0,5.0
2021-11-12,E92000001,England,56550138,31337.0,31324.571428571428,119.0,729.0,6777.0,31747.0,18968.0,289282.0,41371587.0,37714902.0,-25.99465654553374,0.7400534345446625,-20.56661394161394,0.7943338605838606,-9.867159740843952,6.719342791711213,-28.0,43.61,3.0,0.0,0.0,5.0
2021-11-13,E92000001,England,56550138,27358.0,32007.0,110.0,655.0,6639.0,28200.0,23917.0,417034.0,41399787.0,37738819.0,-8.41102352812879,0.9158897647187121,-14.920020914757758,0.8507997908524224,-9.163089834142466,1.888071577545262,-8.0,43.6,3.0,0.0,0.0,5.0
2021-11-14,E92000001,England,56550138,29599.0,32600.14285714286,106.0,678.0,6707.0,15764.0,11890.0,169898.0,41415551.0,37750709.0,-5.353954086848824,0.9464604591315118,-11.928160436055173,0.8807183956394483,-5.382373620531515,1.218232206390101,-6.0,43.6,3.0,0.0,0.0,5.0
2021-11-15,E92000001,England,56550138,42477.0,33505.71428571428,137.0,695.0,6864.0,27584.0,15251.0,218732.0,41443135.0,37765960.0,-26.95557958935152,0.7304442041064848,-24.069333298280668,0.7593066670171933,-8.049220078167446,6.9516071647650595,-29.0,43.6,3.0,0.0,0.0,5.0
2021-11-16,E92000001,England,56550138,38656.0,34073.857142857145,130.0,713.0,6623.0,25399.0,16538.0,273048.0,41468534.0,37782498.0,-25.796571735606825,0.7420342826439317,-24.89430598641125,0.7510569401358875,-8.302949389791495,7.051915287441603,-28.0,43.6,3.0,0.0,0.0,5.0
2021-11-17,E92000001,England,56550138,38257.0,34483.42857142857,99.0,727.0,6412.0,26751.0,18850.0,304587.0,41495285.0,37801348.0,-25.378034976719185,0.7462196502328082,-24.56444330523278,0.7543555669476723,-7.508390586022165,6.877784187871907,-27.0,43.6,3.0,0.0,0.0,5.0
2021-11-18,E92000001,England,56550138,37099.0,34969.0,113.0,697.0,6336.0,24117.0,17433.0,309370.0,41519402.0,37818781.0,-25.300425078495252,0.7469957492150474,-23.116094285831124,0.7688390571416888,-5.873216403479562,6.710542381595014,-27.0,43.6,3.0,0.0,0.0,5.0
2021-11-19,E92000001,England,56550138,33184.0,35232.857142857145,105.0,637.0,6310.0,23281.0,18925.0,294663.0,41542683.0,37837706.0,-25.649550660515573,0.7435044933948443,-17.53675388938547,0.8246324611061453,-6.537536002009686,6.207986165880903,-27.0,43.6,3.0,0.0,0.0,5.0
2021-11-20,E92000001,England,56550138,29868.0,35591.42857142857,100.0,611.0,6191.0,22065.0,23370.0,417271.0,41564748.0,37861076.0,-8.543831379796293,0.914561686202037,-12.811433157485787,0.8718856684251421,-8.411326636326637,1.8362584783637415,-8.0,43.59,3.0,0.0,0.0,5.0
2021-11-21,E92000001,England,56550138,31761.0,35900.28571428572,90.0,648.0,6322.0,12327.0,11754.0,187824.0,41577075.0,37872830.0,-5.978214621635675,0.9402178537836432,-13.735233772075878,0.8626476622792412,-5.866081433186697,1.4279623884887043,-6.0,43.59,3.0,0.0,0.0,5.0
2021-11-22,E92000001,England,56550138,42869.0,35956.28571428572,94.0,602.0,6424.0,18353.0,15454.0,234978.0,41595428.0,37888284.0,-26.890662213030637,0.7310933778696936,-23.582611248400724,0.7641738875159928,-6.597885009727115,7.039492817124396,-29.0,43.59,3.0,0.0,0.0,5.0
2021-11-23,E92000001,England,56550138,41015.0,36293.28571428572,121.0,659.0,6257.0,19883.0,19363.0,286753.0,41615311.0,37907647.0,-25.873389557161488,0.7412661044283851,-24.559198696040802,0.754408013039592,-7.101795426795427,7.0420598082878785,-28.0,43.59,3.0,0.0,0.0,5.0
2021-11-24,E92000001,England,56550138,39881.0,36525.28571428572,98.0,752.0,6062.0,19661.0,21083.0,310703.0,41634972.0,37928730.0,-25.58229265860845,0.7441770734139155,-25.003629703629702,0.749963702963703,-7.884637584637584,7.209755887387467,-27.0,43.59,3.0,0.0,0.0,5.0
2021-11-25,E92000001,England,56550138,37143.0,36531.57142857143,110.0,650.0,6068.0,20252.0,22330.0,324040.0,41655224.0,37951060.0,-25.729648291928996,0.74270351708071,-22.882524346998032,0.7711747565300197,-3.7018262439315075,6.680445139655665,-27.0,43.59,3.0,0.0,0.0,5.0
2021-11-26,E92000001,England,56550138,33666.0,36600.42857142857,107.0,620.0,5992.0,18379.0,23993.0,312720.0,41673603.0,37975053.0,-27.334784416363366,0.7266521558363663,-19.505291200028044,0.8049470879997196,-5.685627822469928,6.867253214621636,-29.0,43.59,3.0,0.0,0.0,5.0
2021-11-27,E92000001,England,56550138,28459.0,36399.142857142855,88.0,609.0,5852.0,20458.0,34247.0,425248.0,41694061.0,38009300.0,-11.039914065791258,0.8896008593420874,-24.80647481173797,0.7519352518826203,-16.43955088121755,4.000464885991202,-10.0,43.58,3.0,0.0,0.0,5.0
2021-11-28,E92000001,England,56550138,33857.0,36698.57142857143,93.0,607.0,5890.0,14308.0,23964.0,217924.0,41708369.0,38033264.0,-5.8574713298397505,0.9414252867016025,-16.336869563185353,0.8366313043681465,-7.630104836683785,2.023779729042887,-6.0,43.58,3.0,0.0,0.0,5.0
2021-11-29,E92000001,England,56550138,47939.0,37422.857142857145,107.0,669.0,6094.0,17381.0,24049.0,240718.0,41725750.0,38057313.0,-28.44505841786544,0.7155494158213456,-25.326317980265348,0.7467368201973466,-6.368818316186736,7.982636953689586,-30.0,43.58,3.0,0.0,0.0,5.0
2021-11-30,E92000001,England,56550138,47632.0,38368.142857142855,88.0,699.0,6123.0,20697.0,28438.0,309894.0,41746447.0,38085751.0,-25.933777187724555,0.7406622281227544,-25.200047905311063,0.7479995209468894,-4.094353161458425,7.088390816460992,-28.0,43.58,3.0,0.0,0.0,5.0
2021-12-01,E92000001,England,56550138,47263.0,39422.71428571428,104.0,698.0,5829.0,19558.0,30195.0,331691.0,41766005.0,38115946.0,-25.972741975373552,0.7402725802462644,-26.77653194758458,0.7322346805241542,-6.787898066845435,7.448789368526211,-28.0,43.58,3.0,0.0,0.0,5.0
2021-12-02,E92000001,England,56550138,43045.0,40265.857142857145,85.0,719.0,5915.0,19082.0,28260.0,347338.0,41785087.0,38144206.0,-25.85489310884048,0.7414510689115952,-25.322792412266097,0.7467720758773391,-4.8178878139404455,7.236955231253477,-27.0,43.57,3.0,0.0,0.0,5.0
2021-12-03,E92000001,England,56550138,39222.0,41059.57142857143,114.0,624.0,5851.0,18776.0,27925.0,325675.0,41803863.0,38172131.0,-26.12254327868363,0.7387745672131637,-20.2659136185452,0.797340863814548,-5.968042629884735,6.698406710248815,-28.0,43.57,3.0,0.0,0.0,5.0
2021-12-04,E92000001,England,56550138,33379.0,41762.42857142857,119.0,635.0,5784.0,23727.0,36903.0,420062.0,41827590.0,38209034.0,-8.213540520558064,0.9178645947944194,-14.855322455322456,0.8514467754467754,-9.725360815273097,2.21649315596684,-8.0,43.57,3.0,0.0,0.0,5.0
2021-12-05,E92000001,England,56550138,35037.0,41931.0,92.0,728.0,5903.0,14586.0,21871.0,222237.0,41842176.0,38230905.0,-5.21849933692039,0.9478150066307961,-15.91967476967477,0.8408032523032523,-6.874150264939739,1.8514741106846369,-5.0,43.57,3.0,0.0,0.0,5.0
2021-12-06,E92000001,England,56550138,51123.0,42385.857142857145,111.0,736.0,5992.0,14822.0,21553.0,252083.0,41856998.0,38252458.0,-27.591105531895003,0.7240889446810499,-26.951977992767468,0.7304802200723253,-6.706367901104744,7.592194063246694,-30.0,43.57,3.0,0.0,0.0,5.0
2021-12-07,E92000001,England,56550138,48146.0,42459.28571428572,95.0,799.0,6027.0,15961.0,23398.0,307830.0,41872959.0,38275856.0,-25.930051105489703,0.740699488945103,-29.510880493775232,0.7048911950622476,-11.400167960694276,8.29175410359621,-28.0,43.56,3.0,0.0,0.0,5.0
2021-12-08,E92000001,England,56550138,50059.0,42858.71428571428,98.0,754.0,6053.0,16253.0,26114.0,338487.0,41889212.0,38301970.0,-24.742834780554077,0.7525716521944592,-27.820813689234743,0.7217918631076525,-7.2393669196300765,7.719712581116089,-26.0,43.56,3.0,0.0,0.0,5.0
2021-12-09,E92000001,England,56550138,48817.0,43683.28571428572,103.0,799.0,6130.0,19006.0,30520.0,392851.0,41908218.0,38332490.0,-24.03867099437275,0.7596132900562724,-25.025464739938425,0.7497453526006157,-2.9842260079102183,6.958943347101242,-26.0,43.56,3.0,0.0,0.0,5.0
2021-12-10,E92000001,England,56550138,45018.0,44511.28571428572,96.0,707.0,6088.0,18699.0,29222.0,364611.0,41926917.0,38361712.0,-24.435392969603495,0.755646070303965,-20.556290054974266,0.7944370994502573,-5.080943325680168,6.437787943051101,-26.0,43.56,3.0,0.0,0.0,5.0
2021-12-11,E92000001,England,56550138,41940.0,45734.28571428572,78.0,696.0,6095.0,22004.0,35523.0,499582.0,41948921.0,38397235.0,-5.544095426990164,0.9445590457300984,-15.400887708782445,0.8459911229121755,-10.164577251857954,2.1119333882491778,-5.0,43.55,3.0,0.0,0.0,5.0
2021-12-12,E92000001,England,56550138,46367.0,47352.857142857145,106.0,772.0,6223.0,18538.0,25402.0,343089.0,41967459.0,38422637.0,-2.045158058315953,0.9795484194168405,-16.23839654497549,0.8376160345502451,-6.420426357268463,1.695397584871269,-2.0,43.55,3.0,0.0,0.0,5.0
2021-12-13,E92000001,England,56550138,76507.0,50979.142857142855,92.0,794.0,6395.0,18280.0,25076.0,420157.0,41985739.0,38447713.0,-27.74044134877468,0.7225955865122532,-27.523976023976026,0.7247602397602397,-3.2220926734084627,8.02972375253077,-30.0,43.55,3.0,0.0,0.0,5.0
2021-12-14,E92000001,England,56550138,90717.0,57060.71428571428,110.0,815.0,6434.0,21775.0,30787.0,561658.0,42007514.0,38478500.0,-27.354421682930454,0.7264557831706955,-28.508498665077614,0.7149150133492239,-3.097823521507732,8.201354753109138,-29.0,43.55,3.0,0.0,0.0,5.0
2021-12-15,E92000001,England,56550138,99654.0,64145.71428571428,95.0,805.0,6358.0,23949.0,33552.0,651188.0,42031463.0,38512052.0,-27.115409752690454,0.7288459024730954,-27.559521472679368,0.7244047852732063,0.14511570301043994,8.009244848718533,-29.0,40.76,3.0,0.0,0.0,5.0
2021-12-16,E92000001,England,56550138,93804.0,70572.42857142857,91.0,777.0,6405.0,28112.0,36732.0,759966.0,42059575.0,38548784.0,-27.602162473653703,0.723978375263463,-27.663564213564214,0.7233643578643578,0.598567076198655,8.031176701790736,-30.0,40.76,3.0,0.0,0.0,5.0
2021-12-17,E92000001,England,56550138,84967.0,76279.42857142857,114.0,743.0,6321.0,27946.0,36149.0,735442.0,42087521.0,38584933.0,-28.274819040608513,0.7172518095939149,-24.96771912298228,0.7503228087701772,-3.6701110293215558,7.9741977320924695,-30.0,40.76,3.0,0.0,0.0,5.0
2021-12-18,E92000001,England,56550138,78930.0,81563.71428571429,92.0,735.0,6287.0,34878.0,41120.0,850443.0,42122399.0,38626053.0,-6.154178456371438,0.9384582154362856,-19.890560901087216,0.8010943909891278,-11.930073841038753,2.822916849232639,-6.0,40.76,3.0,0.0,0.0,5.0
2021-12-19,E92000001,England,56550138,78497.0,86153.71428571429,92.0,926.0,6434.0,30333.0,35872.0,744313.0,42152732.0,38661925.0,-0.5476152502468291,0.9945238474975318,-20.267835965204384,0.7973216403479562,-6.275381343802397,2.140338608759661,-1.0,40.75,3.0,0.0,0.0,5.0
2021-12-20,E92000001,England,56550138,117577.0,92020.85714285714,101.0,1061.0,6688.0,32434.0,42292.0,730730.0,42185166.0,38704217.0,-39.96023992252063,0.6003976007747938,-30.642648287385132,0.6935735171261487,7.6810997482050105,9.9321660795345,-41.0,40.75,3.0,0.0,0.0,5.0
2021-12-21,E92000001,England,56550138,129599.0,97575.42857142857,89.0,1098.0,6902.0,32649.0,45852.0,777362.0,42217815.0,38750069.0,-40.78524487208698,0.5921475512791302,-32.287375051848734,0.6771262494815127,7.02265030291346,10.515681540681541,-42.0,40.75,3.0,0.0,0.0,5.0
2021-12-22,E92000001,England,56550138,138142.0,103073.71428571429,115.0,1246.0,7080.0,33730.0,44633.0,672919.0,42251545.0,38794702.0,-42.92698837874276,0.5707301162125724,-32.44103542656174,0.6755896457343826,7.538946287630498,10.992516109621372,-44.0,41.3,3.0,0.0,0.0,5.0
2021-12-23,E92000001,England,56550138,137021.0,109247.57142857143,123.0,1252.0,7114.0,28094.0,36301.0,458923.0,42279639.0,38831003.0,-47.91223555521802,0.5208776444478198,-30.45410525147367,0.6954589474852633,12.018661309450785,11.472609554188502,-50.0,41.29,3.0,0.0,0.0,5.0
2021-12-24,E92000001,England,56550138,117562.0,113904.0,114.0,1020.0,7366.0,9137.0,11648.0,125955.0,42288776.0,38842651.0,-60.55861751958244,0.39441382480417564,-43.50556227398332,0.5649443772601668,-14.027179399547821,15.861210134894346,-62.0,41.29,3.0,0.0,0.0,5.0
2021-12-25,E92000001,England,56550138,59912.0,111187.14285714286,95.0,1281.0,7166.0,498.0,473.0,4298.0,42289274.0,38843124.0,-64.67995784267714,0.3532004215732286,-78.06960291170817,0.2193039708829183,-86.10985155195681,10.432577072050757,-64.0,41.29,3.0,0.0,0.0,5.0
2021-12-26,E92000001,England,56550138,98918.0,114104.42857142857,108.0,1374.0,7536.0,1652.0,1830.0,17277.0,42290926.0,38844954.0,-35.54314442867074,0.6445685557132925,-56.19241913057702,0.4380758086942298,-44.56547954969008,3.325153063310958,-35.0,44.07,3.0,0.0,0.0,5.0
2021-12-27,E92000001,England,56550138,155567.0,119531.57142857143,128.0,1751.0,8474.0,16031.0,18384.0,206615.0,42306957.0,38863338.0,-77.23271640640061,0.22767283593599386,-46.1077570090728,0.5389224299092721,-11.572254645938857,17.84371900029795,-78.0,44.07,3.0,0.0,0.0,5.0
2021-12-28,E92000001,England,56550138,170586.0,125386.85714285714,145.0,2082.0,9546.0,21702.0,25914.0,251677.0,42328659.0,38889252.0,-75.14062829633005,0.24859371703669952,-49.19393311366996,0.5080606688633005,-9.323503105082052,19.628618457565825,-76.0,44.07,3.0,0.0,0.0,5.0
2021-12-29,E92000001,England,56550138,224031.0,137656.7142857143,104.0,2370.0,10462.0,30594.0,38781.0,337480.0,42359253.0,38928033.0,-63.64925251811217,0.36350747481887824,-44.079407288617816,0.5592059271138219,-6.40023806602754,17.601986317775793,-65.0,44.06,3.0,0.0,0.0,5.0
2021-12-30,E92000001,England,56550138,192825.0,145628.7142857143,177.0,2114.0,11452.0,29873.0,38530.0,312552.0,42389126.0,38966563.0,-62.97106423466073,0.37028935765339266,-42.04107515291726,0.5795892484708274,-5.518518031675926,17.397230693283326,-64.0,44.06,3.0,0.0,0.0,5.0
2021-12-31,E92000001,England,56550138,152887.0,150675.14285714287,149.0,1781.0,12395.0,12807.0,17835.0,126559.0,42401933.0,38984398.0,-63.15021857609577,0.3684978142390424,-47.06603075287286,0.5293396924712714,-16.773111829690777,16.633155587102955,-64.0,44.06,3.0,0.0,0.0,5.0
2022-01-01,E92000001,England,56550138,99303.0,156302.42857142858,164.0,1819.0,12615.0,1950.0,2501.0,16129.0,42403883.0,38986899.0,-48.95034104946385,0.5104965895053615,-59.54704286941129,0.40452957130588707,-61.012747940818116,10.764730298940826,-49.0,42.1,3.0,0.0,0.0,5.0
2022-01-02,E92000001,England,56550138,148609.0,163401.14285714287,155.0,1881.0,13151.0,11152.0,15546.0,103319.0,42415035.0,39002445.0,-14.519530177424915,0.8548046982257509,-34.00883035093561,0.659911696490644,-21.605274988169725,5.387071262071262,-15.0,42.1,3.0,0.0,0.0,5.0
2022-01-03,E92000001,England,56550138,193617.0,168836.85714285713,160.0,2219.0,14210.0,16576.0,21859.0,115254.0,42431611.0,39024304.0,-73.39101846821146,0.26608981531788545,-53.40967161493477,0.46590328385065227,-13.560935847777953,20.980830280830283,-74.0,42.1,3.0,0.0,0.0,5.0
2022-01-04,E92000001,England,56550138,234873.0,178020.7142857143,182.0,2101.0,15044.0,21424.0,32748.0,180469.0,42453035.0,39057052.0,-37.3818915652249,0.6261810843477511,-43.07510793300267,0.5692489206699733,-21.241565744197324,13.638794976952871,-42.0,40.24,3.0,0.0,0.0,5.0
2022-01-05,E92000001,England,56550138,183798.0,172273.14285714287,196.0,2139.0,15659.0,21731.0,29591.0,194939.0,42474766.0,39086643.0,-33.225167912010015,0.6677483208798998,-41.49066343013712,0.5850933656986288,-23.552796472533316,12.792947549526497,-36.0,40.24,3.0,0.0,0.0,5.0
2022-01-06,E92000001,England,56550138,150786.0,166267.57142857142,224.0,2043.0,16058.0,20495.0,26011.0,184119.0,42495261.0,39112654.0,-32.34438349175191,0.676556165082481,-42.81053551711446,0.5718946448288553,-27.302404320825374,13.274977946030578,-35.0,40.23,3.0,0.0,0.0,5.0
2022-01-07,E92000001,England,56550138,105080.0,159438.0,230.0,1772.0,16163.0,19193.0,26919.0,175701.0,42514454.0,39139573.0,-29.62756575782892,0.7037243424217108,-40.22633667502089,0.5977366332497911,-26.537558055979108,12.471167575114944,-32.0,40.23,3.0,0.0,0.0,5.0
2022-01-08,E92000001,England,56550138,81221.0,156854.85714285713,222.0,1862.0,16034.0,28382.0,41599.0,208075.0,42542836.0,39181172.0,-12.273798699675893,0.877262013003241,-42.106106758738335,0.5789389324126166,-30.15855797873342,8.06973640394693,-12.0,40.22,3.0,0.0,0.0,5.0
2022-01-09,E92000001,England,56550138,83081.0,147493.7142857143,235.0,1975.0,16399.0,18848.0,25534.0,110001.0,42561684.0,39206706.0,-6.1026277815751495,0.9389737221842485,-34.14086410665358,0.6585913589334642,-21.28927972612183,5.006156806156806,-6.0,40.21,3.0,0.0,0.0,5.0
2022-01-10,E92000001,England,56550138,116343.0,136454.57142857142,248.0,2180.0,17120.0,14045.0,20810.0,108975.0,42575729.0,39227516.0,-29.081581170616257,0.7091841882938374,-37.31140058771638,0.6268859941228362,-20.44667277167277,10.409564704301546,-31.0,40.21,3.0,0.0,0.0,5.0
2022-01-11,E92000001,England,56550138,100979.0,117326.85714285714,248.0,2127.0,16939.0,15306.0,22289.0,102987.0,42591035.0,39249805.0,-29.115161024810146,0.7088483897518986,-37.28918406155248,0.6271081593844752,-20.36334849361165,10.316523356435637,-31.0,40.21,3.0,0.0,0.0,5.0
2022-01-12,E92000001,England,56550138,90000.0,103927.14285714286,228.0,1955.0,16881.0,16311.0,25498.0,93904.0,42607346.0,39275303.0,-28.360704905880343,0.7163929509411966,-36.547392227655386,0.6345260777234462,-19.675658405921567,10.093897476792215,-30.0,40.2,3.0,0.0,0.0,5.0
2022-01-13,E92000001,England,56550138,84132.0,94405.14285714286,235.0,1916.0,16716.0,16687.0,26485.0,84778.0,42624033.0,39301788.0,-28.152944505137487,0.7184705549486251,-36.274017502964874,0.6372598249703513,-18.969110713847556,10.02171790198106,-30.0,40.2,3.0,0.0,0.0,5.0
2022-01-14,E92000001,England,56550138,75174.0,90132.85714285714,253.0,1692.0,16537.0,17204.0,24471.0,83223.0,42641237.0,39326259.0,-26.40439075219777,0.7359560924780223,-33.39097978045346,0.6660902021954653,-19.457217051953894,9.411543135227346,-28.0,40.19,3.0,0.0,0.0,5.0
2022-01-15,E92000001,England,56550138,67821.0,88218.57142857143,258.0,1604.0,16281.0,24852.0,38966.0,91644.0,42666089.0,39365225.0,-9.064682685735317,0.9093531731426469,-31.937299542562698,0.680627004574373,-20.58325456220193,4.687307867571025,-8.0,40.19,3.0,0.0,0.0,5.0
2022-01-16,E92000001,England,56550138,85599.0,88578.28571428571,252.0,1768.0,16372.0,14538.0,23539.0,46098.0,42680627.0,39388764.0,-5.327221170642223,0.9467277882935777,-30.900846960057486,0.6909915303994252,-19.01138247717195,3.43050472918894,-5.0,40.18,3.0,0.0,0.0,5.0
2022-01-17,E92000001,England,56550138,114776.0,88354.42857142857,260.0,1808.0,16621.0,13442.0,21700.0,50816.0,42694069.0,39410464.0,-28.087983799825906,0.7191201620017409,-33.89763233842181,0.661023676615782,-17.54524510577142,8.825277646330278,-30.0,40.18,3.0,0.0,0.0,5.0
2022-01-18,E92000001,England,56550138,103308.0,88687.14285714286,255.0,1794.0,16218.0,15194.0,24376.0,51963.0,42709263.0,39434840.0,-28.233876325104394,0.7176612367489561,-33.121838541575386,0.6687816145842461,-18.616023012075644,9.284558099470381,-30.0,40.17,3.0,0.0,0.0,5.0
2022-01-19,E92000001,England,56550138,97335.0,89735.0,243.0,1778.0,15742.0,14743.0,25347.0,48978.0,42724006.0,39460187.0,-27.46950221643204,0.7253049778356796,-32.4130765433397,0.6758692345666031,-17.890282232387495,9.347761156971684,-29.0,40.17,3.0,0.0,0.0,5.0
2022-01-20,E92000001,England,56550138,86951.0,90137.71428571429,228.0,1698.0,15302.0,14743.0,27135.0,47419.0,42738749.0,39487322.0,-27.109934704671545,0.7289006529532845,-31.67576487839646,0.6832423512160354,-16.565186567818145,9.323246782457309,-29.0,38.19,3.0,0.0,0.0,5.0
2022-01-21,E92000001,England,56550138,79172.0,90708.85714285714,270.0,1453.0,14865.0,15520.0,28885.0,53684.0,42754269.0,39516207.0,-25.78355995855996,0.7421644004144003,-28.16645562040299,0.7183354437959701,-17.50659369869896,8.944299998247367,-27.0,38.18,3.0,0.0,0.0,5.0
2022-01-22,E92000001,England,56550138,70483.0,91089.14285714286,260.0,1277.0,14320.0,17851.0,39102.0,61390.0,42772120.0,39555309.0,-8.057794999023068,0.9194220500097693,-24.453901799954433,0.7554609820004556,-17.193078672464637,3.985925039872408,-7.0,38.17,3.0,0.0,0.0,5.0
2022-01-23,E92000001,England,56550138,88558.0,91511.85714285714,224.0,1535.0,14334.0,9762.0,23989.0,32196.0,42781882.0,39579298.0,-5.28500169421222,0.9471499830578778,-25.545772940509785,0.7445422705949021,-18.150949781212937,3.2166925180083075,-5.0,38.16,3.0,0.0,0.0,5.0
2022-01-24,E92000001,England,56550138,109233.0,90720.0,251.0,1593.0,14563.0,11125.0,24530.0,41514.0,42793007.0,39603828.0,-27.219647863507515,0.7278035213649249,-30.56737283184652,0.6943262716815348,-17.308700071857967,8.872119547119546,-29.0,38.16,3.0,0.0,0.0,5.0
2022-01-25,E92000001,England,56550138,96955.0,89812.42857142857,214.0,1681.0,14088.0,11984.0,23955.0,40932.0,42804991.0,39627783.0,-27.29987871128222,0.7270012128871779,-30.921038026301183,0.6907896197369882,-16.84378866747288,9.077483903361095,-29.0,38.15,3.0,0.0,0.0,5.0
2022-01-26,E92000001,England,56550138,93211.0,89223.28571428571,239.0,1689.0,13948.0,12880.0,26955.0,41712.0,42817871.0,39654738.0,-26.80462828269846,0.7319537171730154,-30.610197258881467,0.6938980274111853,-15.791816808922071,8.877880761214094,-29.0,38.15,3.0,0.0,0.0,5.0
2022-01-27,E92000001,England,56550138,82725.0,88619.57142857143,262.0,1503.0,13651.0,13843.0,26514.0,40401.0,42831714.0,39681252.0,-26.385179878600933,0.7361482012139906,-29.483373205741625,0.7051662679425837,-13.945107524054892,8.51147304612217,-28.0,36.83,3.0,0.0,0.0,5.0
2022-01-28,E92000001,England,56550138,71682.0,87549.57142857143,226.0,1342.0,13462.0,14553.0,30234.0,43002.0,42846267.0,39711486.0,-24.984736803157855,0.7501526319684214,-25.518455813192656,0.7448154418680735,-13.456018542860647,7.939891541207331,-27.0,36.82,3.0,0.0,0.0,5.0
2022-01-29,E92000001,England,56550138,63024.0,86484.0,239.0,1325.0,12672.0,15811.0,34792.0,47544.0,42862078.0,39746278.0,-8.004980789191315,0.9199501921080868,-22.86732770153823,0.7713267229846177,-13.528913549088989,3.1944127509916984,-7.0,36.82,3.0,0.0,0.0,5.0
2022-01-30,E92000001,England,56550138,74980.0,84544.28571428571,217.0,1285.0,12992.0,9442.0,22531.0,26643.0,42871520.0,39768809.0,-4.2824292666397925,0.957175707333602,-20.505867816394133,0.7949413218360587,-10.375521992627256,1.9729616874353715,-4.0,36.82,3.0,0.0,0.0,5.0
2022-01-31,E92000001,England,56550138,88502.0,81582.71428571429,230.0,1451.0,13331.0,10214.0,20785.0,28828.0,42881734.0,39789594.0,-26.531489595524686,0.7346851040447531,-28.64591986960408,0.7135408013039592,-13.776756138598245,8.030734178102598,-29.0,36.81,3.0,0.0,0.0,5.0
2022-02-01,E92000001,England,56550138,78511.0,78947.85714285714,228.0,1537.0,12896.0,10576.0,23871.0,27436.0,42892310.0,39813465.0,-25.817907823170984,0.7418209217682902,-27.659755887387465,0.7234024411261253,-13.339780248990776,7.933614030543855,-28.0,36.81,3.0,0.0,0.0,5.0
2022-02-02,E92000001,England,56550138,73908.0,76190.28571428571,228.0,1451.0,12577.0,10199.0,23691.0,27796.0,42902509.0,39837156.0,-25.17957425939882,0.7482042574060118,-27.438698436066858,0.7256130156393314,-13.087917053706526,8.041563796826955,-27.0,36.81,3.0,0.0,0.0,5.0
2022-02-03,E92000001,England,56550138,64032.0,73519.85714285714,206.0,1292.0,12423.0,10516.0,24509.0,28493.0,42913025.0,39861665.0,-24.91526113587517,0.7508473886412483,-27.016980241980242,0.7298301975801975,-12.166027247606195,7.833395535588518,-27.0,36.8,3.0,0.0,0.0,5.0
2022-02-04,E92000001,England,56550138,52556.0,70787.57142857143,179.0,1186.0,12032.0,9463.0,23188.0,28054.0,42922488.0,39884853.0,-24.330356339566865,0.7566964366043314,-24.622435313224784,0.7537756468677521,-14.161446594341331,7.711273959958171,-26.0,36.8,3.0,0.0,0.0,5.0
2022-02-05,E92000001,England,56550138,43233.0,67960.28571428571,195.0,1077.0,11604.0,10688.0,25518.0,32002.0,42933176.0,39910371.0,-7.992109450004187,0.9200789054999581,-22.420764615501458,0.7757923538449855,-15.003252741410636,3.256415076151918,-8.0,36.8,3.0,0.0,0.0,5.0
2022-02-06,E92000001,England,56550138,50148.0,64412.857142857145,193.0,1211.0,11529.0,5088.0,13115.0,15004.0,42938264.0,39923486.0,-5.398762348762349,0.9460123765123765,-24.084157801263064,0.7591584219873694,-16.211088472930577,2.9754009148745992,-5.0,36.8,3.0,0.0,0.0,5.0
2022-02-07,E92000001,England,56550138,62672.0,60722.857142857145,158.0,1234.0,11710.0,8039.0,20940.0,22275.0,42946303.0,39944426.0,-25.529420141262246,0.7447057985873775,-26.106764726501567,0.7389323527349843,-13.400370535896851,7.449720308930836,-28.0,36.79,3.0,0.0,0.0,5.0
2022-02-08,E92000001,England,56550138,55437.0,57426.57142857143,166.0,1266.0,11471.0,8792.0,22191.0,21797.0,42955095.0,39966617.0,-25.47994972863394,0.7452005027136606,-25.80109276688224,0.7419890723311776,-12.131478755162966,7.169243589419029,-28.0,36.79,3.0,0.0,0.0,5.0
2022-02-09,E92000001,England,56550138,51013.0,54155.857142857145,160.0,1220.0,11071.0,9296.0,22587.0,22198.0,42964391.0,39989204.0,-25.21542205357995,0.7478457794642005,-25.66640143482249,0.7433359856517752,-12.652845838372153,7.246304621304621,-27.0,36.79,3.0,0.0,0.0,5.0
2022-02-10,E92000001,England,56550138,41331.0,50912.857142857145,165.0,1167.0,10734.0,9020.0,23469.0,23052.0,42973411.0,40012673.0,-25.109270115849064,0.7489072988415093,-25.0035781469992,0.7499642185300079,-11.110880785880786,7.180097177027002,-27.0,36.79,3.0,0.0,0.0,5.0
2022-02-11,E92000001,England,56550138,34944.0,48396.857142857145,149.0,996.0,10367.0,9243.0,24142.0,30428.0,42982654.0,40036815.0,-24.280657727587553,0.7571934227241245,-20.974262579525735,0.7902573742047426,-10.49729700124437,6.78442697653224,-26.0,36.01,3.0,0.0,0.0,5.0
2022-02-12,E92000001,England,56550138,29142.0,46383.857142857145,149.0,989.0,10010.0,11019.0,23550.0,34242.0,42993673.0,40060365.0,-7.980671878478897,0.920193281215211,-20.55154728312623,0.7944845271687377,-13.695669470230873,2.8720384878279615,-8.0,36.01,3.0,0.0,0.0,5.0
2022-02-13,E92000001,England,56550138,32326.0,43837.857142857145,156.0,1029.0,10049.0,4466.0,10637.0,14266.0,42998139.0,40071002.0,-5.777914775283197,0.942220852247168,-23.134727407095827,0.7686527259290418,-16.03529263134526,2.7803921224973855,-6.0,36.01,3.0,0.0,0.0,5.0
2022-02-14,E92000001,England,56550138,42490.0,40954.71428571428,169.0,1132.0,10273.0,6442.0,15182.0,19880.0,43004581.0,40086184.0,-30.542076003918112,0.6945792399608188,-25.623963755542704,0.743760362444573,-3.150227258121995,7.5715680518312105,-33.0,36.0,3.0,0.0,0.0,5.0
2022-02-15,E92000001,England,56550138,40145.0,38770.142857142855,149.0,1144.0,10019.0,7735.0,17680.0,22644.0,43012316.0,40103864.0,-30.33799352044966,0.6966200647955034,-26.38391564575775,0.7361608435424225,-12.243376214428846,7.982261451998294,-33.0,29.06,0.0,0.0,0.0,5.0
2022-02-16,E92000001,England,56550138,39445.0,37117.57142857143,150.0,1120.0,9804.0,7673.0,18874.0,23596.0,43019989.0,40122738.0,-29.69996265917319,0.7030003734082682,-26.615666497245442,0.7338433350275455,-11.999412721781143,8.314406499932815,-32.0,29.06,0.0,0.0,0.0,5.0
2022-02-17,E92000001,England,56550138,34168.0,36094.28571428572,144.0,971.0,9600.0,7932.0,19126.0,22925.0,43027921.0,40141864.0,-29.301099647590874,0.7069890035240913,-23.627921347658187,0.7637207865234181,-7.219538794538796,7.270371441424073,-31.0,29.06,0.0,0.0,0.0,5.0
2022-02-18,E92000001,England,56550138,24923.0,34662.71428571428,131.0,900.0,9258.0,5082.0,11450.0,15752.0,43033003.0,40153314.0,-36.10271848035006,0.6389728151964993,-43.51987924356345,0.5648012075643655,-30.273039825671404,13.630865625602468,-39.0,29.06,0.0,0.0,0.0,5.0
2022-02-19,E92000001,England,56550138,26429.0,34275.142857142855,137.0,834.0,9187.0,7794.0,17836.0,24328.0,43040797.0,40171150.0,-9.455896962037313,0.9054410303796269,-24.604608403292612,0.7539539159670738,-19.47856990313131,3.544638548585917,-9.0,29.06,0.0,0.0,0.0,5.0
2022-02-20,E92000001,England,56550138,28411.0,33715.857142857145,144.0,971.0,9058.0,3450.0,8325.0,10875.0,43044247.0,40179475.0,-6.94017897307371,0.9305982102692629,-27.682887434203224,0.7231711256579678,-21.680533501586133,3.3051166669587726,-7.0,29.06,0.0,0.0,0.0,5.0
2022-02-21,E92000001,England,56550138,33033.0,32364.85714285714,124.0,1030.0,9229.0,5553.0,12766.0,17629.0,43049800.0,40192241.0,-32.910037850388726,0.6708996214961127,-29.430750974172028,0.7056924902582797,-10.992932067932067,8.480492314702841,-34.0,29.06,0.0,0.0,0.0,5.0
2022-02-22,E92000001,England,56550138,28019.0,30632.571428571428,120.0,976.0,8948.0,6283.0,15084.0,19882.0,43056083.0,40207325.0,-31.224202470693697,0.687757975293063,-25.769793218477428,0.7423020678152257,-6.83602669260564,7.310404475316757,-32.0,29.06,0.0,0.0,0.0,5.0
2022-02-23,E92000001,England,56550138,26009.0,28713.14285714286,121.0,976.0,8868.0,6764.0,15185.0,19799.0,43062847.0,40222510.0,-30.725388922318743,0.6927461107768126,-25.562749969328916,0.7443725003067108,-7.798162510004616,7.295689804023137,-32.0,29.05,0.0,0.0,0.0,5.0
2022-02-24,E92000001,England,56550138,21882.0,26958.0,137.0,984.0,8645.0,6194.0,13388.0,18516.0,43069041.0,40235898.0,-30.942879651212984,0.6905712034878702,-27.018663792348,0.7298133620765199,-9.270006163427217,7.802452128767919,-32.0,29.05,0.0,0.0,0.0,5.0
2022-02-25,E92000001,England,56550138,19533.0,26188.0,122.0,841.0,8498.0,6182.0,14058.0,20137.0,43075223.0,40249956.0,-30.00524699472068,0.6999475300527932,-20.24697437065858,0.7975302562934142,-6.91609662267557,6.33109302977724,-31.0,29.05,0.0,0.0,0.0,5.0
2022-02-26,E92000001,England,56550138,17604.0,24927.285714285714,116.0,888.0,8197.0,7140.0,17814.0,23518.0,43082363.0,40267770.0,-7.21124666431684,0.9278875333568316,-15.571825396825396,0.844281746031746,-9.869554892800506,1.0139676113360325,-7.0,29.05,0.0,0.0,0.0,5.0
2022-02-27,E92000001,England,56550138,22165.0,24035.0,107.0,949.0,8305.0,3186.0,8833.0,12143.0,43085549.0,40276603.0,-2.8269944967313387,0.9717300550326866,-12.867313680471575,0.8713268631952842,-6.931444870918555,0.16436472883841305,-3.0,29.05,0.0,0.0,0.0,5.0
2022-02-28,E92000001,England,56550138,31865.0,23868.14285714286,119.0,1145.0,8538.0,4853.0,12892.0,15518.0,43090402.0,40289495.0,-25.348147239375308,0.7465185276062469,-26.132142711090083,0.7386785728890992,-13.110044779781623,6.684066940207291,-28.0,23.15,0.0,0.0,0.0,5.0
2022-03-01,E92000001,England,56550138,31864.0,24417.428571428572,111.0,1111.0,8486.0,5035.0,13147.0,14383.0,43095437.0,40302642.0,-24.875859747789573,0.7512414025221043,-26.984004007688217,0.7301599599231179,-13.342417085838138,6.588501946396684,-27.0,23.15,0.0,0.0,0.0,5.0
2022-03-02,E92000001,England,56550138,33361.0,25467.714285714286,128.0,1184.0,8402.0,5028.0,12608.0,15972.0,43100465.0,40315250.0,-24.450198777830355,0.7554980122216964,-28.22874099584626,0.7177125900415374,-16.109038184038184,7.120061257780557,-26.0,23.15,0.0,0.0,0.0,5.0
2022-03-03,E92000001,England,56550138,31533.0,26846.428571428572,140.0,1226.0,8210.0,5148.0,14113.0,15621.0,43105613.0,40329363.0,-24.41437837665908,0.7558562162334093,-28.635938476727954,0.7136406152327204,-13.457524200945253,6.822267823145016,-27.0,23.15,0.0,0.0,0.0,5.0
2022-03-04,E92000001,England,56550138,30605.0,28428.14285714286,108.0,1044.0,8403.0,5434.0,14341.0,17230.0,43111047.0,40343704.0,-23.462898294038645,0.7653710170596135,-25.100838196890827,0.7489916180310917,-13.599876147244569,6.2261618498460605,-25.0,23.15,0.0,0.0,0.0,5.0
2022-03-05,E92000001,England,56550138,28509.0,29986.0,107.0,1050.0,8400.0,6039.0,17058.0,21882.0,43117086.0,40360762.0,-7.174934763092659,0.9282506523690734,-21.068354744670536,0.7893164525532946,-12.60609371135687,1.816990173569121,-7.0,23.15,0.0,0.0,0.0,5.0
2022-03-06,E92000001,England,56550138,35914.0,31950.14285714286,106.0,1260.0,8502.0,2591.0,8176.0,10299.0,43119677.0,40368938.0,-3.381764288343236,0.9661823571165676,-18.472482196166407,0.8152751780383359,-10.08070014780541,0.7592933382407067,-4.0,23.15,0.0,0.0,0.0,5.0
2022-03-07,E92000001,England,56550138,50982.0,34681.142857142855,117.0,1278.0,8923.0,3819.0,11068.0,13155.0,43123496.0,40380006.0,-24.472102669909688,0.7552789733009031,-26.991820898399844,0.7300817910160016,-13.452900608163766,6.267875545507125,-27.0,23.15,0.0,0.0,0.0,5.0
2022-03-08,E92000001,England,56550138,52342.0,37606.57142857143,128.0,1389.0,9176.0,4234.0,12038.0,13551.0,43127730.0,40392044.0,-23.87023153909119,0.7612976846090881,-27.621511529406266,0.7237848847059374,-12.906114353482774,5.91043383192506,-26.0,23.15,0.0,0.0,0.0,5.0
2022-03-09,E92000001,England,56550138,55491.0,40768.0,123.0,1521.0,9163.0,4665.0,12720.0,14769.0,43132395.0,40404764.0,-23.420908120469523,0.7657909187953048,-28.596192988298256,0.7140380701170175,-14.926519971256814,6.374711724273128,-26.0,23.15,0.0,0.0,0.0,5.0
2022-03-10,E92000001,England,56550138,54298.0,44020.142857142855,128.0,1414.0,9241.0,4470.0,13562.0,14425.0,43136865.0,40418326.0,-23.28333028245309,0.7671666971754691,-28.198729486887384,0.7180127051311261,-13.505493483125061,6.003813811269952,-25.0,23.15,0.0,0.0,0.0,5.0
2022-03-11,E92000001,England,56550138,52270.0,47115.142857142855,119.0,1412.0,9369.0,4587.0,13132.0,16576.0,43141452.0,40431458.0,-23.86686474668931,0.7613313525331069,-27.265875936928566,0.7273412406307143,-18.223676907887434,6.750360312202417,-26.0,23.15,0.0,0.0,0.0,5.0
2022-03-12,E92000001,England,56550138,49161.0,50065.42857142857,126.0,1368.0,9618.0,6166.0,18717.0,21041.0,43147618.0,40450175.0,-7.537796965867141,0.9246220303413286,-22.401873711084235,0.7759812628891576,-14.723445203269765,1.6528274357221724,-7.0,23.15,0.0,0.0,0.0,5.0
2022-03-13,E92000001,England,56550138,60270.0,53544.857142857145,126.0,1591.0,9908.0,2746.0,9649.0,10564.0,43150364.0,40459824.0,-4.981637368479474,0.9501836263152053,-20.938263052736737,0.7906173694726326,-14.708948507632718,1.308134701555754,-5.0,23.15,0.0,0.0,0.0,5.0
2022-03-14,E92000001,England,56550138,79517.0,57621.28571428572,155.0,1651.0,10576.0,3739.0,11515.0,13193.0,43154103.0,40471339.0,-24.335831549866636,0.7566416845013336,-27.196776177039332,0.7280322382296067,-14.698881527828897,6.205549064320994,-27.0,23.15,0.0,0.0,0.0,5.0
2022-03-15,E92000001,England,56550138,74101.0,60729.71428571428,132.0,1800.0,10877.0,4230.0,12614.0,14225.0,43158333.0,40483953.0,-23.850709784043115,0.7614929021595689,-27.379218004218004,0.7262078199578199,-14.069509583983269,6.090400437768859,-26.0,23.15,0.0,0.0,0.0,5.0
2022-03-16,E92000001,England,56550138,73952.0,63367.0,145.0,1823.0,11010.0,4115.0,12675.0,14616.0,43162448.0,40496628.0,-24.314607419870576,0.7568539258012943,-30.206797880482092,0.697932021195179,-19.649968890758363,7.337643821415751,-26.0,23.15,0.0,0.0,0.0,5.0
2022-03-17,E92000001,England,56550138,67687.0,65279.71428571428,159.0,1738.0,11346.0,3891.0,12595.0,13646.0,43166339.0,40509223.0,-23.890738566177163,0.7610926143382284,-27.09990638016954,0.7290009361983045,-11.095228017596439,6.094184665237297,-27.0,23.15,0.0,0.0,0.0,5.0
2022-03-18,E92000001,England,56550138,61904.0,66656.0,162.0,1629.0,11595.0,4604.0,13636.0,15109.0,43170943.0,40522859.0,-24.557294021767703,0.7544270597823229,-23.43799709062867,0.7656200290937133,-12.865468449678977,5.664145211513632,-27.0,20.37,0.0,0.0,0.0,5.0
2022-03-19,E92000001,England,56550138,55211.0,67520.28571428571,149.0,1813.0,11638.0,5373.0,18126.0,18951.0,43176316.0,40540985.0,-8.822045303624252,0.9117795469637575,-18.302313037839355,0.8169768696216064,-13.175072312353015,0.9147809792546635,-9.0,20.37,0.0,0.0,0.0,5.0
2022-03-20,E92000001,England,56550138,66907.0,68468.42857142857,156.0,1793.0,12070.0,2487.0,8654.0,9421.0,43178803.0,40549639.0,-6.173713128976287,0.9382628687102371,-16.48084766111082,0.8351915233888918,-10.910986674144569,0.25049993865783343,-6.0,20.37,0.0,0.0,0.0,5.0
2022-03-21,E92000001,England,56550138,89907.0,69952.71428571429,146.0,1984.0,12753.0,3642.0,10794.0,12587.0,43182445.0,40560433.0,-24.99343901712323,0.7500656098287677,-27.24184908658593,0.7275815091341407,-14.361920243499192,6.343043798306955,-27.0,20.37,0.0,0.0,0.0,5.0
2022-03-22,E92000001,England,56550138,81845.0,71059.0,185.0,2098.0,13060.0,3495.0,10351.0,13928.0,43185940.0,40570784.0,-24.24767404460387,0.7575232595539613,-27.22821929532456,0.7277178070467544,-12.612574559942981,6.066535430131921,-26.0,20.37,0.0,0.0,0.0,5.0
2022-03-23,E92000001,England,56550138,77600.0,71580.14285714286,165.0,2137.0,13248.0,3896.0,11559.0,14952.0,43189836.0,40582343.0,-24.107370050352507,0.7589262994964749,-26.6640115732221,0.733359884267779,-11.892923450818188,5.922232543285174,-26.0,20.37,0.0,0.0,0.0,5.0
2022-03-24,E92000001,England,56550138,68604.0,71711.14285714286,175.0,2006.0,13602.0,4027.0,10530.0,13267.0,43193863.0,40592873.0,-24.23660042037235,0.7576339957962765,-26.07932739774845,0.7392067260225155,-9.393094186515238,5.764347462154479,-26.0,20.37,0.0,0.0,0.0,5.0
2022-03-25,E92000001,England,56550138,60256.0,71475.71428571429,180.0,1925.0,13842.0,3808.0,12333.0,14160.0,43197671.0,40605206.0,-24.76903794710812,0.7523096205289188,-21.622646943699575,0.7837735305630043,-8.801864217653693,5.014351438035649,-27.0,20.37,0.0,0.0,0.0,5.0
2022-03-26,E92000001,England,56550138,51776.0,70985.0,186.0,1869.0,13796.0,5173.0,17769.0,16824.0,43202844.0,40622975.0,-8.340357157462421,0.9165964284253758,-14.62689883216199,0.8537310116783801,-10.067143382932857,-0.4507696981381192,-8.0,20.37,0.0,0.0,0.0,5.0
2022-03-27,E92000001,England,56550138,58000.0,69712.57142857143,186.0,2037.0,14465.0,1855.0,6912.0,6570.0,43204699.0,40629887.0,-4.597702005596743,0.9540229799440326,-11.87584681400471,0.8812415318599529,-8.432891815786553,-1.1634887042781779,-4.0,20.37,0.0,0.0,0.0,5.0
2022-03-28,E92000001,England,56550138,78909.0,68141.42857142857,188.0,2280.0,15170.0,2812.0,9317.0,11533.0,43207511.0,40639204.0,-25.485149386026578,0.7451485061397343,-26.594863761969023,0.7340513623803098,-13.529125406756986,6.325553767220434,-28.0,20.37,0.0,0.0,0.0,5.0
2022-03-29,E92000001,England,56550138,67441.0,66083.71428571429,203.0,2219.0,15411.0,3157.0,10142.0,12173.0,43210668.0,40649346.0,-24.683195232318038,0.7531680476768197,-28.57268608584398,0.7142731391415602,-15.300856453488032,6.650836135923855,-27.0,20.37,0.0,0.0,0.0,5.0
2022-03-30,E92000001,England,56550138,62750.0,63962.28571428572,212.0,2355.0,15632.0,3372.0,11126.0,13715.0,43214040.0,40660472.0,-24.41945457077036,0.7558054542922964,-30.962273691221057,0.6903772630877894,-17.688016369595317,7.126667338509445,-26.0,20.37,0.0,0.0,0.0,5.0
2022-03-31,E92000001,England,56550138,45879.0,60715.857142857145,222.0,2124.0,15648.0,3741.0,11125.0,12944.0,43217781.0,40671597.0,-24.27476099274345,0.7572523900725655,-30.00500961027277,0.6999499038972723,-14.399351525667315,6.718523224663575,-26.0,20.37,0.0,0.0,0.0,5.0
