date,area_code,area_name,population,cases,cases_7d,deaths,vax_first_dose,vax_second_dose,vax_first_cum,workplace_pct,workplace_m,transit_pct,transit_m,retail_pct,residential_pct
2020-09-01,E12000004,East Midlands,4865583,161.0,91.0,1.0,0.0,0.0,0.0,-40.75,0.5925,-27.375,0.7262500000000001,-12.625,8.375
2020-09-02,E12000004,East Midlands,4865583,253.0,113.57142857142857,2.0,0.0,0.0,0.0,-38.5,0.615,-32.5,0.675,-19.125,9.875
2020-09-03,E12000004,East Midlands,4865583,245.0,136.0,0.0,0.0,0.0,0.0,-38.75,0.6125,-30.25,0.6975,-18.25,9.0
2020-09-04,E12000004,East Midlands,4865583,185.0,148.71428571428572,2.0,0.0,0.0,0.0,-37.0,0.63,-26.375,0.7362500000000001,-20.125,7.5
2020-09-05,E12000004,East Midlands,4865583,164.0,165.28571428571428,0.0,0.0,0.0,0.0,-8.714285714285714,0.9128571428571428,-24.142857142857142,0.7585714285714286,-26.625,2.625
2020-09-06,E12000004,East Midlands,4865583,138.0,176.28571428571428,1.0,0.0,0.0,0.0,-5.333333333333333,0.9466666666666667,-19.4,0.806,-22.125,1.875
2020-09-07,E12000004,East Midlands,4865583,351.0,213.85714285714286,1.0,0.0,0.0,0.0,-39.125,0.60875,-27.75,0.7224999999999999,-17.875,7.875
2020-09-08,E12000004,East Midlands,4865583,320.0,236.57142857142858,0.0,0.0,0.0,0.0,-38.25,0.6174999999999999,-27.375,0.7262500000000001,-17.25,7.875
2020-09-09,E12000004,East Midlands,4865583,254.0,236.71428571428572,1.0,0.0,0.0,0.0,-36.0,0.64,-27.375,0.7262500000000001,-18.75,8.0
2020-09-10,E12000004,East Midlands,4865583,212.0,232.0,0.0,0.0,0.0,0.0,-36.875,0.63125,-26.25,0.7375,-19.5,7.625
2020-09-11,E12000004,East Midlands,4865583,221.0,237.14285714285714,0.0,0.0,0.0,0.0,-35.333333333333336,0.6466666666666667,-23.5,0.765,-20.375,6.625
2020-09-12,E12000004,East Midlands,4865583,146.0,234.57142857142858,5.0,0.0,0.0,0.0,-8.666666666666666,0.9133333333333333,-23.875,0.76125,-23.333333333333332,2.25
2020-09-13,E12000004,East Midlands,4865583,123.0,232.42857142857142,1.0,0.0,0.0,0.0,-6.375,0.93625,-16.25,0.8375,-21.125,0.5
2020-09-14,E12000004,East Midlands,4865583,205.0,211.57142857142858,1.0,0.0,0.0,0.0,-33.22222222222222,0.6677777777777778,-23.375,0.76625,-17.0,6.75
2020-09-15,E12000004,East Midlands,4865583,214.0,196.42857142857142,1.0,0.0,0.0,0.0,-32.77777777777778,0.6722222222222223,-25.5,0.745,-17.5,7.5
2020-09-16,E12000004,East Midlands,4865583,250.0,195.85714285714286,1.0,0.0,0.0,0.0,-33.0,0.6699999999999999,-26.875,0.73125,-22.125,8.125
2020-09-17,E12000004,East Midlands,4865583,252.0,201.57142857142858,0.0,0.0,0.0,0.0,-33.111111111111114,0.6688888888888889,-25.625,0.74375,-18.625,7.5
2020-09-18,E12000004,East Midlands,4865583,259.0,207.0,1.0,0.0,0.0,0.0,-32.22222222222222,0.6777777777777778,-24.25,0.7575000000000001,-20.0,6.75
2020-09-19,E12000004,East Midlands,4865583,251.0,222.0,2.0,0.0,0.0,0.0,-8.666666666666666,0.9133333333333333,-24.875,0.75125,-25.75,2.75
2020-09-20,E12000004,East Midlands,4865583,266.0,242.42857142857142,0.0,0.0,0.0,0.0,-6.25,0.9375,-18.25,0.8175,-20.375,1.5
2020-09-21,E12000004,East Midlands,4865583,292.0,254.85714285714286,3.0,0.0,0.0,0.0,-33.333333333333336,0.6666666666666666,-25.125,0.74875,-16.25,7.125
2020-09-22,E12000004,East Midlands,4865583,271.0,263.0,3.0,0.0,0.0,0.0,-32.111111111111114,0.6788888888888889,-27.5,0.725,-18.875,7.75
2020-09-23,E12000004,East Midlands,4865583,297.0,269.7142857142857,1.0,0.0,0.0,0.0,-31.555555555555557,0.6844444444444444,-34.125,0.65875,-26.625,9.375
2020-09-24,E12000004,East Midlands,4865583,334.0,281.42857142857144,3.0,0.0,0.0,0.0,-31.555555555555557,0.6844444444444444,-32.0,0.6799999999999999,-23.125,9.0
2020-09-25,E12000004,East Midlands,4865583,330.0,291.57142857142856,3.0,0.0,0.0,0.0,-30.444444444444443,0.6955555555555556,-29.375,0.70625,-22.625,8.0
2020-09-26,E12000004,East Midlands,4865583,322.0,301.7142857142857,1.0,0.0,0.0,0.0,-7.888888888888889,0.9211111111111111,-32.125,0.67875,-26.22222222222222,4.25
2020-09-27,E12000004,East Midlands,4865583,402.0,321.14285714285717,4.0,0.0,0.0,0.0,-5.75,0.9425,-27.5,0.725,-23.75,3.125
2020-09-28,E12000004,East Midlands,4865583,566.0,360.2857142857143,1.0,0.0,0.0,0.0,-29.666666666666668,0.7033333333333334,-28.875,0.7112499999999999,-17.0,7.875
2020-09-29,E12000004,East Midlands,4865583,611.0,408.85714285714283,3.0,0.0,0.0,0.0,-29.444444444444443,0.7055555555555555,-29.5,0.7050000000000001,-18.5,8.444444444444445
2020-09-30,E12000004,East Midlands,4865583,884.0,492.7142857142857,2.0,0.0,0.0,0.0,-30.22222222222222,0.6977777777777778,-31.625,0.6837500000000001,-23.0,9.125
2020-10-01,E12000004,East Midlands,4865583,1064.0,597.0,2.0,0.0,0.0,0.0,-28.22222222222222,0.7177777777777778,-28.25,0.7175,-20.25,8.333333333333334
2020-10-02,E12000004,East Midlands,4865583,1215.0,723.4285714285714,1.0,0.0,0.0,0.0,-28.77777777777778,0.7122222222222222,-26.75,0.7324999999999999,-25.625,8.5
2020-10-03,E12000004,East Midlands,4865583,1027.0,824.1428571428571,7.0,0.0,0.0,0.0,-10.222222222222221,0.8977777777777778,-35.25,0.6475,-32.888888888888886,6.25
2020-10-04,E12000004,East Midlands,4865583,1178.0,935.0,4.0,0.0,0.0,0.0,-6.125,0.93875,-25.75,0.7424999999999999,-26.875,3.75
2020-10-05,E12000004,East Midlands,4865583,1581.0,1080.0,3.0,0.0,0.0,0.0,-30.11111111111111,0.6988888888888889,-26.625,0.73375,-23.125,8.5
2020-10-06,E12000004,East Midlands,4865583,1520.0,1209.857142857143,3.0,0.0,0.0,0.0,-29.444444444444443,0.7055555555555555,-27.75,0.7224999999999999,-23.375,8.88888888888889
2020-10-07,E12000004,East Midlands,4865583,1729.0,1330.5714285714287,4.0,0.0,0.0,0.0,-27.444444444444443,0.7255555555555555,-28.625,0.71375,-22.125,8.11111111111111
2020-10-08,E12000004,East Midlands,4865583,1954.0,1457.7142857142858,2.0,0.0,0.0,0.0,-29.0,0.71,-31.375,0.68625,-25.25,9.222222222222221
2020-10-09,E12000004,East Midlands,4865583,1455.0,1492.0,5.0,0.0,0.0,0.0,-27.333333333333332,0.7266666666666667,-28.25,0.7175,-25.25,8.375
2020-10-10,E12000004,East Midlands,4865583,1152.0,1509.857142857143,3.0,0.0,0.0,0.0,-6.444444444444445,0.9355555555555556,-34.875,0.65125,-29.22222222222222,5.125
2020-10-11,E12000004,East Midlands,4865583,1117.0,1501.142857142857,7.0,0.0,0.0,0.0,-4.5,0.955,-28.0,0.72,-26.25,3.25
2020-10-12,E12000004,East Midlands,4865583,1793.0,1531.4285714285713,6.0,0.0,0.0,0.0,-30.0,0.7,-31.375,0.68625,-26.0,9.0
2020-10-13,E12000004,East Midlands,4865583,1595.0,1542.142857142857,10.0,0.0,0.0,0.0,-29.22222222222222,0.7077777777777778,-31.0,0.69,-24.875,9.444444444444445
2020-10-14,E12000004,East Midlands,4865583,1821.0,1555.2857142857142,9.0,0.0,0.0,0.0,-28.0,0.72,-31.25,0.6875,-26.375,9.625
2020-10-15,E12000004,East Midlands,4865583,1447.0,1482.857142857143,14.0,0.0,0.0,0.0,-28.444444444444443,0.7155555555555555,-31.125,0.68875,-24.625,9.666666666666666
2020-10-16,E12000004,East Midlands,4865583,1308.0,1461.857142857143,10.0,0.0,0.0,0.0,-27.666666666666668,0.7233333333333334,-30.875,0.6912499999999999,-26.125,9.5
2020-10-17,E12000004,East Midlands,4865583,1220.0,1471.5714285714287,17.0,0.0,0.0,0.0,-7.777777777777778,0.9222222222222223,-37.75,0.6225,-30.22222222222222,5.875
2020-10-18,E12000004,East Midlands,4865583,1100.0,1469.142857142857,6.0,0.0,0.0,0.0,-7.375,0.92625,-33.875,0.66125,-29.875,4.625
2020-10-19,E12000004,East Midlands,4865583,2404.0,1556.4285714285713,9.0,0.0,0.0,0.0,-36.333333333333336,0.6366666666666667,-32.625,0.6737500000000001,-23.0,9.875
2020-10-20,E12000004,East Midlands,4865583,2141.0,1634.4285714285713,17.0,0.0,0.0,0.0,-35.666666666666664,0.6433333333333333,-34.5,0.655,-24.75,10.625
2020-10-21,E12000004,East Midlands,4865583,2142.0,1680.2857142857142,11.0,0.0,0.0,0.0,-35.55555555555556,0.6444444444444444,-37.0,0.63,-28.875,11.875
2020-10-22,E12000004,East Midlands,4865583,2147.0,1780.2857142857142,25.0,0.0,0.0,0.0,-34.77777777777778,0.6522222222222223,-32.875,0.67125,-22.375,10.375
2020-10-23,E12000004,East Midlands,4865583,1859.0,1859.0,20.0,0.0,0.0,0.0,-35.77777777777778,0.6422222222222222,-34.375,0.65625,-25.375,10.625
2020-10-24,E12000004,East Midlands,4865583,1478.0,1895.857142857143,22.0,0.0,0.0,0.0,-10.666666666666666,0.8933333333333333,-40.0,0.6,-33.333333333333336,6.5
2020-10-25,E12000004,East Midlands,4865583,1493.0,1952.0,22.0,0.0,0.0,0.0,-6.0,0.94,-33.0,0.6699999999999999,-24.0,3.875
2020-10-26,E12000004,East Midlands,4865583,2387.0,1949.5714285714287,22.0,0.0,0.0,0.0,-39.333333333333336,0.6066666666666667,-35.375,0.64625,-19.125,10.875
2020-10-27,E12000004,East Midlands,4865583,2075.0,1940.142857142857,24.0,0.0,0.0,0.0,-39.333333333333336,0.6066666666666667,-37.875,0.6212500000000001,-22.125,11.875
2020-10-28,E12000004,East Midlands,4865583,2171.0,1944.2857142857142,29.0,0.0,0.0,0.0,-37.55555555555556,0.6244444444444444,-35.375,0.64625,-18.5,11.25
2020-10-29,E12000004,East Midlands,4865583,2121.0,1940.5714285714287,21.0,0.0,0.0,0.0,-38.666666666666664,0.6133333333333333,-39.125,0.60875,-22.0,12.25
2020-10-30,E12000004,East Midlands,4865583,2086.0,1973.0,27.0,0.0,0.0,0.0,-37.77777777777778,0.6222222222222222,-36.375,0.63625,-23.5,11.375
2020-10-31,E12000004,East Midlands,4865583,1529.0,1980.2857142857142,30.0,0.0,0.0,0.0,-10.777777777777779,0.8922222222222222,-42.625,0.57375,-36.0,7.375
2020-11-01,E12000004,East Midlands,4865583,1248.0,1945.2857142857142,32.0,0.0,0.0,0.0,-7.25,0.9275,-36.5,0.635,-26.75,4.875
2020-11-02,E12000004,East Midlands,4865583,3292.0,2074.5714285714284,37.0,0.0,0.0,0.0,-28.11111111111111,0.7188888888888889,-33.125,0.66875,-13.75,9.5
2020-11-03,E12000004,East Midlands,4865583,2393.0,2120.0,25.0,0.0,0.0,0.0,-27.444444444444443,0.7255555555555555,-31.5,0.685,-11.25,9.0
2020-11-04,E12000004,East Midlands,4865583,2180.0,2121.285714285714,36.0,0.0,0.0,0.0,-26.0,0.74,-29.5,0.7050000000000001,-5.875,8.222222222222221
2020-11-05,E12000004,East Midlands,4865583,2231.0,2137.0,30.0,0.0,0.0,0.0,-34.666666666666664,0.6533333333333333,-43.25,0.5675,-55.375,14.375
2020-11-06,E12000004,East Midlands,4865583,2340.0,2173.285714285714,34.0,0.0,0.0,0.0,-35.22222222222222,0.6477777777777778,-46.375,0.53625,-55.666666666666664,15.625
2020-11-07,E12000004,East Midlands,4865583,1783.0,2209.5714285714284,32.0,0.0,0.0,0.0,-27.77777777777778,0.7222222222222222,-57.5,0.42500000000000004,-63.111111111111114,12.75
2020-11-08,E12000004,East Midlands,4865583,2051.0,2324.285714285714,43.0,0.0,0.0,0.0,-26.875,0.73125,-55.0,0.44999999999999996,-63.125,10.25
2020-11-09,E12000004,East Midlands,4865583,3034.0,2287.4285714285716,52.0,0.0,0.0,0.0,-36.0,0.64,-43.5,0.565,-49.875,14.125
2020-11-10,E12000004,East Midlands,4865583,2694.0,2330.4285714285716,35.0,0.0,0.0,0.0,-36.22222222222222,0.6377777777777778,-42.0,0.5800000000000001,-50.375,14.0
2020-11-11,E12000004,East Midlands,4865583,2685.0,2402.5714285714284,29.0,0.0,0.0,0.0,-35.22222222222222,0.6477777777777778,-43.375,0.5662499999999999,-51.75,14.75
2020-11-12,E12000004,East Midlands,4865583,2199.0,2398.0,44.0,0.0,0.0,0.0,-35.666666666666664,0.6433333333333333,-42.5,0.575,-50.25,14.625
2020-11-13,E12000004,East Midlands,4865583,2177.0,2374.714285714286,41.0,0.0,0.0,0.0,-36.111111111111114,0.6388888888888888,-44.125,0.5587500000000001,-51.22222222222222,15.625
2020-11-14,E12000004,East Midlands,4865583,1731.0,2367.285714285714,49.0,0.0,0.0,0.0,-28.555555555555557,0.7144444444444444,-58.75,0.4125,-62.666666666666664,13.125
2020-11-15,E12000004,East Midlands,4865583,1423.0,2277.5714285714284,45.0,0.0,0.0,0.0,-27.444444444444443,0.7255555555555555,-53.5,0.46499999999999997,-60.25,9.75
2020-11-16,E12000004,East Midlands,4865583,2611.0,2217.1428571428573,47.0,0.0,0.0,0.0,-35.77777777777778,0.6422222222222222,-43.0,0.5700000000000001,-48.5,13.875
2020-11-17,E12000004,East Midlands,4865583,2140.0,2138.0,44.0,0.0,0.0,0.0,-35.666666666666664,0.6433333333333333,-42.375,0.5762499999999999,-49.25,14.0
2020-11-18,E12000004,East Midlands,4865583,1858.0,2019.857142857143,56.0,0.0,0.0,0.0,-35.22222222222222,0.6477777777777778,-44.375,0.55625,-51.75,14.75
2020-11-19,E12000004,East Midlands,4865583,1516.0,1922.2857142857142,51.0,0.0,0.0,0.0,-35.44444444444444,0.6455555555555555,-43.5,0.565,-49.75,14.75
2020-11-20,E12000004,East Midlands,4865583,1500.0,1825.5714285714287,47.0,0.0,0.0,0.0,-35.666666666666664,0.6433333333333333,-46.125,0.5387500000000001,-52.44444444444444,15.625
2020-11-21,E12000004,East Midlands,4865583,1106.0,1736.2857142857142,43.0,0.0,0.0,0.0,-26.0,0.74,-55.875,0.44125000000000003,-58.22222222222222,12.0
2020-11-22,E12000004,East Midlands,4865583,1031.0,1680.2857142857142,57.0,0.0,0.0,0.0,-23.875,0.76125,-50.0,0.5,-56.375,9.0
2020-11-23,E12000004,East Midlands,4865583,1656.0,1543.857142857143,51.0,0.0,0.0,0.0,-35.0,0.65,-42.625,0.57375,-45.625,13.625
2020-11-24,E12000004,East Midlands,4865583,1476.0,1449.0,51.0,0.0,0.0,0.0,-34.666666666666664,0.6533333333333333,-42.125,0.57875,-47.75,13.75
2020-11-25,E12000004,East Midlands,4865583,1353.0,1376.857142857143,48.0,0.0,0.0,0.0,-33.55555555555556,0.6644444444444444,-43.625,0.56375,-49.75,14.5
2020-11-26,E12000004,East Midlands,4865583,1185.0,1329.5714285714287,51.0,0.0,0.0,0.0,-33.77777777777778,0.6622222222222223,-41.75,0.5825,-47.125,13.875
2020-11-27,E12000004,East Midlands,4865583,1126.0,1276.142857142857,51.0,0.0,0.0,0.0,-33.666666666666664,0.6633333333333333,-43.125,0.56875,-47.666666666666664,14.625
2020-11-28,E12000004,East Midlands,4865583,889.0,1245.142857142857,54.0,0.0,0.0,0.0,-23.88888888888889,0.7611111111111111,-54.875,0.45125000000000004,-57.44444444444444,11.75
2020-11-29,E12000004,East Midlands,4865583,808.0,1213.2857142857142,46.0,0.0,0.0,0.0,-21.625,0.78375,-50.25,0.49750000000000005,-55.375,8.875
2020-11-30,E12000004,East Midlands,4865583,1461.0,1185.4285714285713,45.0,0.0,0.0,0.0,-33.333333333333336,0.6666666666666666,-42.0,0.5800000000000001,-42.75,13.25
2020-12-01,E12000004,East Midlands,4865583,1278.0,1157.142857142857,58.0,0.0,0.0,0.0,-31.77777777777778,0.6822222222222223,-39.75,0.6025,-43.25,12.75
2020-12-02,E12000004,East Midlands,4865583,1272.0,1145.5714285714287,49.0,0.0,0.0,0.0,-28.11111111111111,0.7188888888888889,-37.5,0.625,-32.125,11.875
2020-12-03,E12000004,East Midlands,4865583,1258.0,1156.0,52.0,0.0,0.0,0.0,-29.444444444444443,0.7055555555555555,-39.0,0.61,-33.75,12.625
2020-12-04,E12000004,East Midlands,4865583,1094.0,1151.4285714285713,50.0,0.0,0.0,0.0,-30.555555555555557,0.6944444444444444,-40.125,0.59875,-38.75,13.5
2020-12-05,E12000004,East Midlands,4865583,869.0,1148.5714285714287,44.0,0.0,0.0,0.0,-12.777777777777779,0.8722222222222222,-40.5,0.595,-37.333333333333336,8.25
2020-12-06,E12000004,East Midlands,4865583,964.0,1170.857142857143,48.0,0.0,0.0,0.0,-13.375,0.86625,-41.75,0.5825,-40.875,6.625
2020-12-07,E12000004,East Midlands,4865583,1592.0,1189.5714285714287,50.0,0.0,0.0,0.0,-29.88888888888889,0.7011111111111111,-36.875,0.63125,-27.25,10.75
2020-12-08,E12000004,East Midlands,4865583,1420.0,1209.857142857143,32.0,756.0,7.0,756.0,-28.444444444444443,0.7155555555555555,-36.625,0.63375,-31.375,11.222222222222221
2020-12-09,E12000004,East Midlands,4865583,1410.0,1229.5714285714287,44.0,1509.0,11.0,2265.0,-27.88888888888889,0.721111111111111,-36.625,0.63375,-33.125,11.5
2020-12-10,E12000004,East Midlands,4865583,1451.0,1257.142857142857,41.0,1550.0,8.0,3815.0,-29.11111111111111,0.7088888888888889,-36.625,0.63375,-32.625,11.625
2020-12-11,E12000004,East Midlands,4865583,1444.0,1307.142857142857,48.0,1387.0,14.0,5202.0,-28.88888888888889,0.711111111111111,-36.875,0.63125,-36.25,11.875
2020-12-12,E12000004,East Midlands,4865583,1035.0,1330.857142857143,53.0,1271.0,0.0,6473.0,-12.444444444444445,0.8755555555555555,-41.75,0.5825,-41.44444444444444,8.25
2020-12-13,E12000004,East Midlands,4865583,1058.0,1344.2857142857142,43.0,1285.0,0.0,7758.0,-14.5,0.855,-47.5,0.525,-48.25,7.75
2020-12-14,E12000004,East Midlands,4865583,2065.0,1411.857142857143,58.0,1764.0,16.0,9522.0,-30.22222222222222,0.6977777777777778,-35.875,0.64125,-28.25,10.75
2020-12-15,E12000004,East Midlands,4865583,1766.0,1461.2857142857142,44.0,3552.0,18.0,13074.0,-29.88888888888889,0.7011111111111111,-35.125,0.6487499999999999,-29.625,10.875
2020-12-16,E12000004,East Midlands,4865583,1705.0,1503.4285714285713,42.0,4820.0,11.0,17894.0,-29.11111111111111,0.7088888888888889,-39.125,0.60875,-34.875,12.125
2020-12-17,E12000004,East Midlands,4865583,1704.0,1539.5714285714287,51.0,4871.0,5.0,22765.0,-29.88888888888889,0.7011111111111111,-35.5,0.645,-30.0,11.25
2020-12-18,E12000004,East Midlands,4865583,1721.0,1579.142857142857,59.0,4680.0,18.0,27445.0,-34.0,0.6599999999999999,-39.375,0.60625,-35.375,13.5
2020-12-19,E12000004,East Midlands,4865583,1363.0,1626.0,37.0,4568.0,3.0,32013.0,-12.11111111111111,0.8788888888888888,-37.125,0.6287499999999999,-40.0,7.75
2020-12-20,E12000004,East Midlands,4865583,1710.0,1719.142857142857,48.0,5052.0,0.0,37065.0,-8.25,0.9175,-37.75,0.6225,-40.75,6.25
2020-12-21,E12000004,East Midlands,4865583,2423.0,1770.2857142857142,57.0,5380.0,15.0,42445.0,-44.666666666666664,0.5533333333333333,-42.875,0.57125,-22.25,14.0
2020-12-22,E12000004,East Midlands,4865583,2106.0,1818.857142857143,47.0,6139.0,11.0,48584.0,-46.22222222222222,0.5377777777777778,-40.125,0.59875,-21.0,13.75
2020-12-23,E12000004,East Midlands,4865583,2043.0,1867.142857142857,42.0,5448.0,4.0,54032.0,-49.666666666666664,0.5033333333333334,-45.375,0.54625,-26.625,16.25
2020-12-24,E12000004,East Midlands,4865583,1454.0,1831.4285714285713,34.0,1701.0,0.0,55733.0,-63.0,0.37,-49.25,0.5075000000000001,-31.375,18.75
2020-12-25,E12000004,East Midlands,4865583,709.0,1686.857142857143,45.0,3.0,0.0,55736.0,-85.0,0.15000000000000002,-80.5,0.19499999999999995,-92.125,25.0
2020-12-26,E12000004,East Midlands,4865583,1894.0,1762.7142857142858,48.0,21.0,0.0,55757.0,-50.55555555555556,0.49444444444444446,-71.25,0.2875,-76.33333333333333,13.25
2020-12-27,E12000004,East Midlands,4865583,2443.0,1867.4285714285713,48.0,624.0,0.0,56381.0,-25.444444444444443,0.7455555555555555,-50.25,0.49750000000000005,-49.625,8.125
2020-12-28,E12000004,East Midlands,4865583,2540.0,1884.142857142857,31.0,1252.0,2.0,57633.0,-74.66666666666667,0.2533333333333333,-63.875,0.36124999999999996,-41.0,23.875
2020-12-29,E12000004,East Midlands,4865583,4052.0,2162.1428571428573,47.0,2950.0,306.0,60583.0,-64.66666666666667,0.3533333333333333,-56.5,0.43500000000000005,-39.25,21.75
2020-12-30,E12000004,East Midlands,4865583,3673.0,2395.0,55.0,7638.0,550.0,68221.0,-62.44444444444444,0.37555555555555553,-53.625,0.46375,-31.25,20.75
2020-12-31,E12000004,East Midlands,4865583,3017.0,2618.285714285714,53.0,5791.0,453.0,74012.0,-67.77777777777777,0.3222222222222223,-62.75,0.37250000000000005,-54.5,23.5
2021-01-01,E12000004,East Midlands,4865583,1695.0,2759.1428571428573,45.0,1256.0,3.0,75268.0,-83.33333333333333,0.16666666666666674,-82.125,0.17874999999999996,-84.625,31.0
2021-01-02,E12000004,East Midlands,4865583,3489.0,2987.0,55.0,2242.0,468.0,77510.0,-36.111111111111114,0.6388888888888888,-63.25,0.36750000000000005,-68.44444444444444,14.75
2021-01-03,E12000004,East Midlands,4865583,3065.0,3075.8571428571427,44.0,1446.0,474.0,78956.0,-26.88888888888889,0.731111111111111,-59.625,0.40375000000000005,-67.625,10.875
2021-01-04,E12000004,East Midlands,4865583,4392.0,3340.4285714285716,56.0,1808.0,1474.0,80764.0,-41.77777777777778,0.5822222222222222,-55.375,0.44625000000000004,-53.875,16.875
2021-01-05,E12000004,East Midlands,4865583,3594.0,3275.0,64.0,3210.0,2482.0,83974.0,-44.0,0.56,-55.75,0.4425,-59.625,18.0
2021-01-06,E12000004,East Midlands,4865583,3284.0,3219.4285714285716,57.0,5764.0,3574.0,89738.0,-43.666666666666664,0.5633333333333334,-54.625,0.45375,-60.625,18.625
2021-01-07,E12000004,East Midlands,4865583,3035.0,3222.0,50.0,15911.0,2895.0,105649.0,-44.55555555555556,0.5544444444444444,-54.875,0.45125000000000004,-60.625,18.875
2021-01-08,E12000004,East Midlands,4865583,2873.0,3390.285714285714,62.0,17110.0,3015.0,122759.0,-44.111111111111114,0.5588888888888889,-57.5,0.42500000000000004,-62.44444444444444,19.5
2021-01-09,E12000004,East Midlands,4865583,2389.0,3233.1428571428573,83.0,17364.0,1679.0,140123.0,-30.88888888888889,0.6911111111111111,-61.75,0.38249999999999995,-67.88888888888889,14.0
2021-01-10,E12000004,East Midlands,4865583,2224.0,3113.0,55.0,10058.0,1555.0,150181.0,-28.555555555555557,0.7144444444444444,-60.125,0.39875000000000005,-68.125,11.125
2021-01-11,E12000004,East Midlands,4865583,3634.0,3004.714285714286,83.0,9733.0,1118.0,159914.0,-44.0,0.56,-55.25,0.4475,-58.375,17.75
2021-01-12,E12000004,East Midlands,4865583,3331.0,2967.1428571428573,77.0,13762.0,833.0,173676.0,-44.77777777777778,0.5522222222222222,-54.375,0.45625000000000004,-59.125,18.0
2021-01-13,E12000004,East Midlands,4865583,2892.0,2911.1428571428573,102.0,18512.0,140.0,192188.0,-45.0,0.55,-57.375,0.42625,-63.5,18.625
2021-01-14,E12000004,East Midlands,4865583,2866.0,2887.0,86.0,19263.0,56.0,211451.0,-47.55555555555556,0.5244444444444445,-58.25,0.4175,-66.0,19.5
2021-01-15,E12000004,East Midlands,4865583,2800.0,2876.5714285714284,92.0,23402.0,207.0,234853.0,-46.666666666666664,0.5333333333333334,-57.625,0.42374999999999996,-63.625,19.0
2021-01-16,E12000004,East Midlands,4865583,2114.0,2837.285714285714,98.0,19168.0,54.0,254021.0,-33.22222222222222,0.6677777777777778,-64.0,0.36,-70.11111111111111,14.25
2021-01-17,E12000004,East Midlands,4865583,2147.0,2826.285714285714,90.0,15786.0,45.0,269807.0,-29.22222222222222,0.7077777777777778,-59.125,0.40874999999999995,-67.25,10.375
2021-01-18,E12000004,East Midlands,4865583,3331.0,2783.0,88.0,13574.0,35.0,283381.0,-45.44444444444444,0.5455555555555556,-53.5,0.46499999999999997,-58.25,16.875
2021-01-19,E12000004,East Midlands,4865583,3281.0,2775.8571428571427,89.0,21452.0,94.0,304833.0,-46.333333333333336,0.5366666666666666,-55.0,0.44999999999999996,-60.875,17.75
2021-01-20,E12000004,East Midlands,4865583,2768.0,2758.1428571428573,101.0,24566.0,54.0,329399.0,-46.333333333333336,0.5366666666666666,-57.0,0.43000000000000005,-63.5,19.0
2021-01-21,E12000004,East Midlands,4865583,2658.0,2728.4285714285716,81.0,25339.0,44.0,354738.0,-46.22222222222222,0.5377777777777778,-54.625,0.45375,-59.75,18.25
2021-01-22,E12000004,East Midlands,4865583,2367.0,2666.5714285714284,77.0,38386.0,23.0,393124.0,-45.0,0.55,-54.75,0.4525,-60.0,18.625
2021-01-23,E12000004,East Midlands,4865583,1795.0,2621.0,77.0,30799.0,27.0,423923.0,-31.555555555555557,0.6844444444444444,-62.625,0.37375,-67.88888888888889,13.875
2021-01-24,E12000004,East Midlands,4865583,1253.0,2493.285714285714,86.0,18379.0,22.0,442302.0,-34.111111111111114,0.6588888888888889,-59.875,0.40125,-71.44444444444444,11.125
2021-01-25,E12000004,East Midlands,4865583,2123.0,2320.714285714286,76.0,13757.0,19.0,456059.0,-53.0,0.47,-54.5,0.45499999999999996,-62.25,19.625
2021-01-26,E12000004,East Midlands,4865583,2371.0,2190.714285714286,84.0,16125.0,18.0,472184.0,-47.44444444444444,0.5255555555555556,-55.75,0.4425,-61.25,18.375
2021-01-27,E12000004,East Midlands,4865583,2297.0,2123.4285714285716,94.0,16950.0,37.0,489134.0,-44.77777777777778,0.5522222222222222,-53.375,0.46625000000000005,-58.0,17.75
2021-01-28,E12000004,East Midlands,4865583,2244.0,2064.285714285714,75.0,33302.0,58.0,522436.0,-45.333333333333336,0.5466666666666666,-54.125,0.45875,-58.375,17.875
2021-01-29,E12000004,East Midlands,4865583,1922.0,2000.7142857142858,95.0,37250.0,112.0,559686.0,-44.22222222222222,0.5577777777777777,-53.25,0.4675,-57.22222222222222,17.875
2021-01-30,E12000004,East Midlands,4865583,1514.0,1960.5714285714287,73.0,41417.0,59.0,601103.0,-31.333333333333332,0.6866666666666668,-63.375,0.36624999999999996,-66.66666666666667,13.75
2021-01-31,E12000004,East Midlands,4865583,1412.0,1983.2857142857142,74.0,28047.0,137.0,629150.0,-26.75,0.7324999999999999,-57.625,0.42374999999999996,-64.25,10.125
2021-02-01,E12000004,East Midlands,4865583,2124.0,1983.4285714285713,80.0,23228.0,53.0,652378.0,-44.77777777777778,0.5522222222222222,-51.125,0.48875,-54.125,16.125
2021-02-02,E12000004,East Midlands,4865583,1897.0,1915.7142857142858,80.0,29789.0,112.0,682167.0,-45.44444444444444,0.5455555555555556,-54.625,0.45375,-58.5,17.75
2021-02-03,E12000004,East Midlands,4865583,1814.0,1846.7142857142858,71.0,34654.0,90.0,716821.0,-44.0,0.56,-53.0,0.47,-57.25,17.25
2021-02-04,E12000004,East Midlands,4865583,1727.0,1772.857142857143,56.0,35501.0,124.0,752322.0,-44.666666666666664,0.5533333333333333,-53.125,0.46875,-57.625,17.625
2021-02-05,E12000004,East Midlands,4865583,1489.0,1711.0,64.0,38519.0,166.0,790841.0,-43.77777777777778,0.5622222222222222,-54.0,0.45999999999999996,-57.44444444444444,17.75
2021-02-06,E12000004,East Midlands,4865583,1163.0,1660.857142857143,55.0,36428.0,30.0,827269.0,-30.0,0.7,-62.0,0.38,-66.22222222222223,12.875
2021-02-07,E12000004,East Midlands,4865583,1137.0,1621.5714285714287,58.0,23257.0,28.0,850526.0,-29.0,0.71,-62.625,0.37375,-67.25,10.75
2021-02-08,E12000004,East Midlands,4865583,1709.0,1562.2857142857142,58.0,22386.0,57.0,872912.0,-48.333333333333336,0.5166666666666666,-56.75,0.4325,-60.25,18.25
2021-02-09,E12000004,East Midlands,4865583,1414.0,1493.2857142857142,71.0,28760.0,102.0,901672.0,-47.77777777777778,0.5222222222222221,-54.625,0.45375,-57.75,18.125
2021-02-10,E12000004,East Midlands,4865583,1337.0,1425.142857142857,44.0,29511.0,181.0,931183.0,-45.0,0.55,-54.0,0.45999999999999996,-57.25,17.625
2021-02-11,E12000004,East Midlands,4865583,1403.0,1378.857142857143,51.0,34088.0,161.0,965271.0,-44.666666666666664,0.5533333333333333,-53.125,0.46875,-55.375,17.75
2021-02-12,E12000004,East Midlands,4865583,1326.0,1355.5714285714287,50.0,33763.0,254.0,999034.0,-44.22222222222222,0.5577777777777777,-54.25,0.4575,-56.22222222222222,18.125
2021-02-13,E12000004,East Midlands,4865583,944.0,1324.2857142857142,38.0,36146.0,83.0,1035180.0,-29.555555555555557,0.7044444444444444,-61.125,0.38875000000000004,-62.666666666666664,12.75
2021-02-14,E12000004,East Midlands,4865583,937.0,1295.7142857142858,45.0,19555.0,61.0,1054735.0,-27.25,0.7275,-61.5,0.385,-63.625,10.75
2021-02-15,E12000004,East Midlands,4865583,1746.0,1301.0,59.0,21213.0,76.0,1075948.0,-48.77777777777778,0.5122222222222221,-51.5,0.485,-49.25,16.75
2021-02-16,E12000004,East Midlands,4865583,1342.0,1290.7142857142858,56.0,27132.0,216.0,1103080.0,-48.55555555555556,0.5144444444444445,-51.875,0.48124999999999996,-51.0,17.125
2021-02-17,E12000004,East Midlands,4865583,1339.0,1291.0,39.0,34909.0,575.0,1137989.0,-48.111111111111114,0.5188888888888888,-51.875,0.48124999999999996,-51.5,17.5
2021-02-18,E12000004,East Midlands,4865583,1250.0,1269.142857142857,38.0,35369.0,571.0,1173358.0,-48.333333333333336,0.5166666666666666,-52.25,0.47750000000000004,-52.25,17.875
2021-02-19,E12000004,East Midlands,4865583,1155.0,1244.7142857142858,24.0,30505.0,483.0,1203863.0,-48.0,0.52,-53.375,0.46625000000000005,-54.888888888888886,18.625
2021-02-20,E12000004,East Midlands,4865583,825.0,1227.7142857142858,37.0,29686.0,492.0,1233549.0,-27.11111111111111,0.7288888888888889,-57.75,0.4225,-60.77777777777778,12.125
2021-02-21,E12000004,East Midlands,4865583,905.0,1223.142857142857,26.0,15740.0,554.0,1249289.0,-23.5,0.765,-54.625,0.45375,-60.5,9.375
2021-02-22,E12000004,East Midlands,4865583,1415.0,1175.857142857143,19.0,17125.0,711.0,1266414.0,-43.0,0.5700000000000001,-51.25,0.48750000000000004,-50.875,16.0
2021-02-23,E12000004,East Midlands,4865583,1198.0,1155.2857142857142,27.0,25980.0,816.0,1292394.0,-42.666666666666664,0.5733333333333334,-50.625,0.49375,-51.875,16.125
2021-02-24,E12000004,East Midlands,4865583,1016.0,1109.142857142857,31.0,34286.0,1354.0,1326680.0,-41.666666666666664,0.5833333333333334,-50.125,0.49875,-52.25,16.625
2021-02-25,E12000004,East Midlands,4865583,838.0,1050.2857142857142,20.0,39983.0,1744.0,1366663.0,-42.44444444444444,0.5755555555555556,-48.75,0.5125,-49.875,16.25
2021-02-26,E12000004,East Midlands,4865583,702.0,985.5714285714286,18.0,43916.0,2062.0,1410579.0,-41.44444444444444,0.5855555555555556,-49.375,0.50625,-49.666666666666664,16.125
2021-02-27,E12000004,East Midlands,4865583,539.0,944.7142857142857,28.0,37404.0,2044.0,1447983.0,-24.0,0.76,-53.125,0.46875,-55.888888888888886,10.5
2021-02-28,E12000004,East Midlands,4865583,501.0,887.0,28.0,18637.0,1327.0,1466620.0,-20.0,0.8,-50.125,0.49875,-53.125,8.125
2021-03-01,E12000004,East Midlands,4865583,795.0,798.4285714285714,17.0,16460.0,1258.0,1483080.0,-42.0,0.5800000000000001,-50.375,0.49624999999999997,-48.375,15.5
2021-03-02,E12000004,East Midlands,4865583,702.0,727.5714285714286,14.0,14901.0,2335.0,1497981.0,-41.888888888888886,0.5811111111111111,-49.25,0.5075000000000001,-50.25,15.875
2021-03-03,E12000004,East Midlands,4865583,644.0,674.4285714285714,19.0,20344.0,3750.0,1518325.0,-41.77777777777778,0.5822222222222222,-50.0,0.5,-52.25,16.375
2021-03-04,E12000004,East Midlands,4865583,612.0,642.1428571428571,21.0,26161.0,3590.0,1544486.0,-41.888888888888886,0.5811111111111111,-49.875,0.50125,-51.875,16.5
2021-03-05,E12000004,East Midlands,4865583,633.0,632.2857142857143,16.0,29325.0,2038.0,1573811.0,-40.666666666666664,0.5933333333333334,-49.125,0.50875,-51.888888888888886,16.75
2021-03-06,E12000004,East Midlands,4865583,452.0,619.8571428571429,17.0,33577.0,966.0,1607388.0,-23.555555555555557,0.7644444444444445,-55.125,0.44875,-57.0,11.5
2021-03-07,E12000004,East Midlands,4865583,462.0,614.2857142857143,15.0,11818.0,1616.0,1619206.0,-19.5,0.8049999999999999,-48.25,0.5175000000000001,-54.5,8.125
2021-03-08,E12000004,East Midlands,4865583,700.0,600.7142857142857,16.0,13290.0,2762.0,1632496.0,-38.333333333333336,0.6166666666666667,-45.25,0.5475,-45.0,13.75
2021-03-09,E12000004,East Midlands,4865583,630.0,590.4285714285714,18.0,14834.0,2750.0,1647330.0,-37.666666666666664,0.6233333333333333,-43.0,0.5700000000000001,-46.625,13.375
2021-03-10,E12000004,East Midlands,4865583,595.0,583.4285714285714,15.0,17573.0,3245.0,1664903.0,-37.55555555555556,0.6244444444444444,-46.5,0.5349999999999999,-53.25,15.25
2021-03-11,E12000004,East Midlands,4865583,579.0,578.7142857142857,13.0,11799.0,3435.0,1676702.0,-37.333333333333336,0.6266666666666667,-44.5,0.5549999999999999,-50.5,14.625
2021-03-12,E12000004,East Midlands,4865583,539.0,565.2857142857143,14.0,28881.0,4870.0,1705583.0,-35.55555555555556,0.6444444444444444,-43.0,0.5700000000000001,-50.55555555555556,14.375
2021-03-13,E12000004,East Midlands,4865583,401.0,558.0,23.0,40522.0,2558.0,1746105.0,-22.555555555555557,0.7744444444444445,-53.0,0.47,-56.44444444444444,11.0
2021-03-14,E12000004,East Midlands,4865583,392.0,548.0,10.0,23163.0,885.0,1769268.0,-11.875,0.88125,-46.75,0.5325,-57.5,7.875
2021-03-15,E12000004,East Midlands,4865583,619.0,536.4285714285714,11.0,28375.0,1946.0,1797643.0,-36.22222222222222,0.6377777777777778,-41.25,0.5875,-45.25,12.875
2021-03-16,E12000004,East Midlands,4865583,613.0,534.0,6.0,39436.0,3832.0,1837079.0,-36.55555555555556,0.6344444444444444,-41.5,0.585,-47.25,13.125
2021-03-17,E12000004,East Midlands,4865583,592.0,533.5714285714286,8.0,40433.0,7328.0,1877512.0,-35.111111111111114,0.6488888888888888,-40.0,0.6,-47.5,13.25
2021-03-18,E12000004,East Midlands,4865583,596.0,536.0,9.0,39849.0,6280.0,1917361.0,-35.77777777777778,0.6422222222222222,-40.5,0.595,-48.5,13.75
2021-03-19,E12000004,East Midlands,4865583,494.0,529.5714285714286,4.0,43591.0,5136.0,1960952.0,-35.0,0.65,-42.75,0.5725,-51.55555555555556,14.5
2021-03-20,E12000004,East Midlands,4865583,421.0,532.4285714285714,8.0,61248.0,4399.0,2022200.0,-20.77777777777778,0.7922222222222222,-51.25,0.48750000000000004,-56.666666666666664,10.5
2021-03-21,E12000004,East Midlands,4865583,481.0,545.1428571428571,11.0,33257.0,1374.0,2055457.0,-17.0,0.83,-47.125,0.52875,-54.5,8.25
2021-03-22,E12000004,East Midlands,4865583,564.0,537.2857142857143,12.0,26244.0,4094.0,2081701.0,-35.22222222222222,0.6477777777777778,-40.125,0.59875,-43.75,12.625
2021-03-23,E12000004,East Midlands,4865583,565.0,530.4285714285714,9.0,22653.0,6927.0,2104354.0,-35.55555555555556,0.6444444444444444,-40.5,0.595,-46.0,12.75
2021-03-24,E12000004,East Midlands,4865583,621.0,534.5714285714286,3.0,22436.0,15203.0,2126790.0,-34.22222222222222,0.6577777777777778,-40.625,0.59375,-46.625,13.0
2021-03-25,E12000004,East Midlands,4865583,540.0,526.5714285714286,8.0,24296.0,16810.0,2151086.0,-34.55555555555556,0.6544444444444444,-40.25,0.5974999999999999,-45.375,12.875
2021-03-26,E12000004,East Midlands,4865583,424.0,516.5714285714286,12.0,31466.0,15727.0,2182552.0,-34.333333333333336,0.6566666666666666,-43.25,0.5675,-49.55555555555556,14.125
2021-03-27,E12000004,East Midlands,4865583,381.0,510.85714285714283,4.0,47214.0,15640.0,2229766.0,-21.0,0.79,-49.5,0.505,-54.44444444444444,10.125
2021-03-28,E12000004,East Midlands,4865583,471.0,509.42857142857144,2.0,25022.0,8171.0,2254788.0,-18.125,0.81875,-49.0,0.51,-57.75,8.75
2021-03-29,E12000004,East Midlands,4865583,394.0,485.14285714285717,6.0,17245.0,9193.0,2272033.0,-37.333333333333336,0.6266666666666667,-37.75,0.6225,-38.5,11.75
2021-03-30,E12000004,East Midlands,4865583,351.0,454.57142857142856,5.0,18872.0,15463.0,2290905.0,-37.333333333333336,0.6266666666666667,-36.25,0.6375,-39.375,11.125
2021-03-31,E12000004,East Midlands,4865583,384.0,420.7142857142857,1.0,17649.0,21911.0,2308554.0,-36.888888888888886,0.6311111111111112,-35.625,0.64375,-39.5,11.75
2021-04-01,E12000004,East Midlands,4865583,352.0,393.85714285714283,1.0,14603.0,25572.0,2323157.0,-38.333333333333336,0.6166666666666667,-36.125,0.6387499999999999,-37.25,12.375
2021-04-02,E12000004,East Midlands,4865583,276.0,372.7142857142857,4.0,7814.0,19147.0,2330971.0,-67.0,0.32999999999999996,-51.0,0.49,-47.0,20.375
2021-04-03,E12000004,East Midlands,4865583,270.0,356.85714285714283,1.0,11290.0,11991.0,2342261.0,-27.11111111111111,0.7288888888888889,-46.25,0.5375,-55.111111111111114,8.75
2021-04-04,E12000004,East Midlands,4865583,223.0,321.42857142857144,4.0,4509.0,5399.0,2346770.0,-21.25,0.7875,-42.125,0.57875,-69.25,5.625
2021-04-05,E12000004,East Midlands,4865583,244.0,300.0,1.0,1937.0,5718.0,2348707.0,-73.77777777777777,0.26222222222222225,-59.625,0.40375000000000005,-45.875,22.0
2021-04-06,E12000004,East Midlands,4865583,336.0,297.85714285714283,5.0,4775.0,11848.0,2353482.0,-45.888888888888886,0.5411111111111111,-43.125,0.56875,-41.875,14.75
2021-04-07,E12000004,East Midlands,4865583,299.0,285.7142857142857,5.0,6092.0,27303.0,2359574.0,-44.111111111111114,0.5588888888888889,-42.75,0.5725,-44.0,14.625
2021-04-08,E12000004,East Midlands,4865583,313.0,280.14285714285717,4.0,4332.0,32694.0,2363906.0,-43.55555555555556,0.5644444444444444,-41.875,0.58125,-43.625,14.5
2021-04-09,E12000004,East Midlands,4865583,267.0,278.85714285714283,4.0,6224.0,33983.0,2370130.0,-42.44444444444444,0.5755555555555556,-44.5,0.5549999999999999,-46.77777777777778,15.0
2021-04-10,E12000004,East Midlands,4865583,198.0,268.57142857142856,1.0,9239.0,32280.0,2379369.0,-19.0,0.81,-46.75,0.5325,-55.22222222222222,9.0
2021-04-11,E12000004,East Midlands,4865583,210.0,266.7142857142857,2.0,4026.0,16059.0,2383395.0,-14.625,0.85375,-43.0,0.5700000000000001,-53.25,7.25
2021-04-12,E12000004,East Midlands,4865583,244.0,266.7142857142857,2.0,2350.0,13570.0,2385745.0,-37.22222222222222,0.6277777777777778,-26.125,0.73875,-13.25,8.875
2021-04-13,E12000004,East Midlands,4865583,223.0,250.57142857142858,1.0,2651.0,20043.0,2388396.0,-37.666666666666664,0.6233333333333333,-28.75,0.7125,-18.875,10.125
2021-04-14,E12000004,East Midlands,4865583,223.0,239.71428571428572,1.0,5081.0,24674.0,2393477.0,-37.55555555555556,0.6244444444444444,-28.125,0.71875,-21.625,10.25
2021-04-15,E12000004,East Midlands,4865583,200.0,223.57142857142858,3.0,8216.0,32175.0,2401693.0,-36.888888888888886,0.6311111111111112,-28.0,0.72,-20.5,10.375
2021-04-16,E12000004,East Midlands,4865583,182.0,211.42857142857142,2.0,9034.0,35141.0,2410727.0,-36.0,0.64,-27.75,0.7224999999999999,-26.25,9.875
2021-04-17,E12000004,East Midlands,4865583,124.0,200.85714285714286,0.0,10732.0,34572.0,2421459.0,-14.555555555555555,0.8544444444444445,-26.5,0.735,-32.0,4.5
2021-04-18,E12000004,East Midlands,4865583,221.0,202.42857142857142,5.0,8444.0,19740.0,2429903.0,-10.625,0.89375,-20.375,0.79625,-29.375,3.375
2021-04-19,E12000004,East Midlands,4865583,205.0,196.85714285714286,0.0,5443.0,17942.0,2435346.0,-29.22222222222222,0.7077777777777778,-25.125,0.74875,-20.875,8.125
2021-04-20,E12000004,East Midlands,4865583,207.0,194.57142857142858,0.0,4412.0,27095.0,2439758.0,-28.88888888888889,0.711111111111111,-25.625,0.74375,-23.375,8.777777777777779
2021-04-21,E12000004,East Midlands,4865583,206.0,192.14285714285714,1.0,5272.0,32994.0,2445030.0,-28.666666666666668,0.7133333333333334,-30.625,0.69375,-26.5,9.375
2021-04-22,E12000004,East Midlands,4865583,175.0,188.57142857142858,2.0,6422.0,33992.0,2451452.0,-27.88888888888889,0.721111111111111,-28.5,0.7150000000000001,-22.375,8.555555555555555
2021-04-23,E12000004,East Midlands,4865583,145.0,183.28571428571428,6.0,7399.0,36296.0,2458851.0,-26.444444444444443,0.7355555555555555,-27.125,0.72875,-23.625,7.875
2021-04-24,E12000004,East Midlands,4865583,117.0,182.28571428571428,0.0,10239.0,40512.0,2469090.0,-12.444444444444445,0.8755555555555555,-32.625,0.6737500000000001,-28.22222222222222,3.875
2021-04-25,E12000004,East Midlands,4865583,160.0,173.57142857142858,2.0,3281.0,25194.0,2472371.0,-10.5,0.895,-32.75,0.6725,-28.75,3.625
2021-04-26,E12000004,East Midlands,4865583,185.0,170.71428571428572,0.0,2392.0,23538.0,2474763.0,-27.666666666666668,0.7233333333333334,-29.375,0.70625,-21.125,8.375
2021-04-27,E12000004,East Midlands,4865583,165.0,164.71428571428572,0.0,6133.0,27266.0,2480896.0,-28.333333333333332,0.7166666666666667,-32.5,0.675,-28.75,9.333333333333334
2021-04-28,E12000004,East Midlands,4865583,189.0,162.28571428571428,2.0,4997.0,31855.0,2485893.0,-28.0,0.72,-32.5,0.675,-27.25,9.625
2021-04-29,E12000004,East Midlands,4865583,176.0,162.42857142857142,0.0,8514.0,36831.0,2494407.0,-28.0,0.72,-30.625,0.69375,-25.625,9.25
2021-04-30,E12000004,East Midlands,4865583,110.0,157.42857142857142,1.0,6182.0,30655.0,2500589.0,-26.555555555555557,0.7344444444444445,-27.125,0.72875,-23.875,8.375
2021-05-01,E12000004,East Midlands,4865583,107.0,156.0,0.0,7634.0,29419.0,2508223.0,-14.0,0.86,-33.0,0.6699999999999999,-28.22222222222222,4.875
2021-05-02,E12000004,East Midlands,4865583,161.0,156.14285714285714,0.0,5130.0,19459.0,2513353.0,-11.25,0.8875,-30.625,0.69375,-22.375,2.75
2021-05-03,E12000004,East Midlands,4865583,189.0,156.71428571428572,3.0,5144.0,14127.0,2518497.0,-71.88888888888889,0.2811111111111111,-56.375,0.43625,-32.25,20.625
2021-05-04,E12000004,East Midlands,4865583,229.0,165.85714285714286,0.0,5233.0,21057.0,2523730.0,-29.11111111111111,0.7088888888888889,-33.375,0.66625,-30.125,10.0
2021-05-05,E12000004,East Midlands,4865583,257.0,175.57142857142858,0.0,7702.0,29729.0,2531432.0,-27.22222222222222,0.7277777777777779,-31.5,0.685,-27.5,9.375
2021-05-06,E12000004,East Midlands,4865583,260.0,187.57142857142858,0.0,7305.0,38359.0,2538737.0,-27.11111111111111,0.7288888888888889,-29.125,0.70875,-24.375,9.11111111111111
2021-05-07,E12000004,East Midlands,4865583,184.0,198.14285714285714,0.0,8264.0,35981.0,2547001.0,-25.11111111111111,0.7488888888888889,-29.5,0.7050000000000001,-26.125,8.25
2021-05-08,E12000004,East Midlands,4865583,132.0,201.71428571428572,0.0,8700.0,38166.0,2555701.0,-16.88888888888889,0.8311111111111111,-48.5,0.515,-46.0,8.625
2021-05-09,E12000004,East Midlands,4865583,216.0,209.57142857142858,0.0,5029.0,20077.0,2560730.0,-7.875,0.92125,-35.125,0.6487499999999999,-29.375,4.25
2021-05-10,E12000004,East Midlands,4865583,242.0,217.14285714285714,1.0,4661.0,20337.0,2565391.0,-27.0,0.73,-31.125,0.68875,-25.125,9.0
2021-05-11,E12000004,East Midlands,4865583,151.0,206.0,2.0,6917.0,32392.0,2572308.0,-26.77777777777778,0.7322222222222222,-31.25,0.6875,-25.875,9.222222222222221
2021-05-12,E12000004,East Midlands,4865583,149.0,190.57142857142858,0.0,9627.0,38468.0,2581935.0,-26.333333333333332,0.7366666666666667,-30.125,0.69875,-22.875,8.875
2021-05-13,E12000004,East Midlands,4865583,157.0,175.85714285714286,1.0,10834.0,36783.0,2592769.0,-27.88888888888889,0.721111111111111,-30.75,0.6925,-24.25,8.875
2021-05-14,E12000004,East Midlands,4865583,141.0,169.71428571428572,0.0,11188.0,33332.0,2603957.0,-25.555555555555557,0.7444444444444445,-28.75,0.7125,-25.875,8.25
2021-05-15,E12000004,East Midlands,4865583,110.0,166.57142857142858,1.0,15090.0,33447.0,2619047.0,-13.11111111111111,0.8688888888888889,-36.25,0.6375,-33.111111111111114,5.875
2021-05-16,E12000004,East Midlands,4865583,148.0,156.85714285714286,0.0,8469.0,20961.0,2627516.0,-7.375,0.92625,-33.25,0.6675,-29.375,3.875
2021-05-17,E12000004,East Midlands,4865583,167.0,146.14285714285714,1.0,3697.0,18461.0,2631213.0,-25.0,0.75,-26.25,0.7375,-15.625,7.25
2021-05-18,E12000004,East Midlands,4865583,138.0,144.28571428571428,2.0,13609.0,26313.0,2644822.0,-25.22222222222222,0.7477777777777778,-26.625,0.73375,-17.375,7.777777777777778
2021-05-19,E12000004,East Midlands,4865583,186.0,149.57142857142858,0.0,18808.0,23974.0,2663630.0,-24.555555555555557,0.7544444444444445,-26.375,0.7362500000000001,-16.5,7.555555555555555
2021-05-20,E12000004,East Midlands,4865583,179.0,152.71428571428572,2.0,19600.0,32436.0,2683230.0,-25.555555555555557,0.7444444444444445,-30.25,0.6975,-21.5,8.777777777777779
2021-05-21,E12000004,East Midlands,4865583,132.0,151.42857142857142,2.0,13104.0,30684.0,2696334.0,-25.11111111111111,0.7488888888888889,-27.25,0.7275,-23.625,8.0
2021-05-22,E12000004,East Midlands,4865583,124.0,153.42857142857142,1.0,14647.0,42698.0,2710981.0,-9.222222222222221,0.9077777777777778,-26.25,0.7375,-21.333333333333332,3.0
2021-05-23,E12000004,East Midlands,4865583,147.0,153.28571428571428,2.0,10343.0,21158.0,2721324.0,-6.0,0.94,-24.25,0.7575000000000001,-22.125,2.375
2021-05-24,E12000004,East Midlands,4865583,206.0,158.85714285714286,0.0,9283.0,22993.0,2730607.0,-26.0,0.74,-28.125,0.71875,-19.5,7.888888888888889
2021-05-25,E12000004,East Midlands,4865583,176.0,164.28571428571428,1.0,16363.0,28406.0,2746970.0,-25.333333333333332,0.7466666666666667,-28.875,0.7112499999999999,-17.75,8.11111111111111
2021-05-26,E12000004,East Midlands,4865583,202.0,166.57142857142858,0.0,21843.0,30542.0,2768813.0,-24.77777777777778,0.7522222222222222,-29.0,0.71,-17.75,8.0
2021-05-27,E12000004,East Midlands,4865583,195.0,168.85714285714286,2.0,21329.0,31999.0,2790142.0,-24.333333333333332,0.7566666666666667,-24.875,0.75125,-8.125,6.888888888888889
2021-05-28,E12000004,East Midlands,4865583,192.0,177.42857142857142,0.0,13373.0,35690.0,2803515.0,-25.0,0.75,-16.625,0.83375,-6.625,5.111111111111111
2021-05-29,E12000004,East Midlands,4865583,148.0,180.85714285714286,1.0,11304.0,36931.0,2814819.0,-10.88888888888889,0.8911111111111111,-17.25,0.8275,-16.125,0.125
2021-05-30,E12000004,East Midlands,4865583,161.0,182.85714285714286,0.0,10398.0,21684.0,2825217.0,-6.875,0.93125,-14.125,0.85875,-1.125,-1.625
2021-05-31,E12000004,East Midlands,4865583,178.0,178.85714285714286,1.0,5735.0,16366.0,2830952.0,-71.33333333333333,0.28666666666666674,-37.5,0.625,-0.75,12.625
2021-06-01,E12000004,East Midlands,4865583,259.0,190.71428571428572,0.0,6957.0,26404.0,2837909.0,-40.888888888888886,0.5911111111111111,-24.375,0.75625,0.25,7.444444444444445
2021-06-02,E12000004,East Midlands,4865583,276.0,201.28571428571428,1.0,8050.0,32115.0,2845959.0,-39.44444444444444,0.6055555555555556,-27.0,0.73,-3.125,8.0
2021-06-03,E12000004,East Midlands,4865583,273.0,212.42857142857142,2.0,9012.0,33862.0,2854971.0,-39.0,0.61,-26.625,0.73375,-2.5,8.125
2021-06-04,E12000004,East Midlands,4865583,267.0,223.14285714285714,3.0,8880.0,33744.0,2863851.0,-37.22222222222222,0.6277777777777778,-24.5,0.755,-8.625,7.125
2021-06-05,E12000004,East Midlands,4865583,221.0,233.57142857142858,1.0,12919.0,50953.0,2876770.0,-7.888888888888889,0.9211111111111111,-20.0,0.8,-19.375,0.5
2021-06-06,E12000004,East Midlands,4865583,286.0,251.42857142857142,0.0,8562.0,31806.0,2885332.0,-4.0,0.96,-20.5,0.795,-15.5,1.25
2021-06-07,E12000004,East Midlands,4865583,428.0,287.14285714285717,0.0,6430.0,24674.0,2891762.0,-25.11111111111111,0.7488888888888889,-25.25,0.7475,-9.125,6.888888888888889
2021-06-08,E12000004,East Midlands,4865583,382.0,304.7142857142857,1.0,10010.0,23251.0,2901772.0,-24.11111111111111,0.758888888888889,-26.25,0.7375,-8.0,6.777777777777778
2021-06-09,E12000004,East Midlands,4865583,406.0,323.2857142857143,0.0,13263.0,24050.0,2915035.0,-24.11111111111111,0.758888888888889,-26.5,0.735,-9.0,7.111111111111111
2021-06-10,E12000004,East Midlands,4865583,348.0,334.0,0.0,10956.0,23703.0,2925991.0,-24.333333333333332,0.7566666666666667,-25.875,0.74125,-8.875,7.0
2021-06-11,E12000004,East Midlands,4865583,361.0,347.42857142857144,1.0,12624.0,22550.0,2938615.0,-23.0,0.77,-22.5,0.775,-11.25,5.75
2021-06-12,E12000004,East Midlands,4865583,328.0,362.7142857142857,1.0,18695.0,32636.0,2957310.0,-6.111111111111111,0.9388888888888889,-23.5,0.765,-19.25,0.875
2021-06-13,E12000004,East Midlands,4865583,334.0,369.57142857142856,0.0,15317.0,17598.0,2972627.0,-3.5,0.965,-20.875,0.79125,-19.125,0.0
2021-06-14,E12000004,East Midlands,4865583,499.0,379.7142857142857,3.0,11502.0,12316.0,2984129.0,-25.444444444444443,0.7455555555555555,-25.5,0.745,-11.375,7.111111111111111
2021-06-15,E12000004,East Midlands,4865583,558.0,404.85714285714283,1.0,12519.0,11191.0,2996648.0,-24.0,0.76,-25.5,0.745,-8.625,6.666666666666667
2021-06-16,E12000004,East Midlands,4865583,558.0,426.57142857142856,2.0,13496.0,13299.0,3010144.0,-24.666666666666668,0.7533333333333333,-26.25,0.7375,-10.125,6.666666666666667
2021-06-17,E12000004,East Midlands,4865583,523.0,451.57142857142856,0.0,15123.0,12930.0,3025267.0,-25.22222222222222,0.7477777777777778,-28.0,0.72,-13.0,7.555555555555555
2021-06-18,E12000004,East Midlands,4865583,568.0,481.14285714285717,0.0,13990.0,11661.0,3039257.0,-25.22222222222222,0.7477777777777778,-27.25,0.7275,-21.375,7.0
2021-06-19,E12000004,East Midlands,4865583,433.0,496.14285714285717,1.0,22800.0,16013.0,3062057.0,-6.555555555555555,0.9344444444444444,-26.0,0.74,-19.75,2.0
2021-06-20,E12000004,East Midlands,4865583,489.0,518.2857142857143,1.0,12995.0,5676.0,3075052.0,-2.25,0.9775,-24.375,0.75625,-15.375,1.375
2021-06-21,E12000004,East Midlands,4865583,773.0,557.4285714285714,0.0,10517.0,5522.0,3085569.0,-25.77777777777778,0.7422222222222222,-27.375,0.7262500000000001,-14.875,7.25
2021-06-22,E12000004,East Midlands,4865583,848.0,598.8571428571429,1.0,12945.0,8599.0,3098514.0,-25.22222222222222,0.7477777777777778,-28.0,0.72,-11.5,7.111111111111111
2021-06-23,E12000004,East Midlands,4865583,894.0,646.8571428571429,0.0,12909.0,9139.0,3111423.0,-24.88888888888889,0.7511111111111111,-26.75,0.7324999999999999,-10.75,6.777777777777778
2021-06-24,E12000004,East Midlands,4865583,868.0,696.1428571428571,1.0,13553.0,9703.0,3124976.0,-25.77777777777778,0.7422222222222222,-26.375,0.7362500000000001,-10.875,7.222222222222222
2021-06-25,E12000004,East Midlands,4865583,953.0,751.1428571428571,0.0,13795.0,8885.0,3138771.0,-25.0,0.75,-22.5,0.775,-11.875,6.25
2021-06-26,E12000004,East Midlands,4865583,918.0,820.4285714285714,1.0,19660.0,13988.0,3158431.0,-6.111111111111111,0.9388888888888889,-22.5,0.775,-17.75,1.125
2021-06-27,E12000004,East Midlands,4865583,1035.0,898.4285714285714,1.0,12666.0,8889.0,3171097.0,-3.25,0.9675,-18.5,0.815,-14.375,1.0
2021-06-28,E12000004,East Midlands,4865583,1588.0,1014.8571428571429,1.0,7774.0,6805.0,3178871.0,-27.444444444444443,0.7255555555555555,-27.625,0.72375,-14.0,7.25
2021-06-29,E12000004,East Midlands,4865583,1616.0,1124.5714285714287,0.0,7872.0,6402.0,3186743.0,-27.22222222222222,0.7277777777777779,-31.5,0.685,-15.125,6.777777777777778
2021-06-30,E12000004,East Midlands,4865583,1595.0,1224.7142857142858,1.0,7458.0,8361.0,3194201.0,-25.77777777777778,0.7422222222222222,-28.5,0.7150000000000001,-12.0,6.444444444444445
2021-07-01,E12000004,East Midlands,4865583,1698.0,1343.2857142857142,1.0,6857.0,10728.0,3201058.0,-26.22222222222222,0.7377777777777779,-25.5,0.745,-8.125,6.777777777777778
2021-07-02,E12000004,East Midlands,4865583,1611.0,1437.2857142857142,4.0,5902.0,9992.0,3206960.0,-25.0,0.75,-21.125,0.7887500000000001,-12.125,6.125
2021-07-03,E12000004,East Midlands,4865583,1478.0,1517.2857142857142,2.0,9778.0,12907.0,3216738.0,-7.111111111111111,0.9288888888888889,-25.125,0.74875,-19.77777777777778,2.25
2021-07-04,E12000004,East Midlands,4865583,1678.0,1609.142857142857,5.0,4984.0,9286.0,3221722.0,-4.75,0.9525,-20.5,0.795,-16.0,1.875
2021-07-05,E12000004,East Midlands,4865583,2331.0,1715.2857142857142,1.0,3913.0,5183.0,3225635.0,-27.0,0.73,-25.875,0.74125,-10.875,7.444444444444445
2021-07-06,E12000004,East Midlands,4865583,2411.0,1828.857142857143,1.0,4022.0,5820.0,3229657.0,-26.666666666666668,0.7333333333333334,-30.25,0.6975,-14.25,8.555555555555555
2021-07-07,E12000004,East Midlands,4865583,2515.0,1960.2857142857142,3.0,5292.0,8735.0,3234949.0,-26.555555555555557,0.7344444444444445,-29.25,0.7075,-12.375,7.888888888888889
2021-07-08,E12000004,East Midlands,4865583,2300.0,2046.2857142857142,0.0,5041.0,10039.0,3239990.0,-26.88888888888889,0.731111111111111,-26.25,0.7375,-9.875,7.777777777777778
2021-07-09,E12000004,East Midlands,4865583,2262.0,2139.285714285714,2.0,4183.0,10050.0,3244173.0,-25.77777777777778,0.7422222222222222,-22.5,0.775,-12.375,6.5
2021-07-10,E12000004,East Midlands,4865583,2023.0,2217.1428571428573,1.0,5759.0,14678.0,3249932.0,-7.111111111111111,0.9288888888888889,-22.75,0.7725,-18.375,1.625
2021-07-11,E12000004,East Midlands,4865583,2172.0,2287.714285714286,0.0,3318.0,6906.0,3253250.0,-1.5,0.985,-18.625,0.81375,-13.875,-0.375
2021-07-12,E12000004,East Midlands,4865583,3406.0,2441.285714285714,2.0,2494.0,5723.0,3255744.0,-33.55555555555556,0.6644444444444444,-28.625,0.71375,-15.125,8.625
2021-07-13,E12000004,East Midlands,4865583,3496.0,2596.285714285714,4.0,2860.0,11118.0,3258604.0,-30.444444444444443,0.6955555555555556,-29.75,0.7025,-13.25,8.222222222222221
2021-07-14,E12000004,East Midlands,4865583,4044.0,2814.714285714286,2.0,2943.0,8883.0,3261547.0,-29.88888888888889,0.7011111111111111,-28.0,0.72,-10.375,7.875
2021-07-15,E12000004,East Midlands,4865583,4517.0,3131.4285714285716,2.0,3056.0,11165.0,3264603.0,-30.666666666666668,0.6933333333333334,-26.5,0.735,-9.75,7.888888888888889
2021-07-16,E12000004,East Midlands,4865583,4181.0,3405.5714285714284,0.0,3051.0,10963.0,3267654.0,-30.22222222222222,0.6977777777777778,-21.125,0.7887500000000001,-12.75,6.25
2021-07-17,E12000004,East Midlands,4865583,2921.0,3533.8571428571427,5.0,4424.0,14250.0,3272078.0,-9.333333333333334,0.9066666666666666,-21.75,0.7825,-24.625,0.875
2021-07-18,E12000004,East Midlands,4865583,2736.0,3614.4285714285716,5.0,2409.0,11042.0,3274487.0,-4.25,0.9575,-18.0,0.8200000000000001,-17.625,0.375
2021-07-19,E12000004,East Midlands,4865583,3702.0,3656.714285714286,3.0,2056.0,7409.0,3276543.0,-33.0,0.6699999999999999,-25.0,0.75,-7.625,7.5
2021-07-20,E12000004,East Midlands,4865583,2890.0,3570.1428571428573,3.0,2284.0,9813.0,3278827.0,-33.333333333333336,0.6666666666666666,-29.75,0.7025,-10.0,8.125
2021-07-21,E12000004,East Midlands,4865583,2618.0,3366.4285714285716,3.0,2576.0,11176.0,3281403.0,-32.77777777777778,0.6722222222222223,-27.625,0.72375,-8.25,7.875
2021-07-22,E12000004,East Midlands,4865583,2267.0,3045.0,6.0,2417.0,12046.0,3283820.0,-33.666666666666664,0.6633333333333333,-27.625,0.72375,-7.0,7.75
2021-07-23,E12000004,East Midlands,4865583,1989.0,2731.8571428571427,6.0,2756.0,11188.0,3286576.0,-34.22222222222222,0.6577777777777778,-21.5,0.785,-8.625,6.5
2021-07-24,E12000004,East Midlands,4865583,1705.0,2558.1428571428573,4.0,3296.0,15197.0,3289872.0,-7.444444444444445,0.9255555555555556,-18.75,0.8125,-17.625,0.875
2021-07-25,E12000004,East Midlands,4865583,1720.0,2413.0,5.0,1803.0,9141.0,3291675.0,-2.5,0.975,-15.375,0.84625,-10.75,0.625
2021-07-26,E12000004,East Midlands,4865583,2375.0,2223.4285714285716,3.0,1804.0,8166.0,3293479.0,-37.22222222222222,0.6277777777777778,-24.875,0.75125,-2.875,7.625
2021-07-27,E12000004,East Midlands,4865583,2450.0,2160.5714285714284,5.0,2133.0,9069.0,3295612.0,-37.22222222222222,0.6277777777777778,-30.375,0.69625,-6.5,9.0
2021-07-28,E12000004,East Midlands,4865583,2628.0,2162.0,5.0,2386.0,9751.0,3297998.0,-36.666666666666664,0.6333333333333333,-30.375,0.69625,-6.0,9.125
2021-07-29,E12000004,East Midlands,4865583,2386.0,2179.0,2.0,1818.0,7613.0,3299816.0,-37.666666666666664,0.6233333333333333,-25.5,0.745,-1.875,7.875
2021-07-30,E12000004,East Midlands,4865583,2109.0,2196.1428571428573,8.0,2083.0,9245.0,3301899.0,-37.888888888888886,0.6211111111111112,-23.625,0.76375,-11.125,8.25
2021-07-31,E12000004,East Midlands,4865583,1857.0,2217.8571428571427,6.0,2943.0,16928.0,3304842.0,-7.444444444444445,0.9255555555555556,-17.0,0.83,-15.125,0.5
2021-08-01,E12000004,East Midlands,4865583,1782.0,2226.714285714286,8.0,1761.0,8253.0,3306603.0,-4.625,0.95375,-15.125,0.84875,-9.75,0.25
2021-08-02,E12000004,East Midlands,4865583,2544.0,2250.8571428571427,3.0,1670.0,5282.0,3308273.0,-39.666666666666664,0.6033333333333333,-25.25,0.7475,-2.625,7.875
2021-08-03,E12000004,East Midlands,4865583,2666.0,2281.714285714286,5.0,1818.0,7348.0,3310091.0,-39.111111111111114,0.6088888888888888,-28.625,0.71375,-1.75,8.25
2021-08-04,E12000004,East Midlands,4865583,2850.0,2313.4285714285716,5.0,2129.0,11658.0,3312220.0,-38.22222222222222,0.6177777777777778,-26.125,0.73875,-0.75,7.625
2021-08-05,E12000004,East Midlands,4865583,2740.0,2364.0,10.0,1733.0,9365.0,3313953.0,-39.111111111111114,0.6088888888888888,-28.625,0.71375,-5.125,8.75
2021-08-06,E12000004,East Midlands,4865583,2445.0,2412.0,8.0,1953.0,11209.0,3315906.0,-38.55555555555556,0.6144444444444443,-22.75,0.7725,-8.375,8.0
2021-08-07,E12000004,East Midlands,4865583,1923.0,2421.4285714285716,7.0,3254.0,16123.0,3319160.0,-9.444444444444445,0.9055555555555556,-14.625,0.85375,-16.25,0.625
2021-08-08,E12000004,East Midlands,4865583,1969.0,2448.1428571428573,3.0,2373.0,10357.0,3321533.0,-6.125,0.93875,-16.125,0.83875,-14.75,1.25
2021-08-09,E12000004,East Midlands,4865583,2783.0,2482.285714285714,5.0,1434.0,9105.0,3322967.0,-38.77777777777778,0.6122222222222222,-25.875,0.74125,-2.25,7.875
2021-08-10,E12000004,East Midlands,4865583,2642.0,2478.8571428571427,6.0,1826.0,10164.0,3324793.0,-38.111111111111114,0.6188888888888888,-26.875,0.73125,-0.375,7.777777777777778
2021-08-11,E12000004,East Midlands,4865583,2722.0,2460.5714285714284,6.0,2484.0,10958.0,3327277.0,-38.0,0.62,-24.375,0.75625,-2.5,7.625
2021-08-12,E12000004,East Midlands,4865583,2766.0,2464.285714285714,8.0,2645.0,13085.0,3329922.0,-38.44444444444444,0.6155555555555556,-21.75,0.7825,0.25,7.125
2021-08-13,E12000004,East Midlands,4865583,2301.0,2443.714285714286,8.0,2295.0,11420.0,3332217.0,-38.111111111111114,0.6188888888888888,-16.5,0.835,-6.125,6.25
2021-08-14,E12000004,East Midlands,4865583,2118.0,2471.5714285714284,9.0,4311.0,18330.0,3336528.0,-9.11111111111111,0.9088888888888889,-9.625,0.90375,-15.625,-0.125
2021-08-15,E12000004,East Midlands,4865583,2131.0,2494.714285714286,6.0,3339.0,11749.0,3339867.0,-5.125,0.94875,-6.5,0.935,-8.75,-0.625
2021-08-16,E12000004,East Midlands,4865583,3050.0,2532.8571428571427,10.0,2213.0,8552.0,3342080.0,-38.888888888888886,0.6111111111111112,-21.25,0.7875,-3.125,7.25
2021-08-17,E12000004,East Midlands,4865583,2802.0,2555.714285714286,9.0,3000.0,10899.0,3345080.0,-39.0,0.61,-28.0,0.72,-4.625,8.5
2021-08-18,E12000004,East Midlands,4865583,2875.0,2577.5714285714284,9.0,3050.0,11182.0,3348130.0,-36.666666666666664,0.6333333333333333,-26.375,0.7362500000000001,-2.625,7.875
2021-08-19,E12000004,East Midlands,4865583,2612.0,2555.5714285714284,8.0,3508.0,11492.0,3351638.0,-37.44444444444444,0.6255555555555556,-24.5,0.755,-3.0,7.777777777777778
2021-08-20,E12000004,East Midlands,4865583,2384.0,2567.4285714285716,8.0,4565.0,11652.0,3356203.0,-37.0,0.63,-15.875,0.84125,-5.625,6.125
2021-08-21,E12000004,East Midlands,4865583,2345.0,2599.8571428571427,8.0,5728.0,16047.0,3361931.0,-10.333333333333334,0.8966666666666667,-13.375,0.86625,-17.5,1.0
2021-08-22,E12000004,East Midlands,4865583,2327.0,2627.8571428571427,16.0,2829.0,9524.0,3364760.0,-4.875,0.95125,-8.125,0.91875,-10.75,0.25
2021-08-23,E12000004,East Midlands,4865583,3081.0,2632.285714285714,4.0,3263.0,9159.0,3368023.0,-36.77777777777778,0.6322222222222222,-19.0,0.81,0.125,6.75
2021-08-24,E12000004,East Midlands,4865583,2759.0,2626.1428571428573,10.0,4701.0,11179.0,3372724.0,-37.0,0.63,-24.0,0.76,-2.25,7.75
2021-08-25,E12000004,East Midlands,4865583,2822.0,2618.5714285714284,8.0,3893.0,9855.0,3376617.0,-35.888888888888886,0.6411111111111112,-24.25,0.7575000000000001,-1.5,7.5
2021-08-26,E12000004,East Midlands,4865583,2635.0,2621.8571428571427,12.0,3770.0,8738.0,3380387.0,-36.55555555555556,0.6344444444444444,-20.125,0.79875,0.625,7.222222222222222
2021-08-27,E12000004,East Midlands,4865583,2425.0,2627.714285714286,5.0,2811.0,8813.0,3383198.0,-36.22222222222222,0.6377777777777778,-13.75,0.8625,-2.75,5.75
2021-08-28,E12000004,East Midlands,4865583,1899.0,2564.0,13.0,3656.0,9666.0,3386854.0,-9.11111111111111,0.9088888888888889,-7.5,0.925,-11.375,-0.75
2021-08-29,E12000004,East Midlands,4865583,1927.0,2506.8571428571427,16.0,2015.0,6925.0,3388869.0,-5.125,0.94875,-8.125,0.91875,0.5,-1.125
2021-08-30,E12000004,East Midlands,4865583,2471.0,2419.714285714286,11.0,1441.0,4675.0,3390310.0,-71.0,0.29000000000000004,-32.875,0.67125,1.875,13.625
2021-08-31,E12000004,East Midlands,4865583,3309.0,2498.285714285714,10.0,2566.0,8237.0,3392876.0,-34.44444444444444,0.6555555555555556,-22.25,0.7775,-2.25,7.777777777777778
2021-09-01,E12000004,East Midlands,4865583,3040.0,2529.4285714285716,8.0,2360.0,8095.0,3395236.0,-31.444444444444443,0.6855555555555556,-24.625,0.75375,-4.125,7.875
2021-09-02,E12000004,East Midlands,4865583,2836.0,2558.1428571428573,10.0,2625.0,7124.0,3397861.0,-30.11111111111111,0.6988888888888889,-22.875,0.77125,-2.875,7.333333333333333
2021-09-03,E12000004,East Midlands,4865583,2719.0,2600.1428571428573,8.0,2905.0,6432.0,3400766.0,-27.88888888888889,0.721111111111111,-18.0,0.8200000000000001,-6.375,5.75
2021-09-04,E12000004,East Midlands,4865583,2316.0,2659.714285714286,14.0,2824.0,8571.0,3403590.0,-5.666666666666667,0.9433333333333334,-13.875,0.86125,-11.75,0.625
2021-09-05,E12000004,East Midlands,4865583,2410.0,2728.714285714286,14.0,1606.0,5307.0,3405196.0,-1.0,0.99,-9.875,0.90125,-4.25,-0.125
2021-09-06,E12000004,East Midlands,4865583,3469.0,2871.285714285714,12.0,1455.0,5366.0,3406651.0,-28.0,0.72,-18.375,0.81625,-3.5,5.666666666666667
2021-09-07,E12000004,East Midlands,4865583,2978.0,2824.0,12.0,1542.0,5257.0,3408193.0,-27.444444444444443,0.7255555555555555,-20.5,0.795,-4.125,5.666666666666667
2021-09-08,E12000004,East Midlands,4865583,2685.0,2773.285714285714,10.0,1263.0,5217.0,3409456.0,-26.555555555555557,0.7344444444444445,-20.125,0.79875,-5.625,5.666666666666667
2021-09-09,E12000004,East Midlands,4865583,2561.0,2734.0,17.0,1537.0,5686.0,3410993.0,-27.333333333333332,0.7266666666666667,-19.5,0.8049999999999999,-6.875,6.111111111111111
2021-09-10,E12000004,East Midlands,4865583,2132.0,2650.1428571428573,11.0,1678.0,5637.0,3412671.0,-25.666666666666668,0.7433333333333334,-13.5,0.865,-8.125,4.625
2021-09-11,E12000004,East Midlands,4865583,1768.0,2571.8571428571427,7.0,1579.0,6186.0,3414250.0,-5.333333333333333,0.9466666666666667,-12.375,0.87625,-11.25,0.125
2021-09-12,E12000004,East Midlands,4865583,2108.0,2528.714285714286,16.0,1119.0,4720.0,3415369.0,-2.375,0.97625,-10.625,0.89375,-6.75,0.25
2021-09-13,E12000004,East Midlands,4865583,2836.0,2438.285714285714,3.0,1192.0,4429.0,3416561.0,-27.11111111111111,0.7288888888888889,-16.625,0.83375,-6.625,5.444444444444445
2021-09-14,E12000004,East Midlands,4865583,2488.0,2368.285714285714,13.0,1250.0,3745.0,3417811.0,-28.555555555555557,0.7144444444444444,-24.125,0.75875,-14.75,7.333333333333333
2021-09-15,E12000004,East Midlands,4865583,2429.0,2331.714285714286,6.0,1241.0,4271.0,3419052.0,-27.0,0.73,-19.125,0.80875,-5.75,5.333333333333333
2021-09-16,E12000004,East Midlands,4865583,2415.0,2310.8571428571427,10.0,1158.0,3878.0,3420210.0,-28.444444444444443,0.7155555555555555,-18.875,0.81125,-4.0,4.555555555555555
2021-09-17,E12000004,East Midlands,4865583,2325.0,2338.4285714285716,12.0,1040.0,3739.0,3421250.0,-28.11111111111111,0.7188888888888889,-13.625,0.86375,-7.25,4.25
2021-09-18,E12000004,East Midlands,4865583,2238.0,2405.5714285714284,5.0,1733.0,6111.0,3422983.0,-7.444444444444445,0.9255555555555556,-9.125,0.90875,-9.875,-0.375
2021-09-19,E12000004,East Midlands,4865583,2840.0,2510.1428571428573,8.0,900.0,3082.0,3423883.0,-5.75,0.9425,-12.0,0.88,-9.625,0.5
2021-09-20,E12000004,East Midlands,4865583,3831.0,2652.285714285714,20.0,961.0,2876.0,3424844.0,-28.444444444444443,0.7155555555555555,-17.25,0.8275,-6.25,5.111111111111111
2021-09-21,E12000004,East Midlands,4865583,3737.0,2830.714285714286,9.0,1098.0,2879.0,3425942.0,-27.444444444444443,0.7255555555555555,-20.0,0.8,-7.125,5.555555555555555
2021-09-22,E12000004,East Midlands,4865583,3428.0,2973.4285714285716,15.0,2163.0,2747.0,3428105.0,-25.0,0.75,-19.75,0.8025,-7.125,5.666666666666667
2021-09-23,E12000004,East Midlands,4865583,3209.0,3086.8571428571427,8.0,2324.0,2710.0,3430429.0,-25.88888888888889,0.741111111111111,-17.75,0.8225,-5.125,5.555555555555555
2021-09-24,E12000004,East Midlands,4865583,2929.0,3173.1428571428573,11.0,2673.0,2653.0,3433102.0,-25.333333333333332,0.7466666666666667,-11.25,0.8875,-5.375,3.875
2021-09-25,E12000004,East Midlands,4865583,2564.0,3219.714285714286,9.0,1520.0,4044.0,3434622.0,-8.0,0.92,-3.25,0.9675,-10.75,0.0
2021-09-26,E12000004,East Midlands,4865583,2640.0,3191.1428571428573,12.0,745.0,2321.0,3435367.0,-4.125,0.95875,-3.25,0.9675,-6.875,0.25
2021-09-27,E12000004,East Midlands,4865583,3875.0,3197.4285714285716,6.0,2518.0,2320.0,3437885.0,-27.444444444444443,0.7255555555555555,-15.875,0.84125,-11.875,6.625
2021-09-28,E12000004,East Midlands,4865583,3560.0,3172.1428571428573,10.0,2922.0,2204.0,3440807.0,-27.555555555555557,0.7244444444444444,-20.125,0.79875,-13.5,6.666666666666667
2021-09-29,E12000004,East Midlands,4865583,3302.0,3154.1428571428573,10.0,2273.0,2281.0,3443080.0,-27.444444444444443,0.7255555555555555,-21.375,0.78625,-9.25,6.125
2021-09-30,E12000004,East Midlands,4865583,3093.0,3137.5714285714284,8.0,3174.0,1875.0,3446254.0,-28.11111111111111,0.7188888888888889,-21.375,0.78625,-10.625,6.875
2021-10-01,E12000004,East Midlands,4865583,2879.0,3130.4285714285716,12.0,3274.0,2058.0,3449528.0,-27.11111111111111,0.7288888888888889,-17.25,0.8275,-7.0,5.125
2021-10-02,E12000004,East Midlands,4865583,2459.0,3115.4285714285716,7.0,1301.0,2777.0,3450829.0,-10.666666666666666,0.8933333333333333,-17.75,0.8225,-15.666666666666666,2.625
2021-10-03,E12000004,East Midlands,4865583,3173.0,3191.5714285714284,7.0,913.0,1722.0,3451742.0,-5.25,0.9475,-15.0,0.85,-7.125,1.125
2021-10-04,E12000004,East Midlands,4865583,4100.0,3223.714285714286,9.0,3324.0,1589.0,3455066.0,-27.444444444444443,0.7255555555555555,-21.5,0.785,-9.75,5.75
2021-10-05,E12000004,East Midlands,4865583,3720.0,3246.5714285714284,10.0,3934.0,1845.0,3459000.0,-28.0,0.72,-25.5,0.745,-12.125,6.666666666666667
2021-10-06,E12000004,East Midlands,4865583,3693.0,3302.4285714285716,6.0,3906.0,1697.0,3462906.0,-26.666666666666668,0.7333333333333334,-22.375,0.77625,-8.125,6.0
2021-10-07,E12000004,East Midlands,4865583,3524.0,3364.0,10.0,3314.0,1673.0,3466220.0,-26.666666666666668,0.7333333333333334,-21.125,0.7887500000000001,-7.625,5.75
2021-10-08,E12000004,East Midlands,4865583,3328.0,3428.1428571428573,10.0,3611.0,1914.0,3469831.0,-25.77777777777778,0.7422222222222222,-16.375,0.8362499999999999,-7.125,4.5
2021-10-09,E12000004,East Midlands,4865583,2992.0,3504.285714285714,7.0,1632.0,2922.0,3471463.0,-7.555555555555555,0.9244444444444444,-14.5,0.855,-9.375,0.625
2021-10-10,E12000004,East Midlands,4865583,3313.0,3524.285714285714,6.0,926.0,1644.0,3472389.0,-5.75,0.9425,-12.75,0.8725,-6.75,0.375
2021-10-11,E12000004,East Midlands,4865583,4607.0,3596.714285714286,12.0,2942.0,1748.0,3475331.0,-26.333333333333332,0.7366666666666667,-21.0,0.79,-8.625,5.75
2021-10-12,E12000004,East Midlands,4865583,4013.0,3638.5714285714284,14.0,3574.0,1805.0,3478905.0,-26.444444444444443,0.7355555555555555,-22.5,0.775,-10.75,6.222222222222222
2021-10-13,E12000004,East Midlands,4865583,3908.0,3669.285714285714,12.0,3634.0,1966.0,3482539.0,-25.333333333333332,0.7466666666666667,-23.875,0.76125,-10.25,5.875
2021-10-14,E12000004,East Midlands,4865583,3652.0,3687.5714285714284,11.0,3072.0,1536.0,3485611.0,-25.77777777777778,0.7422222222222222,-22.75,0.7725,-8.375,5.666666666666667
2021-10-15,E12000004,East Midlands,4865583,3157.0,3663.1428571428573,8.0,3065.0,1720.0,3488676.0,-25.88888888888889,0.741111111111111,-18.125,0.81875,-6.625,4.375
2021-10-16,E12000004,East Midlands,4865583,2583.0,3604.714285714286,7.0,1134.0,2597.0,3489810.0,-9.222222222222221,0.9077777777777778,-16.75,0.8325,-9.444444444444445,0.625
2021-10-17,E12000004,East Midlands,4865583,3086.0,3572.285714285714,11.0,674.0,1584.0,3490484.0,-7.0,0.9299999999999999,-19.125,0.80875,-13.75,1.5
2021-10-18,E12000004,East Midlands,4865583,3989.0,3484.0,11.0,2301.0,1354.0,3492785.0,-32.888888888888886,0.6711111111111112,-25.75,0.7424999999999999,-11.375,6.5
2021-10-19,E12000004,East Midlands,4865583,3589.0,3423.4285714285716,13.0,2095.0,1471.0,3494880.0,-32.77777777777778,0.6722222222222223,-28.125,0.71875,-10.25,6.875
2021-10-20,E12000004,East Midlands,4865583,3618.0,3382.0,16.0,2843.0,1603.0,3497723.0,-32.333333333333336,0.6766666666666666,-28.125,0.71875,-11.375,7.125
2021-10-21,E12000004,East Midlands,4865583,3237.0,3322.714285714286,6.0,2733.0,1847.0,3500456.0,-32.111111111111114,0.6788888888888889,-24.75,0.7525,-7.125,6.375
2021-10-22,E12000004,East Midlands,4865583,2857.0,3279.8571428571427,6.0,2382.0,1532.0,3502838.0,-32.666666666666664,0.6733333333333333,-20.5,0.795,-8.875,5.75
2021-10-23,E12000004,East Midlands,4865583,2825.0,3314.4285714285716,15.0,1864.0,2421.0,3504702.0,-10.222222222222221,0.8977777777777778,-16.875,0.83125,-11.88888888888889,0.875
2021-10-24,E12000004,East Midlands,4865583,2782.0,3271.0,12.0,1031.0,1675.0,3505733.0,-7.125,0.92875,-15.5,0.845,-9.5,1.5
2021-10-25,E12000004,East Midlands,4865583,3777.0,3240.714285714286,10.0,1567.0,1343.0,3507300.0,-35.44444444444444,0.6455555555555555,-22.75,0.7725,-2.0,6.75
2021-10-26,E12000004,East Midlands,4865583,3108.0,3172.0,10.0,2161.0,1225.0,3509461.0,-34.333333333333336,0.6566666666666666,-25.25,0.7475,-2.5,7.0
2021-10-27,E12000004,East Midlands,4865583,3076.0,3094.5714285714284,15.0,2442.0,1356.0,3511903.0,-33.888888888888886,0.6611111111111112,-23.0,0.77,-1.5,7.125
2021-10-28,E12000004,East Midlands,4865583,2954.0,3054.1428571428573,14.0,2506.0,1247.0,3514409.0,-34.55555555555556,0.6544444444444444,-21.875,0.78125,0.5,6.625
2021-10-29,E12000004,East Midlands,4865583,2794.0,3045.1428571428573,10.0,2272.0,1480.0,3516681.0,-34.111111111111114,0.6588888888888889,-19.125,0.80875,-2.375,6.5
2021-10-30,E12000004,East Midlands,4865583,2318.0,2972.714285714286,8.0,2060.0,2082.0,3518741.0,-10.0,0.9,-16.125,0.83875,-9.444444444444445,1.125
2021-10-31,E12000004,East Midlands,4865583,2417.0,2920.5714285714284,18.0,2368.0,1192.0,3521109.0,-6.625,0.93375,-14.25,0.8575,-12.375,1.5
2021-11-01,E12000004,East Midlands,4865583,3257.0,2846.285714285714,16.0,3148.0,1213.0,3524257.0,-25.88888888888889,0.741111111111111,-23.125,0.76875,-10.25,6.5
2021-11-02,E12000004,East Midlands,4865583,2659.0,2782.1428571428573,10.0,3379.0,1376.0,3527636.0,-24.22222222222222,0.7577777777777778,-23.375,0.76625,-6.5,5.888888888888889
2021-11-03,E12000004,East Midlands,4865583,2561.0,2708.5714285714284,10.0,3376.0,1134.0,3531012.0,-24.11111111111111,0.758888888888889,-24.5,0.755,-9.5,6.625
2021-11-04,E12000004,East Midlands,4865583,2440.0,2635.1428571428573,9.0,3307.0,1053.0,3534319.0,-25.0,0.75,-22.25,0.7775,-4.25,6.0
2021-11-05,E12000004,East Midlands,4865583,2235.0,2555.285714285714,10.0,2682.0,1226.0,3537001.0,-25.0,0.75,-18.0,0.8200000000000001,-7.25,5.125
2021-11-06,E12000004,East Midlands,4865583,2085.0,2522.0,10.0,2322.0,1847.0,3539323.0,-8.666666666666666,0.9133333333333333,-20.125,0.79875,-10.555555555555555,1.875
2021-11-07,E12000004,East Midlands,4865583,2408.0,2520.714285714286,14.0,1601.0,1071.0,3540924.0,-4.875,0.95125,-15.75,0.8425,-7.75,1.125
2021-11-08,E12000004,East Midlands,4865583,3433.0,2545.8571428571427,17.0,3308.0,1258.0,3544232.0,-24.22222222222222,0.7577777777777778,-23.125,0.76875,-9.0,6.0
2021-11-09,E12000004,East Midlands,4865583,3401.0,2651.8571428571427,9.0,3152.0,1402.0,3547384.0,-23.88888888888889,0.7611111111111111,-24.25,0.7575000000000001,-8.875,6.222222222222222
2021-11-10,E12000004,East Midlands,4865583,3308.0,2758.5714285714284,10.0,2676.0,1511.0,3550060.0,-23.666666666666668,0.7633333333333333,-24.0,0.76,-8.75,6.222222222222222
2021-11-11,E12000004,East Midlands,4865583,3063.0,2847.5714285714284,9.0,3261.0,1264.0,3553321.0,-23.77777777777778,0.7622222222222222,-22.875,0.77125,-7.0,6.0
2021-11-12,E12000004,East Midlands,4865583,2939.0,2948.1428571428573,13.0,3002.0,1480.0,3556323.0,-23.77777777777778,0.7622222222222222,-20.0,0.8,-8.5,5.875
2021-11-13,E12000004,East Midlands,4865583,2418.0,2995.714285714286,8.0,2254.0,1780.0,3558577.0,-7.666666666666667,0.9233333333333333,-16.125,0.83875,-9.0,1.5
2021-11-14,E12000004,East Midlands,4865583,2674.0,3033.714285714286,9.0,1938.0,1316.0,3560515.0,-4.0,0.96,-14.375,0.85625,-5.125,1.0
2021-11-15,E12000004,East Midlands,4865583,3741.0,3077.714285714286,20.0,2948.0,1018.0,3563463.0,-24.444444444444443,0.7555555555555555,-23.125,0.76875,-7.125,6.0
2021-11-16,E12000004,East Midlands,4865583,3599.0,3106.0,13.0,2529.0,1361.0,3565992.0,-23.77777777777778,0.7622222222222222,-24.625,0.75375,-8.5,6.333333333333333
2021-11-17,E12000004,East Midlands,4865583,3433.0,3123.8571428571427,14.0,2045.0,1389.0,3568037.0,-23.0,0.77,-23.875,0.76125,-6.625,6.111111111111111
2021-11-18,E12000004,East Midlands,4865583,3302.0,3158.0,18.0,2311.0,1173.0,3570348.0,-23.555555555555557,0.7644444444444445,-21.5,0.785,-4.5,6.0
2021-11-19,E12000004,East Midlands,4865583,2994.0,3165.8571428571427,11.0,1641.0,1332.0,3571989.0,-23.555555555555557,0.7644444444444445,-17.125,0.82875,-5.5,5.875
2021-11-20,E12000004,East Midlands,4865583,2607.0,3192.8571428571427,10.0,1956.0,1815.0,3573945.0,-8.555555555555555,0.9144444444444444,-17.25,0.8275,-8.333333333333334,1.5
2021-11-21,E12000004,East Midlands,4865583,2814.0,3212.8571428571427,8.0,1094.0,1163.0,3575039.0,-4.875,0.95125,-19.25,0.8075,-4.5,1.125
2021-11-22,E12000004,East Midlands,4865583,3822.0,3224.4285714285716,6.0,1589.0,1086.0,3576628.0,-24.333333333333332,0.7566666666666667,-23.0,0.77,-6.875,6.125
2021-11-23,E12000004,East Midlands,4865583,3641.0,3230.4285714285716,18.0,1304.0,1336.0,3577932.0,-23.444444444444443,0.7655555555555555,-24.125,0.75875,-7.0,6.222222222222222
2021-11-24,E12000004,East Midlands,4865583,3487.0,3238.1428571428573,8.0,2018.0,1713.0,3579950.0,-23.333333333333332,0.7666666666666667,-24.75,0.7525,-8.0,6.5
2021-11-25,E12000004,East Midlands,4865583,3203.0,3224.0,11.0,2230.0,1441.0,3582180.0,-23.88888888888889,0.7611111111111111,-21.625,0.78375,-1.5,6.0
2021-11-26,E12000004,East Midlands,4865583,2854.0,3204.0,14.0,1391.0,1839.0,3583571.0,-24.666666666666668,0.7533333333333333,-18.5,0.815,-3.75,5.875
2021-11-27,E12000004,East Midlands,4865583,2473.0,3184.8571428571427,8.0,1516.0,2815.0,3585087.0,-8.777777777777779,0.9122222222222223,-26.5,0.735,-17.444444444444443,3.75
2021-11-28,E12000004,East Midlands,4865583,2881.0,3194.4285714285716,11.0,1405.0,2725.0,3586492.0,-4.0,0.96,-18.25,0.8175,-7.625,1.875
2021-11-29,E12000004,East Midlands,4865583,4060.0,3228.4285714285716,19.0,2076.0,2103.0,3588568.0,-26.22222222222222,0.7377777777777779,-25.25,0.7475,-8.375,7.75
2021-11-30,E12000004,East Midlands,4865583,4059.0,3288.1428571428573,11.0,1739.0,2442.0,3590307.0,-23.0,0.77,-25.25,0.7475,-4.625,6.222222222222222
2021-12-01,E12000004,East Midlands,4865583,4123.0,3379.0,11.0,1277.0,2328.0,3591584.0,-23.333333333333332,0.7666666666666667,-25.625,0.74375,-6.125,6.625
2021-12-02,E12000004,East Midlands,4865583,3916.0,3480.8571428571427,15.0,1262.0,2040.0,3592846.0,-23.666666666666668,0.7633333333333333,-24.125,0.75875,-4.25,6.444444444444445
2021-12-03,E12000004,East Midlands,4865583,3415.0,3561.0,14.0,1115.0,2353.0,3593961.0,-23.77777777777778,0.7622222222222222,-20.0,0.8,-3.625,6.0
2021-12-04,E12000004,East Midlands,4865583,3021.0,3639.285714285714,6.0,1697.0,2965.0,3595658.0,-7.222222222222222,0.9277777777777778,-18.125,0.81875,-9.555555555555555,2.0
2021-12-05,E12000004,East Midlands,4865583,3099.0,3670.4285714285716,9.0,1502.0,2990.0,3597160.0,-2.875,0.97125,-15.0,0.85,-5.0,1.375
2021-12-06,E12000004,East Midlands,4865583,4254.0,3698.1428571428573,16.0,1198.0,1793.0,3598358.0,-25.0,0.75,-27.0,0.73,-7.75,6.875
2021-12-07,E12000004,East Midlands,4865583,3925.0,3679.0,9.0,1145.0,1905.0,3599503.0,-22.88888888888889,0.7711111111111111,-29.5,0.7050000000000001,-10.0,7.333333333333333
2021-12-08,E12000004,East Midlands,4865583,4085.0,3673.5714285714284,9.0,1262.0,2006.0,3600765.0,-22.11111111111111,0.7788888888888889,-26.875,0.73125,-8.875,7.111111111111111
2021-12-09,E12000004,East Midlands,4865583,3929.0,3675.4285714285716,7.0,1209.0,2306.0,3601974.0,-21.88888888888889,0.7811111111111111,-23.875,0.76125,-3.25,6.333333333333333
2021-12-10,E12000004,East Midlands,4865583,3545.0,3694.0,11.0,1256.0,2428.0,3603230.0,-22.0,0.78,-19.625,0.80375,-3.375,5.875
2021-12-11,E12000004,East Midlands,4865583,3342.0,3739.8571428571427,11.0,1677.0,3123.0,3604907.0,-3.6666666666666665,0.9633333333333334,-17.0,0.83,-9.88888888888889,1.875
2021-12-12,E12000004,East Midlands,4865583,3488.0,3795.4285714285716,15.0,1930.0,2952.0,3606837.0,0.0,1.0,-15.75,0.8425,-5.625,1.25
2021-12-13,E12000004,East Midlands,4865583,5479.0,3970.4285714285716,11.0,1407.0,2180.0,3608244.0,-24.555555555555557,0.7544444444444445,-25.875,0.74125,-3.5,7.222222222222222
2021-12-14,E12000004,East Midlands,4865583,6166.0,4290.571428571428,10.0,1457.0,2559.0,3609701.0,-24.444444444444443,0.7555555555555555,-26.5,0.735,-2.875,7.222222222222222
2021-12-15,E12000004,East Midlands,4865583,7246.0,4742.142857142857,7.0,1664.0,2595.0,3611365.0,-23.88888888888889,0.7611111111111111,-25.875,0.74125,0.0,7.0
2021-12-16,E12000004,East Midlands,4865583,6596.0,5123.142857142857,7.0,1832.0,2779.0,3613197.0,-24.88888888888889,0.7511111111111111,-24.625,0.75375,0.625,7.111111111111111
2021-12-17,E12000004,East Midlands,4865583,5857.0,5453.428571428572,15.0,1990.0,2964.0,3615187.0,-25.0,0.75,-22.75,0.7725,-2.375,7.0
2021-12-18,E12000004,East Midlands,4865583,5386.0,5745.428571428572,16.0,2300.0,3364.0,3617487.0,-4.777777777777778,0.9522222222222222,-20.5,0.795,-12.222222222222221,2.25
2021-12-19,E12000004,East Midlands,4865583,5614.0,6049.142857142857,7.0,2510.0,3254.0,3619997.0,2.0,1.02,-18.875,0.81125,-6.625,1.875
2021-12-20,E12000004,East Midlands,4865583,8332.0,6456.714285714285,9.0,2743.0,3491.0,3622740.0,-35.888888888888886,0.6411111111111112,-28.5,0.7150000000000001,6.25,8.625
2021-12-21,E12000004,East Midlands,4865583,9728.0,6965.571428571428,10.0,2634.0,4043.0,3625374.0,-37.0,0.63,-30.125,0.69875,5.75,9.25
2021-12-22,E12000004,East Midlands,4865583,10437.0,7421.428571428572,11.0,2704.0,3660.0,3628078.0,-39.888888888888886,0.6011111111111112,-29.375,0.70625,7.5,9.75
2021-12-23,E12000004,East Midlands,4865583,10692.0,8006.571428571428,13.0,2178.0,2847.0,3630256.0,-46.111111111111114,0.5388888888888889,-24.875,0.75125,13.125,10.25
2021-12-24,E12000004,East Midlands,4865583,9219.0,8486.857142857143,10.0,716.0,937.0,3630972.0,-60.22222222222222,0.3977777777777778,-41.125,0.58875,-11.125,15.0
2021-12-25,E12000004,East Midlands,4865583,4969.0,8427.285714285714,6.0,57.0,31.0,3631029.0,-66.44444444444444,0.3355555555555556,-77.625,0.22375,-85.75,10.25
2021-12-26,E12000004,East Midlands,4865583,8126.0,8786.142857142857,14.0,164.0,242.0,3631193.0,-38.0,0.62,-56.25,0.4375,-46.625,3.375
2021-12-27,E12000004,East Midlands,4865583,13186.0,9479.57142857143,13.0,1482.0,1798.0,3632675.0,-77.0,0.22999999999999998,-44.75,0.5525,-9.375,17.5
2021-12-28,E12000004,East Midlands,4865583,15141.0,10252.857142857143,19.0,1850.0,2381.0,3634525.0,-74.55555555555556,0.2544444444444445,-48.75,0.5125,-8.5,18.75
2021-12-29,E12000004,East Midlands,4865583,19802.0,11590.714285714286,7.0,2435.0,3267.0,3636960.0,-62.888888888888886,0.37111111111111117,-43.375,0.5662499999999999,-7.5,16.875
2021-12-30,E12000004,East Midlands,4865583,16981.0,12489.142857142857,15.0,2343.0,2996.0,3639303.0,-62.55555555555556,0.37444444444444447,-40.125,0.59875,-5.0,16.75
2021-12-31,E12000004,East Midlands,4865583,13109.0,13044.857142857143,15.0,1043.0,1453.0,3640346.0,-63.44444444444444,0.3655555555555555,-46.25,0.5375,-16.0,16.25
2022-01-01,E12000004,East Midlands,4865583,8630.0,13567.857142857143,15.0,109.0,118.0,3640455.0,-50.888888888888886,0.49111111111111116,-64.5,0.355,-63.888888888888886,11.0
2022-01-02,E12000004,East Midlands,4865583,12755.0,14229.142857142857,11.0,1138.0,1673.0,3641593.0,-14.75,0.8525,-35.625,0.64375,-21.5,5.125
2022-01-03,E12000004,East Midlands,4865583,16470.0,14698.285714285714,11.0,1340.0,1847.0,3642933.0,-72.11111111111111,0.27888888888888885,-54.5,0.45499999999999996,-15.25,20.5
2022-01-04,E12000004,East Midlands,4865583,20049.0,15399.42857142857,19.0,1458.0,2712.0,3644391.0,-34.55555555555556,0.6544444444444444,-42.125,0.57875,-21.125,12.25
2022-01-05,E12000004,East Midlands,4865583,15240.0,14747.714285714286,19.0,1951.0,2734.0,3646342.0,-31.333333333333332,0.6866666666666668,-40.875,0.59125,-23.75,11.75
2022-01-06,E12000004,East Midlands,4865583,12618.0,14124.42857142857,20.0,1497.0,2182.0,3647839.0,-31.333333333333332,0.6866666666666668,-41.25,0.5875,-27.25,12.375
2022-01-07,E12000004,East Midlands,4865583,8671.0,13490.42857142857,19.0,1682.0,2283.0,3649521.0,-28.666666666666668,0.7133333333333334,-39.5,0.605,-25.5,11.75
2022-01-08,E12000004,East Midlands,4865583,6689.0,13213.142857142857,21.0,2353.0,3705.0,3651874.0,-12.11111111111111,0.8788888888888888,-41.75,0.5825,-30.88888888888889,7.5
2022-01-09,E12000004,East Midlands,4865583,6930.0,12381.0,16.0,1625.0,2320.0,3653499.0,-5.25,0.9475,-35.0,0.65,-20.875,4.875
2022-01-10,E12000004,East Midlands,4865583,9917.0,11444.857142857143,24.0,1194.0,1890.0,3654693.0,-25.77777777777778,0.7422222222222222,-35.75,0.6425000000000001,-19.75,9.5
2022-01-11,E12000004,East Midlands,4865583,8446.0,9787.285714285714,30.0,1332.0,1875.0,3656025.0,-25.88888888888889,0.741111111111111,-35.375,0.64625,-19.75,9.222222222222221
2022-01-12,E12000004,East Midlands,4865583,7363.0,8662.0,19.0,1456.0,2000.0,3657481.0,-25.22222222222222,0.7477777777777778,-35.375,0.64625,-19.625,9.125
2022-01-13,E12000004,East Midlands,4865583,6936.0,7850.285714285715,20.0,1243.0,1978.0,3658724.0,-25.444444444444443,0.7455555555555555,-33.75,0.6625,-18.625,8.75
2022-01-14,E12000004,East Midlands,4865583,6342.0,7517.571428571428,21.0,1334.0,1771.0,3660058.0,-24.22222222222222,0.7577777777777778,-31.875,0.68125,-19.5,8.875
2022-01-15,E12000004,East Midlands,4865583,5568.0,7357.428571428572,19.0,1815.0,2951.0,3661873.0,-9.0,0.91,-34.125,0.65875,-21.333333333333332,4.75
2022-01-16,E12000004,East Midlands,4865583,7093.0,7380.714285714285,22.0,1033.0,1663.0,3662906.0,-4.25,0.9575,-33.625,0.6637500000000001,-19.625,3.25
2022-01-17,E12000004,East Midlands,4865583,9695.0,7349.0,19.0,1109.0,1965.0,3664015.0,-25.0,0.75,-32.25,0.6775,-17.125,8.0
2022-01-18,E12000004,East Midlands,4865583,8857.0,7407.714285714285,26.0,1359.0,2393.0,3665374.0,-25.22222222222222,0.7477777777777778,-31.25,0.6875,-17.625,8.222222222222221
2022-01-19,E12000004,East Midlands,4865583,8144.0,7519.285714285715,17.0,1262.0,2229.0,3666636.0,-24.444444444444443,0.7555555555555555,-30.0,0.7,-15.625,8.25
2022-01-20,E12000004,East Midlands,4865583,7267.0,7566.571428571428,17.0,1058.0,2181.0,3667694.0,-24.666666666666668,0.7533333333333333,-30.0,0.7,-16.125,8.375
2022-01-21,E12000004,East Midlands,4865583,6627.0,7607.285714285715,25.0,1306.0,2463.0,3669000.0,-23.333333333333332,0.7666666666666667,-26.625,0.73375,-15.75,8.0
2022-01-22,E12000004,East Midlands,4865583,5739.0,7631.714285714285,25.0,1158.0,2647.0,3670158.0,-7.888888888888889,0.9211111111111111,-26.25,0.7375,-16.22222222222222,3.75
2022-01-23,E12000004,East Midlands,4865583,7652.0,7711.571428571428,22.0,788.0,1830.0,3670946.0,-4.25,0.9575,-27.875,0.72125,-17.25,3.0
2022-01-24,E12000004,East Midlands,4865583,9286.0,7653.142857142857,19.0,864.0,2057.0,3671810.0,-24.22222222222222,0.7577777777777778,-29.25,0.7075,-16.875,8.0
2022-01-25,E12000004,East Midlands,4865583,7945.0,7522.857142857143,20.0,937.0,2198.0,3672747.0,-24.444444444444443,0.7555555555555555,-29.125,0.70875,-15.5,8.11111111111111
2022-01-26,E12000004,East Midlands,4865583,7994.0,7501.428571428572,23.0,989.0,2644.0,3673736.0,-23.88888888888889,0.7611111111111111,-29.375,0.70625,-14.5,7.888888888888889
2022-01-27,E12000004,East Midlands,4865583,6878.0,7445.857142857143,28.0,1069.0,2604.0,3674805.0,-24.0,0.76,-28.0,0.72,-13.0,7.888888888888889
2022-01-28,E12000004,East Midlands,4865583,6125.0,7374.142857142857,21.0,1262.0,2625.0,3676067.0,-22.666666666666668,0.7733333333333333,-25.0,0.75,-11.75,7.0
2022-01-29,E12000004,East Midlands,4865583,5371.0,7321.571428571428,14.0,1108.0,2308.0,3677175.0,-7.333333333333333,0.9266666666666666,-24.875,0.75125,-12.555555555555555,2.875
2022-01-30,E12000004,East Midlands,4865583,6354.0,7136.142857142857,22.0,749.0,1691.0,3677924.0,-3.625,0.96375,-20.75,0.7925,-7.875,1.75
2022-01-31,E12000004,East Midlands,4865583,7580.0,6892.428571428572,24.0,777.0,1875.0,3678701.0,-23.77777777777778,0.7622222222222222,-27.25,0.7275,-13.625,7.125
2022-02-01,E12000004,East Midlands,4865583,6396.0,6671.142857142857,22.0,795.0,2077.0,3679496.0,-23.0,0.77,-28.0,0.72,-13.75,7.111111111111111
2022-02-02,E12000004,East Midlands,4865583,6212.0,6416.571428571428,26.0,867.0,2217.0,3680363.0,-22.77777777777778,0.7722222222222223,-28.5,0.7150000000000001,-13.125,7.333333333333333
2022-02-03,E12000004,East Midlands,4865583,5181.0,6174.142857142857,22.0,768.0,2299.0,3681131.0,-22.444444444444443,0.7755555555555556,-27.25,0.7275,-11.125,7.111111111111111
2022-02-04,E12000004,East Midlands,4865583,4276.0,5910.0,24.0,878.0,2108.0,3682009.0,-22.0,0.78,-25.375,0.7462500000000001,-12.375,6.875
2022-02-05,E12000004,East Midlands,4865583,3418.0,5631.0,20.0,736.0,1895.0,3682745.0,-7.333333333333333,0.9266666666666666,-26.625,0.73375,-14.0,3.25
2022-02-06,E12000004,East Midlands,4865583,4152.0,5316.428571428572,11.0,439.0,1137.0,3683184.0,-4.625,0.95375,-25.25,0.7475,-15.0,2.75
2022-02-07,E12000004,East Midlands,4865583,5122.0,4965.285714285715,10.0,692.0,2163.0,3683876.0,-23.0,0.77,-27.0,0.73,-13.875,6.75
2022-02-08,E12000004,East Midlands,4865583,4510.0,4695.857142857143,13.0,717.0,2421.0,3684593.0,-23.0,0.77,-25.5,0.745,-10.5,6.222222222222222
2022-02-09,E12000004,East Midlands,4865583,4090.0,4392.714285714285,16.0,585.0,1574.0,3685178.0,-22.666666666666668,0.7733333333333333,-26.875,0.73125,-12.75,6.666666666666667
2022-02-10,E12000004,East Midlands,4865583,3320.0,4126.857142857143,17.0,766.0,1817.0,3685944.0,-23.0,0.77,-25.25,0.7475,-9.875,6.444444444444445
2022-02-11,E12000004,East Midlands,4865583,2704.0,3902.285714285714,16.0,751.0,1989.0,3686695.0,-22.444444444444443,0.7755555555555556,-21.375,0.78625,-7.875,5.875
2022-02-12,E12000004,East Midlands,4865583,2335.0,3747.5714285714284,21.0,861.0,1908.0,3687556.0,-8.555555555555555,0.9144444444444444,-24.75,0.7525,-14.444444444444445,2.875
2022-02-13,E12000004,East Midlands,4865583,2487.0,3509.714285714286,10.0,407.0,991.0,3687963.0,-5.125,0.94875,-24.25,0.7575000000000001,-14.75,2.25
2022-02-14,E12000004,East Midlands,4865583,3223.0,3238.4285714285716,17.0,506.0,1280.0,3688469.0,-32.333333333333336,0.6766666666666666,-28.0,0.72,-3.375,7.125
2022-02-15,E12000004,East Midlands,4865583,3001.0,3022.8571428571427,8.0,515.0,1112.0,3688984.0,-32.44444444444444,0.6755555555555556,-29.5,0.7050000000000001,-11.625,7.5
2022-02-16,E12000004,East Midlands,4865583,2989.0,2865.5714285714284,14.0,627.0,1432.0,3689611.0,-31.666666666666668,0.6833333333333333,-28.125,0.71875,-10.125,7.875
2022-02-17,E12000004,East Midlands,4865583,2694.0,2776.1428571428573,16.0,440.0,996.0,3690051.0,-31.88888888888889,0.6811111111111111,-24.75,0.7525,-5.125,7.0
2022-02-18,E12000004,East Midlands,4865583,2368.0,2728.1428571428573,13.0,428.0,983.0,3690479.0,-35.0,0.65,-41.625,0.58375,-24.75,11.625
2022-02-19,E12000004,East Midlands,4865583,2076.0,2691.1428571428573,18.0,577.0,1407.0,3691056.0,-10.444444444444445,0.8955555555555555,-27.25,0.7275,-19.444444444444443,3.5
2022-02-20,E12000004,East Midlands,4865583,2412.0,2680.4285714285716,10.0,358.0,837.0,3691414.0,-6.25,0.9375,-28.5,0.7150000000000001,-22.375,3.25
2022-02-21,E12000004,East Midlands,4865583,2736.0,2610.8571428571427,18.0,460.0,1365.0,3691874.0,-26.444444444444443,0.7355555555555555,-28.5,0.7150000000000001,-14.5,7.5
2022-02-22,E12000004,East Midlands,4865583,2122.0,2485.285714285714,13.0,621.0,1900.0,3692495.0,-24.555555555555557,0.7544444444444445,-26.875,0.73125,-9.875,6.222222222222222
2022-02-23,E12000004,East Midlands,4865583,2121.0,2361.285714285714,14.0,546.0,1424.0,3693041.0,-24.11111111111111,0.758888888888889,-26.375,0.7362500000000001,-8.125,6.222222222222222
2022-02-24,E12000004,East Midlands,4865583,1658.0,2213.285714285714,9.0,429.0,1270.0,3693470.0,-24.88888888888889,0.7511111111111111,-27.75,0.7224999999999999,-10.25,6.666666666666667
2022-02-25,E12000004,East Midlands,4865583,1495.0,2088.5714285714284,11.0,487.0,1506.0,3693957.0,-23.666666666666668,0.7633333333333333,-22.75,0.7725,-6.5,5.5
2022-02-26,E12000004,East Midlands,4865583,1334.0,1982.5714285714287,11.0,569.0,1372.0,3694526.0,-5.888888888888889,0.9411111111111111,-19.125,0.80875,-7.777777777777778,0.875
2022-02-27,E12000004,East Midlands,4865583,1751.0,1888.142857142857,11.0,292.0,827.0,3694818.0,-1.75,0.9825,-17.25,0.8275,-5.875,0.125
2022-02-28,E12000004,East Midlands,4865583,2538.0,1859.857142857143,4.0,357.0,1079.0,3695175.0,-22.555555555555557,0.7744444444444445,-28.75,0.7125,-13.5,6.111111111111111
2022-03-01,E12000004,East Midlands,4865583,2547.0,1920.5714285714287,7.0,307.0,840.0,3695482.0,-21.444444444444443,0.7855555555555556,-28.875,0.7112499999999999,-12.125,5.333333333333333
2022-03-02,E12000004,East Midlands,4865583,2551.0,1982.0,12.0,376.0,978.0,3695858.0,-22.0,0.78,-31.375,0.68625,-17.0,6.777777777777778
2022-03-03,E12000004,East Midlands,4865583,2510.0,2103.714285714286,11.0,304.0,917.0,3696162.0,-21.555555555555557,0.7844444444444444,-28.875,0.7112499999999999,-11.0,5.777777777777778
2022-03-04,E12000004,East Midlands,4865583,2384.0,2230.714285714286,9.0,374.0,1228.0,3696536.0,-21.444444444444443,0.7855555555555556,-28.75,0.7125,-12.75,5.875
2022-03-05,E12000004,East Midlands,4865583,2330.0,2373.0,11.0,420.0,1372.0,3696956.0,-6.666666666666667,0.9333333333333333,-27.75,0.7224999999999999,-11.333333333333334,1.875
2022-03-06,E12000004,East Midlands,4865583,2967.0,2546.714285714286,10.0,235.0,864.0,3697191.0,-3.0,0.97,-23.5,0.765,-8.625,0.875
2022-03-07,E12000004,East Midlands,4865583,4037.0,2760.8571428571427,14.0,319.0,1027.0,3697510.0,-21.555555555555557,0.7844444444444444,-29.375,0.70625,-11.75,5.75
2022-03-08,E12000004,East Midlands,4865583,4284.0,3009.0,11.0,308.0,1057.0,3697818.0,-20.88888888888889,0.7911111111111111,-30.375,0.69625,-12.5,5.222222222222222
2022-03-09,E12000004,East Midlands,4865583,4393.0,3272.1428571428573,12.0,378.0,1075.0,3698196.0,-20.444444444444443,0.7955555555555556,-31.375,0.68625,-13.875,5.777777777777778
2022-03-10,E12000004,East Midlands,4865583,4268.0,3523.285714285714,9.0,346.0,1102.0,3698542.0,-20.88888888888889,0.7911111111111111,-30.75,0.6925,-11.125,5.444444444444445
2022-03-11,E12000004,East Midlands,4865583,4068.0,3763.8571428571427,16.0,313.0,887.0,3698855.0,-21.77777777777778,0.7822222222222222,-30.5,0.6950000000000001,-15.75,5.875
2022-03-12,E12000004,East Midlands,4865583,4006.0,4003.285714285714,10.0,447.0,1388.0,3699302.0,-7.222222222222222,0.9277777777777778,-29.75,0.7025,-13.444444444444445,1.625
2022-03-13,E12000004,East Midlands,4865583,4724.0,4254.285714285715,16.0,292.0,1047.0,3699594.0,-4.25,0.9575,-26.5,0.735,-13.375,1.0
2022-03-14,E12000004,East Midlands,4865583,6250.0,4570.428571428572,18.0,307.0,940.0,3699901.0,-21.11111111111111,0.7888888888888889,-30.25,0.6975,-13.625,5.444444444444445
2022-03-15,E12000004,East Midlands,4865583,5777.0,4783.714285714285,11.0,256.0,823.0,3700157.0,-21.22222222222222,0.7877777777777778,-32.0,0.6799999999999999,-14.75,5.666666666666667
2022-03-16,E12000004,East Midlands,4865583,5841.0,4990.571428571428,5.0,246.0,881.0,3700403.0,-21.333333333333332,0.7866666666666666,-33.375,0.66625,-19.125,6.777777777777778
2022-03-17,E12000004,East Midlands,4865583,5235.0,5128.714285714285,11.0,263.0,879.0,3700666.0,-21.555555555555557,0.7844444444444444,-30.125,0.69875,-9.875,5.666666666666667
2022-03-18,E12000004,East Midlands,4865583,4818.0,5235.857142857143,12.0,343.0,1004.0,3701009.0,-22.0,0.78,-28.125,0.71875,-11.125,4.875
2022-03-19,E12000004,East Midlands,4865583,4319.0,5280.571428571428,10.0,407.0,1576.0,3701416.0,-8.333333333333334,0.9166666666666666,-27.375,0.7262500000000001,-10.88888888888889,0.75
2022-03-20,E12000004,East Midlands,4865583,5349.0,5369.857142857143,9.0,207.0,863.0,3701623.0,-5.0,0.95,-23.5,0.765,-7.25,0.125
2022-03-21,E12000004,East Midlands,4865583,7182.0,5503.0,12.0,264.0,924.0,3701887.0,-22.0,0.78,-29.875,0.7012499999999999,-13.5,5.625
2022-03-22,E12000004,East Midlands,4865583,6391.0,5590.714285714285,17.0,270.0,869.0,3702157.0,-21.444444444444443,0.7855555555555556,-31.0,0.69,-12.375,5.555555555555555
2022-03-23,E12000004,East Midlands,4865583,6380.0,5667.714285714285,17.0,300.0,884.0,3702457.0,-21.444444444444443,0.7855555555555556,-30.375,0.69625,-10.25,5.333333333333333
2022-03-24,E12000004,East Midlands,4865583,5698.0,5733.857142857143,19.0,283.0,786.0,3702740.0,-21.77777777777778,0.7822222222222222,-29.125,0.70875,-7.5,5.222222222222222
2022-03-25,E12000004,East Midlands,4865583,5057.0,5768.0,15.0,332.0,1082.0,3703072.0,-22.22222222222222,0.7777777777777778,-25.625,0.74375,-5.625,4.125
2022-03-26,E12000004,East Midlands,4865583,4260.0,5759.571428571428,13.0,378.0,1453.0,3703450.0,-7.0,0.9299999999999999,-23.875,0.76125,-10.0,-0.5
2022-03-27,E12000004,East Midlands,4865583,4884.0,5693.142857142857,23.0,212.0,741.0,3703662.0,-3.25,0.9675,-19.625,0.80375,-6.875,-1.125
2022-03-28,E12000004,East Midlands,4865583,6613.0,5611.857142857143,17.0,208.0,724.0,3703870.0,-21.77777777777778,0.7822222222222222,-29.25,0.7075,-10.625,5.444444444444445
2022-03-29,E12000004,East Midlands,4865583,5494.0,5483.714285714285,16.0,277.0,888.0,3704147.0,-21.555555555555557,0.7844444444444444,-31.75,0.6825,-14.25,6.111111111111111
2022-03-30,E12000004,East Midlands,4865583,5270.0,5325.142857142857,12.0,269.0,917.0,3704416.0,-21.666666666666668,0.7833333333333333,-34.375,0.65625,-17.0,6.375
2022-03-31,E12000004,East Midlands,4865583,3694.0,5038.857142857143,17.0,278.0,954.0,3704694.0,-22.444444444444443,0.7755555555555556,-32.625,0.6737500000000001,-14.625,6.444444444444445
2020-09-01,E12000006,East of England,6269161,130.0,103.28571428571429,0.0,0.0,0.0,0.0,-42.72727272727273,0.5727272727272728,-32.142857142857146,0.6785714285714286,-9.166666666666666,10.272727272727273
2020-09-02,E12000006,East of England,6269161,177.0,115.0,1.0,0.0,0.0,0.0,-41.0,0.5900000000000001,-33.57142857142857,0.6642857142857144,-13.166666666666666,10.909090909090908
2020-09-03,E12000006,East of England,6269161,158.0,119.71428571428571,1.0,0.0,0.0,0.0,-40.81818181818182,0.5918181818181818,-37.375,0.62625,-16.166666666666668,11.0
2020-09-04,E12000006,East of England,6269161,122.0,122.57142857142857,2.0,0.0,0.0,0.0,-38.45454545454545,0.6154545454545455,-32.125,0.67875,-17.571428571428573,9.090909090909092
2020-09-05,E12000006,East of England,6269161,98.0,125.14285714285714,0.0,0.0,0.0,0.0,-7.4,0.9259999999999999,-27.333333333333332,0.7266666666666667,-21.88888888888889,2.4545454545454546
2020-09-06,E12000006,East of England,6269161,80.0,124.0,1.0,0.0,0.0,0.0,-4.0,0.96,-27.6,0.724,-18.166666666666668,1.5
2020-09-07,E12000006,East of England,6269161,156.0,131.57142857142858,0.0,0.0,0.0,0.0,-40.81818181818182,0.5918181818181818,-34.125,0.65875,-12.166666666666666,9.181818181818182
2020-09-08,E12000006,East of England,6269161,170.0,137.28571428571428,0.0,0.0,0.0,0.0,-39.72727272727273,0.6027272727272728,-30.285714285714285,0.6971428571428572,-13.333333333333334,9.181818181818182
2020-09-09,E12000006,East of England,6269161,129.0,130.42857142857142,0.0,0.0,0.0,0.0,-37.09090909090909,0.6290909090909091,-30.142857142857142,0.6985714285714286,-15.333333333333334,9.0
2020-09-10,E12000006,East of England,6269161,167.0,131.71428571428572,0.0,0.0,0.0,0.0,-37.63636363636363,0.6236363636363637,-31.125,0.68875,-14.833333333333334,8.909090909090908
2020-09-11,E12000006,East of England,6269161,131.0,133.0,0.0,0.0,0.0,0.0,-36.09090909090909,0.639090909090909,-28.09090909090909,0.7190909090909091,-16.90909090909091,7.636363636363637
2020-09-12,E12000006,East of England,6269161,85.0,131.14285714285714,0.0,0.0,0.0,0.0,-5.818181818181818,0.9418181818181818,-24.0,0.76,-21.818181818181817,2.3636363636363638
2020-09-13,E12000006,East of England,6269161,58.0,128.0,1.0,0.0,0.0,0.0,-2.3636363636363638,0.9763636363636363,-17.272727272727273,0.8272727272727273,-17.181818181818183,0.5
2020-09-14,E12000006,East of England,6269161,146.0,126.57142857142857,1.0,0.0,0.0,0.0,-34.63636363636363,0.6536363636363637,-30.636363636363637,0.6936363636363636,-12.454545454545455,8.090909090909092
2020-09-15,E12000006,East of England,6269161,151.0,123.85714285714286,0.0,0.0,0.0,0.0,-34.36363636363637,0.6563636363636363,-31.181818181818183,0.6881818181818182,-14.272727272727273,8.818181818181818
2020-09-16,E12000006,East of England,6269161,142.0,125.71428571428571,1.0,0.0,0.0,0.0,-33.72727272727273,0.6627272727272727,-31.818181818181817,0.6818181818181819,-16.545454545454547,9.090909090909092
2020-09-17,E12000006,East of England,6269161,148.0,123.0,1.0,0.0,0.0,0.0,-34.18181818181818,0.6581818181818182,-32.90909090909091,0.6709090909090909,-15.363636363636363,8.818181818181818
2020-09-18,E12000006,East of England,6269161,212.0,134.57142857142858,0.0,0.0,0.0,0.0,-33.09090909090909,0.6690909090909091,-29.636363636363637,0.7036363636363636,-17.363636363636363,7.636363636363637
2020-09-19,E12000006,East of England,6269161,147.0,143.42857142857142,0.0,0.0,0.0,0.0,-5.818181818181818,0.9418181818181818,-25.90909090909091,0.740909090909091,-21.818181818181817,2.8181818181818183
2020-09-20,E12000006,East of England,6269161,163.0,158.42857142857142,2.0,0.0,0.0,0.0,-2.8181818181818183,0.9718181818181818,-20.545454545454547,0.7945454545454546,-18.454545454545453,1.6
2020-09-21,E12000006,East of England,6269161,167.0,161.42857142857142,0.0,0.0,0.0,0.0,-35.36363636363637,0.6463636363636363,-32.63636363636363,0.6736363636363636,-14.181818181818182,8.363636363636363
2020-09-22,E12000006,East of England,6269161,219.0,171.14285714285714,3.0,0.0,0.0,0.0,-34.27272727272727,0.6572727272727272,-32.81818181818182,0.6718181818181819,-15.909090909090908,8.818181818181818
2020-09-23,E12000006,East of England,6269161,197.0,179.0,1.0,0.0,0.0,0.0,-32.54545454545455,0.6745454545454546,-36.81818181818182,0.6318181818181818,-22.363636363636363,10.636363636363637
2020-09-24,E12000006,East of England,6269161,227.0,190.28571428571428,1.0,0.0,0.0,0.0,-32.72727272727273,0.6727272727272727,-37.90909090909091,0.6209090909090909,-20.636363636363637,10.363636363636363
2020-09-25,E12000006,East of England,6269161,217.0,191.0,3.0,0.0,0.0,0.0,-32.18181818181818,0.6781818181818182,-35.90909090909091,0.6409090909090909,-24.09090909090909,10.0
2020-09-26,E12000006,East of England,6269161,168.0,194.0,1.0,0.0,0.0,0.0,-6.2727272727272725,0.9372727272727273,-34.63636363636363,0.6536363636363637,-26.363636363636363,4.909090909090909
2020-09-27,E12000006,East of England,6269161,210.0,200.71428571428572,1.0,0.0,0.0,0.0,-3.8181818181818183,0.9618181818181818,-32.36363636363637,0.6763636363636363,-26.181818181818183,3.909090909090909
2020-09-28,E12000006,East of England,6269161,311.0,221.28571428571428,4.0,0.0,0.0,0.0,-31.636363636363637,0.6836363636363636,-35.90909090909091,0.6409090909090909,-14.181818181818182,9.181818181818182
2020-09-29,E12000006,East of England,6269161,335.0,237.85714285714286,4.0,0.0,0.0,0.0,-31.636363636363637,0.6836363636363636,-37.0,0.63,-18.636363636363637,10.090909090909092
2020-09-30,E12000006,East of England,6269161,366.0,262.0,2.0,0.0,0.0,0.0,-31.0,0.69,-35.81818181818182,0.6418181818181818,-18.363636363636363,10.090909090909092
2020-10-01,E12000006,East of England,6269161,363.0,281.42857142857144,3.0,0.0,0.0,0.0,-29.09090909090909,0.7090909090909091,-36.36363636363637,0.6363636363636364,-17.636363636363637,9.818181818181818
2020-10-02,E12000006,East of England,6269161,423.0,310.85714285714283,1.0,0.0,0.0,0.0,-29.636363636363637,0.7036363636363636,-34.18181818181818,0.6581818181818182,-27.09090909090909,10.636363636363637
2020-10-03,E12000006,East of England,6269161,366.0,339.14285714285717,1.0,0.0,0.0,0.0,-7.0,0.9299999999999999,-34.09090909090909,0.6590909090909091,-26.90909090909091,6.181818181818182
2020-10-04,E12000006,East of England,6269161,360.0,360.57142857142856,1.0,0.0,0.0,0.0,-5.909090909090909,0.9409090909090909,-35.72727272727273,0.6427272727272728,-30.818181818181817,5.090909090909091
2020-10-05,E12000006,East of England,6269161,538.0,393.0,1.0,0.0,0.0,0.0,-31.272727272727273,0.6872727272727273,-34.72727272727273,0.6527272727272727,-18.545454545454547,9.545454545454545
2020-10-06,E12000006,East of England,6269161,570.0,426.57142857142856,4.0,0.0,0.0,0.0,-30.90909090909091,0.6909090909090909,-35.27272727272727,0.6472727272727272,-20.181818181818183,9.818181818181818
2020-10-07,E12000006,East of England,6269161,553.0,453.2857142857143,8.0,0.0,0.0,0.0,-28.636363636363637,0.7136363636363636,-35.09090909090909,0.649090909090909,-18.545454545454547,9.454545454545455
2020-10-08,E12000006,East of England,6269161,581.0,484.42857142857144,3.0,0.0,0.0,0.0,-30.0,0.7,-39.0,0.61,-22.272727272727273,10.454545454545455
2020-10-09,E12000006,East of England,6269161,570.0,505.42857142857144,2.0,0.0,0.0,0.0,-28.09090909090909,0.7190909090909091,-34.09090909090909,0.6590909090909091,-22.363636363636363,9.181818181818182
2020-10-10,E12000006,East of England,6269161,336.0,501.14285714285717,6.0,0.0,0.0,0.0,-3.8181818181818183,0.9618181818181818,-34.09090909090909,0.6590909090909091,-24.545454545454547,5.0
2020-10-11,E12000006,East of England,6269161,379.0,503.85714285714283,4.0,0.0,0.0,0.0,-0.5454545454545454,0.9945454545454545,-30.181818181818183,0.6981818181818182,-23.727272727272727,3.4545454545454546
2020-10-12,E12000006,East of England,6269161,711.0,528.5714285714286,2.0,0.0,0.0,0.0,-30.727272727272727,0.6927272727272727,-37.81818181818182,0.6218181818181818,-21.272727272727273,10.090909090909092
2020-10-13,E12000006,East of England,6269161,735.0,552.1428571428571,2.0,0.0,0.0,0.0,-30.0,0.7,-38.36363636363637,0.6163636363636363,-23.09090909090909,10.818181818181818
2020-10-14,E12000006,East of England,6269161,684.0,570.8571428571429,2.0,0.0,0.0,0.0,-28.09090909090909,0.7190909090909091,-37.36363636363637,0.6263636363636363,-21.363636363636363,10.545454545454545
2020-10-15,E12000006,East of England,6269161,852.0,609.5714285714286,5.0,0.0,0.0,0.0,-28.727272727272727,0.7127272727272727,-38.63636363636363,0.6136363636363636,-21.09090909090909,10.454545454545455
2020-10-16,E12000006,East of England,6269161,662.0,622.7142857142857,6.0,0.0,0.0,0.0,-27.181818181818183,0.7281818181818182,-35.36363636363637,0.6463636363636363,-21.636363636363637,9.454545454545455
2020-10-17,E12000006,East of England,6269161,512.0,647.8571428571429,8.0,0.0,0.0,0.0,-4.0,0.96,-37.09090909090909,0.6290909090909091,-24.818181818181817,5.818181818181818
2020-10-18,E12000006,East of England,6269161,586.0,677.4285714285714,6.0,0.0,0.0,0.0,-3.1818181818181817,0.9681818181818181,-36.0,0.64,-24.636363636363637,4.454545454545454
2020-10-19,E12000006,East of England,6269161,1054.0,726.4285714285714,6.0,0.0,0.0,0.0,-30.545454545454547,0.6945454545454546,-38.27272727272727,0.6172727272727272,-18.727272727272727,10.181818181818182
2020-10-20,E12000006,East of England,6269161,1106.0,779.4285714285714,11.0,0.0,0.0,0.0,-30.181818181818183,0.6981818181818182,-39.09090909090909,0.6090909090909091,-20.272727272727273,10.818181818181818
2020-10-21,E12000006,East of England,6269161,1055.0,832.4285714285714,12.0,0.0,0.0,0.0,-29.90909090909091,0.7009090909090909,-42.27272727272727,0.5772727272727273,-26.363636363636363,12.363636363636363
2020-10-22,E12000006,East of England,6269161,1002.0,853.8571428571429,9.0,0.0,0.0,0.0,-29.09090909090909,0.7090909090909091,-39.36363636363637,0.6063636363636363,-17.818181818181817,10.636363636363637
2020-10-23,E12000006,East of England,6269161,1007.0,903.1428571428571,16.0,0.0,0.0,0.0,-29.545454545454547,0.7045454545454546,-37.27272727272727,0.6272727272727272,-20.0,10.454545454545455
2020-10-24,E12000006,East of England,6269161,600.0,915.7142857142857,6.0,0.0,0.0,0.0,-4.909090909090909,0.9509090909090909,-37.54545454545455,0.6245454545454545,-26.727272727272727,5.818181818181818
2020-10-25,E12000006,East of England,6269161,576.0,914.2857142857143,13.0,0.0,0.0,0.0,-2.090909090909091,0.9790909090909091,-34.63636363636363,0.6536363636363637,-19.818181818181817,3.727272727272727
2020-10-26,E12000006,East of England,6269161,1156.0,928.8571428571429,10.0,0.0,0.0,0.0,-42.27272727272727,0.5772727272727273,-41.63636363636363,0.5836363636363637,-9.0,11.545454545454545
2020-10-27,E12000006,East of England,6269161,940.0,905.1428571428571,12.0,0.0,0.0,0.0,-42.63636363636363,0.5736363636363637,-43.45454545454545,0.5654545454545454,-14.636363636363637,13.272727272727273
2020-10-28,E12000006,East of England,6269161,1028.0,901.2857142857143,15.0,0.0,0.0,0.0,-40.72727272727273,0.5927272727272728,-42.36363636363637,0.5763636363636364,-10.818181818181818,12.454545454545455
2020-10-29,E12000006,East of England,6269161,986.0,899.0,18.0,0.0,0.0,0.0,-42.09090909090909,0.5790909090909091,-45.81818181818182,0.5418181818181818,-15.0,13.636363636363637
2020-10-30,E12000006,East of England,6269161,1000.0,898.0,19.0,0.0,0.0,0.0,-40.0,0.6,-40.36363636363637,0.5963636363636363,-14.545454545454545,11.636363636363637
2020-10-31,E12000006,East of England,6269161,733.0,917.0,19.0,0.0,0.0,0.0,-5.181818181818182,0.9481818181818182,-38.81818181818182,0.6118181818181818,-28.818181818181817,6.0
2020-11-01,E12000006,East of England,6269161,637.0,925.7142857142857,19.0,0.0,0.0,0.0,-0.7272727272727273,0.9927272727272727,-36.27272727272727,0.6372727272727272,-19.0,3.909090909090909
2020-11-02,E12000006,East of England,6269161,1395.0,959.8571428571429,14.0,0.0,0.0,0.0,-29.545454545454547,0.7045454545454546,-38.36363636363637,0.6163636363636363,-4.818181818181818,9.454545454545455
2020-11-03,E12000006,East of England,6269161,1162.0,991.5714285714286,16.0,0.0,0.0,0.0,-28.181818181818183,0.7181818181818181,-36.09090909090909,0.639090909090909,-2.8181818181818183,9.363636363636363
2020-11-04,E12000006,East of England,6269161,1056.0,995.5714285714286,13.0,0.0,0.0,0.0,-25.363636363636363,0.7463636363636363,-32.63636363636363,0.6736363636363636,3.4545454545454546,7.909090909090909
2020-11-05,E12000006,East of England,6269161,1132.0,1016.4285714285714,21.0,0.0,0.0,0.0,-35.0,0.65,-50.45454545454545,0.4954545454545455,-53.54545454545455,15.090909090909092
2020-11-06,E12000006,East of England,6269161,1125.0,1034.2857142857142,22.0,0.0,0.0,0.0,-35.0,0.65,-51.36363636363637,0.48636363636363633,-54.45454545454545,16.272727272727273
2020-11-07,E12000006,East of England,6269161,1016.0,1074.7142857142858,16.0,0.0,0.0,0.0,-23.181818181818183,0.7681818181818182,-56.63636363636363,0.4336363636363637,-59.72727272727273,12.636363636363637
2020-11-08,E12000006,East of England,6269161,1094.0,1140.0,20.0,0.0,0.0,0.0,-23.545454545454547,0.7645454545454545,-55.18181818181818,0.44818181818181824,-59.27272727272727,10.363636363636363
2020-11-09,E12000006,East of England,6269161,1827.0,1201.7142857142858,26.0,0.0,0.0,0.0,-36.0,0.64,-50.81818181818182,0.4918181818181818,-47.0,14.818181818181818
2020-11-10,E12000006,East of England,6269161,1473.0,1246.142857142857,23.0,0.0,0.0,0.0,-36.27272727272727,0.6372727272727272,-48.54545454545455,0.5145454545454545,-47.63636363636363,15.0
2020-11-11,E12000006,East of England,6269161,1629.0,1328.0,23.0,0.0,0.0,0.0,-35.36363636363637,0.6463636363636363,-49.09090909090909,0.509090909090909,-48.36363636363637,15.454545454545455
2020-11-12,E12000006,East of England,6269161,1389.0,1364.7142857142858,18.0,0.0,0.0,0.0,-35.36363636363637,0.6463636363636363,-49.72727272727273,0.5027272727272727,-47.09090909090909,15.454545454545455
2020-11-13,E12000006,East of England,6269161,1377.0,1400.7142857142858,19.0,0.0,0.0,0.0,-35.0,0.65,-49.36363636363637,0.5063636363636363,-49.81818181818182,15.909090909090908
2020-11-14,E12000006,East of England,6269161,1012.0,1400.142857142857,24.0,0.0,0.0,0.0,-24.545454545454547,0.7545454545454545,-58.36363636363637,0.4163636363636364,-59.54545454545455,13.090909090909092
2020-11-15,E12000006,East of England,6269161,928.0,1376.4285714285713,11.0,0.0,0.0,0.0,-24.636363636363637,0.7536363636363637,-57.63636363636363,0.4236363636363637,-58.63636363636363,10.272727272727273
2020-11-16,E12000006,East of England,6269161,1615.0,1346.142857142857,17.0,0.0,0.0,0.0,-36.09090909090909,0.639090909090909,-50.36363636363637,0.49636363636363634,-45.81818181818182,14.636363636363637
2020-11-17,E12000006,East of England,6269161,1335.0,1326.4285714285713,21.0,0.0,0.0,0.0,-36.0,0.64,-48.72727272727273,0.5127272727272727,-46.72727272727273,14.909090909090908
2020-11-18,E12000006,East of England,6269161,1270.0,1275.142857142857,21.0,0.0,0.0,0.0,-34.81818181818182,0.6518181818181819,-49.45454545454545,0.5054545454545455,-47.09090909090909,15.363636363636363
2020-11-19,E12000006,East of England,6269161,1198.0,1247.857142857143,23.0,0.0,0.0,0.0,-35.81818181818182,0.6418181818181818,-51.27272727272727,0.4872727272727273,-47.36363636363637,15.727272727272727
2020-11-20,E12000006,East of England,6269161,1079.0,1205.2857142857142,22.0,0.0,0.0,0.0,-35.45454545454545,0.6454545454545455,-50.63636363636363,0.49363636363636365,-49.54545454545455,16.181818181818183
2020-11-21,E12000006,East of England,6269161,805.0,1175.7142857142858,26.0,0.0,0.0,0.0,-22.818181818181817,0.7718181818181818,-55.27272727272727,0.44727272727272727,-54.90909090909091,12.0
2020-11-22,E12000006,East of England,6269161,813.0,1159.2857142857142,25.0,0.0,0.0,0.0,-21.818181818181817,0.7818181818181819,-52.63636363636363,0.47363636363636363,-53.09090909090909,9.090909090909092
2020-11-23,E12000006,East of England,6269161,1257.0,1108.142857142857,24.0,0.0,0.0,0.0,-36.0,0.64,-49.72727272727273,0.5027272727272727,-43.0,14.363636363636363
2020-11-24,E12000006,East of England,6269161,1051.0,1067.5714285714287,23.0,0.0,0.0,0.0,-35.81818181818182,0.6418181818181818,-48.81818181818182,0.5118181818181817,-45.27272727272727,14.727272727272727
2020-11-25,E12000006,East of England,6269161,1218.0,1060.142857142857,31.0,0.0,0.0,0.0,-34.09090909090909,0.6590909090909091,-49.09090909090909,0.509090909090909,-46.36363636363637,15.363636363636363
2020-11-26,E12000006,East of England,6269161,1041.0,1037.7142857142858,19.0,0.0,0.0,0.0,-34.90909090909091,0.6509090909090909,-49.45454545454545,0.5054545454545455,-44.81818181818182,15.0
2020-11-27,E12000006,East of England,6269161,1143.0,1046.857142857143,24.0,0.0,0.0,0.0,-35.45454545454545,0.6454545454545455,-49.81818181818182,0.5018181818181817,-46.18181818181818,15.818181818181818
2020-11-28,E12000006,East of England,6269161,815.0,1048.2857142857142,30.0,0.0,0.0,0.0,-19.90909090909091,0.8009090909090909,-53.54545454545455,0.4645454545454545,-52.81818181818182,11.545454545454545
2020-11-29,E12000006,East of England,6269161,776.0,1043.0,18.0,0.0,0.0,0.0,-20.363636363636363,0.7963636363636364,-52.36363636363637,0.4763636363636363,-52.72727272727273,9.272727272727273
2020-11-30,E12000006,East of England,6269161,1535.0,1082.7142857142858,27.0,0.0,0.0,0.0,-34.81818181818182,0.6518181818181819,-50.0,0.5,-39.72727272727273,14.0
2020-12-01,E12000006,East of England,6269161,1303.0,1118.7142857142858,32.0,0.0,0.0,0.0,-33.18181818181818,0.6681818181818182,-47.0,0.53,-40.63636363636363,13.909090909090908
2020-12-02,E12000006,East of England,6269161,1459.0,1153.142857142857,22.0,0.0,0.0,0.0,-27.636363636363637,0.7236363636363636,-41.36363636363637,0.5863636363636363,-21.818181818181817,12.181818181818182
2020-12-03,E12000006,East of England,6269161,1353.0,1197.7142857142858,26.0,0.0,0.0,0.0,-29.181818181818183,0.7081818181818182,-43.36363636363637,0.5663636363636364,-25.09090909090909,12.909090909090908
2020-12-04,E12000006,East of England,6269161,1399.0,1234.2857142857142,28.0,0.0,0.0,0.0,-29.272727272727273,0.7072727272727273,-40.63636363636363,0.5936363636363637,-26.363636363636363,12.545454545454545
2020-12-05,E12000006,East of England,6269161,1211.0,1290.857142857143,30.0,0.0,0.0,0.0,-4.363636363636363,0.9563636363636364,-33.72727272727273,0.6627272727272727,-26.09090909090909,6.818181818181818
2020-12-06,E12000006,East of England,6269161,1318.0,1368.2857142857142,28.0,0.0,0.0,0.0,-6.0,0.94,-36.45454545454545,0.6354545454545455,-29.0,5.909090909090909
2020-12-07,E12000006,East of England,6269161,2223.0,1466.5714285714287,28.0,0.0,0.0,0.0,-31.181818181818183,0.6881818181818182,-40.90909090909091,0.5909090909090909,-18.0,11.363636363636363
2020-12-08,E12000006,East of England,6269161,2115.0,1582.5714285714287,29.0,228.0,8.0,228.0,-29.09090909090909,0.7090909090909091,-40.0,0.6,-20.545454545454547,11.636363636363637
2020-12-09,E12000006,East of England,6269161,2283.0,1700.2857142857142,36.0,1150.0,0.0,1378.0,-28.636363636363637,0.7136363636363636,-40.36363636363637,0.5963636363636363,-22.0,12.0
2020-12-10,E12000006,East of England,6269161,2343.0,1841.7142857142858,39.0,1537.0,0.0,2915.0,-29.454545454545453,0.7054545454545454,-40.45454545454545,0.5954545454545455,-21.818181818181817,12.0
2020-12-11,E12000006,East of England,6269161,2722.0,2030.7142857142858,52.0,1467.0,2.0,4382.0,-29.0,0.71,-37.90909090909091,0.6209090909090909,-25.181818181818183,12.090909090909092
2020-12-12,E12000006,East of England,6269161,2264.0,2181.1428571428573,32.0,1078.0,0.0,5460.0,-5.2727272727272725,0.9472727272727273,-33.36363636363637,0.6663636363636363,-29.90909090909091,6.909090909090909
2020-12-13,E12000006,East of England,6269161,2791.0,2391.5714285714284,36.0,1320.0,0.0,6780.0,-7.181818181818182,0.9281818181818182,-38.72727272727273,0.6127272727272728,-34.45454545454545,6.545454545454546
2020-12-14,E12000006,East of England,6269161,4492.0,2715.714285714286,39.0,1553.0,18.0,8333.0,-32.0,0.6799999999999999,-40.0,0.6,-16.636363636363637,11.181818181818182
2020-12-15,E12000006,East of England,6269161,4407.0,3043.1428571428573,42.0,8258.0,21.0,16591.0,-31.636363636363637,0.6836363636363636,-36.81818181818182,0.6318181818181818,-17.454545454545453,11.272727272727273
2020-12-16,E12000006,East of England,6269161,4780.0,3399.8571428571427,41.0,11560.0,27.0,28151.0,-31.09090909090909,0.6890909090909091,-41.18181818181818,0.5881818181818181,-25.272727272727273,13.090909090909092
2020-12-17,E12000006,East of England,6269161,4688.0,3734.8571428571427,45.0,10791.0,27.0,38942.0,-32.36363636363637,0.6763636363636363,-39.72727272727273,0.6027272727272728,-21.363636363636363,12.909090909090908
2020-12-18,E12000006,East of England,6269161,5206.0,4089.714285714286,57.0,6803.0,11.0,45745.0,-34.54545454545455,0.6545454545454545,-39.81818181818182,0.6018181818181818,-24.636363636363637,13.818181818181818
2020-12-19,E12000006,East of England,6269161,3453.0,4259.571428571428,64.0,7021.0,5.0,52766.0,-9.454545454545455,0.9054545454545455,-34.54545454545455,0.6545454545454545,-35.63636363636363,8.272727272727273
2020-12-20,E12000006,East of England,6269161,4683.0,4529.857142857143,61.0,5558.0,0.0,58324.0,-11.0,0.89,-44.72727272727273,0.5527272727272727,-48.90909090909091,8.0
2020-12-21,E12000006,East of England,6269161,6813.0,4861.428571428572,71.0,3970.0,3.0,62294.0,-49.36363636363637,0.5063636363636363,-54.63636363636363,0.4536363636363636,-33.72727272727273,17.545454545454547
2020-12-22,E12000006,East of England,6269161,6464.0,5155.285714285715,56.0,3918.0,4.0,66212.0,-51.0,0.49,-54.27272727272727,0.4572727272727273,-31.90909090909091,17.90909090909091
2020-12-23,E12000006,East of England,6269161,5975.0,5326.0,72.0,4260.0,0.0,70472.0,-53.36363636363637,0.4663636363636363,-55.90909090909091,0.4409090909090909,-32.81818181818182,19.90909090909091
2020-12-24,E12000006,East of England,6269161,4403.0,5285.285714285715,75.0,1911.0,1.0,72383.0,-66.0909090909091,0.3390909090909091,-61.27272727272727,0.3872727272727272,-38.18181818181818,23.09090909090909
2020-12-25,E12000006,East of England,6269161,1769.0,4794.285714285715,81.0,38.0,0.0,72421.0,-86.81818181818181,0.13181818181818183,-85.72727272727273,0.1427272727272727,-92.18181818181819,30.545454545454547
2020-12-26,E12000006,East of England,6269161,5846.0,5136.142857142857,83.0,102.0,1.0,72523.0,-56.18181818181818,0.43818181818181823,-79.0909090909091,0.2090909090909091,-84.18181818181819,16.818181818181817
2020-12-27,E12000006,East of England,6269161,6664.0,5419.142857142857,70.0,158.0,0.0,72681.0,-30.454545454545453,0.6954545454545455,-60.54545454545455,0.39454545454545453,-63.54545454545455,10.818181818181818
2020-12-28,E12000006,East of England,6269161,6066.0,5312.428571428572,90.0,554.0,0.0,73235.0,-77.45454545454545,0.22545454545454546,-72.54545454545455,0.27454545454545454,-55.09090909090909,27.818181818181817
2020-12-29,E12000006,East of England,6269161,11306.0,6004.142857142857,84.0,3703.0,148.0,76938.0,-67.45454545454545,0.32545454545454544,-65.9090909090909,0.34090909090909094,-49.54545454545455,25.09090909090909
2020-12-30,E12000006,East of England,6269161,8896.0,6421.428571428572,96.0,7294.0,547.0,84232.0,-66.18181818181819,0.33818181818181814,-64.9090909090909,0.35090909090909095,-48.63636363636363,25.181818181818183
2020-12-31,E12000006,East of England,6269161,6603.0,6735.714285714285,102.0,6962.0,730.0,91194.0,-68.81818181818181,0.3118181818181819,-68.45454545454545,0.31545454545454543,-50.0,25.818181818181817
2021-01-01,E12000006,East of England,6269161,4114.0,7070.714285714285,107.0,2604.0,304.0,93798.0,-84.0,0.16000000000000003,-82.9090909090909,0.1709090909090909,-81.45454545454545,33.18181818181818
2021-01-02,E12000006,East of England,6269161,7402.0,7293.0,94.0,1895.0,732.0,95693.0,-35.54545454545455,0.6445454545454545,-65.72727272727273,0.34272727272727266,-65.18181818181819,15.636363636363637
2021-01-03,E12000006,East of England,6269161,6618.0,7286.428571428572,112.0,1493.0,738.0,97186.0,-26.454545454545453,0.7354545454545455,-62.09090909090909,0.37909090909090903,-64.81818181818181,11.636363636363637
2021-01-04,E12000006,East of England,6269161,9547.0,7783.714285714285,125.0,3184.0,956.0,100370.0,-47.09090909090909,0.5290909090909091,-62.45454545454545,0.3754545454545455,-52.81818181818182,19.454545454545453
2021-01-05,E12000006,East of England,6269161,7372.0,7221.714285714285,141.0,6255.0,7053.0,106625.0,-48.27272727272727,0.5172727272727273,-62.27272727272727,0.3772727272727273,-59.27272727272727,20.727272727272727
2021-01-06,E12000006,East of England,6269161,6396.0,6864.571428571428,118.0,8831.0,10184.0,115456.0,-47.09090909090909,0.5290909090909091,-61.0,0.39,-59.45454545454545,21.0
2021-01-07,E12000006,East of England,6269161,5924.0,6767.571428571428,151.0,15842.0,9464.0,131298.0,-48.0,0.52,-61.90909090909091,0.380909090909091,-59.0,21.363636363636363
2021-01-08,E12000006,East of England,6269161,5332.0,6941.571428571428,131.0,16564.0,5203.0,147862.0,-47.09090909090909,0.5290909090909091,-63.09090909090909,0.369090909090909,-61.45454545454545,21.818181818181817
2021-01-09,E12000006,East of England,6269161,4147.0,6476.571428571428,170.0,12791.0,4995.0,160653.0,-28.727272727272727,0.7127272727272727,-62.90909090909091,0.37090909090909097,-66.0,14.727272727272727
2021-01-10,E12000006,East of England,6269161,3816.0,6076.285714285715,186.0,7729.0,3237.0,168382.0,-27.90909090909091,0.7209090909090909,-62.54545454545455,0.3745454545454545,-66.63636363636364,11.909090909090908
2021-01-11,E12000006,East of England,6269161,6267.0,5607.714285714285,156.0,9342.0,900.0,177724.0,-48.09090909090909,0.519090909090909,-62.27272727272727,0.3772727272727273,-56.63636363636363,19.90909090909091
2021-01-12,E12000006,East of England,6269161,5329.0,5315.857142857143,186.0,14118.0,429.0,191842.0,-49.0,0.51,-62.54545454545455,0.3745454545454545,-59.36363636363637,20.727272727272727
2021-01-13,E12000006,East of England,6269161,5023.0,5119.714285714285,179.0,19001.0,316.0,210843.0,-48.54545454545455,0.5145454545454545,-64.0909090909091,0.359090909090909,-61.54545454545455,21.09090909090909
2021-01-14,E12000006,East of England,6269161,4711.0,4946.428571428572,166.0,25439.0,145.0,236282.0,-50.27272727272727,0.4972727272727273,-65.9090909090909,0.34090909090909094,-63.72727272727273,21.727272727272727
2021-01-15,E12000006,East of England,6269161,4566.0,4837.0,185.0,34393.0,102.0,270675.0,-48.63636363636363,0.5136363636363637,-62.36363636363637,0.37636363636363634,-61.90909090909091,20.727272727272727
2021-01-16,E12000006,East of England,6269161,3065.0,4682.428571428572,189.0,41779.0,118.0,312454.0,-32.36363636363637,0.6763636363636363,-67.27272727272727,0.3272727272727274,-70.18181818181819,15.454545454545455
2021-01-17,E12000006,East of England,6269161,3092.0,4579.0,203.0,23307.0,90.0,335761.0,-28.0,0.72,-60.54545454545455,0.39454545454545453,-64.9090909090909,10.636363636363637
2021-01-18,E12000006,East of England,6269161,4754.0,4362.857142857143,177.0,18235.0,60.0,353996.0,-49.27272727272727,0.5072727272727273,-61.45454545454545,0.3854545454545455,-57.81818181818182,19.181818181818183
2021-01-19,E12000006,East of England,6269161,4104.0,4187.857142857143,181.0,43426.0,70.0,397422.0,-50.0,0.5,-62.0,0.38,-59.81818181818182,20.181818181818183
2021-01-20,E12000006,East of England,6269161,3754.0,4006.5714285714284,196.0,46515.0,101.0,443937.0,-48.90909090909091,0.510909090909091,-63.09090909090909,0.369090909090909,-61.27272727272727,20.90909090909091
2021-01-21,E12000006,East of England,6269161,3397.0,3818.8571428571427,195.0,47058.0,131.0,490995.0,-48.81818181818182,0.5118181818181817,-61.54545454545455,0.3845454545454545,-58.45454545454545,20.363636363636363
2021-01-22,E12000006,East of England,6269161,3184.0,3621.4285714285716,181.0,58463.0,73.0,549458.0,-47.45454545454545,0.5254545454545454,-61.09090909090909,0.38909090909090904,-58.90909090909091,20.454545454545453
2021-01-23,E12000006,East of England,6269161,2332.0,3516.714285714286,152.0,63583.0,98.0,613041.0,-27.90909090909091,0.7209090909090909,-64.18181818181819,0.35818181818181816,-65.0909090909091,14.0
2021-01-24,E12000006,East of England,6269161,1827.0,3336.0,172.0,29838.0,62.0,642879.0,-31.454545454545453,0.6854545454545455,-65.54545454545455,0.3445454545454545,-70.27272727272727,11.636363636363637
2021-01-25,E12000006,East of England,6269161,3253.0,3121.5714285714284,156.0,22647.0,60.0,665526.0,-50.81818181818182,0.4918181818181818,-61.72727272727273,0.3827272727272727,-57.90909090909091,19.90909090909091
2021-01-26,E12000006,East of England,6269161,2936.0,2954.714285714286,126.0,24835.0,48.0,690361.0,-49.27272727272727,0.5072727272727273,-63.0,0.37,-59.18181818181818,20.09090909090909
2021-01-27,E12000006,East of England,6269161,2594.0,2789.0,150.0,21894.0,69.0,712255.0,-47.27272727272727,0.5272727272727273,-61.09090909090909,0.38909090909090904,-56.81818181818182,19.90909090909091
2021-01-28,E12000006,East of England,6269161,2496.0,2660.285714285714,158.0,35092.0,143.0,747347.0,-48.18181818181818,0.5181818181818182,-62.72727272727273,0.3727272727272727,-56.90909090909091,20.181818181818183
2021-01-29,E12000006,East of England,6269161,2193.0,2518.714285714286,135.0,50717.0,202.0,798064.0,-46.36363636363637,0.5363636363636364,-60.18181818181818,0.3981818181818182,-56.72727272727273,19.90909090909091
2021-01-30,E12000006,East of England,6269161,1649.0,2421.1428571428573,125.0,49890.0,242.0,847954.0,-28.818181818181817,0.7118181818181819,-67.27272727272727,0.3272727272727274,-65.63636363636364,14.727272727272727
2021-01-31,E12000006,East of England,6269161,1544.0,2380.714285714286,115.0,31922.0,234.0,879876.0,-26.181818181818183,0.7381818181818182,-60.18181818181818,0.3981818181818182,-61.90909090909091,10.545454545454545
2021-02-01,E12000006,East of England,6269161,2211.0,2231.8571428571427,103.0,30584.0,193.0,910460.0,-47.63636363636363,0.5236363636363637,-60.36363636363637,0.39636363636363636,-54.45454545454545,18.545454545454547
2021-02-02,E12000006,East of England,6269161,2019.0,2100.8571428571427,103.0,32342.0,168.0,942802.0,-48.09090909090909,0.519090909090909,-60.0,0.4,-54.63636363636363,19.09090909090909
2021-02-03,E12000006,East of England,6269161,1860.0,1996.0,109.0,38474.0,182.0,981276.0,-46.90909090909091,0.530909090909091,-61.0,0.39,-56.45454545454545,19.636363636363637
2021-02-04,E12000006,East of England,6269161,1662.0,1876.857142857143,101.0,40998.0,252.0,1022274.0,-47.45454545454545,0.5254545454545454,-61.72727272727273,0.3827272727272727,-56.90909090909091,19.90909090909091
2021-02-05,E12000006,East of England,6269161,1508.0,1779.0,98.0,39006.0,456.0,1061280.0,-45.72727272727273,0.5427272727272727,-59.18181818181818,0.4081818181818182,-55.63636363636363,19.454545454545453
2021-02-06,E12000006,East of England,6269161,1091.0,1699.2857142857142,97.0,59270.0,130.0,1120550.0,-25.272727272727273,0.7472727272727273,-63.09090909090909,0.369090909090909,-62.09090909090909,13.272727272727273
2021-02-07,E12000006,East of England,6269161,972.0,1617.5714285714287,79.0,28322.0,65.0,1148872.0,-30.272727272727273,0.6972727272727273,-66.27272727272727,0.3372727272727274,-69.0,11.909090909090908
2021-02-08,E12000006,East of England,6269161,1269.0,1483.0,91.0,25085.0,91.0,1173957.0,-53.0,0.47,-64.0,0.36,-61.54545454545455,21.454545454545453
2021-02-09,E12000006,East of England,6269161,1193.0,1365.0,76.0,32687.0,187.0,1206644.0,-51.09090909090909,0.489090909090909,-63.0,0.37,-58.72727272727273,21.09090909090909
2021-02-10,E12000006,East of England,6269161,1284.0,1282.7142857142858,67.0,31891.0,351.0,1238535.0,-47.63636363636363,0.5236363636363637,-61.63636363636363,0.38363636363636366,-56.27272727272727,20.454545454545453
2021-02-11,E12000006,East of England,6269161,1097.0,1202.0,73.0,41689.0,298.0,1280224.0,-47.36363636363637,0.5263636363636364,-61.81818181818182,0.38181818181818183,-55.0,20.454545454545453
2021-02-12,E12000006,East of England,6269161,1021.0,1132.4285714285713,59.0,50619.0,374.0,1330843.0,-45.72727272727273,0.5427272727272727,-61.18181818181818,0.3881818181818182,-55.36363636363637,20.272727272727273
2021-02-13,E12000006,East of England,6269161,778.0,1087.7142857142858,46.0,48263.0,307.0,1379106.0,-25.545454545454547,0.7445454545454545,-62.90909090909091,0.37090909090909097,-59.36363636363637,13.272727272727273
2021-02-14,E12000006,East of England,6269161,697.0,1048.4285714285713,55.0,21916.0,149.0,1401022.0,-25.727272727272727,0.7427272727272727,-62.54545454545455,0.3745454545454545,-61.18181818181818,11.090909090909092
2021-02-15,E12000006,East of England,6269161,1178.0,1035.4285714285713,65.0,18543.0,353.0,1419565.0,-50.81818181818182,0.4918181818181818,-59.36363636363637,0.40636363636363637,-48.54545454545455,18.545454545454547
2021-02-16,E12000006,East of England,6269161,1027.0,1011.7142857142857,63.0,33442.0,364.0,1453007.0,-50.63636363636363,0.49363636363636365,-59.36363636363637,0.40636363636363637,-50.72727272727273,19.272727272727273
2021-02-17,E12000006,East of England,6269161,904.0,957.4285714285714,49.0,44930.0,520.0,1497937.0,-49.45454545454545,0.5054545454545455,-59.0,0.41000000000000003,-51.09090909090909,19.818181818181817
2021-02-18,E12000006,East of England,6269161,943.0,935.4285714285714,38.0,41142.0,484.0,1539079.0,-50.0,0.5,-59.36363636363637,0.40636363636363637,-50.63636363636363,20.09090909090909
2021-02-19,E12000006,East of England,6269161,759.0,898.0,44.0,32379.0,573.0,1571458.0,-48.63636363636363,0.5136363636363637,-58.54545454545455,0.41454545454545455,-52.54545454545455,19.90909090909091
2021-02-20,E12000006,East of England,6269161,677.0,883.5714285714286,37.0,33283.0,514.0,1604741.0,-22.636363636363637,0.7736363636363637,-57.54545454545455,0.42454545454545456,-56.54545454545455,11.818181818181818
2021-02-21,E12000006,East of England,6269161,604.0,870.2857142857143,25.0,12792.0,345.0,1617533.0,-21.0,0.79,-55.27272727272727,0.44727272727272727,-57.45454545454545,9.454545454545455
2021-02-22,E12000006,East of England,6269161,885.0,828.4285714285714,27.0,18039.0,622.0,1635572.0,-45.63636363636363,0.5436363636363637,-59.09090909090909,0.40909090909090906,-50.27272727272727,17.90909090909091
2021-02-23,E12000006,East of England,6269161,887.0,808.4285714285714,32.0,29740.0,1245.0,1665312.0,-45.54545454545455,0.5445454545454546,-57.36363636363637,0.4263636363636363,-49.27272727272727,17.90909090909091
2021-02-24,E12000006,East of England,6269161,637.0,770.2857142857143,25.0,41653.0,1518.0,1706965.0,-43.90909090909091,0.5609090909090909,-56.81818181818182,0.43181818181818177,-49.72727272727273,18.181818181818183
2021-02-25,E12000006,East of England,6269161,604.0,721.8571428571429,29.0,48294.0,2005.0,1755259.0,-44.36363636363637,0.5563636363636364,-57.63636363636363,0.4236363636363637,-49.63636363636363,18.363636363636363
2021-02-26,E12000006,East of England,6269161,530.0,689.1428571428571,23.0,49209.0,1984.0,1804468.0,-42.90909090909091,0.5709090909090909,-54.45454545454545,0.45545454545454545,-47.54545454545455,17.727272727272727
2021-02-27,E12000006,East of England,6269161,347.0,642.0,30.0,36582.0,1443.0,1841050.0,-19.181818181818183,0.8081818181818181,-54.54545454545455,0.4545454545454546,-52.45454545454545,10.909090909090908
2021-02-28,E12000006,East of England,6269161,360.0,607.1428571428571,20.0,17116.0,734.0,1858166.0,-17.90909090909091,0.8209090909090909,-53.18181818181818,0.46818181818181825,-52.18181818181818,9.0
2021-03-01,E12000006,East of England,6269161,536.0,557.2857142857143,17.0,12610.0,1043.0,1870776.0,-44.18181818181818,0.5581818181818182,-57.0,0.43000000000000005,-46.0,16.90909090909091
2021-03-02,E12000006,East of England,6269161,560.0,510.57142857142856,23.0,16816.0,2424.0,1887592.0,-44.27272727272727,0.5572727272727273,-56.0,0.43999999999999995,-48.36363636363637,17.454545454545453
2021-03-03,E12000006,East of England,6269161,475.0,487.42857142857144,11.0,27383.0,4006.0,1914975.0,-43.27272727272727,0.5672727272727273,-57.36363636363637,0.4263636363636363,-50.63636363636363,18.181818181818183
2021-03-04,E12000006,East of England,6269161,450.0,465.42857142857144,15.0,40021.0,4378.0,1954996.0,-43.72727272727273,0.5627272727272727,-57.45454545454545,0.4254545454545454,-49.81818181818182,18.272727272727273
2021-03-05,E12000006,East of England,6269161,402.0,447.14285714285717,14.0,44515.0,2633.0,1999511.0,-41.72727272727273,0.5827272727272728,-55.72727272727273,0.44272727272727275,-49.36363636363637,18.0
2021-03-06,E12000006,East of England,6269161,287.0,438.57142857142856,16.0,39473.0,2095.0,2038984.0,-19.272727272727273,0.8072727272727273,-57.72727272727273,0.42272727272727273,-54.18181818181818,11.636363636363637
2021-03-07,E12000006,East of England,6269161,298.0,429.7142857142857,20.0,13625.0,1194.0,2052609.0,-17.0,0.83,-54.0,0.45999999999999996,-53.36363636363637,9.0
2021-03-08,E12000006,East of England,6269161,505.0,425.2857142857143,12.0,15491.0,2326.0,2068100.0,-40.90909090909091,0.5909090909090909,-52.63636363636363,0.47363636363636363,-43.0,15.181818181818182
2021-03-09,E12000006,East of England,6269161,416.0,404.7142857142857,9.0,15998.0,5419.0,2084098.0,-40.09090909090909,0.5990909090909091,-49.90909090909091,0.500909090909091,-44.45454545454545,14.727272727272727
2021-03-10,E12000006,East of England,6269161,422.0,397.14285714285717,10.0,25319.0,5618.0,2109417.0,-39.90909090909091,0.600909090909091,-55.09090909090909,0.4490909090909091,-51.90909090909091,17.09090909090909
2021-03-11,E12000006,East of England,6269161,419.0,392.7142857142857,12.0,12785.0,4073.0,2122202.0,-39.18181818181818,0.6081818181818182,-52.72727272727273,0.4727272727272728,-48.45454545454545,16.181818181818183
2021-03-12,E12000006,East of England,6269161,399.0,392.2857142857143,3.0,35970.0,3885.0,2158172.0,-37.09090909090909,0.6290909090909091,-51.27272727272727,0.4872727272727273,-47.54545454545455,15.545454545454545
2021-03-13,E12000006,East of England,6269161,311.0,395.7142857142857,10.0,51128.0,2391.0,2209300.0,-19.09090909090909,0.8090909090909091,-57.63636363636363,0.4236363636363637,-52.81818181818182,11.181818181818182
2021-03-14,E12000006,East of England,6269161,322.0,399.14285714285717,8.0,29093.0,1664.0,2238393.0,-8.909090909090908,0.9109090909090909,-52.54545454545455,0.4745454545454545,-54.54545454545455,7.7272727272727275
2021-03-15,E12000006,East of England,6269161,482.0,395.85714285714283,7.0,43660.0,3556.0,2282053.0,-38.81818181818182,0.6118181818181818,-50.27272727272727,0.4972727272727273,-44.18181818181818,14.363636363636363
2021-03-16,E12000006,East of England,6269161,378.0,390.42857142857144,12.0,45556.0,4632.0,2327609.0,-39.0,0.61,-51.36363636363637,0.48636363636363633,-47.36363636363637,15.090909090909092
2021-03-17,E12000006,East of England,6269161,467.0,396.85714285714283,6.0,46531.0,7958.0,2374140.0,-36.90909090909091,0.6309090909090909,-50.0,0.5,-47.18181818181818,15.181818181818182
2021-03-18,E12000006,East of England,6269161,378.0,391.0,4.0,60564.0,8750.0,2434704.0,-37.90909090909091,0.6209090909090909,-51.0,0.49,-48.18181818181818,15.818181818181818
2021-03-19,E12000006,East of England,6269161,373.0,387.2857142857143,5.0,63228.0,8998.0,2497932.0,-35.81818181818182,0.6418181818181818,-47.36363636363637,0.5263636363636364,-46.54545454545455,14.818181818181818
2021-03-20,E12000006,East of England,6269161,259.0,379.85714285714283,4.0,79669.0,7106.0,2577601.0,-16.90909090909091,0.8309090909090909,-54.81818181818182,0.4518181818181818,-53.54545454545455,11.181818181818182
2021-03-21,E12000006,East of England,6269161,450.0,398.14285714285717,9.0,36055.0,5932.0,2613656.0,-14.909090909090908,0.850909090909091,-51.72727272727273,0.4827272727272728,-52.81818181818182,8.727272727272727
2021-03-22,E12000006,East of England,6269161,470.0,396.42857142857144,5.0,36057.0,7532.0,2649713.0,-37.45454545454545,0.6254545454545455,-48.09090909090909,0.519090909090909,-41.54545454545455,13.909090909090908
2021-03-23,E12000006,East of England,6269161,329.0,389.42857142857144,4.0,33773.0,13359.0,2683486.0,-37.27272727272727,0.6272727272727272,-47.90909090909091,0.520909090909091,-43.54545454545455,14.272727272727273
2021-03-24,E12000006,East of England,6269161,487.0,392.2857142857143,3.0,33235.0,16790.0,2716721.0,-36.09090909090909,0.639090909090909,-49.36363636363637,0.5063636363636363,-44.36363636363637,14.545454545454545
2021-03-25,E12000006,East of England,6269161,399.0,395.2857142857143,6.0,33397.0,16746.0,2750118.0,-36.36363636363637,0.6363636363636364,-49.63636363636363,0.5036363636363637,-44.27272727272727,14.727272727272727
2021-03-26,E12000006,East of England,6269161,311.0,386.42857142857144,1.0,35999.0,17012.0,2786117.0,-35.81818181818182,0.6418181818181818,-50.45454545454545,0.4954545454545455,-47.0,15.636363636363637
2021-03-27,E12000006,East of England,6269161,259.0,386.42857142857144,2.0,55065.0,21105.0,2841182.0,-16.727272727272727,0.8327272727272728,-52.72727272727273,0.4727272727272728,-50.45454545454545,10.545454545454545
2021-03-28,E12000006,East of England,6269161,354.0,372.7142857142857,6.0,28568.0,9910.0,2869750.0,-16.454545454545453,0.8354545454545454,-54.0,0.45999999999999996,-54.72727272727273,8.909090909090908
2021-03-29,E12000006,East of England,6269161,257.0,342.2857142857143,2.0,22772.0,11972.0,2892522.0,-45.36363636363637,0.5463636363636364,-49.36363636363637,0.5063636363636363,-35.09090909090909,14.272727272727273
2021-03-30,E12000006,East of England,6269161,224.0,327.2857142857143,6.0,21748.0,24465.0,2914270.0,-45.09090909090909,0.5490909090909091,-46.27272727272727,0.5372727272727273,-35.63636363636363,13.545454545454545
2021-03-31,E12000006,East of England,6269161,275.0,297.0,3.0,20292.0,31048.0,2934562.0,-44.63636363636363,0.5536363636363637,-46.18181818181818,0.5381818181818182,-36.45454545454545,14.363636363636363
2021-04-01,E12000006,East of England,6269161,293.0,281.85714285714283,1.0,9782.0,41087.0,2944344.0,-45.27272727272727,0.5472727272727272,-47.81818181818182,0.5218181818181817,-32.54545454545455,14.727272727272727
2021-04-02,E12000006,East of England,6269161,210.0,267.42857142857144,1.0,7340.0,30925.0,2951684.0,-69.81818181818181,0.3018181818181819,-61.18181818181818,0.3881818181818182,-46.0,22.818181818181817
2021-04-03,E12000006,East of England,6269161,176.0,255.57142857142858,3.0,7242.0,25797.0,2958926.0,-24.636363636363637,0.7536363636363637,-52.18181818181818,0.47818181818181815,-52.18181818181818,9.727272727272727
2021-04-04,E12000006,East of England,6269161,160.0,227.85714285714286,3.0,2784.0,6126.0,2961710.0,-19.818181818181817,0.8018181818181819,-46.09090909090909,0.5390909090909091,-68.81818181818181,5.363636363636363
2021-04-05,E12000006,East of England,6269161,172.0,215.71428571428572,0.0,1507.0,7007.0,2963217.0,-75.54545454545455,0.2445454545454545,-67.0,0.32999999999999996,-45.27272727272727,24.272727272727273
2021-04-06,E12000006,East of England,6269161,246.0,218.85714285714286,0.0,3625.0,18966.0,2966842.0,-46.81818181818182,0.5318181818181817,-50.72727272727273,0.4927272727272727,-39.81818181818182,15.909090909090908
2021-04-07,E12000006,East of England,6269161,220.0,211.0,2.0,2855.0,50546.0,2969697.0,-45.90909090909091,0.540909090909091,-49.90909090909091,0.500909090909091,-41.81818181818182,16.272727272727273
2021-04-08,E12000006,East of England,6269161,232.0,202.28571428571428,2.0,3848.0,55870.0,2973545.0,-44.90909090909091,0.550909090909091,-50.36363636363637,0.49636363636363634,-41.27272727272727,15.818181818181818
2021-04-09,E12000006,East of England,6269161,230.0,205.14285714285714,1.0,5096.0,58522.0,2978641.0,-43.09090909090909,0.5690909090909091,-51.45454545454545,0.48545454545454547,-45.81818181818182,16.0
2021-04-10,E12000006,East of England,6269161,181.0,205.85714285714286,3.0,6823.0,56214.0,2985464.0,-17.181818181818183,0.8281818181818181,-53.0,0.47,-54.0,9.909090909090908
2021-04-11,E12000006,East of England,6269161,205.0,212.28571428571428,0.0,4089.0,25639.0,2989553.0,-12.818181818181818,0.8718181818181818,-47.45454545454545,0.5254545454545454,-50.18181818181818,7.2727272727272725
2021-04-12,E12000006,East of England,6269161,244.0,222.57142857142858,1.0,2198.0,19925.0,2991751.0,-35.0,0.65,-37.90909090909091,0.6209090909090909,-9.272727272727273,10.363636363636363
2021-04-13,E12000006,East of England,6269161,153.0,209.28571428571428,2.0,2347.0,26663.0,2994098.0,-33.81818181818182,0.6618181818181819,-37.63636363636363,0.6236363636363637,-16.0,10.545454545454545
2021-04-14,E12000006,East of England,6269161,206.0,207.28571428571428,1.0,8858.0,30613.0,3002956.0,-32.81818181818182,0.6718181818181819,-37.90909090909091,0.6209090909090909,-18.181818181818183,10.909090909090908
2021-04-15,E12000006,East of England,6269161,170.0,198.42857142857142,2.0,8489.0,41536.0,3011445.0,-32.54545454545455,0.6745454545454546,-38.81818181818182,0.6118181818181818,-19.90909090909091,11.636363636363637
2021-04-16,E12000006,East of England,6269161,170.0,189.85714285714286,3.0,11812.0,50633.0,3023257.0,-31.0,0.69,-35.54545454545455,0.6445454545454545,-22.636363636363637,10.272727272727273
2021-04-17,E12000006,East of England,6269161,123.0,181.57142857142858,3.0,11242.0,54846.0,3034499.0,-10.181818181818182,0.8981818181818182,-31.272727272727273,0.6872727272727273,-27.818181818181817,5.0
2021-04-18,E12000006,East of England,6269161,211.0,182.42857142857142,1.0,7096.0,22653.0,3041595.0,-7.363636363636363,0.9263636363636364,-29.727272727272727,0.7027272727272728,-25.636363636363637,3.4545454545454546
2021-04-19,E12000006,East of England,6269161,199.0,176.0,0.0,10382.0,20686.0,3051977.0,-31.454545454545453,0.6854545454545455,-37.18181818181818,0.6281818181818182,-17.727272727272727,9.727272727272727
2021-04-20,E12000006,East of England,6269161,194.0,181.85714285714286,2.0,9552.0,25558.0,3061529.0,-31.454545454545453,0.6854545454545455,-36.63636363636363,0.6336363636363637,-20.727272727272727,10.272727272727273
2021-04-21,E12000006,East of England,6269161,207.0,182.0,1.0,10013.0,33516.0,3071542.0,-30.636363636363637,0.6936363636363636,-39.27272727272727,0.6072727272727272,-22.727272727272727,10.909090909090908
2021-04-22,E12000006,East of England,6269161,213.0,188.14285714285714,0.0,12590.0,34241.0,3084132.0,-29.727272727272727,0.7027272727272728,-39.18181818181818,0.6081818181818182,-19.454545454545453,10.272727272727273
2021-04-23,E12000006,East of England,6269161,172.0,188.42857142857142,2.0,15015.0,36112.0,3099147.0,-28.454545454545453,0.7154545454545455,-35.81818181818182,0.6418181818181818,-21.181818181818183,9.181818181818182
2021-04-24,E12000006,East of England,6269161,128.0,189.14285714285714,1.0,18062.0,59641.0,3117209.0,-9.454545454545455,0.9054545454545455,-34.72727272727273,0.6527272727272727,-25.272727272727273,4.363636363636363
2021-04-25,E12000006,East of England,6269161,201.0,187.71428571428572,4.0,9104.0,26405.0,3126313.0,-8.909090909090908,0.9109090909090909,-36.45454545454545,0.6354545454545455,-26.181818181818183,4.181818181818182
2021-04-26,E12000006,East of England,6269161,219.0,190.57142857142858,1.0,9149.0,28809.0,3135462.0,-30.363636363636363,0.6963636363636363,-39.54545454545455,0.6045454545454545,-20.0,10.090909090909092
2021-04-27,E12000006,East of England,6269161,156.0,185.14285714285714,5.0,9654.0,33816.0,3145116.0,-30.09090909090909,0.6990909090909091,-39.0,0.61,-22.727272727272727,10.181818181818182
2021-04-28,E12000006,East of England,6269161,159.0,178.28571428571428,2.0,12251.0,46613.0,3157367.0,-29.454545454545453,0.7054545454545454,-39.45454545454545,0.6054545454545455,-23.727272727272727,10.909090909090908
2021-04-29,E12000006,East of England,6269161,186.0,174.42857142857142,1.0,15956.0,42163.0,3173323.0,-29.636363636363637,0.7036363636363636,-39.18181818181818,0.6081818181818182,-22.181818181818183,10.636363636363637
2021-04-30,E12000006,East of England,6269161,128.0,168.14285714285714,1.0,15418.0,36187.0,3188741.0,-28.454545454545453,0.7154545454545455,-35.18181818181818,0.6481818181818182,-19.818181818181817,9.363636363636363
2021-05-01,E12000006,East of England,6269161,116.0,166.42857142857142,0.0,12796.0,38746.0,3201537.0,-11.454545454545455,0.8854545454545455,-35.09090909090909,0.649090909090909,-24.363636363636363,4.7272727272727275
2021-05-02,E12000006,East of England,6269161,141.0,157.85714285714286,0.0,7987.0,13901.0,3209524.0,-10.272727272727273,0.8972727272727272,-35.45454545454545,0.6454545454545455,-20.454545454545453,3.090909090909091
2021-05-03,E12000006,East of England,6269161,163.0,149.85714285714286,0.0,5891.0,8202.0,3215415.0,-73.36363636363636,0.26636363636363636,-58.63636363636363,0.4136363636363637,-17.272727272727273,21.0
2021-05-04,E12000006,East of England,6269161,216.0,158.42857142857142,2.0,11308.0,21411.0,3226723.0,-31.09090909090909,0.6890909090909091,-40.45454545454545,0.5954545454545455,-27.818181818181817,11.272727272727273
2021-05-05,E12000006,East of England,6269161,184.0,162.0,1.0,11162.0,39449.0,3237885.0,-29.09090909090909,0.7090909090909091,-39.90909090909091,0.600909090909091,-24.90909090909091,10.818181818181818
2021-05-06,E12000006,East of England,6269161,162.0,158.57142857142858,4.0,12815.0,45330.0,3250700.0,-29.272727272727273,0.7072727272727273,-38.72727272727273,0.6127272727272728,-21.727272727272727,10.363636363636363
2021-05-07,E12000006,East of England,6269161,130.0,158.85714285714286,0.0,13389.0,47205.0,3264089.0,-26.636363636363637,0.7336363636363636,-36.72727272727273,0.6327272727272728,-23.727272727272727,9.272727272727273
2021-05-08,E12000006,East of England,6269161,109.0,157.85714285714286,1.0,12619.0,40844.0,3276708.0,-13.090909090909092,0.8690909090909091,-47.0,0.53,-37.54545454545455,8.363636363636363
2021-05-09,E12000006,East of England,6269161,212.0,168.0,1.0,7518.0,12998.0,3284226.0,-5.2727272727272725,0.9472727272727273,-34.36363636363637,0.6563636363636363,-22.90909090909091,3.5454545454545454
2021-05-10,E12000006,East of England,6269161,218.0,175.85714285714286,0.0,6332.0,20634.0,3290558.0,-29.363636363636363,0.7063636363636363,-40.0,0.6,-20.727272727272727,10.0
2021-05-11,E12000006,East of England,6269161,163.0,168.28571428571428,2.0,10451.0,34483.0,3301009.0,-28.545454545454547,0.7145454545454546,-38.09090909090909,0.6190909090909091,-20.09090909090909,10.0
2021-05-12,E12000006,East of England,6269161,184.0,168.28571428571428,0.0,21403.0,43937.0,3322412.0,-28.272727272727273,0.7172727272727273,-36.27272727272727,0.6372727272727272,-18.363636363636363,9.909090909090908
2021-05-13,E12000006,East of England,6269161,173.0,169.85714285714286,1.0,26992.0,45426.0,3349404.0,-30.181818181818183,0.6981818181818182,-39.72727272727273,0.6027272727272728,-25.727272727272727,10.909090909090908
2021-05-14,E12000006,East of England,6269161,124.0,169.0,0.0,23926.0,33313.0,3373330.0,-27.636363636363637,0.7236363636363636,-36.45454545454545,0.6354545454545455,-24.545454545454547,9.818181818181818
2021-05-15,E12000006,East of England,6269161,92.0,166.57142857142858,1.0,24251.0,40171.0,3397581.0,-11.181818181818182,0.8881818181818182,-37.36363636363637,0.6263636363636363,-30.636363636363637,6.2727272727272725
2021-05-16,E12000006,East of England,6269161,138.0,156.0,1.0,12779.0,16533.0,3410360.0,-6.090909090909091,0.9390909090909091,-36.81818181818182,0.6318181818181818,-27.272727272727273,4.545454545454546
2021-05-17,E12000006,East of England,6269161,217.0,155.85714285714286,1.0,8350.0,23858.0,3418710.0,-28.727272727272727,0.7127272727272727,-36.0,0.64,-15.272727272727273,9.0
2021-05-18,E12000006,East of England,6269161,185.0,159.0,1.0,16311.0,33037.0,3435021.0,-28.181818181818183,0.7181818181818181,-35.63636363636363,0.6436363636363637,-16.272727272727273,9.272727272727273
2021-05-19,E12000006,East of England,6269161,215.0,163.42857142857142,0.0,28513.0,39758.0,3463534.0,-27.09090909090909,0.7290909090909091,-35.18181818181818,0.6481818181818182,-15.636363636363637,9.272727272727273
2021-05-20,E12000006,East of England,6269161,172.0,163.28571428571428,0.0,29331.0,41767.0,3492865.0,-27.727272727272727,0.7227272727272727,-39.0,0.61,-17.181818181818183,9.545454545454545
2021-05-21,E12000006,East of England,6269161,151.0,167.14285714285714,1.0,23162.0,40034.0,3516027.0,-27.09090909090909,0.7290909090909091,-35.09090909090909,0.649090909090909,-22.272727272727273,8.727272727272727
2021-05-22,E12000006,East of England,6269161,140.0,174.0,0.0,17528.0,66884.0,3533555.0,-6.7272727272727275,0.9327272727272727,-33.09090909090909,0.6690909090909091,-21.454545454545453,3.272727272727273
2021-05-23,E12000006,East of England,6269161,161.0,177.28571428571428,0.0,8216.0,30144.0,3541771.0,-4.636363636363637,0.9536363636363636,-31.727272727272727,0.6827272727272727,-20.454545454545453,2.727272727272727
2021-05-24,E12000006,East of England,6269161,192.0,173.71428571428572,0.0,8201.0,30130.0,3549972.0,-28.90909090909091,0.7109090909090909,-38.90909090909091,0.610909090909091,-17.181818181818183,9.181818181818182
2021-05-25,E12000006,East of England,6269161,209.0,177.14285714285714,0.0,17863.0,33492.0,3567835.0,-27.818181818181817,0.7218181818181819,-38.36363636363637,0.6163636363636363,-16.636363636363637,9.454545454545455
2021-05-26,E12000006,East of England,6269161,231.0,179.42857142857142,2.0,26143.0,41954.0,3593978.0,-27.09090909090909,0.7290909090909091,-37.0,0.63,-14.272727272727273,9.181818181818182
2021-05-27,E12000006,East of England,6269161,204.0,184.0,0.0,26882.0,40373.0,3620860.0,-26.90909090909091,0.730909090909091,-35.09090909090909,0.649090909090909,-7.363636363636363,8.272727272727273
2021-05-28,E12000006,East of England,6269161,205.0,191.71428571428572,1.0,18105.0,43037.0,3638965.0,-27.272727272727273,0.7272727272727273,-27.0,0.73,-6.818181818181818,6.2727272727272725
2021-05-29,E12000006,East of England,6269161,148.0,192.85714285714286,1.0,14315.0,47899.0,3653280.0,-8.727272727272727,0.9127272727272727,-22.90909090909091,0.7709090909090909,-14.818181818181818,0.09090909090909091
2021-05-30,E12000006,East of England,6269161,152.0,191.57142857142858,1.0,9221.0,17918.0,3662501.0,-3.727272727272727,0.9627272727272728,-21.0,0.79,-2.3636363636363638,-1.1818181818181819
2021-05-31,E12000006,East of England,6269161,178.0,189.57142857142858,2.0,6379.0,20988.0,3668880.0,-73.45454545454545,0.2654545454545455,-44.0,0.56,7.090909090909091,13.727272727272727
2021-06-01,E12000006,East of England,6269161,254.0,196.0,0.0,8582.0,36146.0,3677462.0,-42.54545454545455,0.5745454545454545,-33.18181818181818,0.6681818181818182,3.272727272727273,8.909090909090908
2021-06-02,E12000006,East of England,6269161,287.0,204.0,2.0,17437.0,32959.0,3694899.0,-41.36363636363637,0.5863636363636363,-33.72727272727273,0.6627272727272727,0.7272727272727273,9.272727272727273
2021-06-03,E12000006,East of England,6269161,286.0,215.71428571428572,0.0,20655.0,36961.0,3715554.0,-40.45454545454545,0.5954545454545455,-35.36363636363637,0.6463636363636363,1.2727272727272727,9.181818181818182
2021-06-04,E12000006,East of England,6269161,280.0,226.42857142857142,0.0,17558.0,36002.0,3733112.0,-39.63636363636363,0.6036363636363637,-36.27272727272727,0.6372727272727272,-14.0,10.090909090909092
2021-06-05,E12000006,East of England,6269161,226.0,237.57142857142858,1.0,16582.0,46270.0,3749694.0,-5.909090909090909,0.9409090909090909,-26.90909090909091,0.730909090909091,-15.727272727272727,0.9090909090909091
2021-06-06,E12000006,East of England,6269161,284.0,256.42857142857144,0.0,8014.0,25100.0,3757708.0,-0.6363636363636364,0.9936363636363637,-25.727272727272727,0.7427272727272727,-12.636363636363637,1.0
2021-06-07,E12000006,East of England,6269161,345.0,280.2857142857143,1.0,8436.0,27627.0,3766144.0,-28.09090909090909,0.7190909090909091,-35.54545454545455,0.6445454545454545,-5.090909090909091,8.0
2021-06-08,E12000006,East of England,6269161,398.0,300.85714285714283,1.0,11689.0,30220.0,3777833.0,-26.818181818181817,0.7318181818181818,-35.27272727272727,0.6472727272727272,-6.090909090909091,8.181818181818182
2021-06-09,E12000006,East of England,6269161,333.0,307.42857142857144,1.0,16776.0,28445.0,3794609.0,-26.363636363636363,0.7363636363636363,-33.90909090909091,0.6609090909090909,-5.545454545454546,8.0
2021-06-10,E12000006,East of England,6269161,308.0,310.57142857142856,1.0,18610.0,28503.0,3813219.0,-26.181818181818183,0.7381818181818182,-34.81818181818182,0.6518181818181819,-7.090909090909091,8.181818181818182
2021-06-11,E12000006,East of England,6269161,336.0,318.57142857142856,0.0,22713.0,26848.0,3835932.0,-25.272727272727273,0.7472727272727273,-32.09090909090909,0.6790909090909091,-10.272727272727273,6.909090909090909
2021-06-12,E12000006,East of England,6269161,295.0,328.42857142857144,1.0,20789.0,30562.0,3856721.0,-4.818181818181818,0.9518181818181818,-27.727272727272727,0.7227272727272727,-16.181818181818183,1.2727272727272727
2021-06-13,E12000006,East of England,6269161,331.0,335.14285714285717,1.0,8641.0,15705.0,3865362.0,-0.09090909090909091,0.9990909090909091,-22.454545454545453,0.7754545454545455,-13.909090909090908,0.09090909090909091
2021-06-14,E12000006,East of England,6269161,435.0,348.0,0.0,9269.0,20599.0,3874631.0,-28.272727272727273,0.7172727272727273,-35.09090909090909,0.649090909090909,-8.181818181818182,8.181818181818182
2021-06-15,E12000006,East of England,6269161,445.0,354.7142857142857,1.0,13907.0,23066.0,3888538.0,-26.454545454545453,0.7354545454545455,-35.09090909090909,0.649090909090909,-7.090909090909091,7.909090909090909
2021-06-16,E12000006,East of England,6269161,448.0,371.14285714285717,2.0,18420.0,20427.0,3906958.0,-26.727272727272727,0.7327272727272727,-34.0,0.6599999999999999,-7.818181818181818,8.090909090909092
2021-06-17,E12000006,East of England,6269161,474.0,394.85714285714283,0.0,22007.0,18999.0,3928965.0,-27.636363636363637,0.7236363636363636,-38.63636363636363,0.6136363636363636,-12.909090909090908,9.363636363636363
2021-06-18,E12000006,East of England,6269161,448.0,410.85714285714283,0.0,21008.0,17908.0,3949973.0,-27.727272727272727,0.7227272727272727,-37.09090909090909,0.6290909090909091,-22.272727272727273,8.909090909090908
2021-06-19,E12000006,East of England,6269161,340.0,417.2857142857143,0.0,22323.0,20788.0,3972296.0,-5.636363636363637,0.9436363636363636,-31.818181818181817,0.6818181818181819,-17.90909090909091,2.727272727272727
2021-06-20,E12000006,East of England,6269161,432.0,431.7142857142857,2.0,12831.0,9271.0,3985127.0,-0.45454545454545453,0.9954545454545455,-31.727272727272727,0.6827272727272727,-14.636363636363637,1.7272727272727273
2021-06-21,E12000006,East of England,6269161,654.0,463.0,0.0,13144.0,11756.0,3998271.0,-28.818181818181817,0.7118181818181819,-37.81818181818182,0.6218181818181818,-12.909090909090908,9.0
2021-06-22,E12000006,East of England,6269161,718.0,502.0,1.0,18475.0,13431.0,4016746.0,-27.181818181818183,0.7281818181818182,-37.0,0.63,-10.909090909090908,8.727272727272727
2021-06-23,E12000006,East of England,6269161,827.0,556.1428571428571,0.0,22511.0,11431.0,4039257.0,-26.545454545454547,0.7345454545454546,-34.36363636363637,0.6563636363636363,-7.636363636363637,8.090909090909092
2021-06-24,E12000006,East of England,6269161,828.0,606.7142857142857,0.0,21186.0,16057.0,4060443.0,-26.545454545454547,0.7345454545454546,-35.36363636363637,0.6463636363636363,-8.272727272727273,8.363636363636363
2021-06-25,E12000006,East of England,6269161,806.0,657.8571428571429,1.0,20700.0,13337.0,4081143.0,-26.272727272727273,0.7372727272727273,-31.272727272727273,0.6872727272727273,-9.272727272727273,6.909090909090909
2021-06-26,E12000006,East of England,6269161,804.0,724.1428571428571,1.0,21628.0,20075.0,4102771.0,-4.454545454545454,0.9554545454545454,-26.454545454545453,0.7354545454545455,-15.727272727272727,1.3636363636363635
2021-06-27,E12000006,East of England,6269161,979.0,802.2857142857143,0.0,13436.0,11519.0,4116207.0,-1.4545454545454546,0.9854545454545455,-26.545454545454547,0.7345454545454546,-13.454545454545455,1.2727272727272727
2021-06-28,E12000006,East of England,6269161,1428.0,912.8571428571429,0.0,8058.0,11763.0,4124265.0,-29.181818181818183,0.7081818181818182,-37.45454545454545,0.6254545454545455,-10.636363636363637,8.636363636363637
2021-06-29,E12000006,East of England,6269161,1422.0,1013.4285714285714,0.0,11727.0,11850.0,4135992.0,-29.272727272727273,0.7072727272727273,-38.63636363636363,0.6136363636363636,-13.454545454545455,8.0
2021-06-30,E12000006,East of England,6269161,1521.0,1112.5714285714287,1.0,13513.0,14187.0,4149505.0,-28.181818181818183,0.7181818181818181,-36.72727272727273,0.6327272727272728,-9.727272727272727,7.636363636363637
2021-07-01,E12000006,East of England,6269161,1657.0,1231.0,0.0,14016.0,14704.0,4163521.0,-27.09090909090909,0.7290909090909091,-33.90909090909091,0.6609090909090909,-5.818181818181818,8.363636363636363
2021-07-02,E12000006,East of England,6269161,1572.0,1340.4285714285713,1.0,12380.0,14744.0,4175901.0,-26.545454545454547,0.7345454545454546,-28.727272727272727,0.7127272727272727,-10.181818181818182,7.0
2021-07-03,E12000006,East of England,6269161,1563.0,1448.857142857143,0.0,11639.0,16553.0,4187540.0,-5.454545454545454,0.9454545454545454,-28.363636363636363,0.7163636363636363,-17.636363636363637,2.0
2021-07-04,E12000006,East of England,6269161,1713.0,1553.7142857142858,0.0,5164.0,9133.0,4192704.0,-1.5454545454545454,0.9845454545454545,-24.727272727272727,0.7527272727272727,-13.818181818181818,2.0
2021-07-05,E12000006,East of England,6269161,2317.0,1680.7142857142858,2.0,4846.0,12507.0,4197550.0,-28.727272727272727,0.7127272727272727,-35.45454545454545,0.6454545454545455,-7.454545454545454,8.545454545454545
2021-07-06,E12000006,East of England,6269161,2389.0,1818.857142857143,2.0,8105.0,11509.0,4205655.0,-28.545454545454547,0.7145454545454546,-37.90909090909091,0.6209090909090909,-12.363636363636363,9.727272727272727
2021-07-07,E12000006,East of England,6269161,2587.0,1971.142857142857,1.0,9784.0,14023.0,4215439.0,-27.636363636363637,0.7236363636363636,-34.09090909090909,0.6590909090909091,-8.0,8.454545454545455
2021-07-08,E12000006,East of England,6269161,2337.0,2068.285714285714,4.0,9086.0,15346.0,4224525.0,-28.545454545454547,0.7145454545454546,-35.09090909090909,0.649090909090909,-8.363636363636363,8.818181818181818
2021-07-09,E12000006,East of England,6269161,2277.0,2169.0,1.0,8346.0,17688.0,4232871.0,-27.181818181818183,0.7281818181818182,-30.545454545454547,0.6945454545454546,-12.0,7.545454545454546
2021-07-10,E12000006,East of England,6269161,1923.0,2220.4285714285716,3.0,8005.0,18945.0,4240876.0,-6.0,0.94,-27.363636363636363,0.7263636363636363,-16.181818181818183,2.1818181818181817
2021-07-11,E12000006,East of England,6269161,2302.0,2304.5714285714284,2.0,3511.0,8692.0,4244387.0,2.0,1.02,-20.0,0.8,-11.909090909090908,-0.45454545454545453
2021-07-12,E12000006,East of England,6269161,3348.0,2451.8571428571427,2.0,3573.0,11130.0,4247960.0,-32.63636363636363,0.6736363636363636,-36.45454545454545,0.6354545454545455,-10.909090909090908,9.909090909090908
2021-07-13,E12000006,East of England,6269161,3762.0,2648.0,1.0,4997.0,12889.0,4252957.0,-29.363636363636363,0.7063636363636363,-36.27272727272727,0.6372727272727272,-9.272727272727273,9.181818181818182
2021-07-14,E12000006,East of England,6269161,4750.0,2957.0,1.0,5413.0,15900.0,4258370.0,-28.545454545454547,0.7145454545454546,-34.0,0.6599999999999999,-7.090909090909091,9.0
2021-07-15,E12000006,East of England,6269161,5499.0,3408.714285714286,2.0,5455.0,21943.0,4263825.0,-29.181818181818183,0.7081818181818182,-34.90909090909091,0.6509090909090909,-7.2727272727272725,9.0
2021-07-16,E12000006,East of England,6269161,4763.0,3763.8571428571427,0.0,5498.0,20893.0,4269323.0,-28.818181818181817,0.7118181818181819,-28.727272727272727,0.7127272727272727,-8.090909090909092,7.0
2021-07-17,E12000006,East of England,6269161,3380.0,3972.0,3.0,5921.0,25244.0,4275244.0,-6.454545454545454,0.9354545454545454,-21.545454545454547,0.7845454545454545,-18.09090909090909,1.1818181818181819
2021-07-18,E12000006,East of England,6269161,3203.0,4100.714285714285,4.0,3065.0,10967.0,4278309.0,-1.8181818181818181,0.9818181818181818,-18.272727272727273,0.8172727272727273,-13.909090909090908,0.18181818181818182
2021-07-19,E12000006,East of England,6269161,4051.0,4201.142857142857,3.0,2930.0,10494.0,4281239.0,-33.63636363636363,0.6636363636363637,-33.63636363636363,0.6636363636363637,-3.4545454545454546,8.545454545454545
2021-07-20,E12000006,East of England,6269161,3479.0,4160.714285714285,6.0,3429.0,12921.0,4284668.0,-34.18181818181818,0.6581818181818182,-35.63636363636363,0.6436363636363637,-7.090909090909091,9.272727272727273
2021-07-21,E12000006,East of England,6269161,3055.0,3918.5714285714284,2.0,3579.0,15677.0,4288247.0,-34.45454545454545,0.6554545454545455,-32.81818181818182,0.6718181818181819,-4.545454545454546,9.181818181818182
2021-07-22,E12000006,East of England,6269161,2756.0,3526.714285714286,3.0,3496.0,18037.0,4291743.0,-36.0,0.64,-33.54545454545455,0.6645454545454546,-2.5454545454545454,9.181818181818182
2021-07-23,E12000006,East of England,6269161,2313.0,3176.714285714286,6.0,3651.0,18441.0,4295394.0,-37.27272727272727,0.6272727272727272,-29.454545454545453,0.7054545454545454,-7.363636363636363,8.0
2021-07-24,E12000006,East of England,6269161,1965.0,2974.5714285714284,7.0,3546.0,18317.0,4298940.0,-7.636363636363637,0.9236363636363636,-23.454545454545453,0.7654545454545455,-17.727272727272727,1.7272727272727273
2021-07-25,E12000006,East of England,6269161,1860.0,2782.714285714286,3.0,2192.0,10956.0,4301132.0,-1.9090909090909092,0.980909090909091,-17.636363636363637,0.8236363636363636,-12.454545454545455,1.3636363636363635
2021-07-26,E12000006,East of England,6269161,2444.0,2553.1428571428573,5.0,2459.0,10097.0,4303591.0,-40.45454545454545,0.5954545454545455,-33.18181818181818,0.6681818181818182,-0.6363636363636364,8.909090909090908
2021-07-27,E12000006,East of England,6269161,2467.0,2408.5714285714284,5.0,2670.0,13067.0,4306261.0,-40.0,0.6,-36.45454545454545,0.6354545454545455,-3.272727272727273,10.272727272727273
2021-07-28,E12000006,East of England,6269161,2631.0,2348.0,5.0,2896.0,16515.0,4309157.0,-39.36363636363637,0.6063636363636363,-35.0,0.65,-3.4545454545454546,10.181818181818182
2021-07-29,E12000006,East of England,6269161,2421.0,2300.1428571428573,2.0,3589.0,19909.0,4312746.0,-39.18181818181818,0.6081818181818182,-32.36363636363637,0.6763636363636363,1.8181818181818181,9.0
2021-07-30,E12000006,East of England,6269161,2209.0,2285.285714285714,5.0,2958.0,17951.0,4315704.0,-39.63636363636363,0.6036363636363637,-30.818181818181817,0.6918181818181819,-9.454545454545455,9.363636363636363
2021-07-31,E12000006,East of England,6269161,1913.0,2277.8571428571427,8.0,3184.0,21682.0,4318888.0,-7.909090909090909,0.9209090909090909,-20.181818181818183,0.7981818181818181,-14.0,0.8181818181818182
2021-08-01,E12000006,East of England,6269161,1777.0,2266.0,2.0,2147.0,12187.0,4321035.0,-2.6363636363636362,0.9736363636363636,-15.545454545454545,0.8445454545454545,-10.545454545454545,0.6363636363636364
2021-08-02,E12000006,East of England,6269161,2548.0,2280.8571428571427,6.0,2108.0,7692.0,4323143.0,-41.45454545454545,0.5854545454545454,-31.636363636363637,0.6836363636363636,1.8181818181818181,9.090909090909092
2021-08-03,E12000006,East of England,6269161,2652.0,2307.285714285714,5.0,2240.0,10476.0,4325383.0,-41.0,0.5900000000000001,-32.54545454545455,0.6745454545454546,1.7272727272727273,9.272727272727273
2021-08-04,E12000006,East of England,6269161,2800.0,2331.4285714285716,4.0,2317.0,13621.0,4327700.0,-40.09090909090909,0.5990909090909091,-30.09090909090909,0.6990909090909091,2.4545454545454546,8.727272727272727
2021-08-05,E12000006,East of England,6269161,2738.0,2376.714285714286,2.0,2572.0,14653.0,4330272.0,-40.36363636363637,0.5963636363636363,-32.63636363636363,0.6736363636363636,-1.9090909090909092,9.818181818181818
2021-08-06,E12000006,East of England,6269161,2373.0,2400.1428571428573,6.0,2517.0,15172.0,4332789.0,-40.27272727272727,0.5972727272727273,-28.363636363636363,0.7163636363636363,-7.0,8.545454545454545
2021-08-07,E12000006,East of England,6269161,1940.0,2404.0,10.0,3263.0,20729.0,4336052.0,-9.454545454545455,0.9054545454545455,-19.181818181818183,0.8081818181818181,-15.727272727272727,1.4545454545454546
2021-08-08,E12000006,East of England,6269161,1932.0,2426.1428571428573,8.0,1790.0,9538.0,4337842.0,-3.1818181818181817,0.9681818181818181,-16.0,0.84,-11.545454545454545,0.9090909090909091
2021-08-09,E12000006,East of England,6269161,2705.0,2448.5714285714284,6.0,1958.0,10071.0,4339800.0,-41.90909090909091,0.5809090909090909,-33.27272727272727,0.6672727272727272,0.45454545454545453,9.363636363636363
2021-08-10,E12000006,East of England,6269161,2532.0,2431.4285714285716,6.0,2456.0,11614.0,4342256.0,-40.54545454545455,0.5945454545454545,-30.727272727272727,0.6927272727272727,4.7272727272727275,9.0
2021-08-11,E12000006,East of England,6269161,2780.0,2428.5714285714284,6.0,3516.0,17233.0,4345772.0,-40.18181818181818,0.5981818181818181,-29.363636363636363,0.7063636363636363,2.272727272727273,8.818181818181818
2021-08-12,E12000006,East of England,6269161,2754.0,2430.8571428571427,9.0,3992.0,17788.0,4349764.0,-40.45454545454545,0.5954545454545455,-30.363636363636363,0.6963636363636363,1.5454545454545454,8.727272727272727
2021-08-13,E12000006,East of England,6269161,2456.0,2442.714285714286,9.0,3136.0,15590.0,4352900.0,-39.72727272727273,0.6027272727272728,-26.363636363636363,0.7363636363636363,-5.181818181818182,7.545454545454546
2021-08-14,E12000006,East of England,6269161,2027.0,2455.1428571428573,8.0,3824.0,15797.0,4356724.0,-8.909090909090908,0.9109090909090909,-12.545454545454545,0.8745454545454545,-13.545454545454545,-0.18181818181818182
2021-08-15,E12000006,East of England,6269161,2026.0,2468.5714285714284,9.0,2913.0,11010.0,4359637.0,-3.090909090909091,0.9690909090909091,-7.636363636363637,0.9236363636363636,-7.454545454545454,-0.8181818181818182
2021-08-16,E12000006,East of England,6269161,2870.0,2492.1428571428573,10.0,3528.0,11960.0,4363165.0,-41.72727272727273,0.5827272727272728,-31.09090909090909,0.6890909090909091,0.2727272727272727,8.727272727272727
2021-08-17,E12000006,East of England,6269161,2747.0,2522.8571428571427,9.0,3947.0,12170.0,4367112.0,-41.27272727272727,0.5872727272727273,-33.36363636363637,0.6663636363636363,-1.3636363636363635,9.727272727272727
2021-08-18,E12000006,East of England,6269161,2893.0,2539.0,8.0,4827.0,16546.0,4371939.0,-38.81818181818182,0.6118181818181818,-29.727272727272727,0.7027272727272728,1.6363636363636365,8.818181818181818
2021-08-19,E12000006,East of England,6269161,2799.0,2545.4285714285716,9.0,5275.0,16258.0,4377214.0,-39.09090909090909,0.6090909090909091,-30.454545454545453,0.6954545454545455,1.4545454545454546,8.727272727272727
2021-08-20,E12000006,East of England,6269161,2435.0,2542.4285714285716,8.0,5970.0,15642.0,4383184.0,-39.0,0.61,-24.363636363636363,0.7563636363636363,-4.363636363636363,7.090909090909091
2021-08-21,E12000006,East of England,6269161,2146.0,2559.4285714285716,10.0,5848.0,15272.0,4389032.0,-8.909090909090908,0.9109090909090909,-16.454545454545453,0.8354545454545454,-15.909090909090908,0.6363636363636364
2021-08-22,E12000006,East of England,6269161,2165.0,2579.285714285714,10.0,4125.0,10573.0,4393157.0,-2.0,0.98,-13.727272727272727,0.8627272727272728,-11.818181818181818,0.18181818181818182
2021-08-23,E12000006,East of England,6269161,2875.0,2580.0,4.0,4115.0,9795.0,4397272.0,-40.36363636363637,0.5963636363636363,-29.90909090909091,0.7009090909090909,3.5454545454545454,8.181818181818182
2021-08-24,E12000006,East of England,6269161,2638.0,2564.4285714285716,7.0,5574.0,13722.0,4402846.0,-40.09090909090909,0.5990909090909091,-29.636363636363637,0.7036363636363636,4.363636363636363,8.636363636363637
2021-08-25,E12000006,East of England,6269161,2648.0,2529.4285714285716,11.0,5351.0,14146.0,4408197.0,-39.63636363636363,0.6036363636363637,-28.363636363636363,0.7163636363636363,3.5454545454545454,8.818181818181818
2021-08-26,E12000006,East of England,6269161,2567.0,2496.285714285714,16.0,4984.0,14953.0,4413181.0,-40.0,0.6,-28.272727272727273,0.7172727272727273,4.181818181818182,8.818181818181818
2021-08-27,E12000006,East of England,6269161,2387.0,2489.4285714285716,9.0,4500.0,13864.0,4417681.0,-40.72727272727273,0.5927272727272728,-23.454545454545453,0.7654545454545455,0.18181818181818182,6.818181818181818
2021-08-28,E12000006,East of England,6269161,1973.0,2464.714285714286,4.0,3545.0,12142.0,4421226.0,-9.363636363636363,0.9063636363636364,-11.090909090909092,0.889090909090909,-10.636363636363637,-0.36363636363636365
2021-08-29,E12000006,East of England,6269161,1869.0,2422.4285714285716,12.0,2351.0,6717.0,4423577.0,-2.3636363636363638,0.9763636363636363,-8.636363636363637,0.9136363636363636,-1.3636363636363635,-1.7272727272727273
2021-08-30,E12000006,East of England,6269161,2412.0,2356.285714285714,7.0,1620.0,4507.0,4425197.0,-73.36363636363636,0.26636363636363636,-42.27272727272727,0.5772727272727273,7.818181818181818,14.909090909090908
2021-08-31,E12000006,East of England,6269161,3331.0,2455.285714285714,11.0,3877.0,12102.0,4429074.0,-39.27272727272727,0.6072727272727272,-29.363636363636363,0.7063636363636363,3.5454545454545454,9.454545454545455
2021-09-01,E12000006,East of England,6269161,3167.0,2529.4285714285716,10.0,3616.0,11480.0,4432690.0,-35.36363636363637,0.6463636363636363,-29.90909090909091,0.7009090909090909,0.09090909090909091,9.272727272727273
2021-09-02,E12000006,East of England,6269161,3061.0,2600.0,8.0,3156.0,11754.0,4435846.0,-33.54545454545455,0.6645454545454546,-29.636363636363637,0.7036363636363636,-0.36363636363636365,8.636363636363637
2021-09-03,E12000006,East of England,6269161,2885.0,2671.1428571428573,16.0,3219.0,12055.0,4439065.0,-31.727272727272727,0.6827272727272727,-24.727272727272727,0.7527272727272727,-4.545454545454546,6.909090909090909
2021-09-04,E12000006,East of England,6269161,2422.0,2735.285714285714,14.0,3276.0,12592.0,4442341.0,-5.363636363636363,0.9463636363636364,-16.636363636363637,0.8336363636363636,-10.545454545454545,0.8181818181818182
2021-09-05,E12000006,East of England,6269161,2364.0,2806.0,13.0,1573.0,6837.0,4443914.0,1.0909090909090908,1.010909090909091,-9.454545454545455,0.9054545454545455,-3.272727272727273,-0.36363636363636365
2021-09-06,E12000006,East of England,6269161,3392.0,2946.0,10.0,1545.0,6541.0,4445459.0,-31.454545454545453,0.6854545454545455,-26.0,0.74,-0.45454545454545453,7.090909090909091
2021-09-07,E12000006,East of England,6269161,2975.0,2895.1428571428573,12.0,1824.0,8103.0,4447283.0,-29.90909090909091,0.7009090909090909,-25.363636363636363,0.7463636363636363,-1.5454545454545454,6.909090909090909
2021-09-08,E12000006,East of England,6269161,2508.0,2801.0,14.0,1883.0,8012.0,4449166.0,-28.727272727272727,0.7127272727272727,-23.09090909090909,0.769090909090909,-3.090909090909091,6.7272727272727275
2021-09-09,E12000006,East of England,6269161,2372.0,2702.5714285714284,3.0,2044.0,9819.0,4451210.0,-28.636363636363637,0.7136363636363636,-24.636363636363637,0.7536363636363637,-5.0,7.0
2021-09-10,E12000006,East of England,6269161,2091.0,2589.1428571428573,9.0,2423.0,10894.0,4453633.0,-27.636363636363637,0.7236363636363636,-21.363636363636363,0.7863636363636364,-8.272727272727273,5.818181818181818
2021-09-11,E12000006,East of England,6269161,1744.0,2492.285714285714,16.0,2043.0,9788.0,4455676.0,-6.363636363636363,0.9363636363636364,-13.818181818181818,0.8618181818181818,-10.363636363636363,0.36363636363636365
2021-09-12,E12000006,East of England,6269161,1905.0,2426.714285714286,12.0,1335.0,5868.0,4457011.0,-0.18181818181818182,0.9981818181818182,-11.909090909090908,0.8809090909090909,-5.909090909090909,-0.09090909090909091
2021-09-13,E12000006,East of England,6269161,2641.0,2319.4285714285716,7.0,1610.0,5589.0,4458621.0,-30.0,0.7,-24.181818181818183,0.7581818181818182,-4.2727272727272725,6.181818181818182
2021-09-14,E12000006,East of England,6269161,2307.0,2224.0,11.0,1762.0,7191.0,4460383.0,-31.09090909090909,0.6890909090909091,-28.545454545454547,0.7145454545454546,-12.818181818181818,8.363636363636363
2021-09-15,E12000006,East of England,6269161,2386.0,2206.5714285714284,7.0,2054.0,6871.0,4462437.0,-29.272727272727273,0.7072727272727273,-23.636363636363637,0.7636363636363637,-4.454545454545454,6.454545454545454
2021-09-16,E12000006,East of England,6269161,2258.0,2190.285714285714,15.0,1826.0,6954.0,4464263.0,-30.272727272727273,0.6972727272727273,-24.818181818181817,0.7518181818181818,-4.2727272727272725,6.0
2021-09-17,E12000006,East of England,6269161,2236.0,2211.0,16.0,1716.0,6430.0,4465979.0,-30.09090909090909,0.6990909090909091,-20.545454545454547,0.7945454545454546,-6.909090909090909,5.181818181818182
2021-09-18,E12000006,East of England,6269161,2081.0,2259.1428571428573,13.0,1488.0,5870.0,4467467.0,-8.0,0.92,-10.090909090909092,0.899090909090909,-9.181818181818182,-0.2727272727272727
2021-09-19,E12000006,East of England,6269161,2521.0,2347.1428571428573,16.0,1147.0,3613.0,4468614.0,-2.727272727272727,0.9727272727272728,-11.0,0.89,-10.363636363636363,0.5454545454545454
2021-09-20,E12000006,East of England,6269161,3436.0,2460.714285714286,8.0,1588.0,4622.0,4470202.0,-31.181818181818183,0.6881818181818182,-27.636363636363637,0.7236363636363636,-7.2727272727272725,6.818181818181818
2021-09-21,E12000006,East of England,6269161,3320.0,2605.4285714285716,11.0,2156.0,4644.0,4472358.0,-29.545454545454547,0.7045454545454546,-26.09090909090909,0.739090909090909,-4.818181818181818,6.636363636363637
2021-09-22,E12000006,East of England,6269161,2989.0,2691.5714285714284,13.0,2507.0,5020.0,4474865.0,-27.0,0.73,-24.181818181818183,0.7581818181818182,-4.7272727272727275,6.363636363636363
2021-09-23,E12000006,East of England,6269161,2828.0,2773.0,7.0,2936.0,5147.0,4477801.0,-27.272727272727273,0.7272727272727273,-25.0,0.75,-4.7272727272727275,6.454545454545454
2021-09-24,E12000006,East of England,6269161,2734.0,2844.1428571428573,7.0,3100.0,4603.0,4480901.0,-27.454545454545453,0.7254545454545455,-18.0,0.8200000000000001,-5.363636363636363,4.545454545454546
2021-09-25,E12000006,East of England,6269161,2472.0,2900.0,2.0,1404.0,4793.0,4482305.0,-7.818181818181818,0.9218181818181819,-10.454545454545455,0.8954545454545455,-14.545454545454545,0.6363636363636364
2021-09-26,E12000006,East of England,6269161,3039.0,2974.0,5.0,712.0,2592.0,4483017.0,-2.090909090909091,0.9790909090909091,-9.454545454545455,0.9054545454545455,-12.0,0.8181818181818182
2021-09-27,E12000006,East of England,6269161,3894.0,3039.4285714285716,5.0,3123.0,2620.0,4486140.0,-30.0,0.7,-26.09090909090909,0.739090909090909,-11.636363636363637,7.7272727272727275
2021-09-28,E12000006,East of England,6269161,3525.0,3068.714285714286,4.0,4991.0,3135.0,4491131.0,-29.545454545454547,0.7045454545454546,-25.454545454545453,0.7454545454545455,-11.181818181818182,7.909090909090909
2021-09-29,E12000006,East of England,6269161,3216.0,3101.1428571428573,5.0,5249.0,3213.0,4496380.0,-29.363636363636363,0.7063636363636363,-24.818181818181817,0.7518181818181818,-8.727272727272727,7.454545454545454
2021-09-30,E12000006,East of England,6269161,2795.0,3096.4285714285716,5.0,5269.0,3268.0,4501649.0,-29.09090909090909,0.7090909090909091,-26.0,0.74,-9.181818181818182,7.636363636363637
2021-10-01,E12000006,East of England,6269161,2598.0,3077.0,8.0,4301.0,2983.0,4505950.0,-28.90909090909091,0.7109090909090909,-23.818181818181817,0.7618181818181818,-9.818181818181818,6.454545454545454
2021-10-02,E12000006,East of England,6269161,2374.0,3063.0,5.0,1608.0,3207.0,4507558.0,-10.454545454545455,0.8954545454545455,-21.90909090909091,0.7809090909090909,-17.272727272727273,3.272727272727273
2021-10-03,E12000006,East of England,6269161,3178.0,3082.8571428571427,6.0,1189.0,2221.0,4508747.0,-3.0,0.97,-15.636363636363637,0.8436363636363636,-8.636363636363637,1.5454545454545454
2021-10-04,E12000006,East of England,6269161,4349.0,3147.8571428571427,6.0,4716.0,2763.0,4513463.0,-29.727272727272727,0.7027272727272728,-29.09090909090909,0.7090909090909091,-8.181818181818182,7.090909090909091
2021-10-05,E12000006,East of England,6269161,3634.0,3163.4285714285716,9.0,5123.0,2651.0,4518586.0,-29.727272727272727,0.7027272727272728,-31.0,0.69,-9.909090909090908,7.909090909090909
2021-10-06,E12000006,East of England,6269161,3878.0,3258.0,8.0,5236.0,2633.0,4523822.0,-28.09090909090909,0.7190909090909091,-28.09090909090909,0.7190909090909091,-7.7272727272727275,7.2727272727272725
2021-10-07,E12000006,East of England,6269161,3836.0,3406.714285714286,5.0,4820.0,2592.0,4528642.0,-27.727272727272727,0.7227272727272727,-27.0,0.73,-7.545454545454546,6.909090909090909
2021-10-08,E12000006,East of England,6269161,3430.0,3525.5714285714284,9.0,4779.0,2742.0,4533421.0,-27.818181818181817,0.7218181818181819,-24.0,0.76,-8.454545454545455,6.0
2021-10-09,E12000006,East of England,6269161,3228.0,3647.5714285714284,6.0,1557.0,3130.0,4534978.0,-7.545454545454546,0.9245454545454546,-17.272727272727273,0.8272727272727273,-8.272727272727273,0.9090909090909091
2021-10-10,E12000006,East of England,6269161,3949.0,3757.714285714286,3.0,1067.0,2253.0,4536045.0,-3.6363636363636362,0.9636363636363636,-18.727272727272727,0.8127272727272727,-10.272727272727273,1.0
2021-10-11,E12000006,East of England,6269161,5302.0,3893.8571428571427,8.0,4209.0,1993.0,4540254.0,-28.727272727272727,0.7127272727272727,-28.272727272727273,0.7172727272727273,-7.363636363636363,7.090909090909091
2021-10-12,E12000006,East of England,6269161,4622.0,4035.0,8.0,5382.0,2184.0,4545636.0,-27.454545454545453,0.7254545454545455,-29.09090909090909,0.7090909090909091,-10.454545454545455,7.181818181818182
2021-10-13,E12000006,East of England,6269161,4831.0,4171.142857142857,6.0,5021.0,2331.0,4550657.0,-26.90909090909091,0.730909090909091,-27.90909090909091,0.7209090909090909,-8.909090909090908,6.818181818181818
2021-10-14,E12000006,East of England,6269161,4526.0,4269.714285714285,5.0,4823.0,2203.0,4555480.0,-27.0,0.73,-27.90909090909091,0.7209090909090909,-8.636363636363637,6.909090909090909
2021-10-15,E12000006,East of England,6269161,3997.0,4350.714285714285,10.0,4708.0,2494.0,4560188.0,-26.818181818181817,0.7318181818181818,-24.272727272727273,0.7572727272727273,-8.090909090909092,5.909090909090909
2021-10-16,E12000006,East of England,6269161,3541.0,4395.428571428572,12.0,2197.0,3331.0,4562385.0,-7.7272727272727275,0.9227272727272727,-19.181818181818183,0.8081818181818181,-10.909090909090908,1.6363636363636365
2021-10-17,E12000006,East of England,6269161,4671.0,4498.571428571428,8.0,941.0,1729.0,4563326.0,-3.5454545454545454,0.9645454545454546,-17.818181818181817,0.8218181818181818,-10.818181818181818,1.6363636363636365
2021-10-18,E12000006,East of England,6269161,5935.0,4589.0,9.0,5205.0,1843.0,4568531.0,-29.636363636363637,0.7036363636363636,-28.727272727272727,0.7127272727272727,-9.545454545454545,7.545454545454546
2021-10-19,E12000006,East of England,6269161,5512.0,4716.142857142857,15.0,5971.0,1996.0,4574502.0,-28.818181818181817,0.7118181818181819,-28.727272727272727,0.7127272727272727,-9.454545454545455,7.545454545454546
2021-10-20,E12000006,East of England,6269161,5340.0,4788.857142857143,9.0,5816.0,2076.0,4580318.0,-28.363636363636363,0.7163636363636363,-28.545454545454547,0.7145454545454546,-9.727272727272727,7.818181818181818
2021-10-21,E12000006,East of England,6269161,4516.0,4787.428571428572,12.0,5725.0,2065.0,4586043.0,-28.09090909090909,0.7190909090909091,-28.181818181818183,0.7181818181818181,-8.727272727272727,7.363636363636363
2021-10-22,E12000006,East of England,6269161,4059.0,4796.285714285715,11.0,3655.0,2173.0,4589698.0,-29.181818181818183,0.7081818181818182,-23.727272727272727,0.7627272727272727,-9.272727272727273,6.7272727272727275
2021-10-23,E12000006,East of England,6269161,3551.0,4797.714285714285,15.0,2026.0,2902.0,4591724.0,-8.818181818181818,0.9118181818181819,-17.545454545454547,0.8245454545454545,-11.727272727272727,1.4545454545454546
2021-10-24,E12000006,East of England,6269161,3703.0,4659.428571428572,17.0,1109.0,1786.0,4592833.0,-5.090909090909091,0.9490909090909091,-14.090909090909092,0.8590909090909091,-9.727272727272727,1.0
2021-10-25,E12000006,East of England,6269161,4891.0,4510.285714285715,18.0,2751.0,1600.0,4595584.0,-40.09090909090909,0.5990909090909091,-29.545454545454547,0.7045454545454546,1.2727272727272727,8.181818181818182
2021-10-26,E12000006,East of England,6269161,4288.0,4335.428571428572,12.0,3112.0,1980.0,4598696.0,-39.0,0.61,-29.363636363636363,0.7063636363636363,-0.18181818181818182,8.363636363636363
2021-10-27,E12000006,East of England,6269161,4328.0,4190.857142857143,17.0,3610.0,1978.0,4602306.0,-38.90909090909091,0.610909090909091,-27.454545454545453,0.7254545454545455,-0.2727272727272727,8.363636363636363
2021-10-28,E12000006,East of England,6269161,4011.0,4118.714285714285,15.0,3639.0,1739.0,4605945.0,-39.36363636363637,0.6063636363636363,-27.09090909090909,0.7290909090909091,2.727272727272727,7.909090909090909
2021-10-29,E12000006,East of England,6269161,4038.0,4115.714285714285,21.0,2543.0,1813.0,4608488.0,-39.09090909090909,0.6090909090909091,-26.181818181818183,0.7381818181818182,-4.545454545454546,7.636363636363637
2021-10-30,E12000006,East of England,6269161,3402.0,4094.4285714285716,15.0,3001.0,2008.0,4611489.0,-10.090909090909092,0.899090909090909,-17.454545454545453,0.8254545454545454,-11.818181818181818,1.1818181818181819
2021-10-31,E12000006,East of England,6269161,3636.0,4084.8571428571427,14.0,2390.0,1370.0,4613879.0,-5.454545454545454,0.9454545454545454,-17.818181818181817,0.8218181818181818,-14.636363636363637,1.8181818181818181
2021-11-01,E12000006,East of England,6269161,4401.0,4014.8571428571427,15.0,3982.0,1420.0,4617861.0,-29.363636363636363,0.7063636363636363,-28.818181818181817,0.7118181818181819,-7.454545454545454,7.545454545454546
2021-11-02,E12000006,East of England,6269161,3724.0,3934.285714285714,12.0,4940.0,1604.0,4622801.0,-26.545454545454547,0.7345454545454546,-27.636363636363637,0.7236363636363636,-7.181818181818182,7.181818181818182
2021-11-03,E12000006,East of England,6269161,3353.0,3795.0,20.0,5225.0,1546.0,4628026.0,-26.181818181818183,0.7381818181818182,-28.545454545454547,0.7145454545454546,-10.727272727272727,7.636363636363637
2021-11-04,E12000006,East of England,6269161,3139.0,3670.4285714285716,8.0,4715.0,1635.0,4632741.0,-26.545454545454547,0.7345454545454546,-27.90909090909091,0.7209090909090909,-10.272727272727273,7.363636363636363
2021-11-05,E12000006,East of England,6269161,2645.0,3471.4285714285716,11.0,4258.0,1812.0,4636999.0,-26.636363636363637,0.7336363636363636,-24.09090909090909,0.759090909090909,-8.909090909090908,6.363636363636363
2021-11-06,E12000006,East of England,6269161,2605.0,3357.5714285714284,11.0,4066.0,2346.0,4641065.0,-8.545454545454545,0.9145454545454546,-19.09090909090909,0.8090909090909091,-10.727272727272727,1.9090909090909092
2021-11-07,E12000006,East of England,6269161,2823.0,3241.4285714285716,11.0,2578.0,1575.0,4643643.0,-4.2727272727272725,0.9572727272727273,-16.272727272727273,0.8372727272727273,-8.818181818181818,1.5454545454545454
2021-11-08,E12000006,East of England,6269161,4072.0,3194.4285714285716,13.0,2988.0,1679.0,4646631.0,-27.727272727272727,0.7227272727272727,-29.545454545454547,0.7045454545454546,-8.0,7.454545454545454
2021-11-09,E12000006,East of England,6269161,4087.0,3246.285714285714,14.0,3415.0,1791.0,4650046.0,-26.181818181818183,0.7381818181818182,-28.454545454545453,0.7154545454545455,-8.727272727272727,7.181818181818182
2021-11-10,E12000006,East of England,6269161,4101.0,3353.1428571428573,14.0,3189.0,1923.0,4653235.0,-25.90909090909091,0.740909090909091,-28.0,0.72,-10.909090909090908,7.454545454545454
2021-11-11,E12000006,East of England,6269161,3968.0,3471.5714285714284,11.0,3078.0,1803.0,4656313.0,-25.818181818181817,0.7418181818181818,-27.90909090909091,0.7209090909090909,-7.818181818181818,7.090909090909091
2021-11-12,E12000006,East of England,6269161,3611.0,3609.5714285714284,13.0,2459.0,1790.0,4658772.0,-26.636363636363637,0.7336363636363636,-24.727272727272727,0.7527272727272727,-10.636363636363637,6.909090909090909
2021-11-13,E12000006,East of England,6269161,3243.0,3700.714285714286,10.0,3227.0,2235.0,4661999.0,-9.272727272727273,0.9072727272727272,-20.272727272727273,0.7972727272727272,-11.545454545454545,2.090909090909091
2021-11-14,E12000006,East of England,6269161,3617.0,3814.1428571428573,11.0,2093.0,1646.0,4664092.0,-4.7272727272727275,0.9527272727272728,-16.727272727272727,0.8327272727272728,-9.545454545454545,1.8181818181818181
2021-11-15,E12000006,East of England,6269161,4931.0,3936.8571428571427,15.0,2813.0,1394.0,4666905.0,-27.727272727272727,0.7227272727272727,-30.272727272727273,0.6972727272727273,-9.181818181818182,7.454545454545454
2021-11-16,E12000006,East of England,6269161,4503.0,3996.285714285714,9.0,2205.0,1668.0,4669110.0,-26.0,0.74,-28.272727272727273,0.7172727272727273,-9.272727272727273,7.2727272727272725
2021-11-17,E12000006,East of England,6269161,4468.0,4048.714285714286,10.0,2214.0,1705.0,4671324.0,-25.363636363636363,0.7463636363636363,-27.363636363636363,0.7263636363636363,-8.545454545454545,7.181818181818182
2021-11-18,E12000006,East of England,6269161,4197.0,4081.4285714285716,12.0,1925.0,1677.0,4673249.0,-25.454545454545453,0.7454545454545455,-26.90909090909091,0.730909090909091,-7.2727272727272725,7.0
2021-11-19,E12000006,East of England,6269161,3755.0,4102.0,17.0,1930.0,1774.0,4675179.0,-26.363636363636363,0.7363636363636363,-23.363636363636363,0.7663636363636364,-8.636363636363637,6.636363636363637
2021-11-20,E12000006,East of England,6269161,3624.0,4156.428571428572,14.0,2317.0,2119.0,4677496.0,-8.727272727272727,0.9127272727272727,-17.818181818181817,0.8218181818181818,-12.272727272727273,1.9090909090909092
2021-11-21,E12000006,East of England,6269161,3795.0,4181.857142857143,16.0,1545.0,1487.0,4679041.0,-4.636363636363637,0.9536363636363636,-17.636363636363637,0.8236363636363636,-9.909090909090908,1.6363636363636365
2021-11-22,E12000006,East of England,6269161,5062.0,4200.571428571428,11.0,1563.0,1480.0,4680604.0,-27.818181818181817,0.7218181818181819,-29.181818181818183,0.7081818181818182,-7.181818181818182,7.636363636363637
2021-11-23,E12000006,East of England,6269161,4927.0,4261.142857142857,20.0,1851.0,1986.0,4682455.0,-26.272727272727273,0.7372727272727273,-28.545454545454547,0.7145454545454546,-8.181818181818182,7.2727272727272725
2021-11-24,E12000006,East of England,6269161,4801.0,4308.714285714285,8.0,1526.0,1947.0,4683981.0,-25.636363636363637,0.7436363636363637,-28.09090909090909,0.7190909090909091,-9.272727272727273,7.818181818181818
2021-11-25,E12000006,East of England,6269161,4336.0,4328.571428571428,10.0,1457.0,2270.0,4685438.0,-25.90909090909091,0.740909090909091,-26.818181818181817,0.7318181818181818,-5.909090909090909,7.090909090909091
2021-11-26,E12000006,East of England,6269161,4022.0,4366.714285714285,8.0,1442.0,2628.0,4686880.0,-28.181818181818183,0.7181818181818181,-24.818181818181817,0.7518181818181818,-5.7272727272727275,7.363636363636363
2021-11-27,E12000006,East of England,6269161,3565.0,4358.285714285715,11.0,2047.0,3531.0,4688927.0,-9.0,0.91,-21.727272727272727,0.7827272727272727,-15.090909090909092,3.4545454545454546
2021-11-28,E12000006,East of England,6269161,4272.0,4426.428571428572,10.0,1902.0,3431.0,4690829.0,-2.8181818181818183,0.9718181818181818,-18.363636363636363,0.8163636363636364,-8.818181818181818,1.8181818181818181
2021-11-29,E12000006,East of England,6269161,5763.0,4526.571428571428,10.0,1543.0,2568.0,4692372.0,-28.09090909090909,0.7190909090909091,-30.454545454545453,0.6954545454545455,-5.090909090909091,8.181818181818182
2021-11-30,E12000006,East of England,6269161,5954.0,4673.285714285715,3.0,2103.0,3276.0,4694475.0,-26.09090909090909,0.739090909090909,-29.272727272727273,0.7072727272727273,-5.7272727272727275,7.363636363636363
2021-12-01,E12000006,East of England,6269161,5829.0,4820.142857142857,12.0,1930.0,2960.0,4696405.0,-25.727272727272727,0.7427272727272727,-29.181818181818183,0.7081818181818182,-7.090909090909091,7.818181818181818
2021-12-02,E12000006,East of England,6269161,5220.0,4946.428571428572,11.0,2160.0,2958.0,4698565.0,-26.0,0.74,-29.636363636363637,0.7036363636363636,-6.363636363636363,7.545454545454546
2021-12-03,E12000006,East of England,6269161,4776.0,5054.142857142857,14.0,1678.0,2779.0,4700243.0,-26.90909090909091,0.730909090909091,-26.09090909090909,0.739090909090909,-7.818181818181818,7.090909090909091
2021-12-04,E12000006,East of England,6269161,3974.0,5112.571428571428,19.0,1998.0,3677.0,4702241.0,-8.090909090909092,0.9190909090909091,-19.636363636363637,0.8036363636363636,-11.454545454545455,2.0
2021-12-05,E12000006,East of England,6269161,4178.0,5099.142857142857,8.0,1405.0,2387.0,4703646.0,-3.909090909090909,0.9609090909090909,-18.454545454545453,0.8154545454545454,-12.363636363636363,2.1818181818181817
2021-12-06,E12000006,East of England,6269161,6056.0,5141.0,11.0,1506.0,2363.0,4705152.0,-27.90909090909091,0.7209090909090909,-32.72727272727273,0.6727272727272727,-7.545454545454546,8.090909090909092
2021-12-07,E12000006,East of England,6269161,5900.0,5133.285714285715,8.0,1684.0,2578.0,4706836.0,-25.818181818181817,0.7418181818181818,-32.81818181818182,0.6718181818181819,-11.181818181818182,8.363636363636363
2021-12-08,E12000006,East of England,6269161,5970.0,5153.428571428572,12.0,1415.0,2567.0,4708251.0,-24.545454545454547,0.7545454545454545,-30.09090909090909,0.6990909090909091,-7.181818181818182,7.818181818181818
2021-12-09,E12000006,East of England,6269161,5988.0,5263.142857142857,7.0,2204.0,3416.0,4710455.0,-24.272727272727273,0.7572727272727273,-29.09090909090909,0.7090909090909091,-4.545454545454546,7.454545454545454
2021-12-10,E12000006,East of England,6269161,5502.0,5366.857142857143,10.0,1700.0,2908.0,4712155.0,-25.0,0.75,-26.727272727272727,0.7327272727272727,-6.454545454545454,6.909090909090909
2021-12-11,E12000006,East of England,6269161,5408.0,5571.714285714285,8.0,1999.0,3640.0,4714154.0,-5.363636363636363,0.9463636363636364,-19.181818181818183,0.8081818181818181,-11.636363636363637,2.272727272727273
2021-12-12,E12000006,East of England,6269161,5817.0,5805.857142857143,7.0,1508.0,2478.0,4715662.0,0.2727272727272727,1.0027272727272727,-22.181818181818183,0.7781818181818182,-10.727272727272727,2.090909090909091
2021-12-13,E12000006,East of England,6269161,9134.0,6245.571428571428,10.0,1648.0,2843.0,4717310.0,-28.363636363636363,0.7163636363636363,-33.54545454545455,0.6645454545454546,-2.4545454545454546,8.454545454545455
2021-12-14,E12000006,East of England,6269161,11052.0,6981.571428571428,9.0,2268.0,3781.0,4719578.0,-27.818181818181817,0.7218181818181819,-32.63636363636363,0.6736363636363636,-3.090909090909091,8.454545454545455
2021-12-15,E12000006,East of England,6269161,11940.0,7834.428571428572,10.0,2019.0,3559.0,4721597.0,-27.363636363636363,0.7263636363636363,-31.181818181818183,0.6881818181818182,-0.7272727272727273,8.454545454545455
2021-12-16,E12000006,East of England,6269161,11255.0,8586.857142857143,10.0,2832.0,4130.0,4724429.0,-27.818181818181817,0.7218181818181819,-32.63636363636363,0.6736363636363636,-0.6363636363636364,8.727272727272727
2021-12-17,E12000006,East of England,6269161,10097.0,9243.285714285714,15.0,2158.0,3677.0,4726587.0,-28.454545454545453,0.7154545454545455,-30.363636363636363,0.6963636363636363,-5.636363636363637,8.545454545454545
2021-12-18,E12000006,East of England,6269161,9632.0,9846.714285714286,7.0,2767.0,4347.0,4729354.0,-5.909090909090909,0.9409090909090909,-20.90909090909091,0.7909090909090909,-14.090909090909092,3.4545454545454546
2021-12-19,E12000006,East of England,6269161,9810.0,10417.142857142857,10.0,2645.0,3975.0,4731999.0,1.4545454545454546,1.0145454545454546,-23.272727272727273,0.7672727272727273,-11.454545454545455,2.4545454545454546
2021-12-20,E12000006,East of England,6269161,14374.0,11165.714285714286,14.0,2862.0,4638.0,4734861.0,-40.72727272727273,0.5927272727272728,-36.0,0.64,6.909090909090909,10.818181818181818
2021-12-21,E12000006,East of England,6269161,15678.0,11826.57142857143,10.0,3184.0,5911.0,4738045.0,-41.27272727272727,0.5872727272727273,-34.90909090909091,0.6509090909090909,5.818181818181818,11.272727272727273
2021-12-22,E12000006,East of England,6269161,16364.0,12458.57142857143,13.0,3301.0,5097.0,4741346.0,-43.36363636363637,0.5663636363636364,-34.36363636363637,0.6563636363636363,7.909090909090909,11.909090909090908
2021-12-23,E12000006,East of England,6269161,16140.0,13156.42857142857,16.0,2708.0,4351.0,4744054.0,-47.81818181818182,0.5218181818181817,-34.09090909090909,0.6590909090909091,12.181818181818182,12.363636363636363
2021-12-24,E12000006,East of England,6269161,13719.0,13673.857142857143,16.0,775.0,1432.0,4744829.0,-61.0,0.39,-44.72727272727273,0.5527272727272727,-12.181818181818182,16.545454545454547
2021-12-25,E12000006,East of England,6269161,6938.0,13289.0,5.0,11.0,22.0,4744840.0,-66.72727272727273,0.33272727272727265,-79.54545454545455,0.20454545454545459,-87.0,10.090909090909092
2021-12-26,E12000006,East of England,6269161,11099.0,13473.142857142857,11.0,90.0,76.0,4744930.0,-36.27272727272727,0.6372727272727272,-60.45454545454545,0.3954545454545455,-52.36363636363637,3.090909090909091
2021-12-27,E12000006,East of England,6269161,17913.0,13978.714285714286,12.0,1221.0,1735.0,4746151.0,-78.0,0.21999999999999997,-51.09090909090909,0.489090909090909,-13.727272727272727,18.818181818181817
2021-12-28,E12000006,East of England,6269161,18525.0,14385.42857142857,18.0,2331.0,3367.0,4748482.0,-75.81818181818181,0.24181818181818182,-52.90909090909091,0.47090909090909094,-12.090909090909092,21.09090909090909
2021-12-29,E12000006,East of England,6269161,23993.0,15475.285714285714,9.0,2982.0,5140.0,4751464.0,-63.72727272727273,0.3627272727272728,-45.09090909090909,0.5490909090909091,-4.7272727272727275,18.454545454545453
2021-12-30,E12000006,East of England,6269161,19867.0,16007.714285714286,17.0,3226.0,6049.0,4754690.0,-63.0,0.37,-45.27272727272727,0.5472727272727272,-3.4545454545454546,18.09090909090909
2021-12-31,E12000006,East of England,6269161,15439.0,16253.42857142857,14.0,1286.0,2421.0,4755976.0,-64.0909090909091,0.359090909090909,-50.72727272727273,0.4927272727272727,-16.90909090909091,17.454545454545453
2022-01-01,E12000006,East of England,6269161,9616.0,16636.0,13.0,149.0,238.0,4756125.0,-49.90909090909091,0.500909090909091,-59.45454545454545,0.4054545454545455,-61.09090909090909,10.909090909090908
2022-01-02,E12000006,East of England,6269161,14371.0,17103.428571428572,22.0,1056.0,1665.0,4757181.0,-12.454545454545455,0.8754545454545455,-37.45454545454545,0.6254545454545455,-23.454545454545453,5.545454545454546
2022-01-03,E12000006,East of England,6269161,18316.0,17161.0,21.0,1889.0,3093.0,4759070.0,-74.36363636363636,0.25636363636363635,-56.0,0.43999999999999995,-9.636363636363637,22.0
2022-01-04,E12000006,East of England,6269161,21969.0,17653.0,20.0,2390.0,4618.0,4761460.0,-37.45454545454545,0.6254545454545455,-44.72727272727273,0.5527272727272727,-20.727272727272727,14.181818181818182
2022-01-05,E12000006,East of England,6269161,16395.0,16567.571428571428,28.0,1955.0,3197.0,4763415.0,-32.72727272727273,0.6727272727272727,-42.18181818181818,0.5781818181818181,-21.545454545454547,13.090909090909092
2022-01-06,E12000006,East of England,6269161,14005.0,15730.142857142857,20.0,2012.0,2951.0,4765427.0,-30.90909090909091,0.6909090909090909,-43.90909090909091,0.5609090909090909,-24.181818181818183,13.090909090909092
2022-01-07,E12000006,East of England,6269161,9615.0,14898.142857142857,21.0,1842.0,3050.0,4767269.0,-28.454545454545453,0.7154545454545455,-41.0,0.5900000000000001,-23.545454545454547,12.181818181818182
2022-01-08,E12000006,East of England,6269161,7590.0,14608.714285714286,21.0,2759.0,5021.0,4770028.0,-11.272727272727273,0.8872727272727272,-41.36363636363637,0.5863636363636363,-30.09090909090909,7.909090909090909
2022-01-09,E12000006,East of England,6269161,7945.0,13690.714285714286,25.0,2148.0,4060.0,4772176.0,-3.5454545454545454,0.9645454545454546,-31.818181818181817,0.6818181818181819,-20.09090909090909,4.636363636363637
2022-01-10,E12000006,East of England,6269161,10896.0,12630.714285714286,35.0,1278.0,2140.0,4773454.0,-29.09090909090909,0.7090909090909091,-41.72727272727273,0.5827272727272728,-20.0,10.818181818181818
2022-01-11,E12000006,East of England,6269161,9645.0,10870.142857142857,28.0,1412.0,2713.0,4774866.0,-29.09090909090909,0.7090909090909091,-41.90909090909091,0.5809090909090909,-20.545454545454547,10.636363636363637
2022-01-12,E12000006,East of England,6269161,8866.0,9794.57142857143,20.0,1291.0,2324.0,4776157.0,-28.09090909090909,0.7190909090909091,-39.27272727272727,0.6072727272727272,-19.272727272727273,10.181818181818182
2022-01-13,E12000006,East of England,6269161,8688.0,9035.0,25.0,1559.0,2898.0,4777716.0,-28.0,0.72,-39.81818181818182,0.6018181818181818,-18.09090909090909,10.363636363636363
2022-01-14,E12000006,East of England,6269161,7864.0,8784.857142857143,34.0,1490.0,2484.0,4779206.0,-26.363636363636363,0.7363636363636363,-37.81818181818182,0.6218181818181818,-18.727272727272727,9.636363636363637
2022-01-15,E12000006,East of England,6269161,7360.0,8752.0,17.0,2522.0,4605.0,4781728.0,-8.363636363636363,0.9163636363636364,-32.90909090909091,0.6709090909090909,-20.545454545454547,4.636363636363637
2022-01-16,E12000006,East of England,6269161,9621.0,8991.42857142857,21.0,1747.0,3504.0,4783475.0,-3.1818181818181817,0.9681818181818181,-31.727272727272727,0.6827272727272727,-19.636363636363637,3.4545454545454546
2022-01-17,E12000006,East of England,6269161,12802.0,9263.714285714286,28.0,1225.0,2111.0,4784700.0,-28.545454545454547,0.7145454545454546,-39.09090909090909,0.6090909090909091,-16.454545454545453,9.272727272727273
2022-01-18,E12000006,East of England,6269161,11609.0,9544.285714285714,22.0,1433.0,2614.0,4786133.0,-28.363636363636363,0.7163636363636363,-37.72727272727273,0.6227272727272728,-18.454545454545453,9.818181818181818
2022-01-19,E12000006,East of England,6269161,11382.0,9903.714285714286,32.0,1260.0,2828.0,4787393.0,-27.727272727272727,0.7227272727272727,-35.45454545454545,0.6454545454545455,-17.09090909090909,9.818181818181818
2022-01-20,E12000006,East of England,6269161,10073.0,10101.57142857143,22.0,1123.0,2294.0,4788516.0,-27.363636363636363,0.7263636363636363,-36.36363636363637,0.6363636363636364,-16.90909090909091,9.909090909090908
2022-01-21,E12000006,East of England,6269161,9534.0,10340.142857142857,26.0,1348.0,2655.0,4789864.0,-25.90909090909091,0.740909090909091,-33.54545454545455,0.6645454545454546,-16.727272727272727,9.363636363636363
2022-01-22,E12000006,East of England,6269161,8666.0,10526.714285714286,26.0,1836.0,4681.0,4791700.0,-7.454545454545454,0.9254545454545454,-27.545454545454547,0.7245454545454546,-17.0,3.727272727272727
2022-01-23,E12000006,East of England,6269161,10773.0,10691.285714285714,27.0,979.0,2851.0,4792679.0,-3.8181818181818183,0.9618181818181818,-27.636363636363637,0.7236363636363636,-19.727272727272727,3.3636363636363638
2022-01-24,E12000006,East of England,6269161,13174.0,10744.42857142857,25.0,1224.0,3306.0,4793903.0,-27.90909090909091,0.7209090909090909,-36.18181818181818,0.6381818181818182,-17.09090909090909,9.363636363636363
2022-01-25,E12000006,East of England,6269161,11568.0,10738.57142857143,28.0,1276.0,2950.0,4795179.0,-27.90909090909091,0.7209090909090909,-35.63636363636363,0.6436363636363637,-17.272727272727273,9.545454545454545
2022-01-26,E12000006,East of England,6269161,11062.0,10692.857142857143,24.0,1188.0,2997.0,4796367.0,-27.09090909090909,0.7290909090909091,-33.72727272727273,0.6627272727272727,-14.818181818181818,9.181818181818182
2022-01-27,E12000006,East of England,6269161,10026.0,10686.142857142857,20.0,1242.0,3334.0,4797609.0,-26.454545454545453,0.7354545454545455,-33.27272727272727,0.6672727272727272,-13.909090909090908,8.909090909090908
2022-01-28,E12000006,East of England,6269161,8813.0,10583.142857142857,17.0,1414.0,3458.0,4799023.0,-25.636363636363637,0.7436363636363637,-30.545454545454547,0.6945454545454546,-12.727272727272727,8.363636363636363
2022-01-29,E12000006,East of England,6269161,8069.0,10497.857142857143,29.0,1511.0,3833.0,4800534.0,-7.636363636363637,0.9236363636363636,-24.818181818181817,0.7518181818181818,-11.909090909090908,3.090909090909091
2022-01-30,E12000006,East of England,6269161,9579.0,10327.285714285714,21.0,1006.0,3155.0,4801540.0,-2.090909090909091,0.9790909090909091,-25.454545454545453,0.7454545454545455,-10.636363636363637,2.090909090909091
2022-01-31,E12000006,East of England,6269161,10852.0,9995.57142857143,27.0,1045.0,2617.0,4802585.0,-27.09090909090909,0.7290909090909091,-34.45454545454545,0.6554545454545455,-13.363636363636363,8.727272727272727
2022-02-01,E12000006,East of England,6269161,9585.0,9712.285714285714,21.0,1113.0,3454.0,4803698.0,-26.181818181818183,0.7381818181818182,-30.818181818181817,0.6918181818181819,-12.272727272727273,8.090909090909092
2022-02-02,E12000006,East of England,6269161,9144.0,9438.285714285714,20.0,890.0,2513.0,4804588.0,-25.363636363636363,0.7463636363636363,-30.818181818181817,0.6918181818181819,-12.363636363636363,8.545454545454545
2022-02-03,E12000006,East of England,6269161,7930.0,9138.857142857143,15.0,954.0,2906.0,4805542.0,-25.454545454545453,0.7454545454545455,-30.727272727272727,0.6927272727272727,-12.0,8.090909090909092
2022-02-04,E12000006,East of England,6269161,6624.0,8826.142857142857,26.0,949.0,2643.0,4806491.0,-25.0,0.75,-31.545454545454547,0.6845454545454546,-15.272727272727273,8.454545454545455
2022-02-05,E12000006,East of England,6269161,5508.0,8460.285714285714,20.0,990.0,2336.0,4807481.0,-7.090909090909091,0.9290909090909091,-24.90909090909091,0.7509090909090909,-13.545454545454545,3.0
2022-02-06,E12000006,East of England,6269161,6386.0,8004.142857142857,20.0,490.0,1526.0,4807971.0,-3.5454545454545454,0.9645454545454546,-30.727272727272727,0.6927272727272727,-17.636363636363637,3.1818181818181817
2022-02-07,E12000006,East of England,6269161,7706.0,7554.714285714285,21.0,911.0,2645.0,4808882.0,-26.09090909090909,0.739090909090909,-31.545454545454547,0.6845454545454546,-12.545454545454545,7.636363636363637
2022-02-08,E12000006,East of England,6269161,6738.0,7148.0,13.0,966.0,2904.0,4809848.0,-25.636363636363637,0.7436363636363637,-28.727272727272727,0.7127272727272727,-11.545454545454545,7.363636363636363
2022-02-09,E12000006,East of England,6269161,6220.0,6730.285714285715,22.0,934.0,2790.0,4810782.0,-25.545454545454547,0.7445454545454545,-27.636363636363637,0.7236363636363636,-12.454545454545455,7.7272727272727275
2022-02-10,E12000006,East of England,6269161,5117.0,6328.428571428572,21.0,1062.0,3150.0,4811844.0,-25.363636363636363,0.7463636363636363,-28.727272727272727,0.7127272727272727,-10.545454545454545,7.636363636363637
2022-02-11,E12000006,East of England,6269161,4379.0,6007.714285714285,13.0,922.0,3055.0,4812766.0,-25.272727272727273,0.7472727272727273,-26.0,0.74,-10.181818181818182,6.909090909090909
2022-02-12,E12000006,East of England,6269161,3527.0,5724.714285714285,20.0,887.0,2097.0,4813653.0,-7.7272727272727275,0.9227272727272727,-20.363636363636363,0.7963636363636364,-12.909090909090908,2.5454545454545454
2022-02-13,E12000006,East of England,6269161,3873.0,5365.714285714285,17.0,535.0,1458.0,4814188.0,-4.090909090909091,0.9590909090909091,-23.90909090909091,0.7609090909090909,-16.181818181818183,2.090909090909091
2022-02-14,E12000006,East of England,6269161,4999.0,4979.0,15.0,606.0,1224.0,4814794.0,-36.81818181818182,0.6318181818181818,-31.0,0.69,2.1818181818181817,8.272727272727273
2022-02-15,E12000006,East of England,6269161,4925.0,4720.0,24.0,724.0,1510.0,4815518.0,-36.63636363636363,0.6336363636363637,-31.818181818181817,0.6818181818181819,-11.363636363636363,9.272727272727273
2022-02-16,E12000006,East of England,6269161,4961.0,4540.142857142857,13.0,784.0,1763.0,4816302.0,-35.36363636363637,0.6463636363636363,-26.818181818181817,0.7318181818181818,-4.818181818181818,8.727272727272727
2022-02-17,E12000006,East of England,6269161,4294.0,4422.571428571428,12.0,659.0,1423.0,4816961.0,-35.63636363636363,0.6436363636363637,-26.454545454545453,0.7354545454545455,-2.909090909090909,8.0
2022-02-18,E12000006,East of England,6269161,3269.0,4264.0,13.0,483.0,935.0,4817444.0,-42.36363636363637,0.5763636363636364,-48.54545454545455,0.5145454545454545,-34.63636363636363,16.0
2022-02-19,E12000006,East of England,6269161,3785.0,4300.857142857143,14.0,650.0,1442.0,4818094.0,-9.909090909090908,0.9009090909090909,-23.818181818181817,0.7618181818181818,-19.09090909090909,3.272727272727273
2022-02-20,E12000006,East of England,6269161,4139.0,4338.857142857143,16.0,353.0,950.0,4818447.0,-5.0,0.95,-26.818181818181817,0.7318181818181818,-21.09090909090909,3.272727272727273
2022-02-21,E12000006,East of England,6269161,4427.0,4257.142857142857,13.0,517.0,1188.0,4818964.0,-28.727272727272727,0.7127272727272727,-33.54545454545455,0.6645454545454546,-14.545454545454545,8.545454545454545
2022-02-22,E12000006,East of England,6269161,3647.0,4074.5714285714284,15.0,465.0,1240.0,4819429.0,-26.454545454545453,0.7354545454545455,-27.363636363636363,0.7263636363636363,-10.818181818181818,7.090909090909091
2022-02-23,E12000006,East of England,6269161,3399.0,3851.4285714285716,13.0,521.0,1231.0,4819950.0,-25.545454545454547,0.7445454545454545,-26.363636363636363,0.7363636363636363,-11.090909090909092,7.090909090909091
2022-02-24,E12000006,East of England,6269161,2802.0,3638.285714285714,14.0,463.0,1308.0,4820413.0,-25.818181818181817,0.7418181818181818,-29.363636363636363,0.7063636363636363,-13.545454545454545,7.545454545454546
2022-02-25,E12000006,East of England,6269161,2375.0,3510.5714285714284,12.0,521.0,1223.0,4820934.0,-25.09090909090909,0.749090909090909,-23.90909090909091,0.7609090909090909,-8.727272727272727,6.181818181818182
2022-02-26,E12000006,East of England,6269161,2179.0,3281.1428571428573,12.0,663.0,1808.0,4821597.0,-6.2727272727272725,0.9372727272727273,-17.0,0.83,-8.545454545454545,1.0
2022-02-27,E12000006,East of England,6269161,2873.0,3100.285714285714,11.0,343.0,1043.0,4821940.0,-0.8181818181818182,0.9918181818181818,-15.909090909090908,0.8409090909090909,-8.181818181818182,0.7272727272727273
2022-02-28,E12000006,East of England,6269161,3985.0,3037.1428571428573,20.0,385.0,923.0,4822325.0,-25.181818181818183,0.7481818181818182,-28.636363636363637,0.7136363636363636,-11.090909090909092,6.7272727272727275
2022-03-01,E12000006,East of England,6269161,4252.0,3123.5714285714284,14.0,337.0,820.0,4822662.0,-25.454545454545453,0.7454545454545455,-31.818181818181817,0.6818181818181819,-14.363636363636363,7.2727272727272725
2022-03-02,E12000006,East of England,6269161,4445.0,3273.0,23.0,365.0,1029.0,4823027.0,-24.90909090909091,0.7509090909090909,-29.181818181818183,0.7081818181818182,-14.909090909090908,7.2727272727272725
2022-03-03,E12000006,East of England,6269161,4274.0,3483.285714285714,19.0,459.0,1304.0,4823486.0,-24.818181818181817,0.7518181818181818,-31.181818181818183,0.6881818181818182,-11.454545454545455,7.090909090909091
2022-03-04,E12000006,East of England,6269161,4201.0,3744.1428571428573,15.0,456.0,1251.0,4823942.0,-24.545454545454547,0.7545454545454545,-27.90909090909091,0.7209090909090909,-14.636363636363637,6.7272727272727275
2022-03-05,E12000006,East of England,6269161,3951.0,3997.285714285714,15.0,518.0,1692.0,4824460.0,-7.909090909090909,0.9209090909090909,-23.90909090909091,0.7609090909090909,-15.545454545454545,2.4545454545454546
2022-03-06,E12000006,East of England,6269161,5211.0,4331.285714285715,9.0,304.0,1011.0,4824764.0,-2.4545454545454546,0.9754545454545455,-21.272727272727273,0.7872727272727272,-12.0,1.1818181818181819
2022-03-07,E12000006,East of England,6269161,7162.0,4785.142857142857,10.0,302.0,913.0,4825066.0,-25.454545454545453,0.7454545454545455,-30.0,0.7,-12.818181818181818,6.818181818181818
2022-03-08,E12000006,East of England,6269161,7152.0,5199.428571428572,15.0,317.0,1024.0,4825383.0,-24.454545454545453,0.7554545454545455,-28.545454545454547,0.7145454545454546,-11.272727272727273,6.181818181818182
2022-03-09,E12000006,East of England,6269161,7664.0,5659.285714285715,17.0,344.0,1057.0,4825727.0,-24.09090909090909,0.759090909090909,-28.454545454545453,0.7154545454545455,-14.363636363636363,6.818181818181818
2022-03-10,E12000006,East of England,6269161,7413.0,6107.714285714285,17.0,322.0,1075.0,4826049.0,-24.181818181818183,0.7581818181818182,-28.727272727272727,0.7127272727272727,-12.454545454545455,6.363636363636363
2022-03-11,E12000006,East of England,6269161,7118.0,6524.428571428572,14.0,391.0,1255.0,4826440.0,-24.727272727272727,0.7527272727272727,-29.272727272727273,0.7072727272727273,-17.818181818181817,7.090909090909091
2022-03-12,E12000006,East of England,6269161,6967.0,6955.285714285715,18.0,523.0,1815.0,4826963.0,-7.818181818181818,0.9218181818181819,-21.09090909090909,0.7890909090909091,-14.818181818181818,1.6363636363636365
2022-03-13,E12000006,East of England,6269161,8587.0,7437.571428571428,17.0,334.0,1352.0,4827297.0,-3.4545454545454546,0.9654545454545455,-20.818181818181817,0.7918181818181819,-16.636363636363637,1.4545454545454546
2022-03-14,E12000006,East of England,6269161,10603.0,7929.142857142857,16.0,277.0,937.0,4827574.0,-25.181818181818183,0.7481818181818182,-30.454545454545453,0.6954545454545455,-14.272727272727273,6.7272727272727275
2022-03-15,E12000006,East of England,6269161,9862.0,8316.285714285714,24.0,336.0,1049.0,4827910.0,-24.636363636363637,0.7536363636363637,-28.818181818181817,0.7118181818181819,-14.181818181818182,6.7272727272727275
2022-03-16,E12000006,East of England,6269161,9929.0,8639.857142857143,14.0,279.0,1022.0,4828189.0,-24.636363636363637,0.7536363636363637,-30.09090909090909,0.6990909090909091,-19.545454545454547,7.636363636363637
2022-03-17,E12000006,East of England,6269161,8911.0,8853.857142857143,21.0,348.0,1252.0,4828537.0,-24.363636363636363,0.7563636363636363,-28.90909090909091,0.7109090909090909,-10.909090909090908,6.545454545454546
2022-03-18,E12000006,East of England,6269161,7875.0,8962.0,19.0,403.0,1225.0,4828940.0,-25.363636363636363,0.7463636363636363,-26.636363636363637,0.7336363636363636,-12.727272727272727,6.181818181818182
2022-03-19,E12000006,East of England,6269161,6934.0,8957.285714285714,17.0,469.0,1737.0,4829409.0,-9.181818181818182,0.9081818181818182,-20.90909090909091,0.7909090909090909,-14.818181818181818,1.0909090909090908
2022-03-20,E12000006,East of England,6269161,8405.0,8931.285714285714,14.0,279.0,1124.0,4829688.0,-5.0,0.95,-17.272727272727273,0.8272727272727273,-13.181818181818182,0.7272727272727273
2022-03-21,E12000006,East of England,6269161,10967.0,8983.285714285714,18.0,300.0,921.0,4829988.0,-25.727272727272727,0.7427272727272727,-30.181818181818183,0.6981818181818182,-13.545454545454545,6.7272727272727275
2022-03-22,E12000006,East of England,6269161,9917.0,8991.142857142857,21.0,282.0,875.0,4830270.0,-24.818181818181817,0.7518181818181818,-28.272727272727273,0.7172727272727273,-12.636363636363637,6.363636363636363
2022-03-23,E12000006,East of England,6269161,9558.0,8938.142857142857,23.0,283.0,899.0,4830553.0,-24.545454545454547,0.7545454545454545,-27.454545454545453,0.7254545454545455,-12.090909090909092,6.363636363636363
2022-03-24,E12000006,East of England,6269161,8451.0,8872.42857142857,22.0,322.0,818.0,4830875.0,-24.818181818181817,0.7518181818181818,-27.181818181818183,0.7281818181818182,-10.181818181818182,6.181818181818182
2022-03-25,E12000006,East of England,6269161,7259.0,8784.42857142857,25.0,286.0,1082.0,4831161.0,-25.363636363636363,0.7463636363636363,-25.454545454545453,0.7454545454545455,-8.454545454545455,5.636363636363637
2022-03-26,E12000006,East of England,6269161,6226.0,8683.285714285714,32.0,470.0,1809.0,4831631.0,-8.636363636363637,0.9136363636363636,-14.636363636363637,0.8536363636363636,-9.909090909090908,-0.36363636363636365
2022-03-27,E12000006,East of England,6269161,7084.0,8494.57142857143,26.0,246.0,944.0,4831877.0,-3.5454545454545454,0.9645454545454546,-16.363636363636363,0.8363636363636364,-11.727272727272727,-0.6363636363636364
2022-03-28,E12000006,East of England,6269161,9310.0,8257.857142857143,22.0,231.0,733.0,4832108.0,-26.09090909090909,0.739090909090909,-29.0,0.71,-12.272727272727273,6.636363636363637
2022-03-29,E12000006,East of England,6269161,7965.0,7979.0,26.0,245.0,778.0,4832353.0,-25.272727272727273,0.7472727272727273,-29.90909090909091,0.7009090909090909,-17.363636363636363,7.0
2022-03-30,E12000006,East of England,6269161,7209.0,7643.428571428572,35.0,226.0,728.0,4832579.0,-24.545454545454547,0.7545454545454545,-29.545454545454547,0.7045454545454546,-16.636363636363637,7.2727272727272725
2022-03-31,E12000006,East of England,6269161,5624.0,7239.571428571428,27.0,245.0,905.0,4832824.0,-24.818181818181817,0.7518181818181818,-30.727272727272727,0.6927272727272727,-15.454545454545455,7.2727272727272725
2020-09-01,E12000007,London,9002488,316.0,203.42857142857142,0.0,0.0,0.0,0.0,-56.0,0.43999999999999995,-52.0,0.48,-34.0,15.0
2020-09-02,E12000007,London,9002488,343.0,228.85714285714286,1.0,0.0,0.0,0.0,-54.0,0.45999999999999996,-53.0,0.47,-37.0,16.0
2020-09-03,E12000007,London,9002488,348.0,245.42857142857142,1.0,0.0,0.0,0.0,-54.0,0.45999999999999996,-53.0,0.47,-38.0,16.0
2020-09-04,E12000007,London,9002488,359.0,264.85714285714283,0.0,0.0,0.0,0.0,-51.0,0.49,-48.0,0.52,-38.0,14.0
2020-09-05,E12000007,London,9002488,271.0,283.7142857142857,0.0,0.0,0.0,0.0,-17.0,0.83,-42.0,0.5800000000000001,-38.0,4.0
2020-09-06,E12000007,London,9002488,209.0,294.7142857142857,2.0,0.0,0.0,0.0,-15.0,0.85,-42.0,0.5800000000000001,-34.0,3.0
2020-09-07,E12000007,London,9002488,464.0,330.0,0.0,0.0,0.0,0.0,-54.0,0.45999999999999996,-49.0,0.51,-32.0,14.0
2020-09-08,E12000007,London,9002488,351.0,335.0,0.0,0.0,0.0,0.0,-54.0,0.45999999999999996,-49.0,0.51,-35.0,14.0
2020-09-09,E12000007,London,9002488,347.0,335.57142857142856,0.0,0.0,0.0,0.0,-51.0,0.49,-50.0,0.5,-37.0,14.0
2020-09-10,E12000007,London,9002488,397.0,342.57142857142856,2.0,0.0,0.0,0.0,-51.0,0.49,-48.0,0.52,-35.0,14.0
2020-09-11,E12000007,London,9002488,335.0,339.14285714285717,2.0,0.0,0.0,0.0,-49.0,0.51,-45.0,0.55,-36.0,12.0
2020-09-12,E12000007,London,9002488,232.0,333.57142857142856,0.0,0.0,0.0,0.0,-16.0,0.84,-40.0,0.6,-38.0,4.0
2020-09-13,E12000007,London,9002488,112.0,319.7142857142857,0.0,0.0,0.0,0.0,-13.0,0.87,-38.0,0.62,-34.0,2.0
2020-09-14,E12000007,London,9002488,304.0,296.85714285714283,0.0,0.0,0.0,0.0,-47.0,0.53,-47.0,0.53,-32.0,12.0
2020-09-15,E12000007,London,9002488,272.0,285.57142857142856,1.0,0.0,0.0,0.0,-48.0,0.52,-47.0,0.53,-35.0,13.0
2020-09-16,E12000007,London,9002488,294.0,278.0,2.0,0.0,0.0,0.0,-47.0,0.53,-48.0,0.52,-37.0,14.0
2020-09-17,E12000007,London,9002488,328.0,268.14285714285717,4.0,0.0,0.0,0.0,-47.0,0.53,-48.0,0.52,-36.0,13.0
2020-09-18,E12000007,London,9002488,386.0,275.42857142857144,1.0,0.0,0.0,0.0,-45.0,0.55,-45.0,0.55,-37.0,12.0
2020-09-19,E12000007,London,9002488,342.0,291.14285714285717,3.0,0.0,0.0,0.0,-16.0,0.84,-41.0,0.5900000000000001,-38.0,5.0
2020-09-20,E12000007,London,9002488,415.0,334.42857142857144,4.0,0.0,0.0,0.0,-14.0,0.86,-40.0,0.6,-35.0,3.0
2020-09-21,E12000007,London,9002488,434.0,353.0,4.0,0.0,0.0,0.0,-48.0,0.52,-47.0,0.53,-32.0,13.0
2020-09-22,E12000007,London,9002488,525.0,389.14285714285717,6.0,0.0,0.0,0.0,-48.0,0.52,-47.0,0.53,-36.0,13.0
2020-09-23,E12000007,London,9002488,658.0,441.14285714285717,7.0,0.0,0.0,0.0,-46.0,0.54,-50.0,0.5,-41.0,15.0
2020-09-24,E12000007,London,9002488,602.0,480.2857142857143,2.0,0.0,0.0,0.0,-47.0,0.53,-50.0,0.5,-40.0,15.0
2020-09-25,E12000007,London,9002488,607.0,511.85714285714283,1.0,0.0,0.0,0.0,-45.0,0.55,-47.0,0.53,-40.0,14.0
2020-09-26,E12000007,London,9002488,552.0,541.8571428571429,2.0,0.0,0.0,0.0,-16.0,0.84,-43.0,0.5700000000000001,-40.0,6.0
2020-09-27,E12000007,London,9002488,535.0,559.0,2.0,0.0,0.0,0.0,-16.0,0.84,-45.0,0.55,-40.0,6.0
2020-09-28,E12000007,London,9002488,744.0,603.2857142857143,5.0,0.0,0.0,0.0,-46.0,0.54,-48.0,0.52,-33.0,14.0
2020-09-29,E12000007,London,9002488,705.0,629.0,9.0,0.0,0.0,0.0,-46.0,0.54,-49.0,0.51,-38.0,15.0
2020-09-30,E12000007,London,9002488,1006.0,678.7142857142857,6.0,0.0,0.0,0.0,-46.0,0.54,-49.0,0.51,-39.0,15.0
2020-10-01,E12000007,London,9002488,1076.0,746.4285714285714,5.0,0.0,0.0,0.0,-44.0,0.56,-49.0,0.51,-37.0,15.0
2020-10-02,E12000007,London,9002488,1040.0,808.2857142857143,3.0,0.0,0.0,0.0,-44.0,0.56,-49.0,0.51,-47.0,16.0
2020-10-03,E12000007,London,9002488,800.0,843.7142857142857,2.0,0.0,0.0,0.0,-17.0,0.83,-44.0,0.56,-42.0,8.0
2020-10-04,E12000007,London,9002488,834.0,886.4285714285714,2.0,0.0,0.0,0.0,-17.0,0.83,-48.0,0.52,-45.0,7.0
2020-10-05,E12000007,London,9002488,1298.0,965.5714285714286,9.0,0.0,0.0,0.0,-45.0,0.55,-48.0,0.52,-36.0,14.0
2020-10-06,E12000007,London,9002488,1168.0,1031.7142857142858,5.0,0.0,0.0,0.0,-46.0,0.54,-48.0,0.52,-39.0,15.0
2020-10-07,E12000007,London,9002488,1425.0,1091.5714285714287,6.0,0.0,0.0,0.0,-44.0,0.56,-49.0,0.51,-39.0,14.0
2020-10-08,E12000007,London,9002488,1481.0,1149.4285714285713,6.0,0.0,0.0,0.0,-45.0,0.55,-50.0,0.5,-41.0,15.0
2020-10-09,E12000007,London,9002488,1362.0,1195.4285714285713,7.0,0.0,0.0,0.0,-42.0,0.5800000000000001,-47.0,0.53,-41.0,14.0
2020-10-10,E12000007,London,9002488,881.0,1207.0,6.0,0.0,0.0,0.0,-14.0,0.86,-42.0,0.5800000000000001,-39.0,7.0
2020-10-11,E12000007,London,9002488,745.0,1194.2857142857142,4.0,0.0,0.0,0.0,-13.0,0.87,-41.0,0.5900000000000001,-36.0,5.0
2020-10-12,E12000007,London,9002488,1590.0,1236.0,6.0,0.0,0.0,0.0,-45.0,0.55,-49.0,0.51,-40.0,15.0
2020-10-13,E12000007,London,9002488,1440.0,1274.857142857143,5.0,0.0,0.0,0.0,-45.0,0.55,-50.0,0.5,-43.0,16.0
2020-10-14,E12000007,London,9002488,1638.0,1305.2857142857142,4.0,0.0,0.0,0.0,-43.0,0.5700000000000001,-49.0,0.51,-40.0,15.0
2020-10-15,E12000007,London,9002488,1740.0,1342.2857142857142,12.0,0.0,0.0,0.0,-43.0,0.5700000000000001,-49.0,0.51,-39.0,15.0
2020-10-16,E12000007,London,9002488,1685.0,1388.4285714285713,7.0,0.0,0.0,0.0,-41.0,0.5900000000000001,-45.0,0.55,-39.0,14.0
2020-10-17,E12000007,London,9002488,1117.0,1422.142857142857,4.0,0.0,0.0,0.0,-15.0,0.85,-47.0,0.53,-43.0,8.0
2020-10-18,E12000007,London,9002488,1308.0,1502.5714285714287,6.0,0.0,0.0,0.0,-15.0,0.85,-46.0,0.54,-40.0,7.0
2020-10-19,E12000007,London,9002488,2359.0,1612.4285714285713,12.0,0.0,0.0,0.0,-46.0,0.54,-51.0,0.49,-38.0,16.0
2020-10-20,E12000007,London,9002488,2336.0,1740.4285714285713,7.0,0.0,0.0,0.0,-46.0,0.54,-51.0,0.49,-41.0,16.0
2020-10-21,E12000007,London,9002488,2376.0,1845.857142857143,15.0,0.0,0.0,0.0,-46.0,0.54,-54.0,0.45999999999999996,-47.0,18.0
2020-10-22,E12000007,London,9002488,2200.0,1911.5714285714287,11.0,0.0,0.0,0.0,-45.0,0.55,-52.0,0.48,-39.0,16.0
2020-10-23,E12000007,London,9002488,2043.0,1962.7142857142858,6.0,0.0,0.0,0.0,-44.0,0.56,-51.0,0.49,-41.0,16.0
2020-10-24,E12000007,London,9002488,1458.0,2011.4285714285713,18.0,0.0,0.0,0.0,-15.0,0.85,-48.0,0.52,-44.0,8.0
2020-10-25,E12000007,London,9002488,1302.0,2010.5714285714287,11.0,0.0,0.0,0.0,-14.0,0.86,-46.0,0.54,-36.0,6.0
2020-10-26,E12000007,London,9002488,2561.0,2039.4285714285713,12.0,0.0,0.0,0.0,-53.0,0.47,-54.0,0.45999999999999996,-33.0,17.0
2020-10-27,E12000007,London,9002488,2111.0,2007.2857142857142,14.0,0.0,0.0,0.0,-54.0,0.45999999999999996,-55.0,0.44999999999999996,-40.0,18.0
2020-10-28,E12000007,London,9002488,1996.0,1953.0,21.0,0.0,0.0,0.0,-52.0,0.48,-54.0,0.45999999999999996,-38.0,18.0
2020-10-29,E12000007,London,9002488,2030.0,1928.7142857142858,12.0,0.0,0.0,0.0,-53.0,0.47,-56.0,0.43999999999999995,-41.0,19.0
2020-10-30,E12000007,London,9002488,1895.0,1907.5714285714287,14.0,0.0,0.0,0.0,-50.0,0.5,-51.0,0.49,-39.0,17.0
2020-10-31,E12000007,London,9002488,1403.0,1899.7142857142858,8.0,0.0,0.0,0.0,-15.0,0.85,-47.0,0.53,-44.0,8.0
2020-11-01,E12000007,London,9002488,1226.0,1888.857142857143,17.0,0.0,0.0,0.0,-12.0,0.88,-43.0,0.5700000000000001,-34.0,5.0
2020-11-02,E12000007,London,9002488,2965.0,1946.5714285714287,19.0,0.0,0.0,0.0,-44.0,0.56,-48.0,0.52,-28.0,14.0
2020-11-03,E12000007,London,9002488,2162.0,1953.857142857143,13.0,0.0,0.0,0.0,-43.0,0.5700000000000001,-46.0,0.54,-27.0,14.0
2020-11-04,E12000007,London,9002488,2084.0,1966.4285714285713,16.0,0.0,0.0,0.0,-41.0,0.5900000000000001,-43.0,0.5700000000000001,-21.0,12.0
2020-11-05,E12000007,London,9002488,2115.0,1978.5714285714287,15.0,0.0,0.0,0.0,-50.0,0.5,-60.0,0.4,-64.0,21.0
2020-11-06,E12000007,London,9002488,2145.0,2014.2857142857142,16.0,0.0,0.0,0.0,-49.0,0.51,-60.0,0.4,-65.0,22.0
2020-11-07,E12000007,London,9002488,1667.0,2052.0,23.0,0.0,0.0,0.0,-33.0,0.6699999999999999,-62.0,0.38,-66.0,15.0
2020-11-08,E12000007,London,9002488,1792.0,2132.8571428571427,20.0,0.0,0.0,0.0,-35.0,0.65,-62.0,0.38,-66.0,12.0
2020-11-09,E12000007,London,9002488,3128.0,2156.1428571428573,29.0,0.0,0.0,0.0,-51.0,0.49,-58.0,0.42000000000000004,-59.0,20.0
2020-11-10,E12000007,London,9002488,2776.0,2243.8571428571427,15.0,0.0,0.0,0.0,-51.0,0.49,-58.0,0.42000000000000004,-61.0,20.0
2020-11-11,E12000007,London,9002488,2961.0,2369.1428571428573,12.0,0.0,0.0,0.0,-50.0,0.5,-59.0,0.41000000000000003,-62.0,21.0
2020-11-12,E12000007,London,9002488,2890.0,2479.8571428571427,20.0,0.0,0.0,0.0,-51.0,0.49,-59.0,0.41000000000000003,-61.0,21.0
2020-11-13,E12000007,London,9002488,2744.0,2565.4285714285716,13.0,0.0,0.0,0.0,-49.0,0.51,-58.0,0.42000000000000004,-63.0,21.0
2020-11-14,E12000007,London,9002488,1960.0,2607.285714285714,20.0,0.0,0.0,0.0,-35.0,0.65,-64.0,0.36,-69.0,16.0
2020-11-15,E12000007,London,9002488,1830.0,2612.714285714286,19.0,0.0,0.0,0.0,-36.0,0.64,-61.0,0.39,-66.0,12.0
2020-11-16,E12000007,London,9002488,3117.0,2611.1428571428573,30.0,0.0,0.0,0.0,-51.0,0.49,-58.0,0.42000000000000004,-59.0,20.0
2020-11-17,E12000007,London,9002488,2597.0,2585.5714285714284,30.0,0.0,0.0,0.0,-51.0,0.49,-58.0,0.42000000000000004,-61.0,20.0
2020-11-18,E12000007,London,9002488,2488.0,2518.0,21.0,0.0,0.0,0.0,-50.0,0.5,-59.0,0.41000000000000003,-62.0,21.0
2020-11-19,E12000007,London,9002488,2212.0,2421.1428571428573,27.0,0.0,0.0,0.0,-51.0,0.49,-60.0,0.4,-63.0,22.0
2020-11-20,E12000007,London,9002488,2152.0,2336.5714285714284,28.0,0.0,0.0,0.0,-49.0,0.51,-59.0,0.41000000000000003,-64.0,22.0
2020-11-21,E12000007,London,9002488,1514.0,2272.8571428571427,20.0,0.0,0.0,0.0,-32.0,0.6799999999999999,-59.0,0.41000000000000003,-65.0,14.0
2020-11-22,E12000007,London,9002488,1508.0,2226.8571428571427,29.0,0.0,0.0,0.0,-33.0,0.6699999999999999,-58.0,0.42000000000000004,-62.0,11.0
2020-11-23,E12000007,London,9002488,2430.0,2128.714285714286,18.0,0.0,0.0,0.0,-50.0,0.5,-58.0,0.42000000000000004,-58.0,20.0
2020-11-24,E12000007,London,9002488,2179.0,2069.0,30.0,0.0,0.0,0.0,-51.0,0.49,-58.0,0.42000000000000004,-60.0,20.0
2020-11-25,E12000007,London,9002488,2265.0,2037.142857142857,39.0,0.0,0.0,0.0,-49.0,0.51,-59.0,0.41000000000000003,-62.0,21.0
2020-11-26,E12000007,London,9002488,2092.0,2020.0,29.0,0.0,0.0,0.0,-50.0,0.5,-59.0,0.41000000000000003,-60.0,21.0
2020-11-27,E12000007,London,9002488,2234.0,2031.7142857142858,21.0,0.0,0.0,0.0,-49.0,0.51,-58.0,0.42000000000000004,-61.0,21.0
2020-11-28,E12000007,London,9002488,1654.0,2051.714285714286,33.0,0.0,0.0,0.0,-30.0,0.7,-58.0,0.42000000000000004,-63.0,14.0
2020-11-29,E12000007,London,9002488,1670.0,2074.8571428571427,49.0,0.0,0.0,0.0,-32.0,0.6799999999999999,-59.0,0.41000000000000003,-63.0,11.0
2020-11-30,E12000007,London,9002488,2720.0,2116.285714285714,26.0,0.0,0.0,0.0,-49.0,0.51,-57.0,0.43000000000000005,-56.0,19.0
2020-12-01,E12000007,London,9002488,2489.0,2160.5714285714284,22.0,0.0,0.0,0.0,-48.0,0.52,-57.0,0.43000000000000005,-57.0,19.0
2020-12-02,E12000007,London,9002488,2839.0,2242.5714285714284,28.0,0.0,0.0,0.0,-42.0,0.5800000000000001,-53.0,0.47,-43.0,17.0
2020-12-03,E12000007,London,9002488,2487.0,2299.0,35.0,0.0,0.0,0.0,-44.0,0.56,-53.0,0.47,-46.0,18.0
2020-12-04,E12000007,London,9002488,2964.0,2403.285714285714,33.0,0.0,0.0,0.0,-42.0,0.5800000000000001,-49.0,0.51,-42.0,16.0
2020-12-05,E12000007,London,9002488,2277.0,2492.285714285714,27.0,0.0,0.0,0.0,-14.0,0.86,-42.0,0.5800000000000001,-38.0,8.0
2020-12-06,E12000007,London,9002488,2445.0,2603.0,27.0,0.0,0.0,0.0,-15.0,0.85,-44.0,0.56,-38.0,7.0
2020-12-07,E12000007,London,9002488,3749.0,2750.0,35.0,0.0,0.0,0.0,-45.0,0.55,-51.0,0.49,-38.0,16.0
2020-12-08,E12000007,London,9002488,3759.0,2931.4285714285716,35.0,516.0,9.0,516.0,-44.0,0.56,-51.0,0.49,-41.0,16.0
2020-12-09,E12000007,London,9002488,4462.0,3163.285714285714,30.0,842.0,14.0,1358.0,-43.0,0.5700000000000001,-52.0,0.48,-42.0,16.0
2020-12-10,E12000007,London,9002488,5080.0,3533.714285714286,28.0,1347.0,11.0,2705.0,-44.0,0.56,-51.0,0.49,-41.0,17.0
2020-12-11,E12000007,London,9002488,5538.0,3901.4285714285716,27.0,1330.0,0.0,4035.0,-42.0,0.5800000000000001,-48.0,0.52,-42.0,16.0
2020-12-12,E12000007,London,9002488,4749.0,4254.571428571428,41.0,812.0,2.0,4847.0,-15.0,0.85,-42.0,0.5800000000000001,-41.0,8.0
2020-12-13,E12000007,London,9002488,5571.0,4701.142857142857,29.0,49.0,0.0,4896.0,-16.0,0.84,-47.0,0.53,-44.0,8.0
2020-12-14,E12000007,London,9002488,8438.0,5371.0,37.0,1275.0,12.0,6171.0,-47.0,0.53,-51.0,0.49,-37.0,16.0
2020-12-15,E12000007,London,9002488,8974.0,6116.0,45.0,4394.0,8.0,10565.0,-46.0,0.54,-48.0,0.52,-32.0,15.0
2020-12-16,E12000007,London,9002488,10165.0,6930.714285714285,30.0,9917.0,5.0,20482.0,-48.0,0.52,-56.0,0.43999999999999995,-51.0,19.0
2020-12-17,E12000007,London,9002488,10317.0,7678.857142857143,61.0,10276.0,5.0,30758.0,-50.0,0.5,-56.0,0.43999999999999995,-49.0,19.0
2020-12-18,E12000007,London,9002488,11002.0,8459.42857142857,43.0,9218.0,20.0,39976.0,-52.0,0.48,-56.0,0.43999999999999995,-53.0,20.0
2020-12-19,E12000007,London,9002488,7288.0,8822.142857142857,48.0,6274.0,1.0,46250.0,-22.0,0.78,-51.0,0.49,-53.0,11.0
2020-12-20,E12000007,London,9002488,9078.0,9323.142857142857,52.0,8016.0,2.0,54266.0,-28.0,0.72,-59.0,0.41000000000000003,-65.0,10.0
2020-12-21,E12000007,London,9002488,13495.0,10045.57142857143,63.0,6981.0,6.0,61247.0,-63.0,0.37,-66.0,0.33999999999999997,-58.0,23.0
2020-12-22,E12000007,London,9002488,13569.0,10702.0,75.0,6374.0,23.0,67621.0,-65.0,0.35,-67.0,0.32999999999999996,-58.0,24.0
2020-12-23,E12000007,London,9002488,12532.0,11040.142857142857,70.0,5705.0,1.0,73326.0,-65.0,0.35,-68.0,0.31999999999999995,-59.0,25.0
2020-12-24,E12000007,London,9002488,9594.0,10936.857142857143,67.0,2117.0,0.0,75443.0,-72.0,0.28,-72.0,0.28,-61.0,27.0
2020-12-25,E12000007,London,9002488,4413.0,9995.57142857143,90.0,180.0,1.0,75623.0,-88.0,0.12,-92.0,0.07999999999999996,-92.0,37.0
2020-12-26,E12000007,London,9002488,12085.0,10680.857142857143,93.0,784.0,1.0,76407.0,-56.0,0.43999999999999995,-79.0,0.20999999999999996,-85.0,20.0
2020-12-27,E12000007,London,9002488,13364.0,11293.142857142857,104.0,971.0,1.0,77378.0,-35.0,0.65,-68.0,0.31999999999999995,-71.0,12.0
2020-12-28,E12000007,London,9002488,10880.0,10919.57142857143,103.0,1063.0,1.0,78441.0,-80.0,0.19999999999999996,-78.0,0.21999999999999997,-68.0,31.0
2020-12-29,E12000007,London,9002488,20265.0,11876.142857142857,111.0,6489.0,231.0,84930.0,-72.0,0.28,-73.0,0.27,-65.0,28.0
2020-12-30,E12000007,London,9002488,17658.0,12608.42857142857,126.0,13336.0,300.0,98266.0,-71.0,0.29000000000000004,-73.0,0.27,-64.0,28.0
2020-12-31,E12000007,London,9002488,12667.0,13047.42857142857,129.0,11257.0,311.0,109523.0,-73.0,0.27,-74.0,0.26,-65.0,29.0
2021-01-01,E12000007,London,9002488,6889.0,13401.142857142857,137.0,2827.0,18.0,112350.0,-84.0,0.16000000000000003,-84.0,0.16000000000000003,-85.0,36.0
2021-01-02,E12000007,London,9002488,13941.0,13666.285714285714,146.0,2826.0,134.0,115176.0,-42.0,0.5800000000000001,-72.0,0.28,-74.0,18.0
2021-01-03,E12000007,London,9002488,13397.0,13671.0,138.0,854.0,96.0,116030.0,-34.0,0.6599999999999999,-68.0,0.31999999999999995,-72.0,13.0
2021-01-04,E12000007,London,9002488,17652.0,14638.42857142857,162.0,4404.0,651.0,120434.0,-61.0,0.39,-69.0,0.31000000000000005,-66.0,25.0
2021-01-05,E12000007,London,9002488,14895.0,13871.285714285714,177.0,9439.0,3357.0,129873.0,-63.0,0.37,-71.0,0.29000000000000004,-70.0,27.0
2021-01-06,E12000007,London,9002488,13885.0,13332.285714285714,161.0,13773.0,7877.0,143646.0,-62.0,0.38,-71.0,0.29000000000000004,-70.0,27.0
2021-01-07,E12000007,London,9002488,12354.0,13287.57142857143,186.0,19907.0,9421.0,163553.0,-62.0,0.38,-71.0,0.29000000000000004,-70.0,28.0
2021-01-08,E12000007,London,9002488,10770.0,13842.0,176.0,24085.0,8315.0,187638.0,-61.0,0.39,-71.0,0.29000000000000004,-72.0,28.0
2021-01-09,E12000007,London,9002488,8960.0,13130.42857142857,178.0,16061.0,5281.0,203699.0,-37.0,0.63,-70.0,0.30000000000000004,-73.0,17.0
2021-01-10,E12000007,London,9002488,7641.0,12308.142857142857,194.0,10530.0,4527.0,214229.0,-37.0,0.63,-71.0,0.29000000000000004,-74.0,14.0
2021-01-11,E12000007,London,9002488,11844.0,11478.42857142857,185.0,12571.0,3015.0,226800.0,-62.0,0.38,-70.0,0.30000000000000004,-67.0,26.0
2021-01-12,E12000007,London,9002488,10081.0,10790.714285714286,193.0,16810.0,2334.0,243610.0,-63.0,0.37,-71.0,0.29000000000000004,-70.0,27.0
2021-01-13,E12000007,London,9002488,9510.0,10165.714285714286,201.0,28423.0,1807.0,272033.0,-63.0,0.37,-72.0,0.28,-72.0,27.0
2021-01-14,E12000007,London,9002488,9158.0,9709.142857142857,199.0,35947.0,1216.0,307980.0,-64.0,0.36,-73.0,0.27,-74.0,28.0
2021-01-15,E12000007,London,9002488,8397.0,9370.142857142857,182.0,37005.0,693.0,344985.0,-62.0,0.38,-71.0,0.29000000000000004,-72.0,27.0
2021-01-16,E12000007,London,9002488,6311.0,8991.714285714286,200.0,27396.0,261.0,372381.0,-40.0,0.6,-72.0,0.28,-76.0,18.0
2021-01-17,E12000007,London,9002488,5523.0,8689.142857142857,208.0,15463.0,108.0,387844.0,-37.0,0.63,-68.0,0.31999999999999995,-71.0,13.0
2021-01-18,E12000007,London,9002488,8516.0,8213.714285714286,203.0,15037.0,202.0,402881.0,-63.0,0.37,-70.0,0.30000000000000004,-68.0,25.0
2021-01-19,E12000007,London,9002488,7213.0,7804.0,209.0,32195.0,355.0,435076.0,-64.0,0.36,-71.0,0.29000000000000004,-70.0,26.0
2021-01-20,E12000007,London,9002488,6377.0,7356.428571428572,186.0,37005.0,602.0,472081.0,-63.0,0.37,-72.0,0.28,-73.0,27.0
2021-01-21,E12000007,London,9002488,5944.0,6897.285714285715,183.0,35649.0,762.0,507730.0,-63.0,0.37,-71.0,0.29000000000000004,-70.0,27.0
2021-01-22,E12000007,London,9002488,5740.0,6517.714285714285,160.0,43997.0,121.0,551727.0,-60.0,0.4,-69.0,0.31000000000000005,-70.0,26.0
2021-01-23,E12000007,London,9002488,4259.0,6224.571428571428,159.0,41892.0,133.0,593619.0,-37.0,0.63,-69.0,0.31000000000000005,-72.0,16.0
2021-01-24,E12000007,London,9002488,3199.0,5892.571428571428,152.0,21618.0,112.0,615237.0,-40.0,0.6,-72.0,0.28,-76.0,14.0
2021-01-25,E12000007,London,9002488,5104.0,5405.142857142857,155.0,23953.0,89.0,639190.0,-62.0,0.38,-69.0,0.31000000000000005,-67.0,25.0
2021-01-26,E12000007,London,9002488,4293.0,4988.0,126.0,30243.0,153.0,669433.0,-63.0,0.37,-71.0,0.29000000000000004,-70.0,26.0
2021-01-27,E12000007,London,9002488,4314.0,4693.285714285715,129.0,34179.0,170.0,703612.0,-62.0,0.38,-71.0,0.29000000000000004,-70.0,26.0
2021-01-28,E12000007,London,9002488,3972.0,4411.571428571428,125.0,41958.0,320.0,745570.0,-62.0,0.38,-70.0,0.30000000000000004,-69.0,26.0
2021-01-29,E12000007,London,9002488,3498.0,4091.285714285714,123.0,52900.0,486.0,798470.0,-60.0,0.4,-68.0,0.31999999999999995,-70.0,26.0
2021-01-30,E12000007,London,9002488,2715.0,3870.714285714286,86.0,46311.0,356.0,844781.0,-39.0,0.61,-71.0,0.29000000000000004,-75.0,17.0
2021-01-31,E12000007,London,9002488,2288.0,3740.5714285714284,101.0,38400.0,573.0,883181.0,-37.0,0.63,-68.0,0.31999999999999995,-70.0,13.0
2021-02-01,E12000007,London,9002488,3376.0,3493.714285714286,93.0,31989.0,347.0,915170.0,-62.0,0.38,-68.0,0.31999999999999995,-66.0,24.0
2021-02-02,E12000007,London,9002488,3020.0,3311.8571428571427,98.0,33097.0,247.0,948267.0,-62.0,0.38,-68.0,0.31999999999999995,-67.0,25.0
2021-02-03,E12000007,London,9002488,2779.0,3092.5714285714284,109.0,35898.0,297.0,984165.0,-61.0,0.39,-70.0,0.30000000000000004,-69.0,26.0
2021-02-04,E12000007,London,9002488,2538.0,2887.714285714286,67.0,40523.0,369.0,1024688.0,-61.0,0.39,-71.0,0.29000000000000004,-69.0,26.0
2021-02-05,E12000007,London,9002488,2186.0,2700.285714285714,92.0,42752.0,190.0,1067440.0,-59.0,0.41000000000000003,-68.0,0.31999999999999995,-67.0,25.0
2021-02-06,E12000007,London,9002488,1591.0,2539.714285714286,76.0,34921.0,96.0,1102361.0,-36.0,0.64,-68.0,0.31999999999999995,-70.0,15.0
2021-02-07,E12000007,London,9002488,1383.0,2410.4285714285716,65.0,19210.0,148.0,1121571.0,-40.0,0.6,-72.0,0.28,-75.0,14.0
2021-02-08,E12000007,London,9002488,1860.0,2193.8571428571427,66.0,21566.0,168.0,1143137.0,-63.0,0.37,-70.0,0.30000000000000004,-69.0,25.0
2021-02-09,E12000007,London,9002488,1704.0,2005.857142857143,57.0,28888.0,292.0,1172025.0,-63.0,0.37,-71.0,0.29000000000000004,-70.0,26.0
2021-02-10,E12000007,London,9002488,1575.0,1833.857142857143,65.0,32753.0,505.0,1204778.0,-61.0,0.39,-70.0,0.30000000000000004,-67.0,26.0
2021-02-11,E12000007,London,9002488,1485.0,1683.4285714285713,44.0,42166.0,600.0,1246944.0,-61.0,0.39,-70.0,0.30000000000000004,-68.0,26.0
2021-02-12,E12000007,London,9002488,1315.0,1559.0,41.0,47726.0,335.0,1294670.0,-59.0,0.41000000000000003,-68.0,0.31999999999999995,-68.0,26.0
2021-02-13,E12000007,London,9002488,897.0,1459.857142857143,41.0,37743.0,148.0,1332413.0,-36.0,0.64,-67.0,0.32999999999999996,-69.0,15.0
2021-02-14,E12000007,London,9002488,915.0,1393.0,37.0,28219.0,78.0,1360632.0,-35.0,0.65,-67.0,0.32999999999999996,-68.0,13.0
2021-02-15,E12000007,London,9002488,1427.0,1331.142857142857,44.0,25061.0,225.0,1385693.0,-63.0,0.37,-67.0,0.32999999999999996,-62.0,23.0
2021-02-16,E12000007,London,9002488,1230.0,1263.4285714285713,42.0,43114.0,526.0,1428807.0,-63.0,0.37,-68.0,0.31999999999999995,-65.0,25.0
2021-02-17,E12000007,London,9002488,1129.0,1199.7142857142858,41.0,53795.0,897.0,1482602.0,-62.0,0.38,-68.0,0.31999999999999995,-66.0,25.0
2021-02-18,E12000007,London,9002488,1144.0,1151.0,37.0,48930.0,1198.0,1531532.0,-62.0,0.38,-68.0,0.31999999999999995,-65.0,25.0
2021-02-19,E12000007,London,9002488,1060.0,1114.5714285714287,33.0,44924.0,956.0,1576456.0,-60.0,0.4,-67.0,0.32999999999999996,-66.0,25.0
2021-02-20,E12000007,London,9002488,823.0,1104.0,30.0,39687.0,272.0,1616143.0,-33.0,0.6699999999999999,-62.0,0.38,-65.0,14.0
2021-02-21,E12000007,London,9002488,763.0,1082.2857142857142,38.0,14430.0,152.0,1630573.0,-32.0,0.6799999999999999,-63.0,0.37,-65.0,11.0
2021-02-22,E12000007,London,9002488,1046.0,1027.857142857143,21.0,23045.0,806.0,1653618.0,-59.0,0.41000000000000003,-66.0,0.33999999999999997,-63.0,23.0
2021-02-23,E12000007,London,9002488,957.0,988.8571428571429,20.0,44638.0,1352.0,1698256.0,-59.0,0.41000000000000003,-66.0,0.33999999999999997,-62.0,23.0
2021-02-24,E12000007,London,9002488,763.0,936.5714285714286,21.0,52933.0,2539.0,1751189.0,-58.0,0.42000000000000004,-66.0,0.33999999999999997,-64.0,24.0
2021-02-25,E12000007,London,9002488,665.0,868.1428571428571,19.0,56154.0,3037.0,1807343.0,-58.0,0.42000000000000004,-67.0,0.32999999999999996,-65.0,25.0
2021-02-26,E12000007,London,9002488,642.0,808.4285714285714,15.0,54325.0,2731.0,1861668.0,-56.0,0.43999999999999995,-63.0,0.37,-62.0,23.0
2021-02-27,E12000007,London,9002488,528.0,766.2857142857143,12.0,48916.0,2224.0,1910584.0,-30.0,0.7,-60.0,0.4,-63.0,12.0
2021-02-28,E12000007,London,9002488,499.0,728.5714285714286,10.0,22520.0,949.0,1933104.0,-31.0,0.69,-62.0,0.38,-64.0,11.0
2021-03-01,E12000007,London,9002488,576.0,661.4285714285714,20.0,20981.0,1883.0,1954085.0,-58.0,0.42000000000000004,-65.0,0.35,-60.0,22.0
2021-03-02,E12000007,London,9002488,678.0,621.5714285714286,14.0,29062.0,3599.0,1983147.0,-59.0,0.41000000000000003,-66.0,0.33999999999999997,-63.0,23.0
2021-03-03,E12000007,London,9002488,596.0,597.7142857142857,7.0,31895.0,5706.0,2015042.0,-58.0,0.42000000000000004,-67.0,0.32999999999999996,-66.0,24.0
2021-03-04,E12000007,London,9002488,534.0,579.0,12.0,37048.0,5529.0,2052090.0,-58.0,0.42000000000000004,-67.0,0.32999999999999996,-65.0,24.0
2021-03-05,E12000007,London,9002488,515.0,560.8571428571429,15.0,42338.0,6048.0,2094428.0,-55.0,0.44999999999999996,-64.0,0.36,-64.0,24.0
2021-03-06,E12000007,London,9002488,416.0,544.8571428571429,13.0,46168.0,3223.0,2140596.0,-31.0,0.69,-62.0,0.38,-65.0,14.0
2021-03-07,E12000007,London,9002488,425.0,534.2857142857143,9.0,18381.0,917.0,2158977.0,-30.0,0.7,-62.0,0.38,-63.0,11.0
2021-03-08,E12000007,London,9002488,581.0,535.0,7.0,21280.0,3743.0,2180257.0,-56.0,0.43999999999999995,-61.0,0.39,-58.0,20.0
2021-03-09,E12000007,London,9002488,616.0,526.1428571428571,10.0,28596.0,6976.0,2208853.0,-55.0,0.44999999999999996,-60.0,0.4,-59.0,20.0
2021-03-10,E12000007,London,9002488,545.0,518.8571428571429,10.0,31865.0,7307.0,2240718.0,-54.0,0.45999999999999996,-64.0,0.36,-67.0,22.0
2021-03-11,E12000007,London,9002488,472.0,510.0,7.0,22588.0,6054.0,2263306.0,-54.0,0.45999999999999996,-62.0,0.38,-63.0,22.0
2021-03-12,E12000007,London,9002488,528.0,511.85714285714283,1.0,36818.0,7615.0,2300124.0,-51.0,0.49,-60.0,0.4,-64.0,21.0
2021-03-13,E12000007,London,9002488,383.0,507.14285714285717,8.0,42382.0,4497.0,2342506.0,-30.0,0.7,-61.0,0.39,-65.0,13.0
2021-03-14,E12000007,London,9002488,372.0,499.57142857142856,6.0,21686.0,2207.0,2364192.0,-25.0,0.75,-60.0,0.4,-64.0,10.0
2021-03-15,E12000007,London,9002488,617.0,504.7142857142857,7.0,38315.0,4444.0,2402507.0,-53.0,0.47,-60.0,0.4,-59.0,19.0
2021-03-16,E12000007,London,9002488,522.0,491.2857142857143,5.0,42557.0,8711.0,2445064.0,-54.0,0.45999999999999996,-60.0,0.4,-62.0,20.0
2021-03-17,E12000007,London,9002488,477.0,481.57142857142856,7.0,47473.0,11082.0,2492537.0,-52.0,0.48,-61.0,0.39,-63.0,20.0
2021-03-18,E12000007,London,9002488,485.0,483.42857142857144,3.0,47332.0,14092.0,2539869.0,-53.0,0.47,-61.0,0.39,-64.0,21.0
2021-03-19,E12000007,London,9002488,452.0,472.57142857142856,3.0,63761.0,11836.0,2603630.0,-50.0,0.5,-57.0,0.43000000000000005,-61.0,19.0
2021-03-20,E12000007,London,9002488,387.0,473.14285714285717,2.0,64752.0,6219.0,2668382.0,-29.0,0.71,-60.0,0.4,-65.0,13.0
2021-03-21,E12000007,London,9002488,479.0,488.42857142857144,3.0,32612.0,2532.0,2700994.0,-27.0,0.73,-59.0,0.41000000000000003,-63.0,10.0
2021-03-22,E12000007,London,9002488,553.0,479.2857142857143,7.0,32707.0,7296.0,2733701.0,-52.0,0.48,-58.0,0.42000000000000004,-56.0,18.0
2021-03-23,E12000007,London,9002488,489.0,474.57142857142856,2.0,32928.0,16471.0,2766629.0,-53.0,0.47,-59.0,0.41000000000000003,-60.0,19.0
2021-03-24,E12000007,London,9002488,636.0,497.2857142857143,6.0,36899.0,27475.0,2803528.0,-51.0,0.49,-60.0,0.4,-61.0,20.0
2021-03-25,E12000007,London,9002488,471.0,495.2857142857143,1.0,37745.0,26156.0,2841273.0,-52.0,0.48,-60.0,0.4,-62.0,21.0
2021-03-26,E12000007,London,9002488,457.0,496.0,2.0,46677.0,23344.0,2887950.0,-50.0,0.5,-59.0,0.41000000000000003,-64.0,21.0
2021-03-27,E12000007,London,9002488,322.0,486.7142857142857,7.0,44532.0,14182.0,2932482.0,-28.0,0.72,-57.0,0.43000000000000005,-62.0,12.0
2021-03-28,E12000007,London,9002488,530.0,494.0,2.0,24260.0,7121.0,2956742.0,-30.0,0.7,-61.0,0.39,-66.0,11.0
2021-03-29,E12000007,London,9002488,428.0,476.14285714285717,2.0,23181.0,17762.0,2979923.0,-52.0,0.48,-56.0,0.43999999999999995,-53.0,17.0
2021-03-30,E12000007,London,9002488,384.0,461.14285714285717,2.0,21057.0,30646.0,3000980.0,-52.0,0.48,-55.0,0.44999999999999996,-55.0,16.0
2021-03-31,E12000007,London,9002488,322.0,416.2857142857143,2.0,28220.0,44228.0,3029200.0,-51.0,0.49,-56.0,0.43999999999999995,-57.0,18.0
2021-04-01,E12000007,London,9002488,370.0,401.85714285714283,3.0,15335.0,53725.0,3044535.0,-54.0,0.45999999999999996,-57.0,0.43000000000000005,-54.0,18.0
2021-04-02,E12000007,London,9002488,271.0,375.2857142857143,1.0,8597.0,21072.0,3053132.0,-74.0,0.26,-67.0,0.32999999999999996,-62.0,26.0
2021-04-03,E12000007,London,9002488,252.0,365.2857142857143,4.0,10520.0,14214.0,3063652.0,-34.0,0.6599999999999999,-59.0,0.41000000000000003,-65.0,11.0
2021-04-04,E12000007,London,9002488,221.0,321.14285714285717,1.0,3319.0,2265.0,3066971.0,-31.0,0.69,-53.0,0.47,-69.0,6.0
2021-04-05,E12000007,London,9002488,262.0,297.42857142857144,1.0,4163.0,2811.0,3071134.0,-79.0,0.20999999999999996,-72.0,0.28,-61.0,26.0
2021-04-06,E12000007,London,9002488,359.0,293.85714285714283,1.0,9317.0,19831.0,3080451.0,-60.0,0.4,-61.0,0.39,-59.0,21.0
2021-04-07,E12000007,London,9002488,372.0,301.0,2.0,8409.0,46470.0,3088860.0,-58.0,0.42000000000000004,-61.0,0.39,-60.0,21.0
2021-04-08,E12000007,London,9002488,330.0,295.2857142857143,2.0,8937.0,45830.0,3097797.0,-58.0,0.42000000000000004,-61.0,0.39,-59.0,21.0
2021-04-09,E12000007,London,9002488,376.0,310.2857142857143,1.0,9575.0,44958.0,3107372.0,-55.0,0.44999999999999996,-58.0,0.42000000000000004,-61.0,20.0
2021-04-10,E12000007,London,9002488,293.0,316.14285714285717,3.0,11881.0,43458.0,3119253.0,-28.0,0.72,-58.0,0.42000000000000004,-66.0,12.0
2021-04-11,E12000007,London,9002488,312.0,329.14285714285717,3.0,6567.0,16700.0,3125820.0,-25.0,0.75,-54.0,0.45999999999999996,-61.0,8.0
2021-04-12,E12000007,London,9002488,353.0,342.14285714285717,0.0,4178.0,19555.0,3129998.0,-56.0,0.43999999999999995,-52.0,0.48,-34.0,16.0
2021-04-13,E12000007,London,9002488,303.0,334.14285714285717,2.0,5547.0,29194.0,3135545.0,-57.0,0.43000000000000005,-54.0,0.45999999999999996,-42.0,17.0
2021-04-14,E12000007,London,9002488,295.0,323.14285714285717,0.0,21320.0,41431.0,3156865.0,-56.0,0.43999999999999995,-54.0,0.45999999999999996,-43.0,18.0
2021-04-15,E12000007,London,9002488,321.0,321.85714285714283,2.0,16391.0,45758.0,3173256.0,-55.0,0.44999999999999996,-55.0,0.44999999999999996,-45.0,18.0
2021-04-16,E12000007,London,9002488,332.0,315.57142857142856,2.0,18810.0,49758.0,3192066.0,-53.0,0.47,-51.0,0.49,-45.0,16.0
2021-04-17,E12000007,London,9002488,231.0,306.7142857142857,1.0,18619.0,46001.0,3210685.0,-22.0,0.78,-42.0,0.5800000000000001,-46.0,6.0
2021-04-18,E12000007,London,9002488,395.0,318.57142857142856,2.0,11366.0,24430.0,3222051.0,-20.0,0.8,-42.0,0.5800000000000001,-43.0,5.0
2021-04-19,E12000007,London,9002488,395.0,324.57142857142856,3.0,14660.0,26898.0,3236711.0,-47.0,0.53,-50.0,0.5,-40.0,15.0
2021-04-20,E12000007,London,9002488,377.0,335.14285714285717,2.0,15625.0,31783.0,3252336.0,-47.0,0.53,-50.0,0.5,-44.0,15.0
2021-04-21,E12000007,London,9002488,389.0,348.57142857142856,1.0,19186.0,42624.0,3271522.0,-46.0,0.54,-52.0,0.48,-45.0,16.0
2021-04-22,E12000007,London,9002488,327.0,349.42857142857144,0.0,17588.0,40821.0,3289110.0,-45.0,0.55,-51.0,0.49,-43.0,15.0
2021-04-23,E12000007,London,9002488,250.0,337.7142857142857,1.0,16297.0,44300.0,3305407.0,-43.0,0.5700000000000001,-48.0,0.52,-44.0,14.0
2021-04-24,E12000007,London,9002488,247.0,340.0,1.0,17214.0,38401.0,3322621.0,-20.0,0.8,-42.0,0.5800000000000001,-44.0,5.0
2021-04-25,E12000007,London,9002488,281.0,323.7142857142857,2.0,7074.0,21942.0,3329695.0,-20.0,0.8,-46.0,0.54,-43.0,6.0
2021-04-26,E12000007,London,9002488,325.0,313.7142857142857,1.0,10335.0,23962.0,3340030.0,-45.0,0.55,-51.0,0.49,-41.0,15.0
2021-04-27,E12000007,London,9002488,286.0,300.7142857142857,3.0,14249.0,35937.0,3354279.0,-46.0,0.54,-50.0,0.5,-43.0,15.0
2021-04-28,E12000007,London,9002488,307.0,289.0,5.0,19981.0,39147.0,3374260.0,-45.0,0.55,-52.0,0.48,-49.0,16.0
2021-04-29,E12000007,London,9002488,216.0,273.14285714285717,0.0,20059.0,40877.0,3394319.0,-45.0,0.55,-51.0,0.49,-44.0,15.0
2021-04-30,E12000007,London,9002488,240.0,271.7142857142857,2.0,18439.0,37435.0,3412758.0,-42.0,0.5800000000000001,-47.0,0.53,-43.0,14.0
2021-05-01,E12000007,London,9002488,187.0,263.14285714285717,1.0,19167.0,30242.0,3431925.0,-21.0,0.79,-43.0,0.5700000000000001,-44.0,6.0
2021-05-02,E12000007,London,9002488,183.0,249.14285714285714,1.0,10364.0,12609.0,3442289.0,-20.0,0.8,-44.0,0.56,-42.0,4.0
2021-05-03,E12000007,London,9002488,250.0,238.42857142857142,1.0,9096.0,8305.0,3451385.0,-77.0,0.22999999999999998,-65.0,0.35,-40.0,23.0
2021-05-04,E12000007,London,9002488,316.0,242.71428571428572,1.0,18078.0,25747.0,3469463.0,-46.0,0.54,-51.0,0.49,-47.0,16.0
2021-05-05,E12000007,London,9002488,283.0,239.28571428571428,3.0,20945.0,37561.0,3490408.0,-44.0,0.56,-51.0,0.49,-47.0,16.0
2021-05-06,E12000007,London,9002488,300.0,251.28571428571428,0.0,21547.0,49930.0,3511955.0,-45.0,0.55,-50.0,0.5,-43.0,15.0
2021-05-07,E12000007,London,9002488,237.0,250.85714285714286,3.0,20695.0,50681.0,3532650.0,-41.0,0.5900000000000001,-48.0,0.52,-44.0,14.0
2021-05-08,E12000007,London,9002488,191.0,251.42857142857142,0.0,20568.0,46728.0,3553218.0,-21.0,0.79,-50.0,0.5,-51.0,9.0
2021-05-09,E12000007,London,9002488,287.0,266.2857142857143,0.0,10641.0,24010.0,3563859.0,-17.0,0.83,-43.0,0.5700000000000001,-40.0,5.0
2021-05-10,E12000007,London,9002488,362.0,282.2857142857143,2.0,13637.0,24104.0,3577496.0,-45.0,0.55,-50.0,0.5,-40.0,14.0
2021-05-11,E12000007,London,9002488,298.0,279.7142857142857,1.0,19397.0,40389.0,3596893.0,-44.0,0.56,-49.0,0.51,-41.0,14.0
2021-05-12,E12000007,London,9002488,233.0,272.57142857142856,0.0,24397.0,40315.0,3621290.0,-44.0,0.56,-49.0,0.51,-40.0,14.0
2021-05-13,E12000007,London,9002488,263.0,267.2857142857143,0.0,30494.0,38115.0,3651784.0,-47.0,0.53,-51.0,0.49,-46.0,15.0
2021-05-14,E12000007,London,9002488,251.0,269.2857142857143,0.0,34647.0,42214.0,3686431.0,-42.0,0.5800000000000001,-48.0,0.52,-44.0,14.0
2021-05-15,E12000007,London,9002488,194.0,269.7142857142857,2.0,34286.0,36516.0,3720717.0,-21.0,0.79,-44.0,0.56,-45.0,7.0
2021-05-16,E12000007,London,9002488,224.0,260.7142857142857,2.0,19383.0,21152.0,3740100.0,-18.0,0.8200000000000001,-48.0,0.52,-45.0,7.0
2021-05-17,E12000007,London,9002488,340.0,257.57142857142856,0.0,17672.0,27322.0,3757772.0,-44.0,0.56,-48.0,0.52,-36.0,14.0
2021-05-18,E12000007,London,9002488,329.0,262.0,0.0,23473.0,32519.0,3781245.0,-44.0,0.56,-47.0,0.53,-37.0,13.0
2021-05-19,E12000007,London,9002488,360.0,280.14285714285717,0.0,35617.0,37262.0,3816862.0,-42.0,0.5800000000000001,-47.0,0.53,-37.0,13.0
2021-05-20,E12000007,London,9002488,329.0,289.57142857142856,2.0,37177.0,42472.0,3854039.0,-42.0,0.5800000000000001,-49.0,0.51,-38.0,14.0
2021-05-21,E12000007,London,9002488,273.0,292.7142857142857,0.0,33986.0,46353.0,3888025.0,-40.0,0.6,-45.0,0.55,-41.0,13.0
2021-05-22,E12000007,London,9002488,249.0,300.57142857142856,0.0,34780.0,48961.0,3922805.0,-16.0,0.84,-37.0,0.63,-37.0,4.0
2021-05-23,E12000007,London,9002488,281.0,308.7142857142857,2.0,21649.0,26573.0,3944454.0,-15.0,0.85,-41.0,0.5900000000000001,-37.0,4.0
2021-05-24,E12000007,London,9002488,380.0,314.42857142857144,1.0,18744.0,33791.0,3963198.0,-43.0,0.5700000000000001,-49.0,0.51,-37.0,14.0
2021-05-25,E12000007,London,9002488,424.0,328.0,1.0,28560.0,37437.0,3991758.0,-43.0,0.5700000000000001,-48.0,0.52,-37.0,13.0
2021-05-26,E12000007,London,9002488,485.0,345.85714285714283,3.0,35613.0,39807.0,4027371.0,-41.0,0.5900000000000001,-47.0,0.53,-36.0,13.0
2021-05-27,E12000007,London,9002488,520.0,373.14285714285717,1.0,44836.0,44071.0,4072207.0,-40.0,0.6,-46.0,0.54,-30.0,12.0
2021-05-28,E12000007,London,9002488,430.0,395.57142857142856,0.0,36855.0,43239.0,4109062.0,-39.0,0.61,-42.0,0.5800000000000001,-32.0,10.0
2021-05-29,E12000007,London,9002488,386.0,415.14285714285717,1.0,35334.0,36760.0,4144396.0,-15.0,0.85,-32.0,0.6799999999999999,-33.0,1.0
2021-05-30,E12000007,London,9002488,401.0,432.2857142857143,2.0,23364.0,17094.0,4167760.0,-14.0,0.86,-31.0,0.69,-25.0,-1.0
2021-05-31,E12000007,London,9002488,515.0,451.57142857142856,0.0,24288.0,22183.0,4192048.0,-76.0,0.24,-55.0,0.44999999999999996,-21.0,14.0
2021-06-01,E12000007,London,9002488,713.0,492.85714285714283,0.0,20594.0,33099.0,4212642.0,-53.0,0.47,-48.0,0.52,-28.0,12.0
2021-06-02,E12000007,London,9002488,814.0,539.8571428571429,1.0,27888.0,34897.0,4240530.0,-51.0,0.49,-48.0,0.52,-30.0,13.0
2021-06-03,E12000007,London,9002488,798.0,579.5714285714286,1.0,33135.0,37807.0,4273665.0,-51.0,0.49,-48.0,0.52,-28.0,13.0
2021-06-04,E12000007,London,9002488,703.0,618.5714285714286,2.0,32761.0,37930.0,4306426.0,-49.0,0.51,-48.0,0.52,-39.0,14.0
2021-06-05,E12000007,London,9002488,598.0,648.8571428571429,1.0,37894.0,42801.0,4344320.0,-11.0,0.89,-34.0,0.6599999999999999,-33.0,1.0
2021-06-06,E12000007,London,9002488,667.0,686.8571428571429,2.0,28031.0,23859.0,4372351.0,-9.0,0.91,-38.0,0.62,-31.0,2.0
2021-06-07,E12000007,London,9002488,1017.0,758.5714285714286,0.0,18488.0,33067.0,4390839.0,-42.0,0.5800000000000001,-46.0,0.54,-28.0,12.0
2021-06-08,E12000007,London,9002488,1095.0,813.1428571428571,2.0,21589.0,32820.0,4412428.0,-41.0,0.5900000000000001,-46.0,0.54,-30.0,12.0
2021-06-09,E12000007,London,9002488,1077.0,850.7142857142857,2.0,29133.0,35228.0,4441561.0,-40.0,0.6,-45.0,0.55,-30.0,12.0
2021-06-10,E12000007,London,9002488,997.0,879.1428571428571,0.0,35767.0,35201.0,4477328.0,-39.0,0.61,-45.0,0.55,-30.0,12.0
2021-06-11,E12000007,London,9002488,938.0,912.7142857142857,0.0,37032.0,35315.0,4514360.0,-37.0,0.63,-42.0,0.5800000000000001,-32.0,11.0
2021-06-12,E12000007,London,9002488,772.0,937.5714285714286,5.0,45825.0,33076.0,4560185.0,-10.0,0.9,-34.0,0.6599999999999999,-34.0,1.0
2021-06-13,E12000007,London,9002488,767.0,951.8571428571429,1.0,28489.0,19154.0,4588674.0,-9.0,0.91,-34.0,0.6599999999999999,-33.0,0.0
2021-06-14,E12000007,London,9002488,1208.0,979.1428571428571,0.0,22035.0,27896.0,4610709.0,-41.0,0.5900000000000001,-46.0,0.54,-30.0,12.0
2021-06-15,E12000007,London,9002488,1301.0,1008.5714285714286,1.0,29549.0,27401.0,4640258.0,-40.0,0.6,-46.0,0.54,-31.0,12.0
2021-06-16,E12000007,London,9002488,1163.0,1020.8571428571429,2.0,33250.0,29707.0,4673508.0,-40.0,0.6,-46.0,0.54,-32.0,12.0
2021-06-17,E12000007,London,9002488,1300.0,1064.142857142857,2.0,39384.0,30210.0,4712892.0,-41.0,0.5900000000000001,-47.0,0.53,-35.0,13.0
2021-06-18,E12000007,London,9002488,1038.0,1078.4285714285713,4.0,40284.0,31033.0,4753176.0,-39.0,0.61,-45.0,0.55,-40.0,13.0
2021-06-19,E12000007,London,9002488,924.0,1100.142857142857,2.0,54588.0,31523.0,4807764.0,-11.0,0.89,-38.0,0.62,-35.0,4.0
2021-06-20,E12000007,London,9002488,971.0,1129.2857142857142,1.0,34058.0,15784.0,4841822.0,-8.0,0.92,-40.0,0.6,-29.0,3.0
2021-06-21,E12000007,London,9002488,1654.0,1193.0,2.0,23372.0,19535.0,4865194.0,-42.0,0.5800000000000001,-49.0,0.51,-35.0,14.0
2021-06-22,E12000007,London,9002488,1787.0,1262.4285714285713,0.0,30544.0,23250.0,4895738.0,-41.0,0.5900000000000001,-47.0,0.53,-31.0,13.0
2021-06-23,E12000007,London,9002488,1971.0,1377.857142857143,0.0,32068.0,24920.0,4927806.0,-40.0,0.6,-46.0,0.54,-30.0,12.0
2021-06-24,E12000007,London,9002488,1959.0,1472.0,3.0,37401.0,26303.0,4965207.0,-40.0,0.6,-46.0,0.54,-30.0,12.0
2021-06-25,E12000007,London,9002488,2057.0,1617.5714285714287,4.0,34468.0,29620.0,4999675.0,-38.0,0.62,-42.0,0.5800000000000001,-31.0,11.0
2021-06-26,E12000007,London,9002488,1723.0,1731.7142857142858,0.0,40201.0,31498.0,5039876.0,-10.0,0.9,-32.0,0.6799999999999999,-31.0,2.0
2021-06-27,E12000007,London,9002488,1890.0,1863.0,4.0,25291.0,21156.0,5065167.0,-9.0,0.91,-38.0,0.62,-32.0,3.0
2021-06-28,E12000007,London,9002488,2873.0,2037.142857142857,0.0,21728.0,21191.0,5086895.0,-42.0,0.5800000000000001,-47.0,0.53,-30.0,12.0
2021-06-29,E12000007,London,9002488,2996.0,2209.8571428571427,3.0,21550.0,22400.0,5108445.0,-43.0,0.5700000000000001,-48.0,0.52,-34.0,12.0
2021-06-30,E12000007,London,9002488,3083.0,2368.714285714286,4.0,21877.0,30282.0,5130322.0,-41.0,0.5900000000000001,-47.0,0.53,-32.0,11.0
2021-07-01,E12000007,London,9002488,3098.0,2531.4285714285716,3.0,21253.0,27664.0,5151575.0,-40.0,0.6,-45.0,0.55,-29.0,12.0
2021-07-02,E12000007,London,9002488,2943.0,2658.0,2.0,19296.0,25910.0,5170871.0,-38.0,0.62,-42.0,0.5800000000000001,-32.0,11.0
2021-07-03,E12000007,London,9002488,2683.0,2795.1428571428573,3.0,21899.0,28434.0,5192770.0,-10.0,0.9,-35.0,0.65,-35.0,3.0
2021-07-04,E12000007,London,9002488,2639.0,2902.1428571428573,1.0,13608.0,16230.0,5206378.0,-9.0,0.91,-37.0,0.63,-30.0,3.0
2021-07-05,E12000007,London,9002488,3863.0,3043.5714285714284,2.0,13970.0,21046.0,5220348.0,-41.0,0.5900000000000001,-46.0,0.54,-28.0,12.0
2021-07-06,E12000007,London,9002488,4025.0,3190.5714285714284,2.0,12005.0,20023.0,5232353.0,-42.0,0.5800000000000001,-46.0,0.54,-33.0,14.0
2021-07-07,E12000007,London,9002488,4503.0,3393.4285714285716,2.0,13528.0,26081.0,5245881.0,-41.0,0.5900000000000001,-44.0,0.56,-29.0,12.0
2021-07-08,E12000007,London,9002488,3690.0,3478.0,3.0,16427.0,24459.0,5262308.0,-41.0,0.5900000000000001,-46.0,0.54,-31.0,13.0
2021-07-09,E12000007,London,9002488,3654.0,3579.5714285714284,2.0,15633.0,26582.0,5277941.0,-39.0,0.61,-43.0,0.5700000000000001,-32.0,11.0
2021-07-10,E12000007,London,9002488,3251.0,3660.714285714286,3.0,15664.0,30272.0,5293605.0,-11.0,0.89,-35.0,0.65,-33.0,3.0
2021-07-11,E12000007,London,9002488,3283.0,3752.714285714286,0.0,6792.0,14525.0,5300397.0,-6.0,0.94,-27.0,0.73,-25.0,0.0
2021-07-12,E12000007,London,9002488,4969.0,3910.714285714286,2.0,8854.0,18447.0,5309251.0,-45.0,0.55,-47.0,0.53,-34.0,14.0
2021-07-13,E12000007,London,9002488,5310.0,4094.285714285714,4.0,9530.0,21349.0,5318781.0,-43.0,0.5700000000000001,-46.0,0.54,-31.0,13.0
2021-07-14,E12000007,London,9002488,6574.0,4390.142857142857,3.0,9576.0,28714.0,5328357.0,-42.0,0.5800000000000001,-45.0,0.55,-30.0,13.0
2021-07-15,E12000007,London,9002488,7818.0,4979.857142857143,2.0,10328.0,29112.0,5338685.0,-42.0,0.5800000000000001,-46.0,0.54,-30.0,13.0
2021-07-16,E12000007,London,9002488,7137.0,5477.428571428572,2.0,9213.0,29411.0,5347898.0,-40.0,0.6,-42.0,0.5800000000000001,-30.0,10.0
2021-07-17,E12000007,London,9002488,5082.0,5739.0,3.0,10732.0,35102.0,5358630.0,-11.0,0.89,-33.0,0.6699999999999999,-34.0,1.0
2021-07-18,E12000007,London,9002488,4523.0,5916.142857142857,7.0,5318.0,23608.0,5363948.0,-9.0,0.91,-33.0,0.6699999999999999,-33.0,0.0
2021-07-19,E12000007,London,9002488,6138.0,6083.142857142857,6.0,6467.0,21935.0,5370415.0,-46.0,0.54,-46.0,0.54,-26.0,12.0
2021-07-20,E12000007,London,9002488,5160.0,6061.714285714285,8.0,6539.0,22592.0,5376954.0,-48.0,0.52,-46.0,0.54,-31.0,12.0
2021-07-21,E12000007,London,9002488,4785.0,5806.142857142857,8.0,7258.0,28232.0,5384212.0,-45.0,0.55,-46.0,0.54,-29.0,12.0
2021-07-22,E12000007,London,9002488,4314.0,5305.571428571428,7.0,6914.0,31336.0,5391126.0,-46.0,0.54,-45.0,0.55,-28.0,12.0
2021-07-23,E12000007,London,9002488,3934.0,4848.0,10.0,6716.0,30513.0,5397842.0,-45.0,0.55,-43.0,0.5700000000000001,-30.0,11.0
2021-07-24,E12000007,London,9002488,3118.0,4567.428571428572,5.0,7373.0,35483.0,5405215.0,-12.0,0.88,-35.0,0.65,-35.0,3.0
2021-07-25,E12000007,London,9002488,2882.0,4333.0,5.0,4135.0,20556.0,5409350.0,-10.0,0.9,-36.0,0.64,-35.0,2.0
2021-07-26,E12000007,London,9002488,4043.0,4033.714285714286,8.0,5517.0,24828.0,5414867.0,-51.0,0.49,-47.0,0.53,-25.0,13.0
2021-07-27,E12000007,London,9002488,3907.0,3854.714285714286,3.0,6083.0,24635.0,5420950.0,-51.0,0.49,-48.0,0.52,-29.0,14.0
2021-07-28,E12000007,London,9002488,3964.0,3737.4285714285716,12.0,5875.0,24796.0,5426825.0,-50.0,0.5,-49.0,0.51,-32.0,14.0
2021-07-29,E12000007,London,9002488,3902.0,3678.5714285714284,11.0,6131.0,28113.0,5432956.0,-49.0,0.51,-46.0,0.54,-25.0,12.0
2021-07-30,E12000007,London,9002488,3357.0,3596.1428571428573,14.0,5430.0,26490.0,5438386.0,-49.0,0.51,-45.0,0.55,-33.0,13.0
2021-07-31,E12000007,London,9002488,2671.0,3532.285714285714,8.0,6482.0,32621.0,5444868.0,-12.0,0.88,-33.0,0.6699999999999999,-33.0,2.0
2021-08-01,E12000007,London,9002488,2703.0,3506.714285714286,9.0,3959.0,20703.0,5448827.0,-9.0,0.91,-32.0,0.6799999999999999,-27.0,1.0
2021-08-02,E12000007,London,9002488,3988.0,3498.8571428571427,9.0,4791.0,22294.0,5453618.0,-52.0,0.48,-47.0,0.53,-24.0,13.0
2021-08-03,E12000007,London,9002488,4033.0,3516.8571428571427,6.0,5364.0,22653.0,5458982.0,-52.0,0.48,-47.0,0.53,-27.0,13.0
2021-08-04,E12000007,London,9002488,4294.0,3564.0,13.0,4900.0,21751.0,5463882.0,-51.0,0.49,-46.0,0.54,-26.0,12.0
2021-08-05,E12000007,London,9002488,4290.0,3619.4285714285716,16.0,5510.0,27772.0,5469392.0,-51.0,0.49,-47.0,0.53,-29.0,13.0
2021-08-06,E12000007,London,9002488,3726.0,3672.1428571428573,8.0,5249.0,25737.0,5474641.0,-49.0,0.51,-45.0,0.55,-33.0,12.0
2021-08-07,E12000007,London,9002488,3014.0,3721.1428571428573,8.0,6469.0,32642.0,5481110.0,-14.0,0.86,-35.0,0.65,-35.0,3.0
2021-08-08,E12000007,London,9002488,2917.0,3751.714285714286,7.0,3735.0,19432.0,5484845.0,-10.0,0.9,-34.0,0.6599999999999999,-31.0,1.0
2021-08-09,E12000007,London,9002488,3877.0,3735.8571428571427,9.0,4919.0,25053.0,5489764.0,-53.0,0.47,-48.0,0.52,-28.0,14.0
2021-08-10,E12000007,London,9002488,3929.0,3721.0,5.0,5671.0,25008.0,5495435.0,-52.0,0.48,-45.0,0.55,-24.0,12.0
2021-08-11,E12000007,London,9002488,4372.0,3732.1428571428573,12.0,5372.0,25161.0,5500807.0,-51.0,0.49,-45.0,0.55,-25.0,12.0
2021-08-12,E12000007,London,9002488,4018.0,3693.285714285714,17.0,5469.0,29774.0,5506276.0,-51.0,0.49,-46.0,0.54,-27.0,12.0
2021-08-13,E12000007,London,9002488,3763.0,3698.5714285714284,7.0,5583.0,27303.0,5511859.0,-49.0,0.51,-43.0,0.5700000000000001,-31.0,11.0
2021-08-14,E12000007,London,9002488,2948.0,3689.1428571428573,12.0,6537.0,32149.0,5518396.0,-12.0,0.88,-29.0,0.71,-32.0,0.0
2021-08-15,E12000007,London,9002488,2760.0,3666.714285714286,13.0,3834.0,20033.0,5522230.0,-9.0,0.91,-29.0,0.71,-27.0,-1.0
2021-08-16,E12000007,London,9002488,3927.0,3673.8571428571427,10.0,5913.0,26753.0,5528143.0,-53.0,0.47,-46.0,0.54,-25.0,12.0
2021-08-17,E12000007,London,9002488,3826.0,3659.1428571428573,12.0,5900.0,25009.0,5534043.0,-53.0,0.47,-47.0,0.53,-28.0,13.0
2021-08-18,E12000007,London,9002488,3804.0,3578.0,10.0,5433.0,25777.0,5539476.0,-49.0,0.51,-46.0,0.54,-27.0,12.0
2021-08-19,E12000007,London,9002488,3630.0,3522.5714285714284,13.0,6655.0,27563.0,5546131.0,-50.0,0.5,-46.0,0.54,-26.0,12.0
2021-08-20,E12000007,London,9002488,3168.0,3437.5714285714284,16.0,8138.0,26529.0,5554269.0,-48.0,0.52,-43.0,0.5700000000000001,-30.0,11.0
2021-08-21,E12000007,London,9002488,2729.0,3406.285714285714,13.0,8522.0,28788.0,5562791.0,-13.0,0.87,-32.0,0.6799999999999999,-34.0,2.0
2021-08-22,E12000007,London,9002488,2723.0,3401.0,13.0,5231.0,17721.0,5568022.0,-8.0,0.92,-30.0,0.7,-28.0,0.0
2021-08-23,E12000007,London,9002488,3657.0,3362.4285714285716,15.0,6657.0,24178.0,5574679.0,-51.0,0.49,-45.0,0.55,-22.0,12.0
2021-08-24,E12000007,London,9002488,3515.0,3318.0,9.0,6777.0,22362.0,5581456.0,-51.0,0.49,-45.0,0.55,-24.0,12.0
2021-08-25,E12000007,London,9002488,3529.0,3278.714285714286,10.0,6827.0,22623.0,5588283.0,-50.0,0.5,-45.0,0.55,-24.0,12.0
2021-08-26,E12000007,London,9002488,3246.0,3223.8571428571427,13.0,7107.0,23200.0,5595390.0,-50.0,0.5,-44.0,0.56,-24.0,12.0
2021-08-27,E12000007,London,9002488,3145.0,3220.5714285714284,11.0,6028.0,20830.0,5601418.0,-49.0,0.51,-41.0,0.5900000000000001,-27.0,10.0
2021-08-28,E12000007,London,9002488,2648.0,3209.0,14.0,5685.0,20648.0,5607103.0,-14.0,0.86,-28.0,0.72,-31.0,0.0
2021-08-29,E12000007,London,9002488,2286.0,3146.5714285714284,7.0,3141.0,11845.0,5610244.0,-9.0,0.91,-25.0,0.75,-22.0,-2.0
2021-08-30,E12000007,London,9002488,2873.0,3034.5714285714284,8.0,2759.0,10899.0,5613003.0,-75.0,0.25,-53.0,0.47,-21.0,16.0
2021-08-31,E12000007,London,9002488,3811.0,3076.8571428571427,12.0,5894.0,19666.0,5618897.0,-51.0,0.49,-45.0,0.55,-25.0,13.0
2021-09-01,E12000007,London,9002488,3677.0,3098.0,11.0,5542.0,17247.0,5624439.0,-46.0,0.54,-44.0,0.56,-26.0,12.0
2021-09-02,E12000007,London,9002488,3812.0,3178.8571428571427,13.0,5398.0,17400.0,5629837.0,-45.0,0.55,-43.0,0.5700000000000001,-24.0,12.0
2021-09-03,E12000007,London,9002488,3531.0,3234.0,21.0,4962.0,16709.0,5634799.0,-42.0,0.5800000000000001,-39.0,0.61,-27.0,10.0
2021-09-04,E12000007,London,9002488,2758.0,3249.714285714286,8.0,5350.0,19276.0,5640149.0,-10.0,0.9,-29.0,0.71,-28.0,2.0
2021-09-05,E12000007,London,9002488,2705.0,3309.5714285714284,11.0,2400.0,9739.0,5642549.0,-6.0,0.94,-25.0,0.75,-19.0,0.0
2021-09-06,E12000007,London,9002488,3892.0,3455.1428571428573,15.0,3586.0,14663.0,5646135.0,-44.0,0.56,-39.0,0.61,-20.0,10.0
2021-09-07,E12000007,London,9002488,3463.0,3405.4285714285716,11.0,3354.0,13173.0,5649489.0,-43.0,0.5700000000000001,-39.0,0.61,-24.0,10.0
2021-09-08,E12000007,London,9002488,3215.0,3339.4285714285716,13.0,3387.0,12408.0,5652876.0,-42.0,0.5800000000000001,-39.0,0.61,-25.0,10.0
2021-09-09,E12000007,London,9002488,2808.0,3196.0,17.0,3607.0,13361.0,5656483.0,-41.0,0.5900000000000001,-39.0,0.61,-26.0,10.0
2021-09-10,E12000007,London,9002488,2572.0,3059.0,10.0,3612.0,12450.0,5660095.0,-39.0,0.61,-37.0,0.63,-28.0,9.0
2021-09-11,E12000007,London,9002488,2227.0,2983.1428571428573,8.0,4224.0,14197.0,5664319.0,-10.0,0.9,-25.0,0.75,-25.0,1.0
2021-09-12,E12000007,London,9002488,2064.0,2891.5714285714284,8.0,1875.0,6096.0,5666194.0,-7.0,0.9299999999999999,-26.0,0.74,-22.0,1.0
2021-09-13,E12000007,London,9002488,2860.0,2744.1428571428573,4.0,3205.0,10748.0,5669399.0,-42.0,0.5800000000000001,-38.0,0.62,-22.0,10.0
2021-09-14,E12000007,London,9002488,2643.0,2627.0,12.0,3187.0,9525.0,5672586.0,-44.0,0.56,-38.0,0.62,-30.0,11.0
2021-09-15,E12000007,London,9002488,2490.0,2523.4285714285716,11.0,3330.0,9545.0,5675916.0,-41.0,0.5900000000000001,-37.0,0.63,-24.0,9.0
2021-09-16,E12000007,London,9002488,2443.0,2471.285714285714,10.0,3255.0,9686.0,5679171.0,-42.0,0.5800000000000001,-37.0,0.63,-23.0,9.0
2021-09-17,E12000007,London,9002488,2417.0,2449.1428571428573,8.0,3470.0,9957.0,5682641.0,-41.0,0.5900000000000001,-35.0,0.65,-26.0,8.0
2021-09-18,E12000007,London,9002488,2165.0,2440.285714285714,11.0,4225.0,11293.0,5686866.0,-12.0,0.88,-25.0,0.75,-25.0,0.0
2021-09-19,E12000007,London,9002488,2379.0,2485.285714285714,9.0,1866.0,4706.0,5688732.0,-10.0,0.9,-28.0,0.72,-23.0,2.0
2021-09-20,E12000007,London,9002488,3178.0,2530.714285714286,8.0,3527.0,8750.0,5692259.0,-43.0,0.5700000000000001,-39.0,0.61,-22.0,10.0
2021-09-21,E12000007,London,9002488,2969.0,2577.285714285714,8.0,3532.0,7265.0,5695791.0,-42.0,0.5800000000000001,-37.0,0.63,-23.0,9.0
2021-09-22,E12000007,London,9002488,2871.0,2631.714285714286,11.0,3704.0,7423.0,5699495.0,-39.0,0.61,-36.0,0.64,-22.0,9.0
2021-09-23,E12000007,London,9002488,2795.0,2682.0,14.0,4637.0,7555.0,5704132.0,-39.0,0.61,-36.0,0.64,-22.0,9.0
2021-09-24,E12000007,London,9002488,2437.0,2684.8571428571427,13.0,3965.0,6854.0,5708097.0,-38.0,0.62,-32.0,0.6799999999999999,-23.0,8.0
2021-09-25,E12000007,London,9002488,2337.0,2709.4285714285716,10.0,3685.0,8889.0,5711782.0,-11.0,0.89,-18.0,0.8200000000000001,-24.0,1.0
2021-09-26,E12000007,London,9002488,2558.0,2735.0,6.0,1527.0,3338.0,5713309.0,-9.0,0.91,-19.0,0.81,-20.0,1.0
2021-09-27,E12000007,London,9002488,3521.0,2784.0,17.0,3548.0,6146.0,5716857.0,-42.0,0.5800000000000001,-36.0,0.64,-25.0,11.0
2021-09-28,E12000007,London,9002488,2844.0,2766.1428571428573,13.0,3909.0,5498.0,5720766.0,-42.0,0.5800000000000001,-35.0,0.65,-28.0,11.0
2021-09-29,E12000007,London,9002488,2830.0,2760.285714285714,13.0,4179.0,5513.0,5724945.0,-40.0,0.6,-36.0,0.64,-25.0,10.0
2021-09-30,E12000007,London,9002488,2651.0,2739.714285714286,13.0,4199.0,5430.0,5729144.0,-40.0,0.6,-35.0,0.65,-23.0,10.0
2021-10-01,E12000007,London,9002488,2231.0,2710.285714285714,16.0,4599.0,5468.0,5733743.0,-39.0,0.61,-34.0,0.6599999999999999,-26.0,10.0
2021-10-02,E12000007,London,9002488,2202.0,2691.0,12.0,3750.0,6830.0,5737493.0,-14.0,0.86,-28.0,0.72,-30.0,4.0
2021-10-03,E12000007,London,9002488,2574.0,2693.285714285714,6.0,1736.0,2857.0,5739229.0,-10.0,0.9,-19.0,0.81,-16.0,2.0
2021-10-04,E12000007,London,9002488,3363.0,2670.714285714286,9.0,4825.0,4815.0,5744054.0,-41.0,0.5900000000000001,-38.0,0.62,-23.0,10.0
2021-10-05,E12000007,London,9002488,3127.0,2711.1428571428573,11.0,5542.0,4611.0,5749596.0,-41.0,0.5900000000000001,-37.0,0.63,-26.0,10.0
2021-10-06,E12000007,London,9002488,2863.0,2715.8571428571427,10.0,6060.0,4777.0,5755656.0,-39.0,0.61,-37.0,0.63,-23.0,9.0
2021-10-07,E12000007,London,9002488,2973.0,2761.8571428571427,7.0,5545.0,4511.0,5761201.0,-38.0,0.62,-36.0,0.64,-24.0,9.0
2021-10-08,E12000007,London,9002488,2704.0,2829.4285714285716,11.0,6284.0,5365.0,5767485.0,-38.0,0.62,-35.0,0.65,-24.0,9.0
2021-10-09,E12000007,London,9002488,2489.0,2870.4285714285716,11.0,4037.0,6573.0,5771522.0,-11.0,0.89,-24.0,0.76,-21.0,1.0
2021-10-10,E12000007,London,9002488,2785.0,2900.5714285714284,8.0,1670.0,2741.0,5773192.0,-10.0,0.9,-24.0,0.76,-19.0,2.0
2021-10-11,E12000007,London,9002488,3889.0,2975.714285714286,8.0,6242.0,4928.0,5779434.0,-40.0,0.6,-38.0,0.62,-21.0,10.0
2021-10-12,E12000007,London,9002488,3429.0,3018.8571428571427,4.0,7173.0,4352.0,5786607.0,-39.0,0.61,-36.0,0.64,-23.0,10.0
2021-10-13,E12000007,London,9002488,3571.0,3120.0,6.0,9185.0,4573.0,5795792.0,-38.0,0.62,-37.0,0.63,-23.0,9.0
2021-10-14,E12000007,London,9002488,3470.0,3191.0,12.0,8244.0,4357.0,5804036.0,-37.0,0.63,-36.0,0.64,-22.0,9.0
2021-10-15,E12000007,London,9002488,3323.0,3279.4285714285716,5.0,8249.0,5017.0,5812285.0,-37.0,0.63,-35.0,0.65,-24.0,9.0
2021-10-16,E12000007,London,9002488,2806.0,3324.714285714286,7.0,3879.0,6572.0,5816164.0,-12.0,0.88,-27.0,0.73,-23.0,2.0
2021-10-17,E12000007,London,9002488,3362.0,3407.1428571428573,13.0,1482.0,2319.0,5817646.0,-10.0,0.9,-25.0,0.75,-18.0,2.0
2021-10-18,E12000007,London,9002488,4569.0,3504.285714285714,10.0,7783.0,4290.0,5825429.0,-41.0,0.5900000000000001,-38.0,0.62,-21.0,10.0
2021-10-19,E12000007,London,9002488,4458.0,3651.285714285714,9.0,7346.0,4286.0,5832775.0,-40.0,0.6,-37.0,0.63,-25.0,10.0
2021-10-20,E12000007,London,9002488,4362.0,3764.285714285714,7.0,9087.0,4432.0,5841862.0,-39.0,0.61,-37.0,0.63,-23.0,10.0
2021-10-21,E12000007,London,9002488,3971.0,3835.8571428571427,9.0,6200.0,4061.0,5848062.0,-38.0,0.62,-37.0,0.63,-20.0,9.0
2021-10-22,E12000007,London,9002488,3525.0,3864.714285714286,12.0,7631.0,4344.0,5855693.0,-39.0,0.61,-35.0,0.65,-22.0,9.0
2021-10-23,E12000007,London,9002488,2897.0,3877.714285714286,7.0,5114.0,6317.0,5860807.0,-12.0,0.88,-24.0,0.76,-21.0,2.0
2021-10-24,E12000007,London,9002488,2838.0,3802.8571428571427,10.0,2686.0,2210.0,5863493.0,-11.0,0.89,-23.0,0.77,-16.0,1.0
2021-10-25,E12000007,London,9002488,4027.0,3725.4285714285716,12.0,5318.0,4256.0,5868811.0,-48.0,0.52,-39.0,0.61,-16.0,11.0
2021-10-26,E12000007,London,9002488,3513.0,3590.4285714285716,11.0,5692.0,3982.0,5874503.0,-47.0,0.53,-37.0,0.63,-17.0,11.0
2021-10-27,E12000007,London,9002488,3755.0,3503.714285714286,19.0,6556.0,4271.0,5881059.0,-45.0,0.55,-37.0,0.63,-17.0,11.0
2021-10-28,E12000007,London,9002488,3618.0,3453.285714285714,11.0,6337.0,4034.0,5887396.0,-45.0,0.55,-37.0,0.63,-16.0,10.0
2021-10-29,E12000007,London,9002488,3451.0,3442.714285714286,11.0,6064.0,3981.0,5893460.0,-46.0,0.54,-35.0,0.65,-21.0,11.0
2021-10-30,E12000007,London,9002488,2911.0,3444.714285714286,10.0,5264.0,5211.0,5898724.0,-13.0,0.87,-22.0,0.78,-21.0,1.0
2021-10-31,E12000007,London,9002488,3000.0,3467.8571428571427,12.0,2722.0,1752.0,5901446.0,-12.0,0.88,-27.0,0.73,-22.0,2.0
2021-11-01,E12000007,London,9002488,3918.0,3452.285714285714,11.0,6743.0,3670.0,5908189.0,-40.0,0.6,-37.0,0.63,-20.0,10.0
2021-11-02,E12000007,London,9002488,3457.0,3444.285714285714,15.0,6201.0,3436.0,5914390.0,-38.0,0.62,-36.0,0.64,-22.0,10.0
2021-11-03,E12000007,London,9002488,3289.0,3377.714285714286,10.0,5841.0,3947.0,5920231.0,-37.0,0.63,-36.0,0.64,-23.0,10.0
2021-11-04,E12000007,London,9002488,3076.0,3300.285714285714,12.0,5956.0,3511.0,5926187.0,-37.0,0.63,-35.0,0.65,-21.0,10.0
2021-11-05,E12000007,London,9002488,2783.0,3204.8571428571427,14.0,6463.0,4043.0,5932650.0,-37.0,0.63,-34.0,0.6599999999999999,-23.0,10.0
2021-11-06,E12000007,London,9002488,2537.0,3151.4285714285716,15.0,5115.0,5020.0,5937765.0,-13.0,0.87,-22.0,0.78,-20.0,2.0
2021-11-07,E12000007,London,9002488,2813.0,3124.714285714286,9.0,2278.0,1939.0,5940043.0,-11.0,0.89,-22.0,0.78,-15.0,1.0
2021-11-08,E12000007,London,9002488,3993.0,3135.4285714285716,16.0,4683.0,4002.0,5944726.0,-38.0,0.62,-37.0,0.63,-21.0,10.0
2021-11-09,E12000007,London,9002488,4009.0,3214.285714285714,11.0,5001.0,3673.0,5949727.0,-37.0,0.63,-35.0,0.65,-23.0,10.0
2021-11-10,E12000007,London,9002488,4132.0,3334.714285714286,15.0,4190.0,3953.0,5953917.0,-36.0,0.64,-35.0,0.65,-24.0,10.0
2021-11-11,E12000007,London,9002488,3926.0,3456.1428571428573,14.0,4083.0,3907.0,5958000.0,-35.0,0.65,-35.0,0.65,-20.0,9.0
2021-11-12,E12000007,London,9002488,3685.0,3585.0,8.0,5250.0,4152.0,5963250.0,-36.0,0.64,-33.0,0.6699999999999999,-23.0,10.0
2021-11-13,E12000007,London,9002488,3235.0,3684.714285714286,13.0,4830.0,5341.0,5968080.0,-12.0,0.88,-22.0,0.78,-19.0,2.0
2021-11-14,E12000007,London,9002488,3262.0,3748.8571428571427,10.0,1635.0,2027.0,5969715.0,-12.0,0.88,-23.0,0.77,-18.0,2.0
2021-11-15,E12000007,London,9002488,5149.0,3914.0,11.0,4450.0,3686.0,5974165.0,-38.0,0.62,-37.0,0.63,-21.0,10.0
2021-11-16,E12000007,London,9002488,4455.0,3977.714285714286,8.0,4096.0,3451.0,5978261.0,-36.0,0.64,-35.0,0.65,-22.0,10.0
2021-11-17,E12000007,London,9002488,4501.0,4030.4285714285716,5.0,3340.0,3891.0,5981601.0,-35.0,0.65,-35.0,0.65,-21.0,9.0
2021-11-18,E12000007,London,9002488,4500.0,4112.428571428572,6.0,3823.0,3418.0,5985424.0,-34.0,0.6599999999999999,-34.0,0.6599999999999999,-20.0,9.0
2021-11-19,E12000007,London,9002488,3944.0,4149.428571428572,9.0,4288.0,4194.0,5989712.0,-36.0,0.64,-32.0,0.6799999999999999,-21.0,9.0
2021-11-20,E12000007,London,9002488,3703.0,4216.285714285715,9.0,4266.0,4991.0,5993978.0,-12.0,0.88,-20.0,0.8,-18.0,2.0
2021-11-21,E12000007,London,9002488,3831.0,4297.571428571428,8.0,1707.0,1841.0,5995685.0,-12.0,0.88,-21.0,0.79,-15.0,2.0
2021-11-22,E12000007,London,9002488,5408.0,4334.571428571428,8.0,3304.0,3503.0,5998989.0,-38.0,0.62,-36.0,0.64,-20.0,10.0
2021-11-23,E12000007,London,9002488,5290.0,4453.857142857143,11.0,3310.0,3972.0,6002299.0,-36.0,0.64,-35.0,0.65,-21.0,10.0
2021-11-24,E12000007,London,9002488,5401.0,4582.428571428572,17.0,3103.0,4135.0,6005402.0,-35.0,0.65,-35.0,0.65,-22.0,10.0
2021-11-25,E12000007,London,9002488,5186.0,4680.428571428572,11.0,3368.0,4169.0,6008770.0,-35.0,0.65,-33.0,0.6699999999999999,-18.0,9.0
2021-11-26,E12000007,London,9002488,4610.0,4775.571428571428,9.0,3543.0,4891.0,6012313.0,-38.0,0.62,-32.0,0.6799999999999999,-21.0,10.0
2021-11-27,E12000007,London,9002488,4334.0,4865.714285714285,7.0,4180.0,6639.0,6016493.0,-13.0,0.87,-25.0,0.75,-21.0,4.0
2021-11-28,E12000007,London,9002488,4383.0,4944.571428571428,12.0,2457.0,4176.0,6018950.0,-11.0,0.89,-23.0,0.77,-14.0,2.0
2021-11-29,E12000007,London,9002488,6857.0,5151.571428571428,8.0,2927.0,4746.0,6021877.0,-38.0,0.62,-37.0,0.63,-19.0,11.0
2021-11-30,E12000007,London,9002488,6833.0,5372.0,15.0,3909.0,5240.0,6025786.0,-36.0,0.64,-36.0,0.64,-21.0,10.0
2021-12-01,E12000007,London,9002488,7050.0,5607.571428571428,11.0,3354.0,5362.0,6029140.0,-36.0,0.64,-35.0,0.65,-21.0,10.0
2021-12-02,E12000007,London,9002488,6520.0,5798.142857142857,8.0,3628.0,4863.0,6032768.0,-35.0,0.65,-35.0,0.65,-19.0,10.0
2021-12-03,E12000007,London,9002488,6093.0,6010.0,13.0,4044.0,5198.0,6036812.0,-36.0,0.64,-33.0,0.6699999999999999,-22.0,10.0
2021-12-04,E12000007,London,9002488,5333.0,6152.714285714285,12.0,5270.0,7072.0,6042082.0,-11.0,0.89,-20.0,0.8,-18.0,3.0
2021-12-05,E12000007,London,9002488,5522.0,6315.428571428572,13.0,2451.0,3183.0,6044533.0,-11.0,0.89,-24.0,0.76,-18.0,3.0
2021-12-06,E12000007,London,9002488,8556.0,6558.142857142857,15.0,2776.0,3735.0,6047309.0,-38.0,0.62,-38.0,0.62,-21.0,11.0
2021-12-07,E12000007,London,9002488,9085.0,6879.857142857143,13.0,2864.0,4209.0,6050173.0,-37.0,0.63,-37.0,0.63,-26.0,11.0
2021-12-08,E12000007,London,9002488,10031.0,7305.714285714285,13.0,3220.0,4457.0,6053393.0,-35.0,0.65,-36.0,0.64,-20.0,10.0
2021-12-09,E12000007,London,9002488,10331.0,7850.142857142857,11.0,3638.0,4912.0,6057031.0,-34.0,0.6599999999999999,-35.0,0.65,-18.0,10.0
2021-12-10,E12000007,London,9002488,10214.0,8438.857142857143,17.0,4126.0,4995.0,6061157.0,-35.0,0.65,-34.0,0.6599999999999999,-22.0,10.0
2021-12-11,E12000007,London,9002488,9887.0,9089.42857142857,10.0,4650.0,6300.0,6065807.0,-9.0,0.91,-22.0,0.78,-22.0,3.0
2021-12-12,E12000007,London,9002488,12259.0,10051.857142857143,20.0,2902.0,3321.0,6068709.0,-8.0,0.92,-23.0,0.77,-18.0,2.0
2021-12-13,E12000007,London,9002488,22845.0,12093.142857142857,14.0,3317.0,3707.0,6072026.0,-41.0,0.5900000000000001,-41.0,0.5900000000000001,-20.0,12.0
2021-12-14,E12000007,London,9002488,29569.0,15019.42857142857,18.0,4448.0,4807.0,6076474.0,-42.0,0.5800000000000001,-42.0,0.5800000000000001,-25.0,13.0
2021-12-15,E12000007,London,9002488,31010.0,18016.428571428572,11.0,4812.0,5155.0,6081286.0,-42.0,0.5800000000000001,-42.0,0.5800000000000001,-22.0,13.0
2021-12-16,E12000007,London,9002488,30051.0,20833.571428571428,11.0,5776.0,5456.0,6087062.0,-43.0,0.5700000000000001,-44.0,0.56,-24.0,13.0
2021-12-17,E12000007,London,9002488,27165.0,23255.14285714286,16.0,6453.0,5552.0,6093515.0,-43.0,0.5700000000000001,-42.0,0.5800000000000001,-27.0,13.0
2021-12-18,E12000007,London,9002488,24959.0,25408.285714285714,16.0,7747.0,6774.0,6101262.0,-13.0,0.87,-33.0,0.6699999999999999,-30.0,5.0
2021-12-19,E12000007,London,9002488,22608.0,26886.714285714286,17.0,5909.0,5073.0,6107171.0,-9.0,0.91,-33.0,0.6699999999999999,-25.0,4.0
2021-12-20,E12000007,London,9002488,32670.0,28290.285714285714,11.0,6363.0,6407.0,6113534.0,-55.0,0.44999999999999996,-48.0,0.52,-18.0,15.0
2021-12-21,E12000007,London,9002488,33942.0,28915.0,15.0,6414.0,6347.0,6119948.0,-56.0,0.43999999999999995,-51.0,0.49,-23.0,16.0
2021-12-22,E12000007,London,9002488,32164.0,29079.85714285714,25.0,6437.0,6499.0,6126385.0,-57.0,0.43000000000000005,-52.0,0.48,-24.0,16.0
2021-12-23,E12000007,London,9002488,31069.0,29225.285714285714,27.0,6277.0,5607.0,6132662.0,-60.0,0.4,-53.0,0.47,-23.0,16.0
2021-12-24,E12000007,London,9002488,24102.0,28787.714285714286,22.0,2822.0,2687.0,6135484.0,-67.0,0.32999999999999996,-58.0,0.42000000000000004,-41.0,19.0
2021-12-25,E12000007,London,9002488,11173.0,26818.285714285714,16.0,254.0,233.0,6135738.0,-71.0,0.29000000000000004,-87.0,0.13,-87.0,15.0
2021-12-26,E12000007,London,9002488,18750.0,26267.14285714286,21.0,642.0,522.0,6136380.0,-38.0,0.62,-59.0,0.41000000000000003,-52.0,5.0
2021-12-27,E12000007,London,9002488,28063.0,25609.0,27.0,3679.0,3166.0,6140059.0,-80.0,0.19999999999999996,-63.0,0.37,-33.0,20.0
2021-12-28,E12000007,London,9002488,28194.0,24787.85714285714,25.0,3962.0,3561.0,6144021.0,-78.0,0.21999999999999997,-63.0,0.37,-35.0,22.0
2021-12-29,E12000007,London,9002488,36924.0,25467.85714285714,26.0,5907.0,5611.0,6149928.0,-68.0,0.31999999999999995,-59.0,0.41000000000000003,-32.0,20.0
2021-12-30,E12000007,London,9002488,29442.0,25235.428571428572,38.0,5452.0,5105.0,6155380.0,-68.0,0.31999999999999995,-58.0,0.42000000000000004,-30.0,20.0
2021-12-31,E12000007,London,9002488,22198.0,24963.428571428572,17.0,2470.0,2694.0,6157850.0,-67.0,0.32999999999999996,-56.0,0.43999999999999995,-37.0,19.0
2022-01-01,E12000007,London,9002488,13628.0,25314.14285714286,41.0,618.0,606.0,6158468.0,-48.0,0.52,-54.0,0.45999999999999996,-61.0,11.0
2022-01-02,E12000007,London,9002488,21908.0,25765.285714285714,41.0,1823.0,1787.0,6160291.0,-18.0,0.8200000000000001,-44.0,0.56,-36.0,6.0
2022-01-03,E12000007,London,9002488,26956.0,25607.14285714286,30.0,2850.0,3070.0,6163141.0,-76.0,0.24,-62.0,0.38,-30.0,23.0
2022-01-04,E12000007,London,9002488,32098.0,26164.85714285714,29.0,4556.0,5204.0,6167697.0,-52.0,0.48,-56.0,0.43999999999999995,-41.0,19.0
2022-01-05,E12000007,London,9002488,25241.0,24495.85714285714,29.0,3874.0,4622.0,6171571.0,-47.0,0.53,-53.0,0.47,-38.0,17.0
2022-01-06,E12000007,London,9002488,22193.0,23460.285714285714,45.0,4049.0,4287.0,6175620.0,-46.0,0.54,-53.0,0.47,-41.0,18.0
2022-01-07,E12000007,London,9002488,15180.0,22457.714285714286,35.0,3647.0,4717.0,6179267.0,-42.0,0.5800000000000001,-51.0,0.49,-40.0,16.0
2022-01-08,E12000007,London,9002488,12174.0,22250.0,41.0,4773.0,6888.0,6184040.0,-15.0,0.85,-45.0,0.55,-41.0,9.0
2022-01-09,E12000007,London,9002488,12132.0,20853.428571428572,38.0,2431.0,3178.0,6186471.0,-9.0,0.91,-38.0,0.62,-28.0,5.0
2022-01-10,E12000007,London,9002488,16627.0,19377.85714285714,48.0,2595.0,2981.0,6189066.0,-43.0,0.5700000000000001,-48.0,0.52,-34.0,15.0
2022-01-11,E12000007,London,9002488,14423.0,16852.85714285714,45.0,2755.0,3327.0,6191821.0,-43.0,0.5700000000000001,-49.0,0.51,-38.0,15.0
2022-01-12,E12000007,London,9002488,12937.0,15095.142857142857,31.0,2858.0,3786.0,6194679.0,-41.0,0.5900000000000001,-47.0,0.53,-33.0,14.0
2022-01-13,E12000007,London,9002488,11819.0,13613.142857142857,44.0,2916.0,3777.0,6197595.0,-41.0,0.5900000000000001,-48.0,0.52,-34.0,14.0
2022-01-14,E12000007,London,9002488,10513.0,12946.42857142857,39.0,3442.0,4409.0,6201037.0,-39.0,0.61,-45.0,0.55,-34.0,13.0
2022-01-15,E12000007,London,9002488,9535.0,12569.42857142857,48.0,4489.0,7295.0,6205526.0,-12.0,0.88,-36.0,0.64,-32.0,5.0
2022-01-16,E12000007,London,9002488,11246.0,12442.857142857143,31.0,1879.0,3595.0,6207405.0,-9.0,0.91,-36.0,0.64,-28.0,4.0
2022-01-17,E12000007,London,9002488,15123.0,12228.0,36.0,2526.0,3475.0,6209931.0,-41.0,0.5900000000000001,-46.0,0.54,-31.0,13.0
2022-01-18,E12000007,London,9002488,13877.0,12150.0,41.0,2627.0,3258.0,6212558.0,-42.0,0.5800000000000001,-46.0,0.54,-34.0,13.0
2022-01-19,E12000007,London,9002488,13019.0,12161.714285714286,34.0,2661.0,3256.0,6215219.0,-40.0,0.6,-46.0,0.54,-33.0,13.0
2022-01-20,E12000007,London,9002488,12021.0,12190.57142857143,30.0,2513.0,3670.0,6217732.0,-39.0,0.61,-45.0,0.55,-31.0,13.0
2022-01-21,E12000007,London,9002488,10713.0,12219.142857142857,42.0,3047.0,4650.0,6220779.0,-38.0,0.62,-43.0,0.5700000000000001,-33.0,13.0
2022-01-22,E12000007,London,9002488,9642.0,12234.42857142857,35.0,3565.0,7133.0,6224344.0,-11.0,0.89,-34.0,0.6599999999999999,-29.0,5.0
2022-01-23,E12000007,London,9002488,11343.0,12248.285714285714,21.0,1468.0,3596.0,6225812.0,-10.0,0.9,-34.0,0.6599999999999999,-26.0,4.0
2022-01-24,E12000007,London,9002488,14411.0,12146.57142857143,31.0,2048.0,3975.0,6227860.0,-40.0,0.6,-45.0,0.55,-31.0,13.0
2022-01-25,E12000007,London,9002488,13248.0,12056.714285714286,21.0,2183.0,3461.0,6230043.0,-40.0,0.6,-44.0,0.56,-33.0,13.0
2022-01-26,E12000007,London,9002488,13079.0,12065.285714285714,29.0,2151.0,3281.0,6232194.0,-39.0,0.61,-44.0,0.56,-31.0,13.0
2022-01-27,E12000007,London,9002488,11575.0,12001.57142857143,27.0,2353.0,3547.0,6234547.0,-38.0,0.62,-43.0,0.5700000000000001,-30.0,12.0
2022-01-28,E12000007,London,9002488,9908.0,11886.57142857143,20.0,2791.0,4387.0,6237338.0,-36.0,0.64,-40.0,0.6,-29.0,11.0
2022-01-29,E12000007,London,9002488,8727.0,11755.857142857143,26.0,3346.0,6083.0,6240684.0,-10.0,0.9,-28.0,0.72,-24.0,3.0
2022-01-30,E12000007,London,9002488,9838.0,11540.857142857143,23.0,1585.0,3074.0,6242269.0,-9.0,0.91,-29.0,0.71,-22.0,2.0
2022-01-31,E12000007,London,9002488,11951.0,11189.42857142857,16.0,1961.0,2955.0,6244230.0,-39.0,0.61,-42.0,0.5800000000000001,-27.0,11.0
2022-02-01,E12000007,London,9002488,11074.0,10878.857142857143,19.0,1912.0,2918.0,6246142.0,-38.0,0.62,-39.0,0.61,-28.0,11.0
2022-02-02,E12000007,London,9002488,10708.0,10540.142857142857,23.0,1755.0,2840.0,6247897.0,-37.0,0.63,-39.0,0.61,-28.0,11.0
2022-02-03,E12000007,London,9002488,9219.0,10203.57142857143,22.0,1609.0,2734.0,6249506.0,-36.0,0.64,-39.0,0.61,-27.0,11.0
2022-02-04,E12000007,London,9002488,7542.0,9865.57142857143,22.0,1760.0,3353.0,6251266.0,-36.0,0.64,-38.0,0.62,-30.0,11.0
2022-02-05,E12000007,London,9002488,6452.0,9540.57142857143,17.0,2043.0,4474.0,6253309.0,-11.0,0.89,-27.0,0.73,-24.0,3.0
2022-02-06,E12000007,London,9002488,7069.0,9145.0,12.0,913.0,2100.0,6254222.0,-10.0,0.9,-31.0,0.69,-25.0,3.0
2022-02-07,E12000007,London,9002488,9028.0,8727.42857142857,20.0,1417.0,2728.0,6255639.0,-38.0,0.62,-40.0,0.6,-26.0,11.0
2022-02-08,E12000007,London,9002488,8388.0,8343.714285714286,15.0,1444.0,2808.0,6257083.0,-38.0,0.62,-38.0,0.62,-27.0,10.0
2022-02-09,E12000007,London,9002488,7795.0,7927.571428571428,11.0,1541.0,3169.0,6258624.0,-37.0,0.63,-37.0,0.63,-26.0,10.0
2022-02-10,E12000007,London,9002488,6452.0,7532.285714285715,13.0,1320.0,2843.0,6259944.0,-37.0,0.63,-37.0,0.63,-26.0,10.0
2022-02-11,E12000007,London,9002488,5296.0,7211.428571428572,13.0,1647.0,3826.0,6261591.0,-36.0,0.64,-36.0,0.64,-26.0,10.0
2022-02-12,E12000007,London,9002488,4345.0,6910.428571428572,11.0,2049.0,4210.0,6263640.0,-11.0,0.89,-26.0,0.74,-24.0,2.0
2022-02-13,E12000007,London,9002488,4388.0,6527.428571428572,13.0,833.0,1853.0,6264473.0,-11.0,0.89,-28.0,0.72,-25.0,3.0
2022-02-14,E12000007,London,9002488,6057.0,6103.0,22.0,1395.0,2479.0,6265868.0,-47.0,0.53,-39.0,0.61,-14.0,11.0
2022-02-15,E12000007,London,9002488,5782.0,5730.714285714285,13.0,1456.0,2535.0,6267324.0,-47.0,0.53,-40.0,0.6,-29.0,12.0
2022-02-16,E12000007,London,9002488,6052.0,5481.714285714285,12.0,1282.0,2451.0,6268606.0,-46.0,0.54,-39.0,0.61,-24.0,11.0
2022-02-17,E12000007,London,9002488,5291.0,5315.857142857143,14.0,1533.0,2736.0,6270139.0,-45.0,0.55,-37.0,0.63,-21.0,10.0
2022-02-18,E12000007,London,9002488,3409.0,5046.285714285715,7.0,992.0,1913.0,6271131.0,-50.0,0.5,-52.0,0.48,-45.0,19.0
2022-02-19,E12000007,London,9002488,4423.0,5057.428571428572,8.0,1466.0,3050.0,6272597.0,-13.0,0.87,-30.0,0.7,-29.0,4.0
2022-02-20,E12000007,London,9002488,4620.0,5090.571428571428,13.0,613.0,1322.0,6273210.0,-11.0,0.89,-33.0,0.6699999999999999,-29.0,3.0
2022-02-21,E12000007,London,9002488,5420.0,4999.571428571428,13.0,992.0,1993.0,6274202.0,-40.0,0.6,-41.0,0.5900000000000001,-26.0,11.0
2022-02-22,E12000007,London,9002488,4645.0,4837.142857142857,9.0,1255.0,2698.0,6275457.0,-38.0,0.62,-35.0,0.65,-25.0,9.0
2022-02-23,E12000007,London,9002488,4158.0,4566.571428571428,6.0,1178.0,2685.0,6276635.0,-36.0,0.64,-35.0,0.65,-25.0,9.0
2022-02-24,E12000007,London,9002488,3464.0,4305.571428571428,12.0,980.0,2142.0,6277615.0,-36.0,0.64,-35.0,0.65,-25.0,10.0
2022-02-25,E12000007,London,9002488,3063.0,4256.142857142857,16.0,1306.0,3070.0,6278921.0,-35.0,0.65,-33.0,0.6699999999999999,-24.0,9.0
2022-02-26,E12000007,London,9002488,2663.0,4004.714285714286,6.0,1571.0,3523.0,6280492.0,-9.0,0.91,-21.0,0.79,-19.0,1.0
2022-02-27,E12000007,London,9002488,3199.0,3801.714285714286,12.0,587.0,1401.0,6281079.0,-7.0,0.9299999999999999,-20.0,0.8,-16.0,0.0
2022-02-28,E12000007,London,9002488,4866.0,3722.5714285714284,8.0,877.0,2110.0,6281956.0,-37.0,0.63,-36.0,0.64,-24.0,9.0
2022-03-01,E12000007,London,9002488,4822.0,3747.8571428571427,9.0,905.0,2104.0,6282861.0,-42.0,0.5800000000000001,-41.0,0.5900000000000001,-33.0,11.0
2022-03-02,E12000007,London,9002488,5184.0,3894.4285714285716,12.0,894.0,1701.0,6283755.0,-37.0,0.63,-35.0,0.65,-29.0,10.0
2022-03-03,E12000007,London,9002488,4926.0,4103.285714285715,10.0,830.0,1859.0,6284585.0,-40.0,0.6,-43.0,0.5700000000000001,-30.0,11.0
2022-03-04,E12000007,London,9002488,4607.0,4323.857142857143,12.0,1151.0,2625.0,6285736.0,-35.0,0.65,-35.0,0.65,-29.0,9.0
2022-03-05,E12000007,London,9002488,4221.0,4546.428571428572,8.0,1257.0,3405.0,6286993.0,-11.0,0.89,-27.0,0.73,-26.0,3.0
2022-03-06,E12000007,London,9002488,5014.0,4805.714285714285,13.0,501.0,1285.0,6287494.0,-8.0,0.92,-26.0,0.74,-22.0,1.0
2022-03-07,E12000007,London,9002488,6998.0,5110.285714285715,9.0,764.0,1896.0,6288258.0,-37.0,0.63,-38.0,0.62,-26.0,9.0
2022-03-08,E12000007,London,9002488,7216.0,5452.285714285715,9.0,813.0,2174.0,6289071.0,-36.0,0.64,-36.0,0.64,-28.0,8.0
2022-03-09,E12000007,London,9002488,7689.0,5810.142857142857,7.0,738.0,1690.0,6289809.0,-35.0,0.65,-37.0,0.63,-29.0,9.0
2022-03-10,E12000007,London,9002488,7326.0,6153.0,11.0,776.0,2306.0,6290585.0,-34.0,0.6599999999999999,-36.0,0.64,-28.0,8.0
2022-03-11,E12000007,London,9002488,6816.0,6468.571428571428,9.0,978.0,2880.0,6291563.0,-35.0,0.65,-37.0,0.63,-33.0,10.0
2022-03-12,E12000007,London,9002488,6278.0,6762.428571428572,12.0,1403.0,3923.0,6292966.0,-11.0,0.89,-25.0,0.75,-25.0,1.0
2022-03-13,E12000007,London,9002488,7207.0,7075.714285714285,9.0,501.0,1570.0,6293467.0,-10.0,0.9,-24.0,0.76,-25.0,2.0
2022-03-14,E12000007,London,9002488,9890.0,7488.857142857143,11.0,853.0,2252.0,6294320.0,-36.0,0.64,-37.0,0.63,-28.0,9.0
2022-03-15,E12000007,London,9002488,9359.0,7795.0,8.0,866.0,2515.0,6295186.0,-35.0,0.65,-35.0,0.65,-30.0,8.0
2022-03-16,E12000007,London,9002488,9275.0,8021.571428571428,14.0,689.0,1892.0,6295875.0,-35.0,0.65,-36.0,0.64,-34.0,10.0
2022-03-17,E12000007,London,9002488,8602.0,8203.857142857143,17.0,667.0,2036.0,6296542.0,-34.0,0.6599999999999999,-34.0,0.6599999999999999,-24.0,8.0
2022-03-18,E12000007,London,9002488,7735.0,8335.142857142857,8.0,1023.0,2784.0,6297565.0,-35.0,0.65,-35.0,0.65,-29.0,9.0
2022-03-19,E12000007,London,9002488,6600.0,8381.142857142857,11.0,1185.0,3636.0,6298750.0,-11.0,0.89,-25.0,0.75,-26.0,1.0
2022-03-20,E12000007,London,9002488,7629.0,8441.42857142857,11.0,478.0,1366.0,6299228.0,-10.0,0.9,-23.0,0.77,-23.0,0.0
2022-03-21,E12000007,London,9002488,10845.0,8577.857142857143,10.0,780.0,1789.0,6300008.0,-36.0,0.64,-38.0,0.62,-27.0,9.0
2022-03-22,E12000007,London,9002488,10024.0,8672.857142857143,20.0,699.0,1813.0,6300707.0,-35.0,0.65,-36.0,0.64,-27.0,8.0
2022-03-23,E12000007,London,9002488,9676.0,8730.142857142857,11.0,741.0,1660.0,6301448.0,-34.0,0.6599999999999999,-35.0,0.65,-26.0,8.0
2022-03-24,E12000007,London,9002488,8531.0,8720.0,15.0,815.0,1776.0,6302263.0,-34.0,0.6599999999999999,-35.0,0.65,-24.0,8.0
2022-03-25,E12000007,London,9002488,7565.0,8695.714285714286,17.0,845.0,2318.0,6303108.0,-35.0,0.65,-33.0,0.6699999999999999,-26.0,8.0
2022-03-26,E12000007,London,9002488,6329.0,8657.0,12.0,1187.0,3397.0,6304295.0,-11.0,0.89,-20.0,0.8,-22.0,-1.0
2022-03-27,E12000007,London,9002488,6888.0,8551.142857142857,8.0,300.0,1015.0,6304595.0,-10.0,0.9,-23.0,0.77,-23.0,-1.0
2022-03-28,E12000007,London,9002488,9471.0,8354.857142857143,10.0,614.0,1687.0,6305209.0,-37.0,0.63,-37.0,0.63,-27.0,9.0
2022-03-29,E12000007,London,9002488,8380.0,8120.0,17.0,592.0,1718.0,6305801.0,-36.0,0.64,-36.0,0.64,-29.0,9.0
2022-03-30,E12000007,London,9002488,7911.0,7867.857142857143,17.0,635.0,1775.0,6306436.0,-35.0,0.65,-37.0,0.63,-30.0,9.0
2022-03-31,E12000007,London,9002488,5756.0,7471.428571428572,19.0,657.0,1746.0,6307093.0,-34.0,0.6599999999999999,-37.0,0.63,-29.0,8.0
2020-09-01,E12000001,North East,2680763,118.0,79.85714285714286,0.0,0.0,0.0,0.0,-36.285714285714285,0.6371428571428572,-27.0,0.73,-13.0,7.0
2020-09-02,E12000001,North East,2680763,129.0,87.85714285714286,0.0,0.0,0.0,0.0,-35.285714285714285,0.6471428571428571,-32.5,0.675,-17.5,8.375
2020-09-03,E12000001,North East,2680763,207.0,107.85714285714286,0.0,0.0,0.0,0.0,-34.714285714285715,0.6528571428571428,-28.5,0.7150000000000001,-15.5,7.375
2020-09-04,E12000001,North East,2680763,178.0,123.57142857142857,0.0,0.0,0.0,0.0,-33.142857142857146,0.6685714285714286,-26.5,0.735,-15.666666666666666,6.5
2020-09-05,E12000001,North East,2680763,238.0,146.42857142857142,1.0,0.0,0.0,0.0,-8.333333333333334,0.9166666666666666,-27.0,0.73,-19.25,2.8333333333333335
2020-09-06,E12000001,North East,2680763,171.0,162.0,1.0,0.0,0.0,0.0,-8.0,0.92,-34.0,0.6599999999999999,-23.0,2.0
2020-09-07,E12000001,North East,2680763,203.0,177.71428571428572,1.0,0.0,0.0,0.0,-35.57142857142857,0.6442857142857144,-26.5,0.735,-18.0,7.25
2020-09-08,E12000001,North East,2680763,231.0,193.85714285714286,0.0,0.0,0.0,0.0,-34.857142857142854,0.6514285714285715,-26.5,0.735,-16.5,7.0
2020-09-09,E12000001,North East,2680763,241.0,209.85714285714286,0.0,0.0,0.0,0.0,-32.42857142857143,0.6757142857142857,-27.5,0.725,-18.0,6.75
2020-09-10,E12000001,North East,2680763,239.0,214.42857142857142,0.0,0.0,0.0,0.0,-33.42857142857143,0.6657142857142857,-25.5,0.745,-18.5,6.75
2020-09-11,E12000001,North East,2680763,201.0,217.71428571428572,1.0,0.0,0.0,0.0,-31.625,0.6837500000000001,-24.25,0.7575000000000001,-19.375,6.75
2020-09-12,E12000001,North East,2680763,153.0,205.57142857142858,0.0,0.0,0.0,0.0,-7.125,0.92875,-21.5,0.785,-22.5,2.6666666666666665
2020-09-13,E12000001,North East,2680763,143.0,201.57142857142858,1.0,0.0,0.0,0.0,-4.25,0.9575,-18.25,0.8175,-20.125,1.5
2020-09-14,E12000001,North East,2680763,200.0,201.14285714285714,1.0,0.0,0.0,0.0,-29.375,0.70625,-19.5,0.8049999999999999,-12.375,5.625
2020-09-15,E12000001,North East,2680763,268.0,206.42857142857142,1.0,0.0,0.0,0.0,-28.875,0.7112499999999999,-20.875,0.79125,-13.625,6.375
2020-09-16,E12000001,North East,2680763,329.0,219.0,2.0,0.0,0.0,0.0,-29.625,0.70375,-26.375,0.7362500000000001,-17.625,7.375
2020-09-17,E12000001,North East,2680763,372.0,238.0,4.0,0.0,0.0,0.0,-29.125,0.70875,-21.0,0.79,-13.625,6.0
2020-09-18,E12000001,North East,2680763,469.0,276.2857142857143,3.0,0.0,0.0,0.0,-29.25,0.7075,-25.0,0.75,-20.5,6.75
2020-09-19,E12000001,North East,2680763,437.0,316.85714285714283,1.0,0.0,0.0,0.0,-8.5,0.915,-26.625,0.73375,-24.5,3.8333333333333335
2020-09-20,E12000001,North East,2680763,591.0,380.85714285714283,3.0,0.0,0.0,0.0,-7.0,0.9299999999999999,-27.0,0.73,-24.5,3.75
2020-09-21,E12000001,North East,2680763,613.0,439.85714285714283,5.0,0.0,0.0,0.0,-29.875,0.7012499999999999,-21.0,0.79,-14.625,6.625
2020-09-22,E12000001,North East,2680763,551.0,480.2857142857143,2.0,0.0,0.0,0.0,-29.5,0.7050000000000001,-26.875,0.73125,-17.0,7.5
2020-09-23,E12000001,North East,2680763,647.0,525.7142857142857,5.0,0.0,0.0,0.0,-29.5,0.7050000000000001,-39.375,0.60625,-27.375,9.75
2020-09-24,E12000001,North East,2680763,729.0,576.7142857142857,1.0,0.0,0.0,0.0,-28.75,0.7125,-33.25,0.6675,-22.125,8.5
2020-09-25,E12000001,North East,2680763,613.0,597.2857142857143,6.0,0.0,0.0,0.0,-27.375,0.7262500000000001,-33.25,0.6675,-24.0,8.5
2020-09-26,E12000001,North East,2680763,782.0,646.5714285714286,8.0,0.0,0.0,0.0,-7.5,0.925,-36.125,0.6387499999999999,-25.875,5.25
2020-09-27,E12000001,North East,2680763,666.0,657.2857142857143,11.0,0.0,0.0,0.0,-3.75,0.9625,-28.125,0.71875,-24.625,3.4285714285714284
2020-09-28,E12000001,North East,2680763,986.0,710.5714285714286,6.0,0.0,0.0,0.0,-26.375,0.7362500000000001,-25.625,0.74375,-15.5,7.375
2020-09-29,E12000001,North East,2680763,1058.0,783.0,5.0,0.0,0.0,0.0,-26.5,0.735,-25.5,0.745,-15.375,7.375
2020-09-30,E12000001,North East,2680763,967.0,828.7142857142857,3.0,0.0,0.0,0.0,-27.75,0.7224999999999999,-33.625,0.6637500000000001,-20.5,8.625
2020-10-01,E12000001,North East,2680763,1201.0,896.1428571428571,5.0,0.0,0.0,0.0,-25.625,0.74375,-26.75,0.7324999999999999,-17.75,7.625
2020-10-02,E12000001,North East,2680763,1227.0,983.8571428571429,18.0,0.0,0.0,0.0,-24.875,0.75125,-25.625,0.74375,-23.5,8.25
2020-10-03,E12000001,North East,2680763,1179.0,1040.5714285714287,7.0,0.0,0.0,0.0,-12.125,0.87875,-43.0,0.5700000000000001,-34.5,7.75
2020-10-04,E12000001,North East,2680763,1215.0,1119.0,9.0,0.0,0.0,0.0,-7.625,0.92375,-28.125,0.71875,-24.375,4.428571428571429
2020-10-05,E12000001,North East,2680763,1387.0,1176.2857142857142,7.0,0.0,0.0,0.0,-28.125,0.71875,-26.25,0.7375,-21.625,8.25
2020-10-06,E12000001,North East,2680763,1457.0,1233.2857142857142,10.0,0.0,0.0,0.0,-27.125,0.72875,-25.25,0.7475,-19.625,8.125
2020-10-07,E12000001,North East,2680763,1490.0,1308.0,11.0,0.0,0.0,0.0,-26.25,0.7375,-29.75,0.7025,-21.375,8.375
2020-10-08,E12000001,North East,2680763,1391.0,1335.142857142857,13.0,0.0,0.0,0.0,-26.875,0.73125,-31.125,0.68875,-21.0,8.5
2020-10-09,E12000001,North East,2680763,1187.0,1329.4285714285713,8.0,0.0,0.0,0.0,-25.75,0.7424999999999999,-31.0,0.69,-25.25,8.75
2020-10-10,E12000001,North East,2680763,850.0,1282.4285714285713,16.0,0.0,0.0,0.0,-7.25,0.9275,-34.25,0.6575,-28.0,6.25
2020-10-11,E12000001,North East,2680763,944.0,1243.7142857142858,14.0,0.0,0.0,0.0,-5.625,0.94375,-32.375,0.67625,-27.625,4.285714285714286
2020-10-12,E12000001,North East,2680763,1400.0,1245.5714285714287,11.0,0.0,0.0,0.0,-27.375,0.7262500000000001,-33.0,0.6699999999999999,-25.75,9.25
2020-10-13,E12000001,North East,2680763,1315.0,1225.2857142857142,13.0,0.0,0.0,0.0,-28.375,0.71625,-36.875,0.63125,-28.5,10.25
2020-10-14,E12000001,North East,2680763,1411.0,1214.0,16.0,0.0,0.0,0.0,-26.0,0.74,-31.875,0.68125,-24.625,9.625
2020-10-15,E12000001,North East,2680763,1177.0,1183.4285714285713,16.0,0.0,0.0,0.0,-26.875,0.73125,-31.625,0.6837500000000001,-24.125,9.5
2020-10-16,E12000001,North East,2680763,1088.0,1169.2857142857142,15.0,0.0,0.0,0.0,-25.125,0.74875,-31.125,0.68875,-25.75,9.5
2020-10-17,E12000001,North East,2680763,813.0,1164.0,18.0,0.0,0.0,0.0,-9.125,0.90875,-37.5,0.625,-30.125,7.0
2020-10-18,E12000001,North East,2680763,836.0,1148.5714285714287,15.0,0.0,0.0,0.0,-8.25,0.9175,-35.25,0.6475,-28.375,5.142857142857143
2020-10-19,E12000001,North East,2680763,1420.0,1151.4285714285713,22.0,0.0,0.0,0.0,-26.5,0.735,-29.0,0.71,-22.5,9.125
2020-10-20,E12000001,North East,2680763,1456.0,1171.5714285714287,19.0,0.0,0.0,0.0,-26.75,0.7324999999999999,-29.875,0.7012499999999999,-22.125,9.25
2020-10-21,E12000001,North East,2680763,1514.0,1186.2857142857142,19.0,0.0,0.0,0.0,-25.875,0.74125,-32.625,0.6737500000000001,-24.125,9.75
2020-10-22,E12000001,North East,2680763,1238.0,1195.0,22.0,0.0,0.0,0.0,-26.375,0.7362500000000001,-31.375,0.68625,-22.875,9.5
2020-10-23,E12000001,North East,2680763,1049.0,1189.4285714285713,13.0,0.0,0.0,0.0,-26.75,0.7324999999999999,-33.625,0.6637500000000001,-25.125,10.0
2020-10-24,E12000001,North East,2680763,869.0,1197.4285714285713,14.0,0.0,0.0,0.0,-10.25,0.8975,-39.25,0.6074999999999999,-31.375,7.25
2020-10-25,E12000001,North East,2680763,860.0,1200.857142857143,16.0,0.0,0.0,0.0,-6.375,0.93625,-29.75,0.7025,-22.5,4.0
2020-10-26,E12000001,North East,2680763,1329.0,1187.857142857143,21.0,0.0,0.0,0.0,-39.0,0.61,-35.5,0.645,-16.875,10.625
2020-10-27,E12000001,North East,2680763,1195.0,1150.5714285714287,19.0,0.0,0.0,0.0,-38.75,0.6125,-38.25,0.6174999999999999,-19.0,11.75
2020-10-28,E12000001,North East,2680763,1186.0,1103.7142857142858,27.0,0.0,0.0,0.0,-37.75,0.6225,-36.375,0.63625,-17.625,11.125
2020-10-29,E12000001,North East,2680763,1138.0,1089.4285714285713,16.0,0.0,0.0,0.0,-39.125,0.60875,-40.375,0.59625,-20.375,11.875
2020-10-30,E12000001,North East,2680763,1222.0,1114.142857142857,26.0,0.0,0.0,0.0,-36.875,0.63125,-34.625,0.65375,-20.0,10.625
2020-10-31,E12000001,North East,2680763,887.0,1116.7142857142858,18.0,0.0,0.0,0.0,-10.0,0.9,-38.25,0.6174999999999999,-30.875,6.75
2020-11-01,E12000001,North East,2680763,1008.0,1137.857142857143,25.0,0.0,0.0,0.0,-5.75,0.9425,-34.75,0.6525000000000001,-20.5,4.571428571428571
2020-11-02,E12000001,North East,2680763,1689.0,1189.2857142857142,19.0,0.0,0.0,0.0,-25.5,0.745,-28.25,0.7175,-7.5,8.125
2020-11-03,E12000001,North East,2680763,1527.0,1236.7142857142858,17.0,0.0,0.0,0.0,-24.5,0.755,-26.625,0.73375,-3.75,7.75
2020-11-04,E12000001,North East,2680763,1429.0,1271.4285714285713,20.0,0.0,0.0,0.0,-22.375,0.77625,-26.875,0.73125,0.875,6.875
2020-11-05,E12000001,North East,2680763,1500.0,1323.142857142857,23.0,0.0,0.0,0.0,-32.75,0.6725,-40.75,0.5925,-52.25,13.0
2020-11-06,E12000001,North East,2680763,1483.0,1360.4285714285713,26.0,0.0,0.0,0.0,-33.25,0.6675,-44.5,0.5549999999999999,-54.375,14.875
2020-11-07,E12000001,North East,2680763,1358.0,1427.7142857142858,25.0,0.0,0.0,0.0,-27.5,0.725,-53.25,0.4675,-59.875,12.375
2020-11-08,E12000001,North East,2680763,1318.0,1472.0,20.0,0.0,0.0,0.0,-26.5,0.735,-50.375,0.49624999999999997,-59.75,9.857142857142858
2020-11-09,E12000001,North East,2680763,2083.0,1528.2857142857142,30.0,0.0,0.0,0.0,-33.75,0.6625,-40.0,0.6,-46.5,12.875
2020-11-10,E12000001,North East,2680763,1798.0,1567.0,23.0,0.0,0.0,0.0,-34.375,0.65625,-39.75,0.6025,-46.875,13.0
2020-11-11,E12000001,North East,2680763,1884.0,1632.0,21.0,0.0,0.0,0.0,-33.5,0.665,-42.875,0.57125,-48.125,13.625
2020-11-12,E12000001,North East,2680763,1556.0,1640.0,22.0,0.0,0.0,0.0,-34.25,0.6575,-41.0,0.5900000000000001,-47.25,13.125
2020-11-13,E12000001,North East,2680763,1546.0,1649.0,28.0,0.0,0.0,0.0,-34.25,0.6575,-42.75,0.5725,-49.375,14.75
2020-11-14,E12000001,North East,2680763,1071.0,1608.0,32.0,0.0,0.0,0.0,-28.125,0.71875,-53.375,0.46625000000000005,-57.25,12.375
2020-11-15,E12000001,North East,2680763,1060.0,1571.142857142857,32.0,0.0,0.0,0.0,-26.375,0.7362500000000001,-51.5,0.485,-58.0,9.571428571428571
2020-11-16,E12000001,North East,2680763,1587.0,1500.2857142857142,26.0,0.0,0.0,0.0,-34.125,0.65875,-40.0,0.6,-45.5,12.875
2020-11-17,E12000001,North East,2680763,1494.0,1456.857142857143,32.0,0.0,0.0,0.0,-34.25,0.6575,-40.75,0.5925,-46.375,13.0
2020-11-18,E12000001,North East,2680763,1367.0,1383.0,29.0,0.0,0.0,0.0,-33.625,0.6637500000000001,-43.25,0.5675,-47.375,13.625
2020-11-19,E12000001,North East,2680763,1037.0,1308.857142857143,31.0,0.0,0.0,0.0,-34.375,0.65625,-40.0,0.6,-45.5,13.25
2020-11-20,E12000001,North East,2680763,957.0,1224.7142857142858,37.0,0.0,0.0,0.0,-34.25,0.6575,-43.375,0.5662499999999999,-49.375,14.875
2020-11-21,E12000001,North East,2680763,687.0,1169.857142857143,31.0,0.0,0.0,0.0,-27.125,0.72875,-51.0,0.49,-55.0,11.75
2020-11-22,E12000001,North East,2680763,636.0,1109.2857142857142,28.0,0.0,0.0,0.0,-25.0,0.75,-47.375,0.52625,-53.375,8.285714285714286
2020-11-23,E12000001,North East,2680763,983.0,1023.0,34.0,0.0,0.0,0.0,-33.375,0.66625,-40.25,0.5974999999999999,-43.25,12.5
2020-11-24,E12000001,North East,2680763,861.0,932.5714285714286,38.0,0.0,0.0,0.0,-33.25,0.6675,-40.75,0.5925,-44.75,12.75
2020-11-25,E12000001,North East,2680763,819.0,854.2857142857143,28.0,0.0,0.0,0.0,-31.75,0.6825,-41.875,0.58125,-43.75,12.875
2020-11-26,E12000001,North East,2680763,724.0,809.5714285714286,29.0,0.0,0.0,0.0,-32.625,0.6737500000000001,-39.0,0.61,-43.375,12.875
2020-11-27,E12000001,North East,2680763,654.0,766.2857142857143,23.0,0.0,0.0,0.0,-33.625,0.6637500000000001,-39.875,0.6012500000000001,-44.625,13.75
2020-11-28,E12000001,North East,2680763,507.0,740.5714285714286,26.0,0.0,0.0,0.0,-25.375,0.7462500000000001,-46.875,0.53125,-52.125,11.25
2020-11-29,E12000001,North East,2680763,464.0,716.0,28.0,0.0,0.0,0.0,-23.875,0.76125,-44.125,0.5587500000000001,-51.625,8.571428571428571
2020-11-30,E12000001,North East,2680763,773.0,686.0,24.0,0.0,0.0,0.0,-31.5,0.685,-37.375,0.62625,-37.5,12.0
2020-12-01,E12000001,North East,2680763,653.0,656.2857142857143,19.0,0.0,0.0,0.0,-30.25,0.6975,-36.625,0.63375,-39.0,11.875
2020-12-02,E12000001,North East,2680763,651.0,632.2857142857143,19.0,0.0,0.0,0.0,-25.875,0.74125,-33.625,0.6637500000000001,-26.375,10.5
2020-12-03,E12000001,North East,2680763,605.0,615.2857142857143,20.0,0.0,0.0,0.0,-27.25,0.7275,-36.25,0.6375,-27.75,10.75
2020-12-04,E12000001,North East,2680763,563.0,602.2857142857143,18.0,0.0,0.0,0.0,-28.25,0.7175,-40.0,0.6,-37.625,12.625
2020-12-05,E12000001,North East,2680763,426.0,590.7142857142857,27.0,0.0,0.0,0.0,-14.75,0.8525,-37.375,0.62625,-36.625,8.25
2020-12-06,E12000001,North East,2680763,518.0,598.4285714285714,21.0,0.0,0.0,0.0,-17.0,0.83,-41.125,0.58875,-41.875,7.428571428571429
2020-12-07,E12000001,North East,2680763,765.0,597.2857142857143,27.0,0.0,0.0,0.0,-28.5,0.7150000000000001,-33.0,0.6699999999999999,-24.125,9.75
2020-12-08,E12000001,North East,2680763,727.0,607.8571428571429,19.0,473.0,7.0,473.0,-26.5,0.735,-35.5,0.645,-28.5,10.5
2020-12-09,E12000001,North East,2680763,650.0,607.7142857142857,16.0,522.0,7.0,995.0,-26.375,0.7362500000000001,-34.5,0.655,-28.875,10.125
2020-12-10,E12000001,North East,2680763,653.0,614.5714285714286,27.0,594.0,7.0,1589.0,-27.5,0.725,-34.125,0.65875,-29.5,10.375
2020-12-11,E12000001,North East,2680763,664.0,629.0,21.0,535.0,1.0,2124.0,-27.125,0.72875,-33.375,0.66625,-34.25,11.375
2020-12-12,E12000001,North East,2680763,513.0,641.4285714285714,20.0,166.0,0.0,2290.0,-14.5,0.855,-39.625,0.60375,-40.875,8.75
2020-12-13,E12000001,North East,2680763,581.0,650.4285714285714,16.0,275.0,0.0,2565.0,-16.375,0.8362499999999999,-42.0,0.5800000000000001,-43.0,7.285714285714286
2020-12-14,E12000001,North East,2680763,916.0,672.0,29.0,384.0,6.0,2949.0,-28.125,0.71875,-32.25,0.6775,-25.0,9.75
2020-12-15,E12000001,North East,2680763,903.0,697.1428571428571,17.0,2617.0,4.0,5566.0,-27.75,0.7224999999999999,-32.625,0.6737500000000001,-25.125,9.75
2020-12-16,E12000001,North East,2680763,829.0,722.7142857142857,12.0,3542.0,10.0,9108.0,-27.25,0.7275,-40.25,0.5974999999999999,-31.5,11.5
2020-12-17,E12000001,North East,2680763,666.0,724.5714285714286,21.0,3573.0,7.0,12681.0,-27.75,0.7224999999999999,-32.75,0.6725,-25.375,10.25
2020-12-18,E12000001,North East,2680763,791.0,742.7142857142857,32.0,3116.0,7.0,15797.0,-32.125,0.67875,-35.375,0.64625,-30.875,12.75
2020-12-19,E12000001,North East,2680763,620.0,758.0,24.0,3875.0,0.0,19672.0,-15.375,0.84625,-33.75,0.6625,-37.75,8.125
2020-12-20,E12000001,North East,2680763,771.0,785.1428571428571,26.0,5571.0,0.0,25243.0,-12.375,0.87625,-30.0,0.7,-36.75,6.428571428571429
2020-12-21,E12000001,North East,2680763,1030.0,801.4285714285714,18.0,3462.0,9.0,28705.0,-42.5,0.575,-38.375,0.61625,-15.625,12.75
2020-12-22,E12000001,North East,2680763,1175.0,840.2857142857143,28.0,4933.0,2.0,33638.0,-44.0,0.56,-35.125,0.6487499999999999,-14.5,12.375
2020-12-23,E12000001,North East,2680763,1095.0,878.2857142857143,24.0,6667.0,1.0,40305.0,-47.375,0.52625,-42.875,0.57125,-17.875,14.5
2020-12-24,E12000001,North East,2680763,799.0,897.2857142857143,24.0,1432.0,2.0,41737.0,-60.375,0.39625,-48.125,0.51875,-32.875,18.0
2020-12-25,E12000001,North East,2680763,317.0,829.5714285714286,18.0,0.0,0.0,41737.0,-80.25,0.1975,-75.25,0.24750000000000005,-94.0,22.375
2020-12-26,E12000001,North East,2680763,992.0,882.7142857142857,35.0,254.0,0.0,41991.0,-50.25,0.49750000000000005,-70.875,0.29125,-75.375,12.75
2020-12-27,E12000001,North East,2680763,1312.0,960.0,31.0,363.0,0.0,42354.0,-25.75,0.7424999999999999,-44.875,0.55125,-45.875,7.857142857142857
2020-12-28,E12000001,North East,2680763,1454.0,1020.5714285714286,36.0,323.0,0.0,42677.0,-72.625,0.27375000000000005,-57.0,0.43000000000000005,-38.375,22.125
2020-12-29,E12000001,North East,2680763,2487.0,1208.0,23.0,5160.0,316.0,47837.0,-61.875,0.38125,-53.125,0.46875,-33.125,19.5
2020-12-30,E12000001,North East,2680763,2323.0,1383.4285714285713,22.0,11197.0,243.0,59034.0,-59.75,0.40249999999999997,-47.25,0.5275000000000001,-27.625,18.375
2020-12-31,E12000001,North East,2680763,1602.0,1498.142857142857,19.0,6845.0,231.0,65879.0,-64.75,0.35250000000000004,-56.375,0.43625,-52.875,21.0
2021-01-01,E12000001,North East,2680763,971.0,1591.5714285714287,33.0,1464.0,11.0,67343.0,-81.625,0.18374999999999997,-81.5,0.18500000000000005,-86.25,29.25
2021-01-02,E12000001,North East,2680763,1812.0,1708.7142857142858,23.0,1785.0,248.0,69128.0,-40.25,0.5974999999999999,-60.625,0.39375000000000004,-71.375,15.375
2021-01-03,E12000001,North East,2680763,1721.0,1767.142857142857,23.0,914.0,206.0,70042.0,-27.0,0.73,-54.875,0.45125000000000004,-64.625,10.714285714285714
2021-01-04,E12000001,North East,2680763,2337.0,1893.2857142857142,26.0,2181.0,468.0,72223.0,-38.75,0.6125,-51.5,0.485,-52.5,15.625
2021-01-05,E12000001,North East,2680763,1775.0,1791.5714285714287,36.0,3904.0,2497.0,76127.0,-41.125,0.58875,-55.625,0.44375,-59.25,16.625
2021-01-06,E12000001,North East,2680763,1540.0,1679.7142857142858,24.0,4556.0,3321.0,80683.0,-41.375,0.5862499999999999,-56.0,0.43999999999999995,-60.0,17.25
2021-01-07,E12000001,North East,2680763,1525.0,1668.7142857142858,31.0,11973.0,3753.0,92656.0,-42.25,0.5775,-54.625,0.45375,-58.625,17.375
2021-01-08,E12000001,North East,2680763,1183.0,1699.0,31.0,14277.0,2683.0,106933.0,-44.125,0.5587500000000001,-58.25,0.4175,-65.625,19.875
2021-01-09,E12000001,North East,2680763,1031.0,1587.4285714285713,30.0,12573.0,3209.0,119506.0,-31.875,0.68125,-56.25,0.4375,-66.0,13.75
2021-01-10,E12000001,North East,2680763,1091.0,1497.4285714285713,36.0,4483.0,4288.0,123989.0,-27.375,0.7262500000000001,-56.75,0.4325,-65.125,10.714285714285714
2021-01-11,E12000001,North East,2680763,1733.0,1411.142857142857,48.0,6258.0,584.0,130247.0,-40.875,0.59125,-53.625,0.46375,-55.25,16.125
2021-01-12,E12000001,North East,2680763,1466.0,1367.0,35.0,9280.0,172.0,139527.0,-42.5,0.575,-53.0,0.47,-56.125,16.25
2021-01-13,E12000001,North East,2680763,1437.0,1352.2857142857142,26.0,11820.0,65.0,151347.0,-41.75,0.5825,-56.125,0.43875,-58.875,16.125
2021-01-14,E12000001,North East,2680763,1274.0,1316.4285714285713,41.0,12750.0,46.0,164097.0,-45.875,0.54125,-58.25,0.4175,-63.375,17.75
2021-01-15,E12000001,North East,2680763,1244.0,1325.142857142857,44.0,13930.0,21.0,178027.0,-43.5,0.565,-56.625,0.43374999999999997,-61.375,17.625
2021-01-16,E12000001,North East,2680763,1042.0,1326.7142857142858,32.0,14302.0,24.0,192329.0,-32.875,0.67125,-58.375,0.41625,-65.75,13.5
2021-01-17,E12000001,North East,2680763,976.0,1310.2857142857142,33.0,5287.0,12.0,197616.0,-27.5,0.725,-54.5,0.45499999999999996,-65.25,9.714285714285714
2021-01-18,E12000001,North East,2680763,1604.0,1291.857142857143,37.0,6361.0,10.0,203977.0,-42.25,0.5775,-52.5,0.475,-55.75,15.25
2021-01-19,E12000001,North East,2680763,1291.0,1266.857142857143,52.0,9838.0,13.0,213815.0,-43.625,0.56375,-58.75,0.4125,-60.125,16.625
2021-01-20,E12000001,North East,2680763,1346.0,1253.857142857143,42.0,12918.0,19.0,226733.0,-42.625,0.57375,-57.75,0.4225,-61.0,17.125
2021-01-21,E12000001,North East,2680763,1139.0,1234.5714285714287,34.0,16287.0,20.0,243020.0,-43.5,0.565,-55.125,0.44875,-58.875,16.75
2021-01-22,E12000001,North East,2680763,996.0,1199.142857142857,43.0,18672.0,24.0,261692.0,-41.75,0.5825,-54.5,0.45499999999999996,-57.875,17.125
2021-01-23,E12000001,North East,2680763,755.0,1158.142857142857,28.0,19604.0,27.0,281296.0,-29.5,0.7050000000000001,-55.625,0.44375,-62.25,12.625
2021-01-24,E12000001,North East,2680763,741.0,1124.5714285714287,39.0,6555.0,5.0,287851.0,-26.5,0.735,-53.75,0.4625,-63.375,9.285714285714286
2021-01-25,E12000001,North East,2680763,1207.0,1067.857142857143,49.0,7062.0,17.0,294913.0,-42.125,0.57875,-52.375,0.47624999999999995,-53.875,15.125
2021-01-26,E12000001,North East,2680763,1098.0,1040.2857142857142,33.0,8450.0,16.0,303363.0,-42.75,0.5725,-55.75,0.4425,-56.75,15.875
2021-01-27,E12000001,North East,2680763,1004.0,991.4285714285714,34.0,8614.0,7.0,311977.0,-41.5,0.585,-54.75,0.4525,-56.875,16.125
2021-01-28,E12000001,North East,2680763,972.0,967.5714285714286,38.0,12834.0,23.0,324811.0,-43.25,0.5675,-57.0,0.43000000000000005,-58.125,16.875
2021-01-29,E12000001,North East,2680763,903.0,954.2857142857143,44.0,20737.0,45.0,345548.0,-41.75,0.5825,-53.75,0.4625,-56.875,16.875
2021-01-30,E12000001,North East,2680763,781.0,958.0,30.0,21054.0,41.0,366602.0,-28.375,0.71625,-55.875,0.44125000000000003,-60.5,12.125
2021-01-31,E12000001,North East,2680763,762.0,961.0,36.0,11528.0,45.0,378130.0,-24.625,0.75375,-53.375,0.46625000000000005,-60.75,9.142857142857142
2021-02-01,E12000001,North East,2680763,1034.0,936.2857142857143,31.0,8468.0,32.0,386598.0,-41.0,0.5900000000000001,-48.125,0.51875,-52.0,14.375
2021-02-02,E12000001,North East,2680763,884.0,905.7142857142857,31.0,9312.0,23.0,395910.0,-44.125,0.5587500000000001,-60.0,0.4,-60.875,17.0
2021-02-03,E12000001,North East,2680763,891.0,889.5714285714286,35.0,14769.0,30.0,410679.0,-41.5,0.585,-58.125,0.41874999999999996,-58.875,16.625
2021-02-04,E12000001,North East,2680763,851.0,872.2857142857143,39.0,17947.0,50.0,428626.0,-41.625,0.58375,-55.375,0.44625000000000004,-55.75,16.125
2021-02-05,E12000001,North East,2680763,705.0,844.0,34.0,15982.0,31.0,444608.0,-41.375,0.5862499999999999,-56.875,0.43125,-58.5,17.375
2021-02-06,E12000001,North East,2680763,594.0,817.2857142857143,26.0,24806.0,10.0,469414.0,-30.0,0.7,-62.875,0.37124999999999997,-64.625,13.375
2021-02-07,E12000001,North East,2680763,603.0,794.5714285714286,31.0,16545.0,7.0,485959.0,-27.375,0.7262500000000001,-61.75,0.38249999999999995,-66.75,10.142857142857142
2021-02-08,E12000001,North East,2680763,783.0,758.7142857142857,33.0,11198.0,43.0,497157.0,-43.5,0.565,-57.375,0.42625,-58.625,16.375
2021-02-09,E12000001,North East,2680763,704.0,733.0,23.0,14242.0,162.0,511399.0,-43.125,0.56875,-56.25,0.4375,-57.25,16.5
2021-02-10,E12000001,North East,2680763,715.0,707.8571428571429,22.0,20108.0,115.0,531507.0,-42.875,0.57125,-55.75,0.4425,-59.375,16.875
2021-02-11,E12000001,North East,2680763,681.0,683.5714285714286,15.0,19482.0,140.0,550989.0,-41.75,0.5825,-53.875,0.46125000000000005,-53.875,16.125
2021-02-12,E12000001,North East,2680763,583.0,666.1428571428571,18.0,19273.0,94.0,570262.0,-41.25,0.5875,-54.25,0.4575,-55.5,17.125
2021-02-13,E12000001,North East,2680763,510.0,654.1428571428571,20.0,23230.0,70.0,593492.0,-28.75,0.7125,-60.0,0.4,-59.375,12.625
2021-02-14,E12000001,North East,2680763,490.0,638.0,25.0,7810.0,14.0,601302.0,-26.5,0.735,-61.375,0.38625,-63.375,10.857142857142858
2021-02-15,E12000001,North East,2680763,746.0,632.7142857142857,26.0,10154.0,113.0,611456.0,-45.625,0.54375,-51.375,0.48624999999999996,-48.5,15.375
2021-02-16,E12000001,North East,2680763,733.0,636.8571428571429,18.0,15692.0,97.0,627148.0,-45.0,0.55,-51.375,0.48624999999999996,-49.125,15.375
2021-02-17,E12000001,North East,2680763,608.0,621.5714285714286,15.0,22190.0,152.0,649338.0,-44.625,0.55375,-50.625,0.49375,-49.125,15.75
2021-02-18,E12000001,North East,2680763,597.0,609.5714285714286,17.0,17734.0,199.0,667072.0,-45.75,0.5425,-54.125,0.45875,-50.125,16.125
2021-02-19,E12000001,North East,2680763,471.0,593.5714285714286,21.0,16795.0,113.0,683867.0,-45.0,0.55,-54.25,0.4575,-52.875,17.5
2021-02-20,E12000001,North East,2680763,356.0,571.5714285714286,14.0,15609.0,70.0,699476.0,-25.5,0.745,-56.125,0.43875,-58.375,12.0
2021-02-21,E12000001,North East,2680763,417.0,561.1428571428571,13.0,5420.0,19.0,704896.0,-21.75,0.7825,-46.625,0.53375,-56.125,8.142857142857142
2021-02-22,E12000001,North East,2680763,566.0,535.4285714285714,7.0,4443.0,19.0,709339.0,-39.625,0.60375,-50.375,0.49624999999999997,-49.75,14.5
2021-02-23,E12000001,North East,2680763,402.0,488.14285714285717,11.0,14066.0,120.0,723405.0,-39.75,0.6025,-53.0,0.47,-51.125,14.875
2021-02-24,E12000001,North East,2680763,444.0,464.7142857142857,17.0,18863.0,205.0,742268.0,-38.75,0.6125,-54.25,0.4575,-51.75,15.375
2021-02-25,E12000001,North East,2680763,468.0,446.2857142857143,10.0,20029.0,353.0,762297.0,-39.25,0.6074999999999999,-49.5,0.505,-47.375,14.375
2021-02-26,E12000001,North East,2680763,380.0,433.2857142857143,11.0,18814.0,516.0,781111.0,-38.125,0.61875,-47.5,0.525,-47.75,15.0
2021-02-27,E12000001,North East,2680763,290.0,423.85714285714283,9.0,11698.0,1769.0,792809.0,-21.75,0.7825,-47.75,0.5225,-52.0,9.75
2021-02-28,E12000001,North East,2680763,261.0,401.57142857142856,8.0,4501.0,1338.0,797310.0,-18.375,0.81625,-44.125,0.5587500000000001,-51.0,7.285714285714286
2021-03-01,E12000001,North East,2680763,407.0,378.85714285714283,10.0,4598.0,1160.0,801908.0,-38.25,0.6174999999999999,-47.875,0.52125,-45.125,13.375
2021-03-02,E12000001,North East,2680763,333.0,369.0,7.0,3268.0,1776.0,805176.0,-38.625,0.61375,-50.375,0.49624999999999997,-47.875,14.25
2021-03-03,E12000001,North East,2680763,349.0,355.42857142857144,8.0,8023.0,1894.0,813199.0,-38.125,0.61875,-51.5,0.485,-49.375,14.875
2021-03-04,E12000001,North East,2680763,308.0,332.57142857142856,4.0,18542.0,1522.0,831741.0,-38.5,0.615,-52.0,0.48,-49.875,14.875
2021-03-05,E12000001,North East,2680763,285.0,319.0,10.0,20111.0,1249.0,851852.0,-36.75,0.6325000000000001,-48.5,0.515,-49.75,15.375
2021-03-06,E12000001,North East,2680763,249.0,313.14285714285717,7.0,14097.0,409.0,865949.0,-21.75,0.7825,-51.875,0.48124999999999996,-53.75,10.625
2021-03-07,E12000001,North East,2680763,220.0,307.2857142857143,6.0,7285.0,148.0,873234.0,-16.25,0.8375,-46.875,0.53125,-53.875,8.142857142857142
2021-03-08,E12000001,North East,2680763,347.0,298.7142857142857,7.0,6983.0,718.0,880217.0,-35.25,0.6475,-46.25,0.5375,-44.125,12.75
2021-03-09,E12000001,North East,2680763,381.0,305.57142857142856,5.0,7130.0,2525.0,887347.0,-34.625,0.65375,-44.75,0.5525,-45.25,12.375
2021-03-10,E12000001,North East,2680763,331.0,303.0,5.0,6833.0,6462.0,894180.0,-33.75,0.6625,-48.875,0.51125,-48.375,13.25
2021-03-11,E12000001,North East,2680763,311.0,303.42857142857144,3.0,5255.0,3921.0,899435.0,-34.0,0.6599999999999999,-46.0,0.54,-47.25,13.0
2021-03-12,E12000001,North East,2680763,296.0,305.0,8.0,13473.0,3538.0,912908.0,-32.25,0.6775,-43.0,0.5700000000000001,-46.25,13.0
2021-03-13,E12000001,North East,2680763,269.0,307.85714285714283,7.0,17745.0,1467.0,930653.0,-20.375,0.79625,-50.875,0.49124999999999996,-49.75,10.0
2021-03-14,E12000001,North East,2680763,212.0,306.7142857142857,1.0,15284.0,360.0,945937.0,-7.375,0.92625,-43.625,0.56375,-55.0,6.571428571428571
2021-03-15,E12000001,North East,2680763,327.0,303.85714285714283,1.0,15073.0,2038.0,961010.0,-33.125,0.66875,-38.25,0.6174999999999999,-42.125,11.375
2021-03-16,E12000001,North East,2680763,310.0,293.7142857142857,2.0,17846.0,5339.0,978856.0,-33.625,0.6637500000000001,-41.5,0.585,-43.75,11.875
2021-03-17,E12000001,North East,2680763,315.0,291.42857142857144,5.0,19738.0,7017.0,998594.0,-32.125,0.67875,-41.125,0.58875,-44.75,12.125
2021-03-18,E12000001,North East,2680763,271.0,285.7142857142857,2.0,24129.0,7860.0,1022723.0,-32.625,0.6737500000000001,-40.75,0.5925,-46.0,12.25
2021-03-19,E12000001,North East,2680763,256.0,280.0,0.0,26148.0,7895.0,1048871.0,-32.125,0.67875,-44.5,0.5549999999999999,-49.125,13.75
2021-03-20,E12000001,North East,2680763,219.0,272.85714285714283,4.0,35809.0,6303.0,1084680.0,-19.25,0.8075,-44.875,0.55125,-52.125,9.25
2021-03-21,E12000001,North East,2680763,299.0,285.2857142857143,2.0,13490.0,2258.0,1098170.0,-14.625,0.85375,-43.625,0.56375,-51.75,7.428571428571429
2021-03-22,E12000001,North East,2680763,335.0,286.42857142857144,1.0,11447.0,4504.0,1109617.0,-32.125,0.67875,-36.625,0.63375,-40.375,11.0
2021-03-23,E12000001,North East,2680763,167.0,266.0,4.0,15832.0,7459.0,1125449.0,-32.75,0.6725,-41.375,0.5862499999999999,-44.375,11.75
2021-03-24,E12000001,North East,2680763,160.0,243.85714285714286,1.0,15385.0,9155.0,1140834.0,-31.25,0.6875,-39.875,0.6012500000000001,-43.875,11.625
2021-03-25,E12000001,North East,2680763,236.0,238.85714285714286,1.0,17877.0,11266.0,1158711.0,-32.375,0.67625,-39.375,0.60625,-42.75,11.625
2021-03-26,E12000001,North East,2680763,205.0,231.57142857142858,1.0,16077.0,9245.0,1174788.0,-31.875,0.68125,-42.25,0.5775,-45.75,13.0
2021-03-27,E12000001,North East,2680763,216.0,231.14285714285714,3.0,20058.0,13297.0,1194846.0,-19.25,0.8075,-47.75,0.5225,-51.25,9.625
2021-03-28,E12000001,North East,2680763,274.0,227.57142857142858,0.0,11863.0,6478.0,1206709.0,-16.0,0.84,-50.125,0.49875,-54.625,8.285714285714286
2021-03-29,E12000001,North East,2680763,232.0,212.85714285714286,1.0,8535.0,8449.0,1215244.0,-39.375,0.60625,-43.125,0.56875,-39.25,12.375
2021-03-30,E12000001,North East,2680763,186.0,215.57142857142858,2.0,9848.0,11156.0,1225092.0,-39.125,0.60875,-34.75,0.6525000000000001,-37.625,10.75
2021-03-31,E12000001,North East,2680763,231.0,225.71428571428572,2.0,8499.0,15490.0,1233591.0,-38.875,0.6112500000000001,-36.875,0.63125,-37.0,11.5
2021-04-01,E12000001,North East,2680763,164.0,215.42857142857142,1.0,7106.0,20910.0,1240697.0,-39.5,0.605,-39.0,0.61,-32.75,11.625
2021-04-02,E12000001,North East,2680763,102.0,200.71428571428572,1.0,4273.0,8649.0,1244970.0,-66.25,0.3375,-55.25,0.4475,-49.25,19.875
2021-04-03,E12000001,North East,2680763,106.0,185.0,3.0,8207.0,8634.0,1253177.0,-24.375,0.75625,-45.875,0.54125,-51.25,8.125
2021-04-04,E12000001,North East,2680763,104.0,160.71428571428572,0.0,3680.0,2088.0,1256857.0,-20.5,0.795,-43.875,0.56125,-73.375,6.428571428571429
2021-04-05,E12000001,North East,2680763,133.0,146.57142857142858,1.0,2687.0,1605.0,1259544.0,-71.75,0.2825,-61.125,0.38875000000000004,-46.75,21.625
2021-04-06,E12000001,North East,2680763,144.0,140.57142857142858,3.0,4295.0,5550.0,1263839.0,-42.375,0.5762499999999999,-45.375,0.54625,-39.25,13.25
2021-04-07,E12000001,North East,2680763,126.0,125.57142857142857,1.0,6015.0,13591.0,1269854.0,-40.875,0.59125,-45.5,0.5449999999999999,-41.875,13.25
2021-04-08,E12000001,North East,2680763,107.0,117.42857142857143,2.0,4701.0,16122.0,1274555.0,-40.75,0.5925,-44.625,0.55375,-42.0,13.375
2021-04-09,E12000001,North East,2680763,98.0,116.85714285714286,1.0,6519.0,18586.0,1281074.0,-38.875,0.6112500000000001,-42.75,0.5725,-44.75,13.625
2021-04-10,E12000001,North East,2680763,82.0,113.42857142857143,0.0,4834.0,22237.0,1285908.0,-17.125,0.82875,-42.875,0.57125,-52.25,8.625
2021-04-11,E12000001,North East,2680763,114.0,114.85714285714286,0.0,4164.0,7980.0,1290072.0,-13.25,0.8674999999999999,-45.0,0.55,-53.0,7.285714285714286
2021-04-12,E12000001,North East,2680763,92.0,109.0,0.0,2200.0,7829.0,1292272.0,-28.375,0.71625,-22.125,0.77875,-12.5,7.375
2021-04-13,E12000001,North East,2680763,66.0,97.85714285714286,0.0,2694.0,8033.0,1294966.0,-28.625,0.71375,-25.5,0.745,-18.375,8.125
2021-04-14,E12000001,North East,2680763,98.0,93.85714285714286,2.0,4389.0,13995.0,1299355.0,-28.125,0.71875,-24.25,0.7575000000000001,-17.625,7.5
2021-04-15,E12000001,North East,2680763,79.0,89.85714285714286,1.0,6372.0,14408.0,1305727.0,-27.75,0.7224999999999999,-21.25,0.7875,-17.5,7.375
2021-04-16,E12000001,North East,2680763,95.0,89.42857142857143,0.0,5326.0,18055.0,1311053.0,-27.0,0.73,-22.0,0.78,-23.0,7.375
2021-04-17,E12000001,North East,2680763,65.0,87.0,1.0,5008.0,17084.0,1316061.0,-14.125,0.85875,-24.125,0.75875,-30.5,4.5
2021-04-18,E12000001,North East,2680763,95.0,84.28571428571429,0.0,3909.0,6830.0,1319970.0,-8.75,0.9125,-22.125,0.77875,-28.875,3.142857142857143
2021-04-19,E12000001,North East,2680763,103.0,85.85714285714286,0.0,4313.0,6856.0,1324283.0,-25.5,0.745,-20.75,0.7925,-18.25,6.875
2021-04-20,E12000001,North East,2680763,84.0,88.42857142857143,0.0,4947.0,11186.0,1329230.0,-25.375,0.7462500000000001,-23.0,0.77,-20.5,7.5
2021-04-21,E12000001,North East,2680763,111.0,90.28571428571429,0.0,4643.0,17032.0,1333873.0,-25.125,0.74875,-28.125,0.71875,-22.0,7.625
2021-04-22,E12000001,North East,2680763,61.0,87.71428571428571,1.0,5496.0,16236.0,1339369.0,-24.625,0.75375,-25.625,0.74375,-20.0,7.25
2021-04-23,E12000001,North East,2680763,78.0,85.28571428571429,0.0,8936.0,17685.0,1348305.0,-23.875,0.76125,-24.0,0.76,-23.125,7.0
2021-04-24,E12000001,North East,2680763,59.0,84.42857142857143,0.0,8780.0,23001.0,1357085.0,-12.375,0.87625,-28.625,0.71375,-29.125,4.25
2021-04-25,E12000001,North East,2680763,91.0,83.85714285714286,0.0,3747.0,11459.0,1360832.0,-8.375,0.91625,-27.375,0.7262500000000001,-28.0,3.0
2021-04-26,E12000001,North East,2680763,112.0,85.14285714285714,2.0,3356.0,8290.0,1364188.0,-24.75,0.7525,-26.125,0.73875,-23.125,7.5
2021-04-27,E12000001,North East,2680763,107.0,88.42857142857143,0.0,3232.0,12180.0,1367420.0,-25.375,0.7462500000000001,-30.5,0.6950000000000001,-26.375,8.625
2021-04-28,E12000001,North East,2680763,85.0,84.71428571428571,1.0,3384.0,19164.0,1370804.0,-24.25,0.7575000000000001,-29.0,0.71,-23.5,8.125
2021-04-29,E12000001,North East,2680763,77.0,87.0,0.0,4963.0,19329.0,1375767.0,-25.375,0.7462500000000001,-30.5,0.6950000000000001,-24.375,8.125
2021-04-30,E12000001,North East,2680763,71.0,86.0,0.0,4666.0,16269.0,1380433.0,-24.625,0.75375,-27.75,0.7224999999999999,-24.0,7.625
2021-05-01,E12000001,North East,2680763,57.0,85.71428571428571,0.0,5895.0,16430.0,1386328.0,-12.875,0.87125,-28.0,0.72,-27.0,4.125
2021-05-02,E12000001,North East,2680763,58.0,81.0,0.0,5742.0,5866.0,1392070.0,-11.375,0.88625,-29.875,0.7012499999999999,-28.125,3.142857142857143
2021-05-03,E12000001,North East,2680763,68.0,74.71428571428571,0.0,1489.0,2528.0,1393559.0,-70.25,0.2975,-56.125,0.43875,-31.125,18.375
2021-05-04,E12000001,North East,2680763,119.0,76.42857142857143,1.0,4480.0,8158.0,1398039.0,-26.25,0.7375,-35.125,0.6487499999999999,-28.5,9.125
2021-05-05,E12000001,North East,2680763,95.0,77.85714285714286,0.0,3975.0,18620.0,1402014.0,-23.875,0.76125,-29.5,0.7050000000000001,-25.625,8.25
2021-05-06,E12000001,North East,2680763,91.0,79.85714285714286,0.0,3455.0,24970.0,1405469.0,-24.25,0.7575000000000001,-26.875,0.73125,-23.5,8.125
2021-05-07,E12000001,North East,2680763,77.0,80.71428571428571,0.0,4673.0,22285.0,1410142.0,-22.5,0.775,-29.25,0.7075,-28.25,8.0
2021-05-08,E12000001,North East,2680763,71.0,82.71428571428571,0.0,6143.0,19753.0,1416285.0,-14.375,0.85625,-43.0,0.5700000000000001,-38.75,7.625
2021-05-09,E12000001,North East,2680763,100.0,88.71428571428571,1.0,3952.0,10868.0,1420237.0,-7.375,0.92625,-31.375,0.68625,-30.25,3.857142857142857
2021-05-10,E12000001,North East,2680763,68.0,88.71428571428571,0.0,2768.0,8032.0,1423005.0,-22.875,0.77125,-29.125,0.70875,-23.25,7.875
2021-05-11,E12000001,North East,2680763,100.0,86.0,1.0,4112.0,12406.0,1427117.0,-23.0,0.77,-28.75,0.7125,-22.0,7.875
2021-05-12,E12000001,North East,2680763,79.0,83.71428571428571,2.0,8907.0,24001.0,1436024.0,-23.0,0.77,-27.75,0.7224999999999999,-21.0,7.75
2021-05-13,E12000001,North East,2680763,79.0,82.0,1.0,9721.0,18757.0,1445745.0,-23.75,0.7625,-27.125,0.72875,-20.375,7.5
2021-05-14,E12000001,North East,2680763,66.0,80.42857142857143,0.0,9406.0,11821.0,1455151.0,-22.625,0.7737499999999999,-27.25,0.7275,-25.375,7.875
2021-05-15,E12000001,North East,2680763,50.0,77.42857142857143,0.0,9810.0,13645.0,1464961.0,-11.125,0.88875,-32.875,0.67125,-29.5,5.0
2021-05-16,E12000001,North East,2680763,76.0,74.0,0.0,5845.0,4037.0,1470806.0,-7.875,0.92125,-36.875,0.63125,-32.375,4.142857142857143
2021-05-17,E12000001,North East,2680763,102.0,78.85714285714286,2.0,3158.0,7669.0,1473964.0,-21.625,0.78375,-21.875,0.78125,-10.125,6.25
2021-05-18,E12000001,North East,2680763,93.0,77.85714285714286,0.0,4363.0,11056.0,1478327.0,-22.0,0.78,-25.0,0.75,-12.0,6.375
2021-05-19,E12000001,North East,2680763,79.0,77.85714285714286,0.0,7401.0,14557.0,1485728.0,-21.125,0.7887500000000001,-22.75,0.7725,-12.125,6.25
2021-05-20,E12000001,North East,2680763,67.0,76.14285714285714,0.0,9906.0,18189.0,1495634.0,-22.75,0.7725,-32.0,0.6799999999999999,-16.375,7.375
2021-05-21,E12000001,North East,2680763,66.0,76.14285714285714,0.0,7863.0,18234.0,1503497.0,-21.5,0.785,-29.625,0.70375,-17.25,6.375
2021-05-22,E12000001,North East,2680763,54.0,76.71428571428571,0.0,6493.0,26618.0,1509990.0,-7.25,0.9275,-26.625,0.73375,-18.625,2.5
2021-05-23,E12000001,North East,2680763,84.0,77.85714285714286,0.0,3775.0,14777.0,1513765.0,-4.75,0.9525,-24.875,0.75125,-18.375,1.5714285714285714
2021-05-24,E12000001,North East,2680763,83.0,75.14285714285714,0.0,2695.0,9344.0,1516460.0,-21.875,0.78125,-25.875,0.74125,-11.25,5.75
2021-05-25,E12000001,North East,2680763,98.0,75.85714285714286,0.0,5114.0,15352.0,1521574.0,-22.125,0.77875,-30.25,0.6975,-14.125,7.125
2021-05-26,E12000001,North East,2680763,96.0,78.28571428571429,0.0,10913.0,17212.0,1532487.0,-21.375,0.78625,-28.625,0.71375,-12.625,7.0
2021-05-27,E12000001,North East,2680763,92.0,81.85714285714286,0.0,10787.0,16268.0,1543274.0,-20.875,0.79125,-21.5,0.785,-5.75,5.5
2021-05-28,E12000001,North East,2680763,103.0,87.14285714285714,0.0,7897.0,20845.0,1551171.0,-20.75,0.7925,-19.375,0.80625,-5.0,3.875
2021-05-29,E12000001,North East,2680763,99.0,93.57142857142857,0.0,6863.0,22173.0,1558034.0,-8.625,0.9137500000000001,-15.125,0.84875,-12.125,0.375
2021-05-30,E12000001,North East,2680763,84.0,93.57142857142857,0.0,3582.0,14557.0,1561616.0,-4.75,0.9525,-10.625,0.89375,0.375,-1.8571428571428572
2021-05-31,E12000001,North East,2680763,96.0,95.42857142857143,1.0,2001.0,5201.0,1563617.0,-69.0,0.31000000000000005,-38.25,0.6174999999999999,-4.75,11.5
2021-06-01,E12000001,North East,2680763,136.0,100.85714285714286,0.0,3015.0,12231.0,1566632.0,-36.875,0.63125,-23.75,0.7625,2.25,6.125
2021-06-02,E12000001,North East,2680763,158.0,109.71428571428571,1.0,5977.0,11573.0,1572609.0,-35.25,0.6475,-26.875,0.73125,0.0,7.0
2021-06-03,E12000001,North East,2680763,220.0,128.0,0.0,6709.0,14378.0,1579318.0,-35.375,0.64625,-26.5,0.735,0.125,7.125
2021-06-04,E12000001,North East,2680763,192.0,140.71428571428572,0.0,5592.0,18623.0,1584910.0,-32.75,0.6725,-25.75,0.7424999999999999,-7.375,5.875
2021-06-05,E12000001,North East,2680763,156.0,148.85714285714286,0.0,6798.0,26900.0,1591708.0,-5.875,0.94125,-21.375,0.78625,-17.0,0.875
2021-06-06,E12000001,North East,2680763,219.0,168.14285714285714,0.0,3314.0,13009.0,1595022.0,-1.5,0.985,-20.875,0.79125,-9.375,0.14285714285714285
2021-06-07,E12000001,North East,2680763,301.0,197.42857142857142,0.0,3051.0,8941.0,1598073.0,-21.0,0.79,-23.5,0.765,-5.0,5.75
2021-06-08,E12000001,North East,2680763,318.0,223.42857142857142,0.0,2710.0,13388.0,1600783.0,-20.5,0.795,-23.0,0.77,-5.375,5.875
2021-06-09,E12000001,North East,2680763,375.0,254.42857142857142,0.0,6256.0,11238.0,1607039.0,-19.75,0.8025,-24.5,0.755,-5.625,5.875
2021-06-10,E12000001,North East,2680763,401.0,280.2857142857143,1.0,9026.0,14426.0,1616065.0,-21.0,0.79,-23.125,0.76875,-4.25,5.875
2021-06-11,E12000001,North East,2680763,407.0,311.0,0.0,7112.0,12354.0,1623177.0,-19.125,0.80875,-24.0,0.76,-10.125,4.875
2021-06-12,E12000001,North East,2680763,374.0,342.14285714285717,0.0,8923.0,13095.0,1632100.0,-4.0,0.96,-19.875,0.80125,-16.0,1.25
2021-06-13,E12000001,North East,2680763,423.0,371.2857142857143,0.0,4632.0,11204.0,1636732.0,-1.375,0.98625,-18.875,0.81125,-17.5,0.2857142857142857
2021-06-14,E12000001,North East,2680763,678.0,425.14285714285717,0.0,4090.0,7121.0,1640822.0,-21.375,0.78625,-25.125,0.74875,-8.625,6.25
2021-06-15,E12000001,North East,2680763,668.0,475.14285714285717,0.0,5768.0,8633.0,1646590.0,-20.5,0.795,-23.25,0.7675,-4.875,5.875
2021-06-16,E12000001,North East,2680763,664.0,516.4285714285714,0.0,7229.0,7525.0,1653819.0,-20.5,0.795,-25.625,0.74375,-6.0,5.875
2021-06-17,E12000001,North East,2680763,769.0,569.0,0.0,11407.0,8338.0,1665226.0,-22.125,0.77875,-25.0,0.75,-5.375,5.875
2021-06-18,E12000001,North East,2680763,731.0,615.2857142857143,0.0,9491.0,9483.0,1674717.0,-19.625,0.80375,-24.875,0.75125,-10.0,4.5
2021-06-19,E12000001,North East,2680763,633.0,652.2857142857143,0.0,9528.0,11028.0,1684245.0,-6.125,0.93875,-22.75,0.7725,-14.875,1.875
2021-06-20,E12000001,North East,2680763,691.0,690.5714285714286,0.0,6769.0,5392.0,1691014.0,-0.375,0.99625,-19.0,0.81,-9.375,0.14285714285714285
2021-06-21,E12000001,North East,2680763,1103.0,751.2857142857143,1.0,4724.0,3893.0,1695738.0,-22.5,0.775,-26.75,0.7324999999999999,-10.375,6.375
2021-06-22,E12000001,North East,2680763,1205.0,828.0,1.0,5927.0,6910.0,1701665.0,-21.625,0.78375,-26.125,0.73875,-7.75,6.0
2021-06-23,E12000001,North East,2680763,1358.0,927.1428571428571,0.0,7264.0,7401.0,1708929.0,-21.625,0.78375,-27.75,0.7224999999999999,-9.0,6.375
2021-06-24,E12000001,North East,2680763,1400.0,1017.2857142857143,1.0,9570.0,6392.0,1718499.0,-22.375,0.77625,-26.125,0.73875,-7.25,6.375
2021-06-25,E12000001,North East,2680763,1547.0,1133.857142857143,1.0,6891.0,8660.0,1725390.0,-22.875,0.77125,-31.0,0.69,-16.25,7.125
2021-06-26,E12000001,North East,2680763,1371.0,1239.2857142857142,0.0,7417.0,7599.0,1732807.0,-6.875,0.93125,-30.0,0.7,-17.875,3.125
2021-06-27,E12000001,North East,2680763,1636.0,1374.2857142857142,1.0,6070.0,5627.0,1738877.0,-2.375,0.97625,-26.125,0.73875,-13.5,1.2857142857142858
2021-06-28,E12000001,North East,2680763,2339.0,1550.857142857143,0.0,4479.0,4142.0,1743356.0,-23.375,0.76625,-24.625,0.75375,-5.75,5.625
2021-06-29,E12000001,North East,2680763,2441.0,1727.4285714285713,1.0,6470.0,5165.0,1749826.0,-25.0,0.75,-30.375,0.69625,-9.0,6.0
2021-06-30,E12000001,North East,2680763,2552.0,1898.0,0.0,6458.0,5965.0,1756284.0,-24.0,0.76,-30.875,0.6912499999999999,-7.75,5.875
2021-07-01,E12000001,North East,2680763,2611.0,2071.0,4.0,7580.0,7093.0,1763864.0,-24.125,0.75875,-26.125,0.73875,-4.625,6.625
2021-07-02,E12000001,North East,2680763,2334.0,2183.4285714285716,0.0,5669.0,6504.0,1769533.0,-22.5,0.775,-24.875,0.75125,-11.5,6.25
2021-07-03,E12000001,North East,2680763,2303.0,2316.5714285714284,4.0,5756.0,6332.0,1775289.0,-6.75,0.9325,-28.0,0.72,-18.875,3.0
2021-07-04,E12000001,North East,2680763,2471.0,2435.8571428571427,0.0,4957.0,4624.0,1780246.0,-4.0,0.96,-26.0,0.74,-15.25,2.0
2021-07-05,E12000001,North East,2680763,3466.0,2596.8571428571427,1.0,3138.0,3353.0,1783384.0,-24.625,0.75375,-27.625,0.72375,-8.5,7.5
2021-07-06,E12000001,North East,2680763,3591.0,2761.1428571428573,3.0,3389.0,4072.0,1786773.0,-26.5,0.735,-35.875,0.64125,-15.375,9.25
2021-07-07,E12000001,North East,2680763,3793.0,2938.4285714285716,2.0,4282.0,6114.0,1791055.0,-23.875,0.76125,-31.375,0.68625,-7.875,7.375
2021-07-08,E12000001,North East,2680763,3268.0,3032.285714285714,3.0,4237.0,6581.0,1795292.0,-26.375,0.7362500000000001,-27.625,0.72375,-8.5,7.375
2021-07-09,E12000001,North East,2680763,3142.0,3147.714285714286,7.0,3168.0,7732.0,1798460.0,-23.875,0.76125,-27.375,0.7262500000000001,-12.875,7.125
2021-07-10,E12000001,North East,2680763,2883.0,3230.5714285714284,2.0,3527.0,8745.0,1801987.0,-6.75,0.9325,-24.625,0.75375,-16.75,3.125
2021-07-11,E12000001,North East,2680763,2931.0,3296.285714285714,4.0,1743.0,4968.0,1803730.0,-2.25,0.9775,-22.25,0.7775,-11.5,0.2857142857142857
2021-07-12,E12000001,North East,2680763,4058.0,3380.8571428571427,2.0,1646.0,3133.0,1805376.0,-32.0,0.6799999999999999,-35.5,0.645,-18.625,10.125
2021-07-13,E12000001,North East,2680763,4173.0,3464.0,5.0,1876.0,4501.0,1807252.0,-27.25,0.7275,-30.0,0.7,-10.875,8.5
2021-07-14,E12000001,North East,2680763,4330.0,3540.714285714286,4.0,2371.0,5336.0,1809623.0,-26.75,0.7324999999999999,-29.0,0.71,-9.75,8.125
2021-07-15,E12000001,North East,2680763,4636.0,3736.1428571428573,4.0,3181.0,7204.0,1812804.0,-27.625,0.72375,-27.25,0.7275,-8.0,7.75
2021-07-16,E12000001,North East,2680763,3953.0,3852.0,5.0,2669.0,6745.0,1815473.0,-26.25,0.7375,-24.5,0.755,-12.75,6.625
2021-07-17,E12000001,North East,2680763,2679.0,3822.8571428571427,3.0,3276.0,6621.0,1818749.0,-8.875,0.91125,-22.625,0.7737499999999999,-22.5,2.375
2021-07-18,E12000001,North East,2680763,2474.0,3757.5714285714284,1.0,2032.0,5411.0,1820781.0,-6.0,0.94,-18.375,0.81625,-14.75,1.2857142857142858
2021-07-19,E12000001,North East,2680763,3465.0,3672.8571428571427,13.0,1548.0,3338.0,1822329.0,-33.375,0.66625,-24.25,0.7575000000000001,-5.125,7.125
2021-07-20,E12000001,North East,2680763,2607.0,3449.1428571428573,5.0,1570.0,4114.0,1823899.0,-33.875,0.66125,-27.375,0.7262500000000001,-6.375,8.125
2021-07-21,E12000001,North East,2680763,2152.0,3138.0,8.0,2000.0,6245.0,1825899.0,-33.875,0.66125,-27.75,0.7224999999999999,-6.125,8.0
2021-07-22,E12000001,North East,2680763,1899.0,2747.0,7.0,2070.0,6985.0,1827969.0,-34.375,0.65625,-26.5,0.735,-5.875,7.75
2021-07-23,E12000001,North East,2680763,1639.0,2416.4285714285716,4.0,1827.0,5833.0,1829796.0,-32.875,0.67125,-24.0,0.76,-9.375,6.375
2021-07-24,E12000001,North East,2680763,1370.0,2229.4285714285716,12.0,2382.0,6545.0,1832178.0,-8.0,0.92,-19.5,0.8049999999999999,-17.875,1.5
2021-07-25,E12000001,North East,2680763,1266.0,2056.8571428571427,5.0,1157.0,4434.0,1833335.0,-2.125,0.97875,-17.125,0.82875,-10.0,0.5714285714285714
2021-07-26,E12000001,North East,2680763,1720.0,1807.5714285714287,10.0,1015.0,3062.0,1834350.0,-35.125,0.6487499999999999,-23.25,0.7675,-1.375,7.0
2021-07-27,E12000001,North East,2680763,1530.0,1653.7142857142858,2.0,1143.0,3943.0,1835493.0,-35.0,0.65,-27.0,0.73,-3.25,8.25
2021-07-28,E12000001,North East,2680763,1443.0,1552.4285714285713,6.0,1590.0,6987.0,1837083.0,-34.125,0.65875,-30.0,0.7,-3.75,8.625
2021-07-29,E12000001,North East,2680763,1274.0,1463.142857142857,8.0,1797.0,6652.0,1838880.0,-34.875,0.65125,-25.0,0.75,-1.0,7.5
2021-07-30,E12000001,North East,2680763,1176.0,1397.0,7.0,1239.0,5723.0,1840119.0,-33.75,0.6625,-27.0,0.73,-6.625,7.25
2021-07-31,E12000001,North East,2680763,892.0,1328.7142857142858,10.0,1466.0,7920.0,1841585.0,-8.25,0.9175,-20.375,0.79625,-13.5,2.0
2021-08-01,E12000001,North East,2680763,903.0,1276.857142857143,9.0,836.0,4067.0,1842421.0,-3.25,0.9675,-16.25,0.8375,-6.0,0.2857142857142857
2021-08-02,E12000001,North East,2680763,1216.0,1204.857142857143,10.0,784.0,3032.0,1843205.0,-35.5,0.645,-23.875,0.76125,0.375,6.625
2021-08-03,E12000001,North East,2680763,1236.0,1162.857142857143,13.0,1060.0,4456.0,1844265.0,-35.625,0.64375,-21.75,0.7825,2.0,6.75
2021-08-04,E12000001,North East,2680763,1342.0,1148.4285714285713,10.0,1316.0,5912.0,1845581.0,-34.625,0.65375,-25.625,0.74375,-0.25,7.375
2021-08-05,E12000001,North East,2680763,1276.0,1148.7142857142858,9.0,1316.0,7287.0,1846897.0,-35.875,0.64125,-24.25,0.7575000000000001,0.25,7.25
2021-08-06,E12000001,North East,2680763,1071.0,1133.7142857142858,8.0,1110.0,6056.0,1848007.0,-34.125,0.65875,-27.75,0.7224999999999999,-9.5,7.5
2021-08-07,E12000001,North East,2680763,904.0,1135.4285714285713,6.0,1870.0,7645.0,1849877.0,-6.875,0.93125,-16.5,0.835,-13.375,1.375
2021-08-08,E12000001,North East,2680763,896.0,1134.4285714285713,4.0,1092.0,5227.0,1850969.0,-2.5,0.975,-18.25,0.8175,-8.0,0.8571428571428571
2021-08-09,E12000001,North East,2680763,1254.0,1139.857142857143,9.0,799.0,3348.0,1851768.0,-33.875,0.66125,-23.5,0.765,1.5,6.625
2021-08-10,E12000001,North East,2680763,1164.0,1129.5714285714287,6.0,1370.0,4435.0,1853138.0,-34.125,0.65875,-24.625,0.75375,1.5,6.875
2021-08-11,E12000001,North East,2680763,1194.0,1108.4285714285713,3.0,2807.0,6105.0,1855945.0,-33.5,0.665,-26.0,0.74,0.0,7.125
2021-08-12,E12000001,North East,2680763,1111.0,1084.857142857143,5.0,1788.0,7322.0,1857733.0,-33.25,0.6675,-22.75,0.7725,2.875,6.25
2021-08-13,E12000001,North East,2680763,1084.0,1086.7142857142858,3.0,1737.0,7292.0,1859470.0,-31.875,0.68125,-24.75,0.7525,-5.875,6.0
2021-08-14,E12000001,North East,2680763,945.0,1092.5714285714287,5.0,1821.0,7045.0,1861291.0,-5.25,0.9475,-13.25,0.8674999999999999,-10.375,0.25
2021-08-15,E12000001,North East,2680763,898.0,1092.857142857143,4.0,1728.0,5425.0,1863019.0,-2.625,0.97375,-17.375,0.82625,-7.75,0.8571428571428571
2021-08-16,E12000001,North East,2680763,1335.0,1104.4285714285713,4.0,953.0,4427.0,1863972.0,-33.875,0.66125,-23.125,0.76875,1.625,6.375
2021-08-17,E12000001,North East,2680763,1256.0,1117.5714285714287,10.0,1672.0,5013.0,1865644.0,-34.625,0.65375,-27.75,0.7224999999999999,-1.125,7.5
2021-08-18,E12000001,North East,2680763,1283.0,1130.2857142857142,6.0,2194.0,6697.0,1867838.0,-31.875,0.68125,-22.125,0.77875,2.75,6.5
2021-08-19,E12000001,North East,2680763,1253.0,1150.5714285714287,8.0,1784.0,5917.0,1869622.0,-33.25,0.6675,-24.625,0.75375,-0.875,6.75
2021-08-20,E12000001,North East,2680763,1142.0,1158.857142857143,10.0,1812.0,5581.0,1871434.0,-31.625,0.6837500000000001,-24.875,0.75125,-6.375,5.75
2021-08-21,E12000001,North East,2680763,1025.0,1170.2857142857142,6.0,2006.0,7403.0,1873440.0,-8.0,0.92,-26.0,0.74,-18.25,1.875
2021-08-22,E12000001,North East,2680763,1093.0,1198.142857142857,6.0,1532.0,5025.0,1874972.0,-0.875,0.99125,-19.0,0.81,-7.5,0.2857142857142857
2021-08-23,E12000001,North East,2680763,1436.0,1212.5714285714287,6.0,1040.0,4302.0,1876012.0,-32.75,0.6725,-23.875,0.76125,1.875,6.0
2021-08-24,E12000001,North East,2680763,1418.0,1235.7142857142858,8.0,1656.0,5096.0,1877668.0,-33.5,0.665,-25.75,0.7424999999999999,2.125,6.25
2021-08-25,E12000001,North East,2680763,1411.0,1254.0,9.0,2469.0,6639.0,1880137.0,-32.625,0.6737500000000001,-25.625,0.74375,3.0,6.5
2021-08-26,E12000001,North East,2680763,1333.0,1265.4285714285713,2.0,2176.0,5600.0,1882313.0,-34.125,0.65875,-28.75,0.7125,1.875,6.625
2021-08-27,E12000001,North East,2680763,1194.0,1272.857142857143,7.0,1434.0,5224.0,1883747.0,-32.875,0.67125,-24.75,0.7525,-2.25,5.5
2021-08-28,E12000001,North East,2680763,1003.0,1269.7142857142858,10.0,1550.0,4527.0,1885297.0,-6.25,0.9375,-7.125,0.92875,-6.25,-0.875
2021-08-29,E12000001,North East,2680763,987.0,1254.5714285714287,2.0,1131.0,3651.0,1886428.0,-2.125,0.97875,-14.75,0.8525,3.875,-1.1428571428571428
2021-08-30,E12000001,North East,2680763,1345.0,1241.5714285714287,6.0,565.0,2606.0,1886993.0,-68.5,0.31499999999999995,-44.75,0.5525,-3.0,13.125
2021-08-31,E12000001,North East,2680763,1725.0,1285.4285714285713,8.0,986.0,4491.0,1887979.0,-33.25,0.6675,-26.375,0.7362500000000001,2.875,7.125
2021-09-01,E12000001,North East,2680763,1669.0,1322.2857142857142,2.0,1320.0,4981.0,1889299.0,-29.5,0.7050000000000001,-28.25,0.7175,-0.625,7.625
2021-09-02,E12000001,North East,2680763,1593.0,1359.4285714285713,7.0,1348.0,5664.0,1890647.0,-28.625,0.71375,-25.625,0.74375,0.125,6.75
2021-09-03,E12000001,North East,2680763,1548.0,1410.0,9.0,1184.0,5207.0,1891831.0,-26.0,0.74,-23.0,0.77,-5.125,5.625
2021-09-04,E12000001,North East,2680763,1329.0,1456.5714285714287,5.0,1223.0,4854.0,1893054.0,-3.25,0.9675,-21.875,0.78125,-9.875,1.375
2021-09-05,E12000001,North East,2680763,1355.0,1509.142857142857,4.0,745.0,3691.0,1893799.0,2.0,1.02,-18.125,0.81875,-2.375,-0.14285714285714285
2021-09-06,E12000001,North East,2680763,1909.0,1589.7142857142858,6.0,557.0,2735.0,1894356.0,-25.375,0.7462500000000001,-18.375,0.81625,0.625,5.25
2021-09-07,E12000001,North East,2680763,1746.0,1592.7142857142858,10.0,692.0,2989.0,1895048.0,-24.625,0.75375,-18.375,0.81625,1.625,5.0
2021-09-08,E12000001,North East,2680763,1622.0,1586.0,1.0,799.0,3689.0,1895847.0,-23.75,0.7625,-18.25,0.8175,-0.125,4.625
2021-09-09,E12000001,North East,2680763,1535.0,1577.7142857142858,7.0,977.0,4948.0,1896824.0,-24.25,0.7575000000000001,-21.375,0.78625,-3.75,5.25
2021-09-10,E12000001,North East,2680763,1316.0,1544.5714285714287,10.0,912.0,4012.0,1897736.0,-22.25,0.7775,-18.0,0.8200000000000001,-7.5,4.375
2021-09-11,E12000001,North East,2680763,1067.0,1507.142857142857,7.0,834.0,4128.0,1898570.0,-3.25,0.9675,-14.5,0.855,-8.375,0.875
2021-09-12,E12000001,North East,2680763,1055.0,1464.2857142857142,5.0,685.0,3148.0,1899255.0,0.0,1.0,-13.125,0.86875,-6.125,0.5714285714285714
2021-09-13,E12000001,North East,2680763,1437.0,1396.857142857143,5.0,412.0,2382.0,1899667.0,-24.125,0.75875,-17.375,0.82625,-3.125,4.75
2021-09-14,E12000001,North East,2680763,1229.0,1323.0,13.0,530.0,2611.0,1900197.0,-25.125,0.74875,-21.625,0.78375,-5.375,5.875
2021-09-15,E12000001,North East,2680763,1347.0,1283.7142857142858,14.0,963.0,2843.0,1901160.0,-24.0,0.76,-20.125,0.79875,-2.25,4.875
2021-09-16,E12000001,North East,2680763,1330.0,1254.4285714285713,12.0,879.0,3058.0,1902039.0,-25.625,0.74375,-17.625,0.82375,-2.125,4.0
2021-09-17,E12000001,North East,2680763,1213.0,1239.7142857142858,9.0,664.0,3207.0,1902703.0,-24.375,0.75625,-14.75,0.8525,-4.5,3.5
2021-09-18,E12000001,North East,2680763,1075.0,1240.857142857143,6.0,795.0,3409.0,1903498.0,-6.625,0.93375,-10.875,0.89125,-8.5,0.25
2021-09-19,E12000001,North East,2680763,1308.0,1277.0,8.0,486.0,2052.0,1903984.0,-2.75,0.9725,-17.375,0.82625,-7.125,0.2857142857142857
2021-09-20,E12000001,North East,2680763,1704.0,1315.142857142857,14.0,447.0,1512.0,1904431.0,-25.125,0.74875,-14.75,0.8525,-1.625,4.5
2021-09-21,E12000001,North East,2680763,1701.0,1382.5714285714287,5.0,473.0,1442.0,1904904.0,-25.0,0.75,-17.75,0.8225,-3.125,5.0
2021-09-22,E12000001,North East,2680763,1460.0,1398.7142857142858,14.0,839.0,2329.0,1905743.0,-22.375,0.77625,-21.0,0.79,-4.375,4.75
2021-09-23,E12000001,North East,2680763,1507.0,1424.0,9.0,605.0,2194.0,1906348.0,-23.375,0.76625,-19.625,0.80375,-5.125,5.25
2021-09-24,E12000001,North East,2680763,1283.0,1434.0,5.0,1379.0,1712.0,1907727.0,-21.875,0.78125,-15.125,0.84875,-5.0,3.625
2021-09-25,E12000001,North East,2680763,1176.0,1448.4285714285713,6.0,651.0,1751.0,1908378.0,-5.375,0.94625,-16.0,0.84,-7.625,0.5
2021-09-26,E12000001,North East,2680763,1250.0,1440.142857142857,10.0,355.0,1175.0,1908733.0,-2.125,0.97875,-15.0,0.85,-3.75,0.0
2021-09-27,E12000001,North East,2680763,1556.0,1419.0,6.0,890.0,849.0,1909623.0,-24.125,0.75875,-22.25,0.7775,-8.625,5.75
2021-09-28,E12000001,North East,2680763,1361.0,1370.4285714285713,6.0,1321.0,1091.0,1910944.0,-24.0,0.76,-21.5,0.785,-4.75,5.5
2021-09-29,E12000001,North East,2680763,1288.0,1345.857142857143,9.0,1684.0,1348.0,1912628.0,-23.625,0.76375,-22.0,0.78,-5.0,5.25
2021-09-30,E12000001,North East,2680763,1191.0,1300.7142857142858,8.0,1939.0,1632.0,1914567.0,-24.375,0.75625,-24.625,0.75375,-4.125,5.75
2021-10-01,E12000001,North East,2680763,1129.0,1278.7142857142858,6.0,1224.0,1283.0,1915791.0,-22.75,0.7725,-19.5,0.8049999999999999,-5.375,4.5
2021-10-02,E12000001,North East,2680763,972.0,1249.5714285714287,8.0,587.0,1554.0,1916378.0,-7.875,0.92125,-21.875,0.78125,-10.75,1.875
2021-10-03,E12000001,North East,2680763,1249.0,1249.4285714285713,7.0,362.0,964.0,1916740.0,-3.875,0.96125,-21.625,0.78375,-6.0,1.1428571428571428
2021-10-04,E12000001,North East,2680763,1804.0,1284.857142857143,4.0,1538.0,991.0,1918278.0,-24.125,0.75875,-20.875,0.79125,-5.75,5.125
2021-10-05,E12000001,North East,2680763,1612.0,1320.7142857142858,7.0,1758.0,1114.0,1920036.0,-25.875,0.74125,-30.25,0.6975,-13.625,7.125
2021-10-06,E12000001,North East,2680763,1564.0,1360.142857142857,3.0,2208.0,1390.0,1922244.0,-22.625,0.7737499999999999,-23.5,0.765,-4.5,5.375
2021-10-07,E12000001,North East,2680763,1534.0,1409.142857142857,6.0,1694.0,1369.0,1923938.0,-23.0,0.77,-22.5,0.775,-3.5,5.0
2021-10-08,E12000001,North East,2680763,1504.0,1462.7142857142858,10.0,1907.0,1199.0,1925845.0,-21.5,0.785,-17.0,0.83,-5.0,3.75
2021-10-09,E12000001,North East,2680763,1262.0,1504.142857142857,7.0,540.0,1171.0,1926385.0,-6.125,0.93875,-16.375,0.8362499999999999,-7.5,1.0
2021-10-10,E12000001,North East,2680763,1609.0,1555.5714285714287,4.0,435.0,905.0,1926820.0,-2.5,0.975,-18.625,0.81375,-5.0,0.2857142857142857
2021-10-11,E12000001,North East,2680763,2204.0,1612.7142857142858,7.0,1028.0,834.0,1927848.0,-22.25,0.7775,-20.125,0.79875,-4.0,4.75
2021-10-12,E12000001,North East,2680763,1965.0,1663.142857142857,7.0,1615.0,976.0,1929463.0,-22.875,0.77125,-23.75,0.7625,-6.75,5.625
2021-10-13,E12000001,North East,2680763,1947.0,1717.857142857143,7.0,1537.0,1115.0,1931000.0,-21.375,0.78625,-23.625,0.76375,-6.125,5.375
2021-10-14,E12000001,North East,2680763,1786.0,1753.857142857143,9.0,1655.0,1140.0,1932655.0,-22.375,0.77625,-23.375,0.76625,-6.0,5.25
2021-10-15,E12000001,North East,2680763,1651.0,1774.857142857143,7.0,1350.0,1034.0,1934005.0,-20.625,0.79375,-19.125,0.80875,-5.375,4.125
2021-10-16,E12000001,North East,2680763,1471.0,1804.7142857142858,5.0,544.0,1378.0,1934549.0,-6.75,0.9325,-20.0,0.8,-8.75,1.625
2021-10-17,E12000001,North East,2680763,1751.0,1825.0,7.0,320.0,782.0,1934869.0,-2.875,0.97125,-16.5,0.835,-6.875,1.2857142857142858
2021-10-18,E12000001,North East,2680763,2491.0,1866.0,4.0,1380.0,857.0,1936249.0,-22.375,0.77625,-21.25,0.7875,-7.125,5.375
2021-10-19,E12000001,North East,2680763,2174.0,1895.857142857143,13.0,1619.0,903.0,1937868.0,-23.0,0.77,-25.5,0.745,-8.75,5.75
2021-10-20,E12000001,North East,2680763,2254.0,1939.7142857142858,5.0,1981.0,1078.0,1939849.0,-22.0,0.78,-26.125,0.73875,-5.625,5.75
2021-10-21,E12000001,North East,2680763,1885.0,1953.857142857143,11.0,1604.0,899.0,1941453.0,-22.25,0.7775,-24.5,0.755,-4.875,5.375
2021-10-22,E12000001,North East,2680763,1780.0,1972.2857142857142,8.0,1598.0,999.0,1943051.0,-22.625,0.7737499999999999,-21.0,0.79,-7.25,5.0
2021-10-23,E12000001,North East,2680763,1444.0,1968.4285714285713,6.0,713.0,1342.0,1943764.0,-8.375,0.91625,-21.75,0.7825,-10.125,1.875
2021-10-24,E12000001,North East,2680763,1640.0,1952.5714285714287,11.0,415.0,794.0,1944179.0,-5.0,0.95,-21.375,0.78625,-6.625,1.2857142857142858
2021-10-25,E12000001,North East,2680763,2158.0,1905.0,5.0,1265.0,678.0,1945444.0,-34.25,0.6575,-24.75,0.7525,0.75,6.125
2021-10-26,E12000001,North East,2680763,2019.0,1882.857142857143,7.0,1579.0,789.0,1947023.0,-34.5,0.655,-28.875,0.7112499999999999,-1.625,7.0
2021-10-27,E12000001,North East,2680763,2053.0,1854.142857142857,7.0,1608.0,737.0,1948631.0,-34.0,0.6599999999999999,-29.0,0.71,-1.125,7.0
2021-10-28,E12000001,North East,2680763,1993.0,1869.5714285714287,9.0,1923.0,832.0,1950554.0,-34.25,0.6575,-27.375,0.7262500000000001,0.5,6.625
2021-10-29,E12000001,North East,2680763,1988.0,1899.2857142857142,6.0,1548.0,692.0,1952102.0,-33.125,0.66875,-25.375,0.7462500000000001,-2.5,6.25
2021-10-30,E12000001,North East,2680763,1539.0,1912.857142857143,8.0,1273.0,892.0,1953375.0,-9.25,0.9075,-18.375,0.81625,-10.125,1.375
2021-10-31,E12000001,North East,2680763,1756.0,1929.4285714285713,15.0,1254.0,544.0,1954629.0,-6.0,0.94,-24.875,0.75125,-12.375,1.7142857142857142
2021-11-01,E12000001,North East,2680763,2197.0,1935.0,7.0,1906.0,631.0,1956535.0,-22.625,0.7737499999999999,-23.0,0.77,-7.75,5.875
2021-11-02,E12000001,North East,2680763,1767.0,1899.0,11.0,2417.0,588.0,1958952.0,-21.0,0.79,-23.25,0.7675,-6.0,5.5
2021-11-03,E12000001,North East,2680763,1644.0,1840.5714285714287,9.0,1978.0,753.0,1960930.0,-20.75,0.7925,-27.625,0.72375,-10.125,6.5
2021-11-04,E12000001,North East,2680763,1434.0,1760.7142857142858,7.0,1691.0,750.0,1962621.0,-21.0,0.79,-23.25,0.7675,-6.0,5.625
2021-11-05,E12000001,North East,2680763,1326.0,1666.142857142857,12.0,1763.0,810.0,1964384.0,-20.125,0.79875,-17.375,0.82625,-7.625,4.75
2021-11-06,E12000001,North East,2680763,1182.0,1615.142857142857,8.0,1712.0,1023.0,1966096.0,-7.875,0.92125,-21.0,0.79,-11.875,2.75
2021-11-07,E12000001,North East,2680763,1311.0,1551.5714285714287,8.0,1121.0,517.0,1967217.0,-4.375,0.95625,-13.875,0.86125,-1.375,0.8571428571428571
2021-11-08,E12000001,North East,2680763,1839.0,1500.4285714285713,9.0,1428.0,598.0,1968645.0,-21.25,0.7875,-22.125,0.77875,-6.125,5.5
2021-11-09,E12000001,North East,2680763,1649.0,1483.5714285714287,10.0,1563.0,666.0,1970208.0,-20.875,0.79125,-22.25,0.7775,-6.0,5.625
2021-11-10,E12000001,North East,2680763,1666.0,1486.7142857142858,8.0,1159.0,780.0,1971367.0,-20.0,0.8,-25.5,0.745,-6.75,5.625
2021-11-11,E12000001,North East,2680763,1540.0,1501.857142857143,15.0,1565.0,907.0,1972932.0,-21.125,0.7887500000000001,-21.5,0.785,-4.25,5.25
2021-11-12,E12000001,North East,2680763,1440.0,1518.142857142857,10.0,1274.0,763.0,1974206.0,-20.5,0.795,-24.0,0.76,-7.25,5.625
2021-11-13,E12000001,North East,2680763,1218.0,1523.2857142857142,7.0,1208.0,820.0,1975414.0,-7.375,0.92625,-21.375,0.78625,-8.375,2.0
2021-11-14,E12000001,North East,2680763,1251.0,1514.7142857142858,4.0,883.0,570.0,1976297.0,-3.875,0.96125,-17.875,0.82125,-3.125,0.8571428571428571
2021-11-15,E12000001,North East,2680763,1749.0,1501.857142857143,5.0,1374.0,550.0,1977671.0,-21.625,0.78375,-22.375,0.77625,-6.0,5.75
2021-11-16,E12000001,North East,2680763,1632.0,1499.4285714285713,5.0,880.0,690.0,1978551.0,-20.75,0.7925,-25.25,0.7475,-7.25,5.625
2021-11-17,E12000001,North East,2680763,1773.0,1514.7142857142858,3.0,1051.0,759.0,1979602.0,-20.125,0.79875,-24.875,0.75125,-4.75,5.625
2021-11-18,E12000001,North East,2680763,1597.0,1522.857142857143,6.0,1123.0,666.0,1980725.0,-20.875,0.79125,-21.375,0.78625,-3.0,5.0
2021-11-19,E12000001,North East,2680763,1422.0,1520.2857142857142,7.0,1100.0,757.0,1981825.0,-20.125,0.79875,-16.125,0.83875,-4.75,4.75
2021-11-20,E12000001,North East,2680763,1217.0,1520.142857142857,11.0,680.0,846.0,1982505.0,-6.75,0.9325,-13.125,0.86875,-5.25,1.625
2021-11-21,E12000001,North East,2680763,1283.0,1524.7142857142858,4.0,520.0,527.0,1983025.0,-4.125,0.95875,-22.25,0.7775,-6.5,1.5714285714285714
2021-11-22,E12000001,North East,2680763,1861.0,1540.7142857142858,9.0,909.0,581.0,1983934.0,-20.875,0.79125,-21.5,0.785,-4.875,5.625
2021-11-23,E12000001,North East,2680763,1697.0,1550.0,6.0,745.0,711.0,1984679.0,-20.75,0.7925,-23.375,0.76625,-4.125,5.5
2021-11-24,E12000001,North East,2680763,1643.0,1531.4285714285713,5.0,696.0,851.0,1985375.0,-19.875,0.80125,-24.875,0.75125,-6.125,5.625
2021-11-25,E12000001,North East,2680763,1499.0,1517.4285714285713,4.0,857.0,980.0,1986232.0,-21.25,0.7875,-21.375,0.78625,-1.875,5.25
2021-11-26,E12000001,North East,2680763,1308.0,1501.142857142857,5.0,683.0,1009.0,1986915.0,-23.125,0.76875,-21.375,0.78625,-5.25,5.75
2021-11-27,E12000001,North East,2680763,791.0,1440.2857142857142,3.0,522.0,1016.0,1987437.0,-15.125,0.84875,-42.625,0.57375,-27.625,5.625
2021-11-28,E12000001,North East,2680763,1468.0,1466.7142857142858,3.0,463.0,705.0,1987900.0,-6.5,0.935,-27.375,0.7262500000000001,-9.25,2.142857142857143
2021-11-29,E12000001,North East,2680763,1805.0,1458.7142857142858,2.0,658.0,953.0,1988558.0,-24.0,0.76,-23.5,0.765,-4.25,6.125
2021-11-30,E12000001,North East,2680763,1767.0,1468.7142857142858,4.0,619.0,927.0,1989177.0,-21.75,0.7825,-21.875,0.78125,0.625,5.125
2021-12-01,E12000001,North East,2680763,1733.0,1481.5714285714287,12.0,1034.0,1049.0,1990211.0,-21.125,0.7887500000000001,-28.375,0.71625,-5.125,6.125
2021-12-02,E12000001,North East,2680763,1520.0,1484.5714285714287,6.0,790.0,1057.0,1991001.0,-22.875,0.77125,-25.375,0.7462500000000001,-6.125,6.0
2021-12-03,E12000001,North East,2680763,1355.0,1491.2857142857142,5.0,607.0,1216.0,1991608.0,-21.25,0.7875,-21.5,0.785,-4.25,5.125
2021-12-04,E12000001,North East,2680763,1148.0,1542.2857142857142,6.0,811.0,1342.0,1992419.0,-8.125,0.91875,-16.0,0.84,-7.0,1.75
2021-12-05,E12000001,North East,2680763,1250.0,1511.142857142857,5.0,584.0,891.0,1993003.0,-4.625,0.95375,-27.375,0.7262500000000001,-9.25,2.142857142857143
2021-12-06,E12000001,North East,2680763,1782.0,1507.857142857143,5.0,704.0,1059.0,1993707.0,-21.875,0.78125,-26.125,0.73875,-4.0,5.625
2021-12-07,E12000001,North East,2680763,1524.0,1473.142857142857,5.0,716.0,895.0,1994423.0,-21.25,0.7875,-28.5,0.7150000000000001,-10.125,6.75
2021-12-08,E12000001,North East,2680763,1740.0,1474.142857142857,3.0,825.0,1378.0,1995248.0,-19.25,0.8075,-27.125,0.72875,-2.75,5.875
2021-12-09,E12000001,North East,2680763,1643.0,1491.7142857142858,7.0,822.0,1382.0,1996070.0,-19.125,0.80875,-23.875,0.76125,0.0,5.125
2021-12-10,E12000001,North East,2680763,1373.0,1494.2857142857142,6.0,829.0,1590.0,1996899.0,-18.5,0.815,-20.125,0.79875,-2.75,4.75
2021-12-11,E12000001,North East,2680763,1252.0,1509.142857142857,6.0,897.0,1432.0,1997796.0,-4.75,0.9525,-15.0,0.85,-7.75,1.5
2021-12-12,E12000001,North East,2680763,1382.0,1528.0,5.0,888.0,1455.0,1998684.0,-1.0,0.99,-17.75,0.8225,-4.625,1.4285714285714286
2021-12-13,E12000001,North East,2680763,2065.0,1568.4285714285713,6.0,764.0,1144.0,1999448.0,-20.75,0.7925,-22.125,0.77875,0.125,6.125
2021-12-14,E12000001,North East,2680763,2063.0,1645.4285714285713,3.0,1024.0,1100.0,2000472.0,-20.5,0.795,-26.375,0.7362500000000001,0.375,5.875
2021-12-15,E12000001,North East,2680763,2197.0,1710.7142857142858,5.0,1007.0,1705.0,2001479.0,-19.75,0.8025,-24.125,0.75875,5.0,5.625
2021-12-16,E12000001,North East,2680763,1982.0,1759.142857142857,5.0,1266.0,1718.0,2002745.0,-21.125,0.7887500000000001,-22.375,0.77625,7.125,5.375
2021-12-17,E12000001,North East,2680763,1871.0,1830.2857142857142,4.0,825.0,1739.0,2003570.0,-21.125,0.7887500000000001,-22.75,0.7725,2.625,5.625
2021-12-18,E12000001,North East,2680763,1756.0,1902.2857142857142,7.0,1265.0,1592.0,2004835.0,-4.75,0.9525,-20.5,0.795,-5.375,1.875
2021-12-19,E12000001,North East,2680763,1879.0,1973.2857142857142,6.0,1208.0,1808.0,2006043.0,1.25,1.0125,-20.375,0.79625,1.125,1.4285714285714286
2021-12-20,E12000001,North East,2680763,2891.0,2091.285714285714,5.0,1154.0,1702.0,2007197.0,-33.25,0.6675,-26.75,0.7324999999999999,15.125,7.75
2021-12-21,E12000001,North East,2680763,3365.0,2277.285714285714,11.0,954.0,1935.0,2008151.0,-34.75,0.6525000000000001,-30.625,0.69375,13.75,8.0
2021-12-22,E12000001,North East,2680763,4180.0,2560.5714285714284,7.0,1051.0,2027.0,2009202.0,-36.25,0.6375,-31.125,0.68875,15.875,8.75
2021-12-23,E12000001,North East,2680763,4450.0,2913.1428571428573,7.0,960.0,1604.0,2010162.0,-41.875,0.58125,-29.0,0.71,20.625,9.25
2021-12-24,E12000001,North East,2680763,4101.0,3231.714285714286,2.0,255.0,499.0,2010417.0,-54.75,0.4525,-40.75,0.5925,-7.375,14.5
2021-12-25,E12000001,North East,2680763,2180.0,3292.285714285714,4.0,2.0,7.0,2010419.0,-57.75,0.4225,-71.875,0.28125,-84.625,9.0
2021-12-26,E12000001,North East,2680763,4080.0,3606.714285714286,4.0,46.0,82.0,2010465.0,-29.5,0.7050000000000001,-58.0,0.42000000000000004,-28.0,3.142857142857143
2021-12-27,E12000001,North East,2680763,6167.0,4074.714285714286,5.0,418.0,671.0,2010883.0,-72.75,0.27249999999999996,-45.625,0.54375,-6.5,16.375
2021-12-28,E12000001,North East,2680763,7867.0,4717.857142857143,6.0,913.0,1380.0,2011796.0,-71.125,0.28874999999999995,-52.75,0.47250000000000003,-9.5,18.375
2021-12-29,E12000001,North East,2680763,11217.0,5723.142857142857,3.0,1192.0,1859.0,2012988.0,-58.5,0.41500000000000004,-46.25,0.5375,-6.75,15.875
2021-12-30,E12000001,North East,2680763,10875.0,6641.0,9.0,1278.0,2050.0,2014266.0,-58.0,0.42000000000000004,-38.625,0.61375,-2.125,14.875
2021-12-31,E12000001,North East,2680763,9700.0,7440.857142857143,6.0,369.0,622.0,2014635.0,-58.125,0.41874999999999996,-47.375,0.52625,-15.875,15.625
2022-01-01,E12000001,North East,2680763,6250.0,8022.285714285715,7.0,53.0,82.0,2014688.0,-48.5,0.515,-67.0,0.32999999999999996,-60.25,10.75
2022-01-02,E12000001,North East,2680763,9516.0,8798.857142857143,2.0,824.0,1382.0,2015512.0,-15.0,0.85,-35.375,0.64625,-18.625,5.285714285714286
2022-01-03,E12000001,North East,2680763,13569.0,9856.285714285714,9.0,654.0,1062.0,2016166.0,-70.625,0.29374999999999996,-53.875,0.46125000000000005,-17.5,19.5
2022-01-04,E12000001,North East,2680763,17129.0,11179.42857142857,7.0,824.0,1329.0,2016990.0,-33.625,0.6637500000000001,-41.5,0.585,-18.75,12.0
2022-01-05,E12000001,North East,2680763,14771.0,11687.142857142857,10.0,925.0,1278.0,2017915.0,-28.875,0.7112499999999999,-40.5,0.595,-22.375,11.5
2022-01-06,E12000001,North East,2680763,11564.0,11785.57142857143,11.0,953.0,1138.0,2018868.0,-28.875,0.7112499999999999,-40.875,0.59125,-27.375,11.75
2022-01-07,E12000001,North East,2680763,8552.0,11621.57142857143,7.0,934.0,1341.0,2019802.0,-25.625,0.74375,-38.375,0.61625,-24.75,11.625
2022-01-08,E12000001,North East,2680763,5986.0,11583.857142857143,9.0,1193.0,1719.0,2020995.0,-13.0,0.87,-41.125,0.58875,-26.75,7.875
2022-01-09,E12000001,North East,2680763,6138.0,11101.285714285714,9.0,815.0,1210.0,2021810.0,-7.625,0.92375,-34.75,0.6525000000000001,-23.375,5.428571428571429
2022-01-10,E12000001,North East,2680763,8437.0,10368.142857142857,12.0,560.0,861.0,2022370.0,-24.0,0.76,-34.375,0.65625,-18.625,8.75
2022-01-11,E12000001,North East,2680763,7489.0,8991.0,12.0,573.0,865.0,2022943.0,-24.625,0.75375,-34.25,0.6575,-18.0,8.5
2022-01-12,E12000001,North East,2680763,6533.0,7814.142857142857,23.0,641.0,1115.0,2023584.0,-23.625,0.76375,-35.5,0.645,-17.625,8.625
2022-01-13,E12000001,North East,2680763,5805.0,6991.428571428572,10.0,813.0,1084.0,2024397.0,-24.0,0.76,-32.875,0.67125,-17.25,8.375
2022-01-14,E12000001,North East,2680763,5230.0,6516.857142857143,18.0,822.0,1017.0,2025219.0,-21.0,0.79,-33.0,0.6699999999999999,-17.5,8.0
2022-01-15,E12000001,North East,2680763,4514.0,6306.571428571428,11.0,851.0,1378.0,2026070.0,-8.375,0.91625,-30.875,0.6912499999999999,-18.0,4.375
2022-01-16,E12000001,North East,2680763,5549.0,6222.428571428572,20.0,721.0,1133.0,2026791.0,-5.625,0.94375,-31.875,0.68125,-18.75,3.5714285714285716
2022-01-17,E12000001,North East,2680763,7272.0,6056.0,13.0,530.0,851.0,2027321.0,-23.0,0.77,-31.25,0.6875,-16.0,7.375
2022-01-18,E12000001,North East,2680763,6317.0,5888.571428571428,19.0,621.0,872.0,2027942.0,-23.0,0.77,-29.375,0.70625,-17.0,7.75
2022-01-19,E12000001,North East,2680763,5807.0,5784.857142857143,16.0,652.0,938.0,2028594.0,-22.125,0.77875,-28.5,0.7150000000000001,-15.875,7.5
2022-01-20,E12000001,North East,2680763,4979.0,5666.857142857143,20.0,732.0,1247.0,2029326.0,-22.5,0.775,-27.625,0.72375,-14.5,7.625
2022-01-21,E12000001,North East,2680763,4351.0,5541.285714285715,15.0,576.0,1242.0,2029902.0,-20.125,0.79875,-23.625,0.76375,-14.75,7.25
2022-01-22,E12000001,North East,2680763,3571.0,5406.571428571428,27.0,688.0,1891.0,2030590.0,-7.125,0.92875,-23.125,0.76875,-16.0,3.75
2022-01-23,E12000001,North East,2680763,4490.0,5255.285714285715,18.0,426.0,1298.0,2031016.0,-3.5,0.965,-24.375,0.75625,-15.875,2.857142857142857
2022-01-24,E12000001,North East,2680763,5348.0,4980.428571428572,21.0,405.0,751.0,2031421.0,-21.0,0.79,-24.375,0.75625,-13.625,6.875
2022-01-25,E12000001,North East,2680763,4796.0,4763.142857142857,13.0,447.0,716.0,2031868.0,-21.625,0.78375,-27.375,0.7262500000000001,-13.625,7.25
2022-01-26,E12000001,North East,2680763,4361.0,4556.571428571428,22.0,634.0,1043.0,2032502.0,-20.875,0.79125,-27.5,0.725,-13.375,7.0
2022-01-27,E12000001,North East,2680763,3689.0,4372.285714285715,17.0,560.0,994.0,2033062.0,-21.375,0.78625,-24.25,0.7575000000000001,-10.625,6.375
2022-01-28,E12000001,North East,2680763,2958.0,4173.285714285715,24.0,638.0,1263.0,2033700.0,-19.125,0.80875,-22.75,0.7725,-11.125,6.5
2022-01-29,E12000001,North East,2680763,2311.0,3993.285714285714,17.0,491.0,1424.0,2034191.0,-8.375,0.91625,-28.5,0.7150000000000001,-13.875,3.625
2022-01-30,E12000001,North East,2680763,3137.0,3800.0,17.0,422.0,1180.0,2034613.0,-3.75,0.9625,-22.875,0.77125,-9.75,1.8571428571428572
2022-01-31,E12000001,North East,2680763,3728.0,3568.5714285714284,28.0,398.0,806.0,2035011.0,-20.25,0.7975,-24.5,0.755,-10.25,6.375
2022-02-01,E12000001,North East,2680763,3390.0,3367.714285714286,27.0,419.0,950.0,2035430.0,-20.25,0.7975,-24.125,0.75875,-11.125,6.5
2022-02-02,E12000001,North East,2680763,2947.0,3165.714285714286,14.0,504.0,949.0,2035934.0,-18.625,0.81375,-23.25,0.7675,-9.75,6.25
2022-02-03,E12000001,North East,2680763,2556.0,3003.8571428571427,19.0,462.0,897.0,2036396.0,-19.25,0.8075,-22.0,0.78,-8.875,6.0
2022-02-04,E12000001,North East,2680763,2110.0,2882.714285714286,15.0,377.0,803.0,2036773.0,-18.0,0.8200000000000001,-21.125,0.7887500000000001,-10.125,5.75
2022-02-05,E12000001,North East,2680763,1635.0,2786.1428571428573,13.0,427.0,1105.0,2037200.0,-8.25,0.9175,-25.125,0.74875,-13.875,3.125
2022-02-06,E12000001,North East,2680763,1870.0,2605.1428571428573,13.0,248.0,724.0,2037448.0,-4.125,0.95875,-26.25,0.7375,-15.125,2.7142857142857144
2022-02-07,E12000001,North East,2680763,2336.0,2406.285714285714,14.0,359.0,1025.0,2037807.0,-19.125,0.80875,-20.875,0.79125,-10.625,5.75
2022-02-08,E12000001,North East,2680763,2146.0,2228.5714285714284,14.0,399.0,899.0,2038206.0,-19.75,0.8025,-22.0,0.78,-9.625,5.375
2022-02-09,E12000001,North East,2680763,1897.0,2078.5714285714284,11.0,515.0,837.0,2038721.0,-19.0,0.81,-22.625,0.7737499999999999,-11.125,5.625
2022-02-10,E12000001,North East,2680763,1521.0,1930.7142857142858,13.0,400.0,1237.0,2039121.0,-19.375,0.80625,-21.0,0.79,-9.5,5.625
2022-02-11,E12000001,North East,2680763,1375.0,1825.7142857142858,9.0,399.0,921.0,2039520.0,-17.25,0.8275,-20.0,0.8,-9.125,5.5
2022-02-12,E12000001,North East,2680763,1103.0,1749.7142857142858,9.0,365.0,765.0,2039885.0,-5.5,0.945,-23.75,0.7625,-9.75,2.75
2022-02-13,E12000001,North East,2680763,1274.0,1664.5714285714287,14.0,195.0,538.0,2040080.0,-3.0,0.97,-27.25,0.7275,-12.75,2.4285714285714284
2022-02-14,E12000001,North East,2680763,1651.0,1566.7142857142858,14.0,288.0,706.0,2040368.0,-19.625,0.80375,-22.875,0.77125,-6.625,5.875
2022-02-15,E12000001,North East,2680763,1473.0,1470.5714285714287,11.0,362.0,849.0,2040730.0,-19.5,0.8049999999999999,-21.5,0.785,-8.75,5.5
2022-02-16,E12000001,North East,2680763,1479.0,1410.857142857143,11.0,391.0,955.0,2041121.0,-19.0,0.81,-26.625,0.73375,-15.875,7.0
2022-02-17,E12000001,North East,2680763,1243.0,1371.142857142857,6.0,308.0,974.0,2041429.0,-18.75,0.8125,-22.125,0.77875,-8.125,5.625
2022-02-18,E12000001,North East,2680763,990.0,1316.142857142857,8.0,245.0,695.0,2041674.0,-20.375,0.79625,-34.0,0.6599999999999999,-20.25,8.5
2022-02-19,E12000001,North East,2680763,779.0,1269.857142857143,6.0,266.0,587.0,2041940.0,-5.875,0.94125,-25.625,0.74375,-13.625,2.75
2022-02-20,E12000001,North East,2680763,836.0,1207.2857142857142,13.0,121.0,353.0,2042061.0,-5.25,0.9475,-31.375,0.68625,-19.75,3.0
2022-02-21,E12000001,North East,2680763,1036.0,1119.4285714285713,8.0,194.0,420.0,2042255.0,-30.0,0.7,-24.625,0.75375,-6.5,6.625
2022-02-22,E12000001,North East,2680763,923.0,1040.857142857143,8.0,243.0,464.0,2042498.0,-30.0,0.7,-26.875,0.73125,-2.125,6.5
2022-02-23,E12000001,North East,2680763,933.0,962.8571428571429,4.0,270.0,633.0,2042768.0,-29.375,0.70625,-28.0,0.72,-6.625,6.625
2022-02-24,E12000001,North East,2680763,762.0,894.1428571428571,6.0,305.0,542.0,2043073.0,-30.625,0.69375,-25.75,0.7424999999999999,-4.875,6.625
2022-02-25,E12000001,North East,2680763,684.0,850.4285714285714,6.0,310.0,594.0,2043383.0,-29.0,0.71,-20.0,0.8,-4.625,5.5
2022-02-26,E12000001,North East,2680763,650.0,832.0,6.0,165.0,539.0,2043548.0,-6.25,0.9375,-18.375,0.81625,-10.125,1.25
2022-02-27,E12000001,North East,2680763,800.0,826.8571428571429,9.0,150.0,379.0,2043698.0,-0.625,0.99375,-18.5,0.815,-6.625,0.2857142857142857
2022-02-28,E12000001,North East,2680763,1112.0,837.7142857142857,7.0,181.0,380.0,2043879.0,-18.5,0.815,-23.25,0.7675,-11.0,5.125
2022-03-01,E12000001,North East,2680763,1076.0,859.5714285714286,7.0,188.0,617.0,2044067.0,-17.625,0.82375,-20.125,0.79875,-4.75,4.125
2022-03-02,E12000001,North East,2680763,1101.0,883.5714285714286,11.0,264.0,581.0,2044331.0,-17.5,0.825,-27.375,0.7262500000000001,-13.75,5.5
2022-03-03,E12000001,North East,2680763,1060.0,926.1428571428571,7.0,234.0,642.0,2044565.0,-17.625,0.82375,-24.375,0.75625,-11.375,4.5
2022-03-04,E12000001,North East,2680763,917.0,959.4285714285714,4.0,241.0,543.0,2044806.0,-16.625,0.83375,-27.625,0.72375,-12.75,5.125
2022-03-05,E12000001,North East,2680763,762.0,975.4285714285714,4.0,177.0,583.0,2044983.0,-5.375,0.94625,-22.25,0.7775,-8.75,1.25
2022-03-06,E12000001,North East,2680763,1115.0,1020.4285714285714,5.0,103.0,339.0,2045086.0,-0.625,0.99375,-21.25,0.7875,-7.5,0.2857142857142857
2022-03-07,E12000001,North East,2680763,1578.0,1087.0,3.0,145.0,292.0,2045231.0,-16.875,0.83125,-25.125,0.74875,-11.5,4.625
2022-03-08,E12000001,North East,2680763,1687.0,1174.2857142857142,6.0,217.0,487.0,2045448.0,-17.375,0.82625,-27.625,0.72375,-10.125,4.125
2022-03-09,E12000001,North East,2680763,1662.0,1254.4285714285713,4.0,229.0,571.0,2045677.0,-16.125,0.83875,-28.0,0.72,-10.25,4.5
2022-03-10,E12000001,North East,2680763,1659.0,1340.0,5.0,173.0,557.0,2045850.0,-16.875,0.83125,-27.875,0.72125,-11.0,4.125
2022-03-11,E12000001,North East,2680763,1611.0,1439.142857142857,4.0,257.0,619.0,2046107.0,-16.0,0.84,-28.375,0.71625,-13.75,4.75
2022-03-12,E12000001,North East,2680763,1587.0,1557.0,3.0,178.0,563.0,2046285.0,-5.375,0.94625,-27.625,0.72375,-13.125,1.625
2022-03-13,E12000001,North East,2680763,1983.0,1681.0,4.0,98.0,359.0,2046383.0,-2.375,0.97625,-28.125,0.71875,-14.0,0.8571428571428571
2022-03-14,E12000001,North East,2680763,2791.0,1854.2857142857142,2.0,144.0,508.0,2046527.0,-17.25,0.8275,-26.5,0.735,-13.875,4.625
2022-03-15,E12000001,North East,2680763,2619.0,1987.4285714285713,0.0,171.0,649.0,2046698.0,-17.125,0.82875,-28.0,0.72,-11.875,4.375
2022-03-16,E12000001,North East,2680763,2699.0,2135.5714285714284,6.0,220.0,569.0,2046918.0,-17.125,0.82875,-33.0,0.6699999999999999,-15.5,5.25
2022-03-17,E12000001,North East,2680763,2400.0,2241.4285714285716,3.0,154.0,544.0,2047072.0,-17.625,0.82375,-29.125,0.70875,-10.125,4.5
2022-03-18,E12000001,North East,2680763,2205.0,2326.285714285714,5.0,188.0,539.0,2047260.0,-17.125,0.82875,-26.625,0.73375,-11.125,3.75
2022-03-19,E12000001,North East,2680763,2054.0,2393.0,4.0,156.0,520.0,2047416.0,-6.625,0.93375,-22.0,0.78,-10.25,0.75
2022-03-20,E12000001,North East,2680763,2737.0,2500.714285714286,3.0,123.0,462.0,2047539.0,-3.75,0.9625,-24.375,0.75625,-10.75,0.0
2022-03-21,E12000001,North East,2680763,3754.0,2638.285714285714,5.0,122.0,400.0,2047661.0,-17.75,0.8225,-26.5,0.735,-11.5,4.625
2022-03-22,E12000001,North East,2680763,3659.0,2786.8571428571427,14.0,244.0,529.0,2047905.0,-17.625,0.82375,-27.625,0.72375,-11.25,4.625
2022-03-23,E12000001,North East,2680763,3419.0,2889.714285714286,6.0,189.0,611.0,2048094.0,-17.0,0.83,-26.875,0.73125,-9.75,4.25
2022-03-24,E12000001,North East,2680763,3002.0,2975.714285714286,9.0,156.0,600.0,2048250.0,-18.125,0.81875,-26.375,0.7362500000000001,-7.625,4.0
2022-03-25,E12000001,North East,2680763,2623.0,3035.4285714285716,9.0,172.0,493.0,2048422.0,-17.625,0.82375,-23.125,0.76875,-6.0,3.25
2022-03-26,E12000001,North East,2680763,2374.0,3081.1428571428573,9.0,158.0,487.0,2048580.0,-5.375,0.94625,-21.0,0.79,-8.625,-0.375
2022-03-27,E12000001,North East,2680763,2749.0,3082.8571428571427,10.0,76.0,310.0,2048656.0,-1.5,0.985,-18.25,0.8175,-5.0,-1.7142857142857142
2022-03-28,E12000001,North East,2680763,3949.0,3110.714285714286,7.0,129.0,416.0,2048785.0,-18.625,0.81375,-29.625,0.70375,-15.25,5.375
2022-03-29,E12000001,North East,2680763,3328.0,3063.4285714285716,11.0,155.0,394.0,2048940.0,-18.25,0.8175,-30.625,0.69375,-13.875,5.125
2022-03-30,E12000001,North East,2680763,3149.0,3024.8571428571427,10.0,154.0,489.0,2049094.0,-17.875,0.82125,-36.25,0.6375,-18.75,6.0
2022-03-31,E12000001,North East,2680763,2297.0,2924.1428571428573,10.0,183.0,486.0,2049277.0,-18.5,0.815,-34.5,0.655,-13.625,5.625
2020-09-01,E12000002,North West,7367456,454.0,310.57142857142856,1.0,0.0,0.0,0.0,-39.5,0.605,-22.833333333333332,0.7716666666666667,-3.6666666666666665,8.2
2020-09-02,E12000002,North West,7367456,689.0,367.42857142857144,2.0,0.0,0.0,0.0,-38.5,0.615,-34.166666666666664,0.6583333333333334,-15.142857142857142,10.4
2020-09-03,E12000002,North West,7367456,645.0,417.42857142857144,2.0,0.0,0.0,0.0,-36.8,0.632,-29.166666666666668,0.7083333333333333,-12.0,9.1
2020-09-04,E12000002,North West,7367456,652.0,458.85714285714283,0.0,0.0,0.0,0.0,-35.5,0.645,-23.5,0.765,-15.0,7.4
2020-09-05,E12000002,North West,7367456,542.0,501.2857142857143,7.0,0.0,0.0,0.0,-9.0,0.91,-22.0,0.78,-21.428571428571427,2.7777777777777777
2020-09-06,E12000002,North West,7367456,578.0,547.1428571428571,4.0,0.0,0.0,0.0,-7.5,0.925,-16.8,0.832,-16.571428571428573,2.0
2020-09-07,E12000002,North West,7367456,983.0,649.0,8.0,0.0,0.0,0.0,-38.3,0.617,-26.833333333333332,0.7316666666666667,-13.333333333333334,8.2
2020-09-08,E12000002,North West,7367456,873.0,708.8571428571429,6.0,0.0,0.0,0.0,-37.3,0.627,-26.5,0.735,-11.333333333333334,8.2
2020-09-09,E12000002,North West,7367456,853.0,732.2857142857143,6.0,0.0,0.0,0.0,-35.2,0.6479999999999999,-27.666666666666668,0.7233333333333334,-14.285714285714286,7.9
2020-09-10,E12000002,North West,7367456,923.0,772.0,5.0,0.0,0.0,0.0,-35.3,0.647,-27.666666666666668,0.7233333333333334,-15.0,8.1
2020-09-11,E12000002,North West,7367456,885.0,805.2857142857143,2.0,0.0,0.0,0.0,-34.7,0.653,-20.5,0.795,-16.5,7.1
2020-09-12,E12000002,North West,7367456,767.0,837.4285714285714,8.0,0.0,0.0,0.0,-7.0,0.9299999999999999,-12.6,0.874,-18.8,2.4444444444444446
2020-09-13,E12000002,North West,7367456,620.0,843.4285714285714,2.0,0.0,0.0,0.0,-4.6,0.954,-8.4,0.916,-13.6,0.625
2020-09-14,E12000002,North West,7367456,1066.0,855.2857142857143,7.0,0.0,0.0,0.0,-32.2,0.6779999999999999,-18.5,0.815,-9.7,6.5
2020-09-15,E12000002,North West,7367456,1081.0,885.0,5.0,0.0,0.0,0.0,-32.2,0.6779999999999999,-20.3,0.7969999999999999,-9.6,7.5
2020-09-16,E12000002,North West,7367456,1464.0,972.2857142857143,9.0,0.0,0.0,0.0,-32.7,0.673,-24.3,0.757,-13.6,7.9
2020-09-17,E12000002,North West,7367456,1419.0,1043.142857142857,9.0,0.0,0.0,0.0,-32.4,0.6759999999999999,-22.9,0.771,-12.4,7.4
2020-09-18,E12000002,North West,7367456,1420.0,1119.5714285714287,6.0,0.0,0.0,0.0,-31.5,0.685,-17.2,0.8280000000000001,-14.7,6.5
2020-09-19,E12000002,North West,7367456,1524.0,1227.7142857142858,5.0,0.0,0.0,0.0,-7.4,0.9259999999999999,-9.5,0.905,-18.0,2.4444444444444446
2020-09-20,E12000002,North West,7367456,1577.0,1364.4285714285713,4.0,0.0,0.0,0.0,-4.1,0.959,-8.3,0.917,-13.3,1.125
2020-09-21,E12000002,North West,7367456,1498.0,1426.142857142857,3.0,0.0,0.0,0.0,-32.9,0.671,-20.0,0.8,-11.0,6.9
2020-09-22,E12000002,North West,7367456,1991.0,1556.142857142857,14.0,0.0,0.0,0.0,-32.9,0.671,-27.8,0.722,-16.3,8.7
2020-09-23,E12000002,North West,7367456,2184.0,1659.0,20.0,0.0,0.0,0.0,-31.9,0.681,-33.0,0.6699999999999999,-20.7,10.0
2020-09-24,E12000002,North West,7367456,2250.0,1777.7142857142858,13.0,0.0,0.0,0.0,-31.6,0.6839999999999999,-33.2,0.6679999999999999,-20.2,9.8
2020-09-25,E12000002,North West,7367456,2262.0,1898.0,9.0,0.0,0.0,0.0,-30.3,0.6970000000000001,-25.9,0.741,-18.0,8.5
2020-09-26,E12000002,North West,7367456,2053.0,1973.5714285714287,14.0,0.0,0.0,0.0,-6.5,0.935,-21.2,0.788,-20.9,4.6
2020-09-27,E12000002,North West,7367456,2275.0,2073.285714285714,14.0,0.0,0.0,0.0,-4.0,0.96,-15.9,0.841,-15.0,2.7
2020-09-28,E12000002,North West,7367456,3025.0,2291.4285714285716,16.0,0.0,0.0,0.0,-30.2,0.698,-28.4,0.716,-15.4,8.8
2020-09-29,E12000002,North West,7367456,3231.0,2468.5714285714284,12.0,0.0,0.0,0.0,-30.1,0.6990000000000001,-27.2,0.728,-14.4,8.9
2020-09-30,E12000002,North West,7367456,3702.0,2685.4285714285716,22.0,0.0,0.0,0.0,-31.0,0.69,-35.1,0.649,-21.6,10.5
2020-10-01,E12000002,North West,7367456,3666.0,2887.714285714286,20.0,0.0,0.0,0.0,-28.0,0.72,-29.9,0.7010000000000001,-17.3,9.2
2020-10-02,E12000002,North West,7367456,3464.0,3059.4285714285716,25.0,0.0,0.0,0.0,-28.0,0.72,-24.5,0.755,-21.5,9.1
2020-10-03,E12000002,North West,7367456,2976.0,3191.285714285714,23.0,0.0,0.0,0.0,-11.0,0.89,-37.4,0.626,-33.3,7.7
2020-10-04,E12000002,North West,7367456,2945.0,3287.0,19.0,0.0,0.0,0.0,-5.1,0.949,-21.9,0.781,-20.8,4.4
2020-10-05,E12000002,North West,7367456,4407.0,3484.4285714285716,22.0,0.0,0.0,0.0,-30.3,0.6970000000000001,-27.5,0.725,-21.2,9.4
2020-10-06,E12000002,North West,7367456,4596.0,3679.4285714285716,21.0,0.0,0.0,0.0,-31.1,0.6890000000000001,-31.2,0.688,-22.6,9.9
2020-10-07,E12000002,North West,7367456,4430.0,3783.4285714285716,29.0,0.0,0.0,0.0,-29.1,0.709,-30.9,0.6910000000000001,-21.0,9.4
2020-10-08,E12000002,North West,7367456,4341.0,3879.8571428571427,26.0,0.0,0.0,0.0,-29.0,0.71,-32.9,0.671,-21.9,10.0
2020-10-09,E12000002,North West,7367456,3794.0,3927.0,27.0,0.0,0.0,0.0,-28.8,0.712,-31.4,0.6859999999999999,-24.5,9.9
2020-10-10,E12000002,North West,7367456,2980.0,3927.5714285714284,38.0,0.0,0.0,0.0,-6.4,0.9359999999999999,-29.9,0.7010000000000001,-25.7,6.4
2020-10-11,E12000002,North West,7367456,2981.0,3932.714285714286,39.0,0.0,0.0,0.0,-3.7,0.963,-20.5,0.795,-18.9,3.5
2020-10-12,E12000002,North West,7367456,4819.0,3991.5714285714284,41.0,0.0,0.0,0.0,-30.6,0.694,-32.6,0.6739999999999999,-24.5,10.2
2020-10-13,E12000002,North West,7367456,4339.0,3954.8571428571427,32.0,0.0,0.0,0.0,-30.0,0.7,-31.7,0.683,-21.4,10.3
2020-10-14,E12000002,North West,7367456,4519.0,3967.5714285714284,41.0,0.0,0.0,0.0,-29.2,0.708,-32.2,0.6779999999999999,-24.2,10.6
2020-10-15,E12000002,North West,7367456,4217.0,3949.8571428571427,44.0,0.0,0.0,0.0,-29.2,0.708,-33.3,0.667,-23.6,11.0
2020-10-16,E12000002,North West,7367456,3951.0,3972.285714285714,44.0,0.0,0.0,0.0,-28.6,0.714,-30.8,0.692,-24.7,10.3
2020-10-17,E12000002,North West,7367456,3642.0,4066.8571428571427,56.0,0.0,0.0,0.0,-9.1,0.909,-36.1,0.639,-33.3,7.5
2020-10-18,E12000002,North West,7367456,3250.0,4105.285714285715,51.0,0.0,0.0,0.0,-7.8,0.922,-33.9,0.661,-29.8,5.6
2020-10-19,E12000002,North West,7367456,6226.0,4306.285714285715,54.0,0.0,0.0,0.0,-31.5,0.685,-34.4,0.656,-24.7,10.9
2020-10-20,E12000002,North West,7367456,5693.0,4499.714285714285,55.0,0.0,0.0,0.0,-31.8,0.6819999999999999,-33.5,0.665,-23.7,11.0
2020-10-21,E12000002,North West,7367456,5615.0,4656.285714285715,62.0,0.0,0.0,0.0,-31.2,0.688,-37.4,0.626,-27.4,11.9
2020-10-22,E12000002,North West,7367456,4860.0,4748.142857142857,59.0,0.0,0.0,0.0,-31.3,0.687,-37.9,0.621,-25.8,11.7
2020-10-23,E12000002,North West,7367456,4538.0,4832.0,63.0,0.0,0.0,0.0,-32.3,0.677,-37.6,0.624,-29.0,12.0
2020-10-24,E12000002,North West,7367456,3440.0,4803.142857142857,56.0,0.0,0.0,0.0,-12.2,0.878,-44.7,0.5529999999999999,-37.8,8.9
2020-10-25,E12000002,North West,7367456,3329.0,4814.428571428572,79.0,0.0,0.0,0.0,-9.4,0.906,-33.0,0.6699999999999999,-25.6,5.4
2020-10-26,E12000002,North West,7367456,5628.0,4729.0,70.0,0.0,0.0,0.0,-42.5,0.575,-39.2,0.608,-18.5,12.9
2020-10-27,E12000002,North West,7367456,4996.0,4629.428571428572,69.0,0.0,0.0,0.0,-42.7,0.573,-39.5,0.605,-18.8,13.6
2020-10-28,E12000002,North West,7367456,4708.0,4499.857142857143,73.0,0.0,0.0,0.0,-41.4,0.5860000000000001,-37.8,0.6220000000000001,-17.2,13.1
2020-10-29,E12000002,North West,7367456,4614.0,4464.714285714285,90.0,0.0,0.0,0.0,-42.4,0.5760000000000001,-44.8,0.552,-24.1,14.6
2020-10-30,E12000002,North West,7367456,4441.0,4450.857142857143,96.0,0.0,0.0,0.0,-41.0,0.5900000000000001,-35.6,0.6439999999999999,-22.1,13.1
2020-10-31,E12000002,North West,7367456,3197.0,4416.142857142857,84.0,0.0,0.0,0.0,-11.1,0.889,-40.0,0.6,-34.5,7.8
2020-11-01,E12000002,North West,7367456,3123.0,4386.714285714285,85.0,0.0,0.0,0.0,-10.2,0.898,-40.1,0.599,-28.4,6.2
2020-11-02,E12000002,North West,7367456,6012.0,4441.571428571428,82.0,0.0,0.0,0.0,-30.6,0.694,-35.6,0.6439999999999999,-13.6,10.2
2020-11-03,E12000002,North West,7367456,4515.0,4372.857142857143,94.0,0.0,0.0,0.0,-29.3,0.7070000000000001,-34.1,0.659,-10.3,10.0
2020-11-04,E12000002,North West,7367456,4175.0,4296.714285714285,85.0,0.0,0.0,0.0,-27.7,0.7230000000000001,-30.2,0.698,-5.0,9.1
2020-11-05,E12000002,North West,7367456,3983.0,4206.571428571428,86.0,0.0,0.0,0.0,-35.3,0.647,-47.3,0.527,-54.0,15.0
2020-11-06,E12000002,North West,7367456,3924.0,4132.714285714285,97.0,0.0,0.0,0.0,-36.6,0.634,-47.5,0.525,-55.1,15.6
2020-11-07,E12000002,North West,7367456,2866.0,4085.4285714285716,88.0,0.0,0.0,0.0,-28.4,0.716,-57.1,0.42899999999999994,-61.7,12.2
2020-11-08,E12000002,North West,7367456,3231.0,4100.857142857143,88.0,0.0,0.0,0.0,-28.2,0.718,-57.1,0.42899999999999994,-61.4,10.5
2020-11-09,E12000002,North West,7367456,4810.0,3929.1428571428573,89.0,0.0,0.0,0.0,-36.1,0.639,-45.1,0.5489999999999999,-48.1,13.8
2020-11-10,E12000002,North West,7367456,3975.0,3852.0,83.0,0.0,0.0,0.0,-36.4,0.636,-42.5,0.575,-47.3,14.2
2020-11-11,E12000002,North West,7367456,3983.0,3824.5714285714284,80.0,0.0,0.0,0.0,-35.8,0.642,-46.0,0.54,-50.2,14.9
2020-11-12,E12000002,North West,7367456,3485.0,3753.4285714285716,83.0,0.0,0.0,0.0,-36.2,0.6379999999999999,-45.1,0.5489999999999999,-48.6,14.6
2020-11-13,E12000002,North West,7367456,3277.0,3661.0,107.0,0.0,0.0,0.0,-36.2,0.6379999999999999,-45.3,0.547,-50.2,15.5
2020-11-14,E12000002,North West,7367456,2416.0,3596.714285714286,84.0,0.0,0.0,0.0,-28.5,0.7150000000000001,-57.9,0.42100000000000004,-59.2,12.5
2020-11-15,E12000002,North West,7367456,2152.0,3442.5714285714284,93.0,0.0,0.0,0.0,-28.0,0.72,-55.4,0.44600000000000006,-58.5,9.8
2020-11-16,E12000002,North West,7367456,3443.0,3247.285714285714,83.0,0.0,0.0,0.0,-36.1,0.639,-45.0,0.55,-46.9,13.9
2020-11-17,E12000002,North West,7367456,3103.0,3122.714285714286,81.0,0.0,0.0,0.0,-36.1,0.639,-42.8,0.5720000000000001,-45.7,14.0
2020-11-18,E12000002,North West,7367456,2629.0,2929.285714285714,103.0,0.0,0.0,0.0,-35.9,0.641,-46.7,0.5329999999999999,-49.9,15.1
2020-11-19,E12000002,North West,7367456,2234.0,2750.5714285714284,74.0,0.0,0.0,0.0,-35.6,0.6439999999999999,-44.1,0.5589999999999999,-47.4,14.7
2020-11-20,E12000002,North West,7367456,2019.0,2570.8571428571427,69.0,0.0,0.0,0.0,-36.2,0.6379999999999999,-47.5,0.525,-51.2,15.7
2020-11-21,E12000002,North West,7367456,1405.0,2426.4285714285716,85.0,0.0,0.0,0.0,-27.3,0.727,-55.9,0.44100000000000006,-58.1,12.2
2020-11-22,E12000002,North West,7367456,1400.0,2319.0,70.0,0.0,0.0,0.0,-24.8,0.752,-48.7,0.5129999999999999,-54.2,8.6
2020-11-23,E12000002,North West,7367456,2223.0,2144.714285714286,72.0,0.0,0.0,0.0,-35.2,0.6479999999999999,-43.4,0.5660000000000001,-44.2,13.3
2020-11-24,E12000002,North West,7367456,1899.0,1972.7142857142858,70.0,0.0,0.0,0.0,-34.8,0.652,-42.9,0.571,-45.0,14.0
2020-11-25,E12000002,North West,7367456,1864.0,1863.4285714285713,86.0,0.0,0.0,0.0,-34.0,0.6599999999999999,-43.7,0.563,-46.2,14.0
2020-11-26,E12000002,North West,7367456,1608.0,1774.0,58.0,0.0,0.0,0.0,-34.0,0.6599999999999999,-43.6,0.5640000000000001,-45.6,14.2
2020-11-27,E12000002,North West,7367456,1469.0,1695.4285714285713,65.0,0.0,0.0,0.0,-34.8,0.652,-43.9,0.5609999999999999,-46.7,14.4
2020-11-28,E12000002,North West,7367456,1179.0,1663.142857142857,56.0,0.0,0.0,0.0,-24.5,0.755,-54.5,0.45499999999999996,-56.5,11.7
2020-11-29,E12000002,North West,7367456,1075.0,1616.7142857142858,56.0,0.0,0.0,0.0,-22.4,0.776,-50.0,0.5,-53.7,8.7
2020-11-30,E12000002,North West,7367456,1900.0,1570.5714285714287,59.0,0.0,0.0,0.0,-33.3,0.667,-43.4,0.5660000000000001,-41.1,13.1
2020-12-01,E12000002,North West,7367456,1746.0,1548.7142857142858,60.0,0.0,0.0,0.0,-32.0,0.6799999999999999,-39.8,0.6020000000000001,-40.1,12.8
2020-12-02,E12000002,North West,7367456,1481.0,1494.0,53.0,0.0,0.0,0.0,-27.4,0.726,-36.1,0.639,-23.6,11.4
2020-12-03,E12000002,North West,7367456,1385.0,1462.142857142857,67.0,0.0,0.0,0.0,-28.2,0.718,-36.2,0.6379999999999999,-24.2,11.7
2020-12-04,E12000002,North West,7367456,1480.0,1463.7142857142858,66.0,0.0,0.0,0.0,-28.8,0.712,-35.2,0.6479999999999999,-29.2,11.9
2020-12-05,E12000002,North West,7367456,1023.0,1441.4285714285713,52.0,0.0,0.0,0.0,-10.1,0.899,-31.7,0.683,-30.8,6.8
2020-12-06,E12000002,North West,7367456,1160.0,1453.5714285714287,50.0,0.0,0.0,0.0,-11.0,0.89,-32.1,0.679,-31.6,5.6
2020-12-07,E12000002,North West,7367456,1869.0,1449.142857142857,57.0,0.0,0.0,0.0,-29.4,0.706,-31.2,0.688,-19.2,9.8
2020-12-08,E12000002,North West,7367456,1590.0,1426.857142857143,63.0,922.0,75.0,922.0,-28.5,0.7150000000000001,-35.5,0.645,-25.0,11.3
2020-12-09,E12000002,North West,7367456,1619.0,1446.5714285714287,61.0,1632.0,41.0,2554.0,-27.6,0.724,-32.8,0.672,-24.1,10.7
2020-12-10,E12000002,North West,7367456,1663.0,1486.2857142857142,54.0,2077.0,43.0,4631.0,-28.0,0.72,-33.9,0.661,-24.2,11.0
2020-12-11,E12000002,North West,7367456,1663.0,1512.4285714285713,45.0,2054.0,34.0,6685.0,-28.4,0.716,-32.4,0.6759999999999999,-28.4,11.0
2020-12-12,E12000002,North West,7367456,1272.0,1548.0,63.0,1177.0,12.0,7862.0,-10.7,0.893,-30.8,0.692,-33.2,7.3
2020-12-13,E12000002,North West,7367456,1359.0,1576.4285714285713,50.0,474.0,13.0,8336.0,-13.1,0.869,-38.9,0.611,-38.6,6.9
2020-12-14,E12000002,North West,7367456,2296.0,1637.4285714285713,60.0,2180.0,66.0,10516.0,-29.4,0.706,-33.5,0.665,-20.6,10.2
2020-12-15,E12000002,North West,7367456,2167.0,1719.857142857143,45.0,7196.0,35.0,17712.0,-28.7,0.7130000000000001,-30.4,0.696,-18.2,9.7
2020-12-16,E12000002,North West,7367456,2063.0,1783.2857142857142,48.0,11560.0,44.0,29272.0,-28.3,0.717,-35.9,0.641,-25.1,11.3
2020-12-17,E12000002,North West,7367456,1994.0,1830.5714285714287,37.0,11235.0,56.0,40507.0,-28.5,0.7150000000000001,-31.9,0.681,-20.5,10.9
2020-12-18,E12000002,North West,7367456,2148.0,1899.857142857143,52.0,9142.0,30.0,49649.0,-32.2,0.6779999999999999,-33.2,0.6679999999999999,-25.4,12.0
2020-12-19,E12000002,North West,7367456,1715.0,1963.142857142857,52.0,11564.0,3.0,61213.0,-10.2,0.898,-30.2,0.698,-33.3,7.0
2020-12-20,E12000002,North West,7367456,1989.0,2053.1428571428573,45.0,7970.0,1.0,69183.0,-7.7,0.923,-30.5,0.6950000000000001,-30.4,5.6
2020-12-21,E12000002,North West,7367456,3136.0,2173.1428571428573,55.0,8690.0,27.0,77873.0,-43.1,0.569,-36.6,0.634,-9.2,12.5
2020-12-22,E12000002,North West,7367456,2879.0,2274.8571428571427,52.0,12403.0,8.0,90276.0,-44.1,0.5589999999999999,-34.2,0.6579999999999999,-6.6,12.5
2020-12-23,E12000002,North West,7367456,2923.0,2397.714285714286,58.0,11388.0,9.0,101664.0,-47.5,0.525,-38.7,0.613,-9.6,14.2
2020-12-24,E12000002,North West,7367456,2345.0,2447.8571428571427,69.0,3635.0,0.0,105299.0,-60.8,0.392,-46.4,0.536,-20.3,17.7
2020-12-25,E12000002,North West,7367456,934.0,2274.4285714285716,62.0,10.0,0.0,105309.0,-82.7,0.17299999999999993,-78.7,0.21299999999999997,-91.3,22.9
2020-12-26,E12000002,North West,7367456,2722.0,2418.285714285714,61.0,205.0,2.0,105514.0,-49.5,0.505,-69.2,0.30799999999999994,-74.1,12.6
2020-12-27,E12000002,North West,7367456,3577.0,2645.1428571428573,53.0,422.0,0.0,105936.0,-25.5,0.745,-46.7,0.5329999999999999,-46.7,7.8
2020-12-28,E12000002,North West,7367456,3685.0,2723.5714285714284,77.0,670.0,2.0,106606.0,-74.6,0.254,-55.7,0.44299999999999995,-37.6,22.9
2020-12-29,E12000002,North West,7367456,6789.0,3282.1428571428573,65.0,5863.0,568.0,112469.0,-63.8,0.362,-49.1,0.509,-29.4,20.5
2020-12-30,E12000002,North West,7367456,6580.0,3804.5714285714284,55.0,12084.0,1169.0,124553.0,-61.9,0.381,-48.7,0.5129999999999999,-26.0,20.4
2020-12-31,E12000002,North West,7367456,5368.0,4236.428571428572,75.0,9938.0,1271.0,134491.0,-67.1,0.32900000000000007,-62.3,0.377,-52.9,23.1
2021-01-01,E12000002,North West,7367456,2922.0,4520.428571428572,53.0,2327.0,423.0,136818.0,-83.1,0.16900000000000004,-79.5,0.20499999999999996,-83.2,29.7
2021-01-02,E12000002,North West,7367456,7078.0,5142.714285714285,60.0,3558.0,870.0,140376.0,-38.8,0.6120000000000001,-60.0,0.4,-66.4,14.6
2021-01-03,E12000002,North West,7367456,6713.0,5590.714285714285,68.0,1924.0,377.0,142300.0,-28.2,0.718,-54.0,0.45999999999999996,-61.6,10.4
2021-01-04,E12000002,North West,7367456,8450.0,6271.428571428572,66.0,3072.0,1987.0,145372.0,-42.7,0.573,-53.5,0.46499999999999997,-49.6,16.6
2021-01-05,E12000002,North West,7367456,7991.0,6443.142857142857,79.0,7743.0,6033.0,153115.0,-44.7,0.5529999999999999,-54.0,0.45999999999999996,-56.5,17.8
2021-01-06,E12000002,North West,7367456,6824.0,6478.0,98.0,12426.0,9382.0,165541.0,-44.8,0.552,-54.7,0.45299999999999996,-58.9,18.8
2021-01-07,E12000002,North West,7367456,6344.0,6617.428571428572,87.0,27595.0,9418.0,193136.0,-45.7,0.5429999999999999,-56.4,0.43600000000000005,-59.8,19.5
2021-01-08,E12000002,North West,7367456,5798.0,7028.285714285715,91.0,36698.0,7523.0,229834.0,-45.9,0.541,-58.3,0.41700000000000004,-62.8,20.2
2021-01-09,E12000002,North West,7367456,5104.0,6746.285714285715,101.0,26213.0,8316.0,256047.0,-32.6,0.6739999999999999,-60.8,0.392,-66.3,14.0
2021-01-10,E12000002,North West,7367456,5343.0,6550.571428571428,96.0,12816.0,5108.0,268863.0,-30.0,0.7,-61.3,0.387,-66.9,11.2
2021-01-11,E12000002,North West,7367456,7689.0,6441.857142857143,108.0,16019.0,3206.0,284882.0,-45.0,0.55,-57.1,0.42899999999999994,-58.1,17.8
2021-01-12,E12000002,North West,7367456,6580.0,6240.285714285715,91.0,25125.0,1822.0,310007.0,-46.1,0.5389999999999999,-53.0,0.47,-56.0,17.7
2021-01-13,E12000002,North West,7367456,5549.0,6058.142857142857,125.0,34270.0,738.0,344277.0,-46.5,0.5349999999999999,-59.9,0.401,-62.3,18.8
2021-01-14,E12000002,North West,7367456,5324.0,5912.428571428572,118.0,44696.0,610.0,388973.0,-47.3,0.527,-59.8,0.402,-62.1,19.2
2021-01-15,E12000002,North West,7367456,4795.0,5769.142857142857,117.0,46947.0,553.0,435920.0,-47.2,0.528,-58.1,0.41900000000000004,-61.9,18.8
2021-01-16,E12000002,North West,7367456,4043.0,5617.571428571428,114.0,32503.0,320.0,468423.0,-33.4,0.666,-62.9,0.371,-67.9,13.7
2021-01-17,E12000002,North West,7367456,3897.0,5411.0,123.0,16695.0,263.0,485118.0,-30.0,0.7,-59.5,0.405,-66.9,10.1
2021-01-18,E12000002,North West,7367456,5659.0,5121.0,130.0,23012.0,331.0,508130.0,-46.6,0.534,-56.3,0.43700000000000006,-57.7,17.1
2021-01-19,E12000002,North West,7367456,5282.0,4935.571428571428,146.0,45996.0,370.0,554126.0,-47.8,0.522,-58.8,0.41200000000000003,-60.3,18.3
2021-01-20,E12000002,North West,7367456,4515.0,4787.857142857143,141.0,39731.0,425.0,593857.0,-47.2,0.528,-59.4,0.406,-63.2,19.1
2021-01-21,E12000002,North West,7367456,3984.0,4596.428571428572,121.0,55315.0,188.0,649172.0,-47.3,0.527,-58.4,0.41600000000000004,-60.0,19.0
2021-01-22,E12000002,North West,7367456,3791.0,4453.0,136.0,62738.0,122.0,711910.0,-46.3,0.537,-57.0,0.43000000000000005,-59.9,18.6
2021-01-23,E12000002,North West,7367456,2737.0,4266.428571428572,137.0,54681.0,81.0,766591.0,-34.0,0.6599999999999999,-63.9,0.361,-68.4,14.0
2021-01-24,E12000002,North West,7367456,2770.0,4105.428571428572,127.0,28874.0,52.0,795465.0,-30.6,0.694,-60.0,0.4,-66.5,10.5
2021-01-25,E12000002,North West,7367456,4055.0,3876.285714285714,132.0,26409.0,119.0,821874.0,-46.4,0.536,-55.1,0.44899999999999995,-55.6,16.8
2021-01-26,E12000002,North West,7367456,3597.0,3635.5714285714284,128.0,31045.0,80.0,852919.0,-46.9,0.531,-57.4,0.42600000000000005,-58.0,17.8
2021-01-27,E12000002,North West,7367456,3423.0,3479.5714285714284,137.0,33540.0,131.0,886459.0,-45.4,0.546,-55.0,0.44999999999999996,-57.0,17.8
2021-01-28,E12000002,North West,7367456,3194.0,3366.714285714286,142.0,46269.0,147.0,932728.0,-46.1,0.5389999999999999,-57.2,0.42799999999999994,-58.1,18.3
2021-01-29,E12000002,North West,7367456,3010.0,3255.1428571428573,133.0,64508.0,281.0,997236.0,-45.3,0.547,-55.0,0.44999999999999996,-57.3,18.1
2021-01-30,E12000002,North West,7367456,2307.0,3193.714285714286,109.0,57062.0,242.0,1054298.0,-30.9,0.6910000000000001,-62.1,0.379,-63.9,13.0
2021-01-31,E12000002,North West,7367456,2255.0,3120.1428571428573,120.0,32357.0,143.0,1086655.0,-28.3,0.717,-57.6,0.42399999999999993,-62.8,9.6
2021-02-01,E12000002,North West,7367456,3121.0,2986.714285714286,123.0,33790.0,141.0,1120445.0,-44.9,0.5509999999999999,-52.7,0.473,-53.0,16.1
2021-02-02,E12000002,North West,7367456,2892.0,2886.0,110.0,38840.0,120.0,1159285.0,-46.6,0.534,-56.2,0.43799999999999994,-57.5,18.1
2021-02-03,E12000002,North West,7367456,2733.0,2787.4285714285716,115.0,49946.0,204.0,1209231.0,-44.7,0.5529999999999999,-55.2,0.44799999999999995,-56.2,17.6
2021-02-04,E12000002,North West,7367456,2696.0,2716.285714285714,98.0,52494.0,258.0,1261725.0,-44.9,0.5509999999999999,-55.6,0.44399999999999995,-56.0,17.7
2021-02-05,E12000002,North West,7367456,2193.0,2599.5714285714284,100.0,53069.0,166.0,1314794.0,-44.1,0.5589999999999999,-54.6,0.45399999999999996,-57.1,17.9
2021-02-06,E12000002,North West,7367456,1831.0,2531.5714285714284,74.0,55436.0,67.0,1370230.0,-29.4,0.706,-63.7,0.363,-64.6,13.1
2021-02-07,E12000002,North West,7367456,1767.0,2461.8571428571427,77.0,19683.0,36.0,1389913.0,-27.8,0.722,-60.5,0.395,-64.1,10.0
2021-02-08,E12000002,North West,7367456,2459.0,2367.285714285714,96.0,25319.0,94.0,1415232.0,-45.3,0.547,-55.5,0.44499999999999995,-54.7,16.7
2021-02-09,E12000002,North West,7367456,2157.0,2262.285714285714,83.0,37572.0,193.0,1452804.0,-45.2,0.548,-53.9,0.46099999999999997,-53.9,17.2
2021-02-10,E12000002,North West,7367456,1947.0,2150.0,97.0,41954.0,342.0,1494758.0,-44.1,0.5589999999999999,-54.3,0.4570000000000001,-54.5,17.2
2021-02-11,E12000002,North West,7367456,1994.0,2049.714285714286,88.0,42364.0,343.0,1537122.0,-44.2,0.558,-55.4,0.44600000000000006,-54.0,17.8
2021-02-12,E12000002,North West,7367456,1843.0,1999.7142857142858,83.0,47089.0,442.0,1584211.0,-44.0,0.56,-54.4,0.45599999999999996,-54.4,17.9
2021-02-13,E12000002,North West,7367456,1327.0,1927.7142857142858,80.0,54945.0,249.0,1639156.0,-29.5,0.7050000000000001,-63.8,0.362,-61.7,12.8
2021-02-14,E12000002,North West,7367456,1375.0,1871.7142857142858,73.0,18543.0,38.0,1657699.0,-28.1,0.719,-62.0,0.38,-64.2,10.8
2021-02-15,E12000002,North West,7367456,2357.0,1857.142857142857,58.0,23798.0,149.0,1681497.0,-48.9,0.511,-51.7,0.483,-48.6,16.5
2021-02-16,E12000002,North West,7367456,1954.0,1828.142857142857,70.0,37701.0,287.0,1719198.0,-48.8,0.512,-52.5,0.475,-49.6,17.2
2021-02-17,E12000002,North West,7367456,1740.0,1798.5714285714287,67.0,54423.0,435.0,1773621.0,-48.0,0.52,-52.4,0.476,-50.3,17.3
2021-02-18,E12000002,North West,7367456,1671.0,1752.4285714285713,68.0,54994.0,407.0,1828615.0,-48.6,0.514,-54.1,0.45899999999999996,-50.9,18.0
2021-02-19,E12000002,North West,7367456,1521.0,1706.4285714285713,46.0,43509.0,273.0,1872124.0,-48.2,0.518,-55.5,0.44499999999999995,-54.0,18.7
2021-02-20,E12000002,North West,7367456,1239.0,1693.857142857143,42.0,36147.0,145.0,1908271.0,-27.7,0.7230000000000001,-61.0,0.39,-61.8,12.8
2021-02-21,E12000002,North West,7367456,1249.0,1675.857142857143,43.0,15465.0,79.0,1923736.0,-23.7,0.763,-51.4,0.486,-58.5,8.6
2021-02-22,E12000002,North West,7367456,1851.0,1603.5714285714287,43.0,17792.0,323.0,1941528.0,-43.1,0.569,-49.7,0.5029999999999999,-48.5,15.4
2021-02-23,E12000002,North West,7367456,1388.0,1522.7142857142858,43.0,33944.0,1086.0,1975472.0,-43.7,0.563,-53.6,0.46399999999999997,-52.0,16.9
2021-02-24,E12000002,North West,7367456,1323.0,1463.142857142857,41.0,52600.0,1679.0,2028072.0,-42.9,0.571,-54.8,0.45200000000000007,-52.7,17.2
2021-02-25,E12000002,North West,7367456,1303.0,1410.5714285714287,27.0,60171.0,1821.0,2088243.0,-42.7,0.573,-50.0,0.5,-49.2,16.1
2021-02-26,E12000002,North West,7367456,969.0,1331.7142857142858,42.0,63395.0,1816.0,2151638.0,-41.8,0.5820000000000001,-48.7,0.5129999999999999,-48.6,16.0
2021-02-27,E12000002,North West,7367456,675.0,1251.142857142857,24.0,51234.0,721.0,2202872.0,-23.8,0.762,-52.2,0.478,-54.8,10.4
2021-02-28,E12000002,North West,7367456,658.0,1166.7142857142858,41.0,19204.0,502.0,2222076.0,-21.2,0.788,-43.9,0.5609999999999999,-52.0,7.6
2021-03-01,E12000002,North West,7367456,1037.0,1050.4285714285713,31.0,20160.0,1363.0,2242236.0,-41.7,0.583,-47.8,0.522,-43.9,14.5
2021-03-02,E12000002,North West,7367456,940.0,986.4285714285714,20.0,23737.0,3225.0,2265973.0,-42.2,0.578,-46.9,0.531,-46.2,15.1
2021-03-03,E12000002,North West,7367456,840.0,917.4285714285714,15.0,27032.0,4369.0,2293005.0,-41.9,0.581,-51.0,0.49,-49.7,16.3
2021-03-04,E12000002,North West,7367456,873.0,856.0,16.0,52542.0,4543.0,2345547.0,-42.0,0.5800000000000001,-51.4,0.486,-49.3,16.6
2021-03-05,E12000002,North West,7367456,761.0,826.2857142857143,33.0,49021.0,5230.0,2394568.0,-41.1,0.589,-49.7,0.5029999999999999,-50.2,16.6
2021-03-06,E12000002,North West,7367456,632.0,820.1428571428571,23.0,47827.0,1916.0,2442395.0,-23.3,0.767,-52.9,0.471,-54.9,10.8
2021-03-07,E12000002,North West,7367456,616.0,814.1428571428571,24.0,21460.0,467.0,2463855.0,-21.1,0.7889999999999999,-49.4,0.506,-54.3,8.4
2021-03-08,E12000002,North West,7367456,1004.0,809.4285714285714,17.0,24753.0,3237.0,2488608.0,-39.4,0.6060000000000001,-46.3,0.537,-44.6,13.9
2021-03-09,E12000002,North West,7367456,942.0,809.7142857142857,17.0,21825.0,7191.0,2510433.0,-38.7,0.613,-43.5,0.565,-45.2,13.8
2021-03-10,E12000002,North West,7367456,893.0,817.2857142857143,15.0,27126.0,9057.0,2537559.0,-38.1,0.619,-49.4,0.506,-51.4,15.4
2021-03-11,E12000002,North West,7367456,782.0,804.2857142857143,15.0,18474.0,6754.0,2556033.0,-37.7,0.623,-47.5,0.525,-48.5,14.8
2021-03-12,E12000002,North West,7367456,773.0,806.0,10.0,38093.0,7261.0,2594126.0,-36.4,0.636,-45.8,0.542,-48.2,14.5
2021-03-13,E12000002,North West,7367456,619.0,804.1428571428571,13.0,53539.0,4123.0,2647665.0,-23.0,0.77,-55.4,0.44600000000000006,-53.4,10.9
2021-03-14,E12000002,North West,7367456,647.0,808.5714285714286,21.0,28308.0,843.0,2675973.0,-12.1,0.879,-52.6,0.474,-59.1,8.0
2021-03-15,E12000002,North West,7367456,904.0,794.2857142857143,17.0,32246.0,4595.0,2708219.0,-36.5,0.635,-41.4,0.5860000000000001,-43.6,12.5
2021-03-16,E12000002,North West,7367456,815.0,776.1428571428571,13.0,43344.0,9276.0,2751563.0,-36.9,0.631,-41.3,0.587,-44.5,13.3
2021-03-17,E12000002,North West,7367456,823.0,766.1428571428571,11.0,40842.0,9929.0,2792405.0,-35.8,0.642,-41.4,0.5860000000000001,-45.2,13.4
2021-03-18,E12000002,North West,7367456,762.0,763.2857142857143,6.0,51479.0,14591.0,2843884.0,-36.0,0.64,-41.8,0.5820000000000001,-46.2,13.9
2021-03-19,E12000002,North West,7367456,652.0,746.0,12.0,65645.0,13695.0,2909529.0,-35.6,0.6439999999999999,-42.1,0.579,-47.3,14.0
2021-03-20,E12000002,North West,7367456,568.0,738.7142857142857,12.0,85103.0,9082.0,2994632.0,-21.6,0.784,-51.4,0.486,-55.0,10.7
2021-03-21,E12000002,North West,7367456,786.0,758.5714285714286,12.0,34461.0,1996.0,3029093.0,-18.0,0.8200000000000001,-45.4,0.546,-52.7,7.9
2021-03-22,E12000002,North West,7367456,826.0,747.4285714285714,6.0,32239.0,9311.0,3061332.0,-35.7,0.643,-41.2,0.588,-42.3,12.7
2021-03-23,E12000002,North West,7367456,745.0,737.4285714285714,13.0,32979.0,21810.0,3094311.0,-36.3,0.637,-40.7,0.593,-43.9,13.0
2021-03-24,E12000002,North West,7367456,746.0,726.4285714285714,9.0,35515.0,31921.0,3129826.0,-35.3,0.647,-41.0,0.5900000000000001,-43.9,13.1
2021-03-25,E12000002,North West,7367456,752.0,725.0,12.0,39193.0,33380.0,3169019.0,-35.4,0.646,-42.0,0.5800000000000001,-44.1,13.5
2021-03-26,E12000002,North West,7367456,588.0,715.8571428571429,5.0,40381.0,30421.0,3209400.0,-35.3,0.647,-43.2,0.568,-46.5,14.1
2021-03-27,E12000002,North West,7367456,492.0,705.0,3.0,61350.0,30877.0,3270750.0,-20.8,0.792,-50.3,0.497,-53.1,10.0
2021-03-28,E12000002,North West,7367456,705.0,693.4285714285714,8.0,26152.0,10227.0,3296902.0,-20.8,0.792,-56.3,0.43700000000000006,-57.9,9.5
2021-03-29,E12000002,North West,7367456,503.0,647.2857142857143,4.0,26562.0,19107.0,3323464.0,-38.2,0.618,-40.5,0.595,-39.2,12.4
2021-03-30,E12000002,North West,7367456,476.0,608.8571428571429,7.0,24363.0,29555.0,3347827.0,-38.0,0.62,-32.6,0.6739999999999999,-36.7,11.3
2021-03-31,E12000002,North West,7367456,488.0,572.0,4.0,27880.0,43573.0,3375707.0,-37.6,0.624,-35.3,0.647,-36.4,11.9
2021-04-01,E12000002,North West,7367456,461.0,530.4285714285714,7.0,17486.0,60924.0,3393193.0,-38.4,0.616,-35.7,0.643,-31.9,11.9
2021-04-02,E12000002,North West,7367456,341.0,495.14285714285717,3.0,7787.0,32210.0,3400980.0,-68.9,0.31099999999999994,-49.5,0.505,-47.2,19.8
2021-04-03,E12000002,North West,7367456,296.0,467.14285714285717,4.0,10554.0,20828.0,3411534.0,-26.1,0.739,-41.3,0.587,-51.9,7.8
2021-04-04,E12000002,North West,7367456,319.0,412.0,4.0,2286.0,4878.0,3413820.0,-22.8,0.772,-44.1,0.5589999999999999,-73.6,6.7
2021-04-05,E12000002,North West,7367456,374.0,393.57142857142856,1.0,1599.0,7805.0,3415419.0,-73.9,0.2609999999999999,-57.0,0.43000000000000005,-43.2,21.4
2021-04-06,E12000002,North West,7367456,392.0,381.57142857142856,3.0,6647.0,21823.0,3422066.0,-45.6,0.544,-41.8,0.5820000000000001,-38.3,14.5
2021-04-07,E12000002,North West,7367456,386.0,367.0,4.0,6477.0,57182.0,3428543.0,-44.3,0.557,-43.2,0.568,-41.7,14.7
2021-04-08,E12000002,North West,7367456,385.0,356.14285714285717,6.0,8972.0,61317.0,3437515.0,-43.8,0.562,-44.3,0.557,-42.2,15.0
2021-04-09,E12000002,North West,7367456,340.0,356.0,6.0,8031.0,51704.0,3445546.0,-42.6,0.5740000000000001,-42.1,0.579,-44.3,14.6
2021-04-10,E12000002,North West,7367456,271.0,352.42857142857144,4.0,8628.0,57380.0,3454174.0,-19.6,0.804,-46.2,0.538,-54.8,8.5
2021-04-11,E12000002,North West,7367456,287.0,347.85714285714283,2.0,3134.0,18830.0,3457308.0,-15.3,0.847,-39.4,0.6060000000000001,-49.1,6.4
2021-04-12,E12000002,North West,7367456,331.0,341.7142857142857,7.0,2455.0,21942.0,3459763.0,-36.8,0.632,-23.4,0.766,-8.8,8.6
2021-04-13,E12000002,North West,7367456,294.0,327.7142857142857,4.0,4246.0,34558.0,3464009.0,-37.7,0.623,-25.6,0.744,-14.5,10.1
2021-04-14,E12000002,North West,7367456,303.0,315.85714285714283,3.0,8452.0,35096.0,3472461.0,-37.1,0.629,-26.5,0.735,-18.3,10.3
2021-04-15,E12000002,North West,7367456,280.0,300.85714285714283,4.0,11029.0,48785.0,3483490.0,-36.3,0.637,-22.9,0.771,-17.2,9.7
2021-04-16,E12000002,North West,7367456,235.0,285.85714285714283,2.0,11427.0,64398.0,3494917.0,-36.1,0.639,-21.8,0.782,-23.2,9.0
2021-04-17,E12000002,North West,7367456,177.0,272.42857142857144,1.0,13984.0,61203.0,3508901.0,-14.9,0.851,-16.2,0.838,-31.8,3.8
2021-04-18,E12000002,North West,7367456,295.0,273.57142857142856,2.0,6109.0,24163.0,3515010.0,-12.9,0.871,-15.1,0.849,-28.9,3.2
2021-04-19,E12000002,North West,7367456,279.0,266.14285714285717,3.0,9836.0,32130.0,3524846.0,-29.4,0.706,-21.7,0.783,-18.4,7.7
2021-04-20,E12000002,North West,7367456,269.0,262.57142857142856,6.0,11778.0,38855.0,3536624.0,-29.3,0.7070000000000001,-23.5,0.765,-18.3,8.6
2021-04-21,E12000002,North West,7367456,279.0,259.14285714285717,2.0,10058.0,42644.0,3546682.0,-29.3,0.7070000000000001,-30.5,0.6950000000000001,-21.1,9.3
2021-04-22,E12000002,North West,7367456,258.0,256.0,2.0,13958.0,45807.0,3560640.0,-27.8,0.722,-28.3,0.717,-18.1,8.5
2021-04-23,E12000002,North West,7367456,239.0,256.57142857142856,1.0,12346.0,49994.0,3572986.0,-28.0,0.72,-24.9,0.751,-21.3,7.5
2021-04-24,E12000002,North West,7367456,163.0,254.57142857142858,3.0,14891.0,58840.0,3587877.0,-13.1,0.869,-23.5,0.765,-27.4,3.4
2021-04-25,E12000002,North West,7367456,290.0,253.85714285714286,1.0,8380.0,25721.0,3596257.0,-10.6,0.894,-22.9,0.771,-22.7,2.5
2021-04-26,E12000002,North West,7367456,357.0,265.0,2.0,7110.0,31274.0,3603367.0,-28.2,0.718,-27.3,0.727,-17.0,8.1
2021-04-27,E12000002,North West,7367456,282.0,266.85714285714283,1.0,11795.0,45549.0,3615162.0,-29.0,0.71,-30.4,0.696,-21.6,9.3
2021-04-28,E12000002,North West,7367456,338.0,275.2857142857143,2.0,14132.0,50698.0,3629294.0,-28.3,0.717,-30.5,0.6950000000000001,-22.8,9.5
2021-04-29,E12000002,North West,7367456,310.0,282.7142857142857,5.0,15182.0,45246.0,3644476.0,-28.0,0.72,-29.2,0.708,-22.3,9.3
2021-04-30,E12000002,North West,7367456,242.0,283.14285714285717,0.0,14270.0,43494.0,3658746.0,-28.2,0.718,-24.7,0.753,-21.5,8.2
2021-05-01,E12000002,North West,7367456,194.0,287.57142857142856,1.0,18692.0,37997.0,3677438.0,-14.8,0.852,-23.6,0.764,-26.1,3.9
2021-05-02,E12000002,North West,7367456,203.0,275.14285714285717,1.0,7441.0,14350.0,3684879.0,-13.3,0.867,-24.6,0.754,-22.0,2.8
2021-05-03,E12000002,North West,7367456,280.0,264.14285714285717,1.0,8058.0,10223.0,3692937.0,-72.9,0.2709999999999999,-53.8,0.4620000000000001,-33.0,20.7
2021-05-04,E12000002,North West,7367456,390.0,279.57142857142856,1.0,12178.0,27481.0,3705115.0,-29.6,0.704,-30.9,0.6910000000000001,-24.7,10.0
2021-05-05,E12000002,North West,7367456,421.0,291.42857142857144,3.0,12165.0,50868.0,3717280.0,-27.8,0.722,-29.6,0.704,-21.7,9.3
2021-05-06,E12000002,North West,7367456,378.0,301.14285714285717,0.0,10984.0,58148.0,3728264.0,-28.3,0.717,-31.3,0.687,-24.4,9.6
2021-05-07,E12000002,North West,7367456,342.0,315.42857142857144,0.0,11256.0,56646.0,3739520.0,-26.2,0.738,-27.0,0.73,-24.4,8.2
2021-05-08,E12000002,North West,7367456,256.0,324.2857142857143,0.0,17333.0,49192.0,3756853.0,-16.0,0.84,-43.1,0.569,-38.6,7.9
2021-05-09,E12000002,North West,7367456,410.0,353.85714285714283,2.0,7382.0,20054.0,3764235.0,-9.5,0.905,-29.3,0.7070000000000001,-28.1,4.4
2021-05-10,E12000002,North West,7367456,525.0,388.85714285714283,4.0,9476.0,25144.0,3773711.0,-27.7,0.7230000000000001,-29.1,0.709,-21.2,8.9
2021-05-11,E12000002,North West,7367456,434.0,395.14285714285717,3.0,15860.0,43443.0,3789571.0,-27.4,0.726,-27.7,0.7230000000000001,-18.7,8.7
2021-05-12,E12000002,North West,7367456,467.0,401.7142857142857,1.0,25390.0,54357.0,3814961.0,-28.1,0.719,-27.9,0.7210000000000001,-19.0,8.8
2021-05-13,E12000002,North West,7367456,365.0,399.85714285714283,2.0,25217.0,45526.0,3840178.0,-29.0,0.71,-30.2,0.698,-23.9,9.4
2021-05-14,E12000002,North West,7367456,418.0,410.7142857142857,0.0,24219.0,44833.0,3864397.0,-27.6,0.724,-25.1,0.749,-22.0,7.9
2021-05-15,E12000002,North West,7367456,359.0,425.42857142857144,2.0,31005.0,45132.0,3895402.0,-14.1,0.859,-31.4,0.6859999999999999,-31.2,5.7
2021-05-16,E12000002,North West,7367456,426.0,427.7142857142857,1.0,17549.0,19400.0,3912951.0,-8.1,0.919,-23.9,0.761,-25.1,3.4
2021-05-17,E12000002,North West,7367456,652.0,445.85714285714283,1.0,11737.0,26599.0,3924688.0,-26.2,0.738,-21.8,0.782,-9.0,6.8
2021-05-18,E12000002,North West,7367456,716.0,486.14285714285717,0.0,33141.0,36310.0,3957829.0,-26.4,0.736,-20.2,0.798,-7.4,6.9
2021-05-19,E12000002,North West,7367456,574.0,501.42857142857144,0.0,38052.0,34257.0,3995881.0,-26.0,0.74,-23.2,0.768,-9.2,7.1
2021-05-20,E12000002,North West,7367456,568.0,530.4285714285714,1.0,33852.0,51423.0,4029733.0,-27.0,0.73,-32.3,0.677,-17.5,9.0
2021-05-21,E12000002,North West,7367456,538.0,547.5714285714286,3.0,27764.0,48755.0,4057497.0,-26.4,0.736,-23.5,0.765,-17.5,7.5
2021-05-22,E12000002,North West,7367456,475.0,564.1428571428571,1.0,27692.0,56576.0,4085189.0,-8.3,0.917,-15.0,0.85,-15.3,1.9
2021-05-23,E12000002,North West,7367456,552.0,582.1428571428571,3.0,14858.0,21971.0,4100047.0,-8.4,0.916,-20.5,0.795,-17.3,2.3
2021-05-24,E12000002,North West,7367456,928.0,621.5714285714286,2.0,9612.0,33131.0,4109659.0,-27.7,0.7230000000000001,-24.0,0.76,-12.0,7.4
2021-05-25,E12000002,North West,7367456,930.0,652.1428571428571,1.0,24305.0,45777.0,4133964.0,-27.1,0.729,-25.9,0.741,-10.4,8.2
2021-05-26,E12000002,North West,7367456,1092.0,726.1428571428571,3.0,23178.0,49650.0,4157142.0,-26.5,0.735,-24.4,0.756,-9.4,7.4
2021-05-27,E12000002,North West,7367456,1049.0,794.8571428571429,2.0,26926.0,43943.0,4184068.0,-26.2,0.738,-20.4,0.796,-3.2,6.7
2021-05-28,E12000002,North West,7367456,993.0,859.8571428571429,3.0,20645.0,44464.0,4204713.0,-27.5,0.725,-12.0,0.88,-4.2,5.3
2021-05-29,E12000002,North West,7367456,866.0,915.7142857142857,2.0,20132.0,38832.0,4224845.0,-9.9,0.901,-2.0,0.98,-11.2,0.5
2021-05-30,E12000002,North West,7367456,880.0,962.5714285714286,3.0,8222.0,18221.0,4233067.0,-6.0,0.94,9.8,1.098,7.1,-2.3
2021-05-31,E12000002,North West,7367456,1118.0,989.7142857142857,2.0,4370.0,11951.0,4237437.0,-71.4,0.2859999999999999,-18.6,0.814,6.6,12.2
2021-06-01,E12000002,North West,7367456,1660.0,1094.0,1.0,6659.0,33062.0,4244096.0,-40.9,0.591,-10.1,0.899,9.8,7.2
2021-06-02,E12000002,North West,7367456,1827.0,1199.0,2.0,15461.0,32556.0,4259557.0,-40.1,0.599,-15.8,0.842,5.4,8.2
2021-06-03,E12000002,North West,7367456,1881.0,1317.857142857143,4.0,19511.0,32201.0,4279068.0,-39.3,0.607,-21.9,0.781,2.8,8.9
2021-06-04,E12000002,North West,7367456,1813.0,1435.0,4.0,18100.0,33780.0,4297168.0,-37.6,0.624,-11.5,0.885,-3.3,6.5
2021-06-05,E12000002,North West,7367456,1421.0,1514.2857142857142,2.0,24093.0,41633.0,4321261.0,-6.9,0.931,-5.7,0.943,-15.6,0.6
2021-06-06,E12000002,North West,7367456,1719.0,1634.142857142857,1.0,11016.0,23683.0,4332277.0,-2.7,0.973,-4.2,0.958,-7.1,0.1
2021-06-07,E12000002,North West,7367456,2422.0,1820.4285714285713,3.0,8034.0,28337.0,4340311.0,-27.4,0.726,-18.8,0.812,-3.9,6.7
2021-06-08,E12000002,North West,7367456,2259.0,1906.0,1.0,11391.0,31546.0,4351702.0,-26.8,0.732,-20.0,0.8,-1.3,7.0
2021-06-09,E12000002,North West,7367456,2273.0,1969.7142857142858,3.0,16117.0,30633.0,4367819.0,-26.8,0.732,-23.3,0.767,-6.0,7.7
2021-06-10,E12000002,North West,7367456,2272.0,2025.5714285714287,3.0,17685.0,32980.0,4385504.0,-26.2,0.738,-24.1,0.759,-6.0,7.7
2021-06-11,E12000002,North West,7367456,2154.0,2074.285714285714,3.0,18145.0,31052.0,4403649.0,-26.1,0.739,-18.4,0.8160000000000001,-10.2,6.1
2021-06-12,E12000002,North West,7367456,1705.0,2114.8571428571427,3.0,26025.0,32358.0,4429674.0,-5.5,0.945,-12.8,0.872,-15.4,1.4
2021-06-13,E12000002,North West,7367456,1980.0,2152.1428571428573,0.0,12608.0,18401.0,4442282.0,-2.4,0.976,-7.9,0.921,-14.4,0.3
2021-06-14,E12000002,North West,7367456,2807.0,2207.1428571428573,6.0,12300.0,24190.0,4454582.0,-26.9,0.7310000000000001,-22.6,0.774,-8.5,7.3
2021-06-15,E12000002,North West,7367456,2889.0,2297.1428571428573,6.0,17341.0,27171.0,4471923.0,-26.0,0.74,-20.9,0.791,-3.2,7.1
2021-06-16,E12000002,North West,7367456,2883.0,2384.285714285714,5.0,15830.0,24194.0,4487753.0,-26.5,0.735,-25.0,0.75,-7.7,7.7
2021-06-17,E12000002,North West,7367456,2859.0,2468.1428571428573,1.0,23773.0,26887.0,4511526.0,-26.0,0.74,-23.9,0.761,-6.5,7.4
2021-06-18,E12000002,North West,7367456,2508.0,2518.714285714286,4.0,20424.0,25204.0,4531950.0,-25.9,0.741,-17.8,0.822,-10.2,5.5
2021-06-19,E12000002,North West,7367456,2039.0,2566.4285714285716,10.0,27456.0,27319.0,4559406.0,-6.7,0.933,-15.9,0.841,-14.6,1.5
2021-06-20,E12000002,North West,7367456,2438.0,2631.8571428571427,10.0,10690.0,12174.0,4570096.0,-1.3,0.987,-12.2,0.878,-7.0,0.2
2021-06-21,E12000002,North West,7367456,3654.0,2752.8571428571427,10.0,14798.0,15426.0,4584894.0,-27.1,0.729,-21.9,0.781,-9.0,7.4
2021-06-22,E12000002,North West,7367456,3634.0,2859.285714285714,4.0,19184.0,19502.0,4604078.0,-26.6,0.734,-21.9,0.781,-5.1,7.1
2021-06-23,E12000002,North West,7367456,3749.0,2983.0,4.0,17883.0,17065.0,4621961.0,-27.0,0.73,-27.2,0.728,-10.8,8.4
2021-06-24,E12000002,North West,7367456,3811.0,3119.0,9.0,22895.0,17941.0,4644856.0,-26.6,0.734,-24.7,0.753,-8.6,8.2
2021-06-25,E12000002,North West,7367456,3454.0,3254.1428571428573,7.0,21830.0,16950.0,4666686.0,-27.1,0.729,-18.0,0.8200000000000001,-11.9,7.1
2021-06-26,E12000002,North West,7367456,2994.0,3390.5714285714284,3.0,22727.0,19394.0,4689413.0,-5.7,0.943,-11.7,0.883,-14.0,1.5
2021-06-27,E12000002,North West,7367456,3379.0,3525.0,6.0,9625.0,11461.0,4699038.0,-2.6,0.974,-7.3,0.927,-8.3,0.6
2021-06-28,E12000002,North West,7367456,5449.0,3781.4285714285716,7.0,11146.0,13324.0,4710184.0,-27.7,0.7230000000000001,-19.0,0.81,-5.5,6.9
2021-06-29,E12000002,North West,7367456,4995.0,3975.8571428571427,7.0,12312.0,16265.0,4722496.0,-28.5,0.7150000000000001,-25.0,0.75,-7.3,6.8
2021-06-30,E12000002,North West,7367456,5055.0,4162.428571428572,9.0,11859.0,19770.0,4734355.0,-27.7,0.7230000000000001,-23.9,0.761,-4.4,6.4
2021-07-01,E12000002,North West,7367456,4942.0,4324.0,5.0,12702.0,17730.0,4747057.0,-27.0,0.73,-22.9,0.771,-3.8,7.6
2021-07-02,E12000002,North West,7367456,4386.0,4457.142857142857,13.0,10943.0,19853.0,4758000.0,-27.3,0.727,-15.1,0.849,-8.5,6.5
2021-07-03,E12000002,North West,7367456,3649.0,4550.714285714285,7.0,12799.0,22404.0,4770799.0,-7.4,0.9259999999999999,-18.1,0.819,-17.3,2.6
2021-07-04,E12000002,North West,7367456,3924.0,4628.571428571428,10.0,5523.0,9220.0,4776322.0,-4.3,0.957,-12.5,0.875,-12.3,2.3
2021-07-05,E12000002,North West,7367456,5281.0,4604.571428571428,6.0,5702.0,13104.0,4782024.0,-27.4,0.726,-20.0,0.8,-5.8,7.9
2021-07-06,E12000002,North West,7367456,5462.0,4671.285714285715,6.0,7533.0,16935.0,4789557.0,-27.4,0.726,-25.9,0.741,-6.3,8.9
2021-07-07,E12000002,North West,7367456,5951.0,4799.285714285715,8.0,6448.0,15902.0,4796005.0,-27.3,0.727,-25.0,0.75,-5.0,7.9
2021-07-08,E12000002,North West,7367456,5148.0,4828.714285714285,10.0,8049.0,21162.0,4804054.0,-27.8,0.722,-23.1,0.769,-5.3,8.3
2021-07-09,E12000002,North West,7367456,4880.0,4899.285714285715,13.0,8460.0,19166.0,4812514.0,-27.0,0.73,-15.1,0.849,-8.0,6.7
2021-07-10,E12000002,North West,7367456,4020.0,4952.285714285715,12.0,8116.0,21722.0,4820630.0,-5.9,0.941,-14.0,0.86,-14.7,2.7
2021-07-11,E12000002,North West,7367456,4305.0,5006.714285714285,12.0,2851.0,8830.0,4823481.0,-0.1,0.999,-10.2,0.898,-7.8,-0.2
2021-07-12,E12000002,North West,7367456,6238.0,5143.428571428572,10.0,4348.0,11742.0,4827829.0,-32.6,0.6739999999999999,-23.0,0.77,-12.6,9.9
2021-07-13,E12000002,North West,7367456,6646.0,5312.571428571428,14.0,6171.0,19528.0,4834000.0,-28.3,0.717,-21.6,0.784,-2.7,8.2
2021-07-14,E12000002,North West,7367456,7508.0,5535.0,9.0,5768.0,18586.0,4839768.0,-28.1,0.719,-21.5,0.785,-2.7,8.3
2021-07-15,E12000002,North West,7367456,8117.0,5959.142857142857,15.0,5916.0,19680.0,4845684.0,-28.0,0.72,-20.4,0.796,-2.0,7.9
2021-07-16,E12000002,North West,7367456,7301.0,6305.0,18.0,5747.0,22899.0,4851431.0,-28.6,0.714,-12.0,0.88,-6.7,6.6
2021-07-17,E12000002,North West,7367456,4981.0,6442.285714285715,9.0,5843.0,26290.0,4857274.0,-7.3,0.927,-4.7,0.953,-17.1,1.3
2021-07-18,E12000002,North West,7367456,4655.0,6492.285714285715,16.0,2620.0,12163.0,4859894.0,-3.1,0.969,0.1,1.001,-8.2,0.4
2021-07-19,E12000002,North West,7367456,6336.0,6506.285714285715,14.0,2931.0,13871.0,4862825.0,-33.8,0.662,-14.5,0.855,2.4,7.1
2021-07-20,E12000002,North West,7367456,5255.0,6307.571428571428,12.0,4047.0,16106.0,4866872.0,-34.4,0.656,-17.0,0.83,3.7,8.0
2021-07-21,E12000002,North West,7367456,4449.0,5870.571428571428,8.0,4118.0,15032.0,4870990.0,-35.2,0.6479999999999999,-18.3,0.817,0.6,8.2
2021-07-22,E12000002,North West,7367456,3938.0,5273.571428571428,23.0,4782.0,18993.0,4875772.0,-35.6,0.6439999999999999,-18.4,0.8160000000000001,0.9,8.5
2021-07-23,E12000002,North West,7367456,3438.0,4721.714285714285,16.0,4202.0,17310.0,4879974.0,-36.4,0.636,-8.6,0.914,-4.0,6.8
2021-07-24,E12000002,North West,7367456,2905.0,4425.142857142857,9.0,4272.0,18955.0,4884246.0,-7.6,0.924,0.7,1.007,-11.8,0.6
2021-07-25,E12000002,North West,7367456,2850.0,4167.285714285715,13.0,1945.0,8361.0,4886191.0,-1.9,0.981,3.6,1.036,-1.3,-0.2
2021-07-26,E12000002,North West,7367456,3683.0,3788.285714285714,17.0,3276.0,13179.0,4889467.0,-37.7,0.623,-11.3,0.887,5.7,7.5
2021-07-27,E12000002,North West,7367456,3404.0,3523.8571428571427,17.0,4181.0,17647.0,4893648.0,-37.4,0.626,-18.7,0.813,4.9,9.0
2021-07-28,E12000002,North West,7367456,3545.0,3394.714285714286,12.0,3162.0,13500.0,4896810.0,-37.6,0.624,-22.1,0.779,2.1,9.6
2021-07-29,E12000002,North West,7367456,3366.0,3313.0,17.0,3976.0,16522.0,4900786.0,-36.9,0.631,-21.6,0.784,1.6,9.3
2021-07-30,E12000002,North West,7367456,2791.0,3220.5714285714284,26.0,3872.0,17711.0,4904658.0,-37.2,0.6279999999999999,-11.5,0.885,-3.2,7.8
2021-07-31,E12000002,North West,7367456,2279.0,3131.1428571428573,11.0,4074.0,22162.0,4908732.0,-6.9,0.931,-0.9,0.991,-9.7,0.9
2021-08-01,E12000002,North West,7367456,2463.0,3075.8571428571427,15.0,1976.0,9459.0,4910708.0,-1.8,0.982,3.7,1.037,-0.4,-0.1
2021-08-02,E12000002,North West,7367456,3605.0,3064.714285714286,14.0,2860.0,11570.0,4913568.0,-38.5,0.615,-9.6,0.904,8.5,7.3
2021-08-03,E12000002,North West,7367456,3444.0,3070.4285714285716,10.0,3407.0,13704.0,4916975.0,-37.7,0.623,-12.1,0.879,12.2,7.8
2021-08-04,E12000002,North West,7367456,3631.0,3082.714285714286,13.0,3837.0,18212.0,4920812.0,-37.4,0.626,-15.3,0.847,8.0,8.1
2021-08-05,E12000002,North West,7367456,3631.0,3120.5714285714284,18.0,4138.0,18896.0,4924950.0,-37.3,0.627,-19.1,0.8089999999999999,4.2,9.0
2021-08-06,E12000002,North West,7367456,3085.0,3162.5714285714284,12.0,3917.0,17116.0,4928867.0,-37.7,0.623,-12.8,0.872,-4.7,8.1
2021-08-07,E12000002,North West,7367456,2482.0,3191.5714285714284,15.0,3734.0,18767.0,4932601.0,-9.0,0.91,-7.7,0.923,-13.7,2.1
2021-08-08,E12000002,North West,7367456,2608.0,3212.285714285714,13.0,1836.0,8456.0,4934437.0,-4.1,0.959,-4.7,0.953,-5.4,1.5
2021-08-09,E12000002,North West,7367456,3727.0,3229.714285714286,16.0,2365.0,11680.0,4936802.0,-37.4,0.626,-10.5,0.895,8.6,7.4
2021-08-10,E12000002,North West,7367456,3691.0,3265.0,15.0,4251.0,13725.0,4941053.0,-37.1,0.629,-13.0,0.87,12.7,7.6
2021-08-11,E12000002,North West,7367456,3786.0,3287.1428571428573,19.0,4101.0,15762.0,4945154.0,-37.5,0.625,-17.8,0.822,5.9,8.7
2021-08-12,E12000002,North West,7367456,3466.0,3263.5714285714284,16.0,4758.0,18820.0,4949912.0,-36.6,0.634,-13.9,0.861,9.4,7.4
2021-08-13,E12000002,North West,7367456,3076.0,3262.285714285714,13.0,3926.0,15666.0,4953838.0,-36.5,0.635,-6.7,0.933,0.4,6.0
2021-08-14,E12000002,North West,7367456,2654.0,3286.8571428571427,12.0,5050.0,19798.0,4958888.0,-7.4,0.9259999999999999,4.4,1.044,-9.9,0.3
2021-08-15,E12000002,North West,7367456,2784.0,3312.0,10.0,2353.0,8321.0,4961241.0,-3.2,0.968,0.8,1.008,-2.5,0.2
2021-08-16,E12000002,North West,7367456,3839.0,3328.0,11.0,3526.0,12957.0,4964767.0,-38.1,0.619,-10.7,0.893,6.2,7.5
2021-08-17,E12000002,North West,7367456,3486.0,3298.714285714286,10.0,3827.0,12516.0,4968594.0,-37.8,0.6220000000000001,-17.5,0.825,8.2,8.8
2021-08-18,E12000002,North West,7367456,3639.0,3277.714285714286,7.0,4237.0,15662.0,4972831.0,-36.0,0.64,-18.3,0.817,5.6,8.5
2021-08-19,E12000002,North West,7367456,3587.0,3295.0,14.0,6550.0,19077.0,4979381.0,-35.9,0.641,-17.3,0.827,4.9,8.3
2021-08-20,E12000002,North West,7367456,3185.0,3310.5714285714284,17.0,6099.0,17888.0,4985480.0,-36.2,0.6379999999999999,-6.5,0.935,-0.7,6.3
2021-08-21,E12000002,North West,7367456,2781.0,3328.714285714286,16.0,6401.0,17739.0,4991881.0,-8.5,0.915,-2.5,0.975,-11.1,1.7
2021-08-22,E12000002,North West,7367456,2909.0,3346.5714285714284,9.0,3168.0,9003.0,4995049.0,-1.0,0.99,1.9,1.019,-0.5,-0.1
2021-08-23,E12000002,North West,7367456,3922.0,3358.4285714285716,18.0,4263.0,13021.0,4999312.0,-37.0,0.63,-8.9,0.911,9.6,6.5
2021-08-24,E12000002,North West,7367456,3706.0,3389.8571428571427,20.0,5212.0,13725.0,5004524.0,-37.0,0.63,-12.7,0.873,12.1,7.1
2021-08-25,E12000002,North West,7367456,3798.0,3412.5714285714284,12.0,5891.0,13614.0,5010415.0,-36.8,0.632,-12.4,0.876,11.9,7.2
2021-08-26,E12000002,North West,7367456,3727.0,3432.5714285714284,15.0,5455.0,13418.0,5015870.0,-36.8,0.632,-10.3,0.897,12.7,6.8
2021-08-27,E12000002,North West,7367456,3178.0,3431.5714285714284,17.0,3979.0,10768.0,5019849.0,-38.0,0.62,-1.3,0.987,4.7,5.4
2021-08-28,E12000002,North West,7367456,2625.0,3409.285714285714,13.0,4914.0,13139.0,5024763.0,-7.5,0.925,10.8,1.108,-5.7,-1.0
2021-08-29,E12000002,North West,7367456,2615.0,3367.285714285714,14.0,2055.0,5082.0,5026818.0,-1.6,0.984,12.2,1.1219999999999999,11.6,-2.0
2021-08-30,E12000002,North West,7367456,3441.0,3298.5714285714284,11.0,1530.0,4791.0,5028348.0,-69.9,0.30099999999999993,-19.2,0.808,9.6,13.1
2021-08-31,E12000002,North West,7367456,4573.0,3422.4285714285716,14.0,3510.0,10699.0,5031858.0,-36.2,0.6379999999999999,-10.4,0.896,14.0,7.5
2021-09-01,E12000002,North West,7367456,4541.0,3528.5714285714284,12.0,4044.0,10052.0,5035902.0,-32.0,0.6799999999999999,-17.3,0.827,6.0,7.9
2021-09-02,E12000002,North West,7367456,4525.0,3642.5714285714284,14.0,3867.0,10328.0,5039769.0,-29.8,0.702,-17.1,0.829,4.4,7.4
2021-09-03,E12000002,North West,7367456,4010.0,3761.4285714285716,16.0,3313.0,10623.0,5043082.0,-28.5,0.7150000000000001,-3.8,0.962,0.3,5.8
2021-09-04,E12000002,North West,7367456,3250.0,3850.714285714286,15.0,3753.0,12299.0,5046835.0,-4.9,0.951,5.1,1.051,-5.2,0.6
2021-09-05,E12000002,North West,7367456,3367.0,3958.1428571428573,21.0,1580.0,4220.0,5048415.0,0.7,1.007,10.0,1.1,3.9,-0.2
2021-09-06,E12000002,North West,7367456,4920.0,4169.428571428572,15.0,2076.0,8336.0,5050491.0,-28.0,0.72,-9.9,0.901,2.3,5.9
2021-09-07,E12000002,North West,7367456,4169.0,4111.714285714285,25.0,2527.0,8644.0,5053018.0,-27.6,0.724,-11.1,0.889,5.0,5.7
2021-09-08,E12000002,North West,7367456,4086.0,4046.714285714286,20.0,2775.0,8274.0,5055793.0,-27.4,0.726,-12.0,0.88,1.0,5.8
2021-09-09,E12000002,North West,7367456,3757.0,3937.0,21.0,3225.0,10184.0,5059018.0,-26.7,0.733,-16.1,0.839,-3.8,6.8
2021-09-10,E12000002,North West,7367456,3208.0,3822.4285714285716,17.0,2955.0,9480.0,5061973.0,-26.1,0.739,-4.5,0.955,-3.6,5.1
2021-09-11,E12000002,North West,7367456,2583.0,3727.1428571428573,21.0,2610.0,8846.0,5064583.0,-4.5,0.955,8.2,1.082,-2.6,0.5
2021-09-12,E12000002,North West,7367456,2789.0,3644.5714285714284,15.0,1240.0,3722.0,5065823.0,-1.2,0.988,1.7,1.017,-2.4,0.7
2021-09-13,E12000002,North West,7367456,4012.0,3514.8571428571427,14.0,1943.0,6323.0,5067766.0,-27.6,0.724,-10.4,0.896,-2.0,5.9
2021-09-14,E12000002,North West,7367456,3617.0,3436.0,21.0,2145.0,6731.0,5069911.0,-27.7,0.7230000000000001,-12.6,0.874,3.0,6.1
2021-09-15,E12000002,North West,7367456,3600.0,3366.5714285714284,20.0,2420.0,5683.0,5072331.0,-27.3,0.727,-10.3,0.897,1.6,5.1
2021-09-16,E12000002,North West,7367456,3590.0,3342.714285714286,19.0,2511.0,6534.0,5074842.0,-27.7,0.7230000000000001,-14.2,0.858,-0.8,4.9
2021-09-17,E12000002,North West,7367456,3282.0,3353.285714285714,21.0,2161.0,5939.0,5077003.0,-28.2,0.718,-3.3,0.967,-2.5,4.2
2021-09-18,E12000002,North West,7367456,3045.0,3419.285714285714,18.0,2503.0,7524.0,5079506.0,-6.9,0.931,5.3,1.053,-5.2,0.0
2021-09-19,E12000002,North West,7367456,3595.0,3534.4285714285716,16.0,1083.0,2817.0,5080589.0,-2.9,0.971,-1.1,0.989,-2.7,0.3
2021-09-20,E12000002,North West,7367456,4844.0,3653.285714285714,14.0,1927.0,4852.0,5082516.0,-28.2,0.718,-9.5,0.905,-0.9,5.0
2021-09-21,E12000002,North West,7367456,4338.0,3756.285714285714,13.0,1937.0,4678.0,5084453.0,-27.5,0.725,-12.6,0.874,0.8,5.6
2021-09-22,E12000002,North West,7367456,4095.0,3827.0,14.0,2130.0,4634.0,5086583.0,-25.4,0.746,-15.3,0.847,-2.9,6.0
2021-09-23,E12000002,North West,7367456,3883.0,3868.8571428571427,24.0,2475.0,4659.0,5089058.0,-25.7,0.743,-16.0,0.84,-3.0,6.1
2021-09-24,E12000002,North West,7367456,3559.0,3908.4285714285716,14.0,2897.0,4968.0,5091955.0,-26.2,0.738,-4.8,0.952,-2.1,4.4
2021-09-25,E12000002,North West,7367456,3006.0,3902.8571428571427,16.0,1795.0,4758.0,5093750.0,-5.9,0.941,10.7,1.107,-3.5,0.3
2021-09-26,E12000002,North West,7367456,3529.0,3893.4285714285716,8.0,964.0,2734.0,5094714.0,-2.9,0.971,4.1,1.041,-2.2,0.2
2021-09-27,E12000002,North West,7367456,4923.0,3904.714285714286,7.0,3104.0,3588.0,5097818.0,-27.0,0.73,-13.9,0.861,-6.8,6.6
2021-09-28,E12000002,North West,7367456,4037.0,3861.714285714286,13.0,3136.0,3958.0,5100954.0,-27.7,0.7230000000000001,-17.9,0.821,-7.1,7.3
2021-09-29,E12000002,North West,7367456,4080.0,3859.5714285714284,10.0,3134.0,4104.0,5104088.0,-27.7,0.7230000000000001,-19.4,0.806,-6.9,6.5
2021-09-30,E12000002,North West,7367456,3829.0,3851.8571428571427,12.0,3480.0,3616.0,5107568.0,-27.5,0.725,-21.9,0.781,-7.0,7.1
2021-10-01,E12000002,North West,7367456,3556.0,3851.4285714285716,19.0,3322.0,3382.0,5110890.0,-27.3,0.727,-11.3,0.887,-3.9,5.3
2021-10-02,E12000002,North West,7367456,3171.0,3875.0,12.0,1858.0,3796.0,5112748.0,-9.3,0.907,-9.3,0.907,-9.7,2.4
2021-10-03,E12000002,North West,7367456,3792.0,3912.5714285714284,16.0,923.0,1694.0,5113671.0,-3.7,0.963,-7.5,0.925,-3.5,1.5
2021-10-04,E12000002,North West,7367456,5589.0,4007.714285714286,17.0,5730.0,2805.0,5119401.0,-27.7,0.7230000000000001,-17.9,0.821,-6.2,6.0
2021-10-05,E12000002,North West,7367456,4851.0,4124.0,13.0,6743.0,3079.0,5126144.0,-28.6,0.714,-23.8,0.762,-9.4,7.4
2021-10-06,E12000002,North West,7367456,5019.0,4258.142857142857,16.0,6643.0,3186.0,5132787.0,-26.3,0.737,-19.4,0.806,-4.2,6.1
2021-10-07,E12000002,North West,7367456,4823.0,4400.142857142857,19.0,6005.0,3229.0,5138792.0,-26.0,0.74,-20.6,0.794,-6.1,6.3
2021-10-08,E12000002,North West,7367456,4286.0,4504.428571428572,9.0,5871.0,3320.0,5144663.0,-26.0,0.74,-9.8,0.902,-4.2,4.6
2021-10-09,E12000002,North West,7367456,3975.0,4619.285714285715,20.0,2064.0,4413.0,5146727.0,-6.7,0.933,-0.8,0.992,-4.4,1.1
2021-10-10,E12000002,North West,7367456,4334.0,4696.714285714285,13.0,1187.0,1946.0,5147914.0,-3.0,0.97,-1.0,0.99,-1.1,0.5
2021-10-11,E12000002,North West,7367456,6154.0,4777.428571428572,16.0,6673.0,3462.0,5154587.0,-26.3,0.737,-14.6,0.854,-3.6,5.8
2021-10-12,E12000002,North West,7367456,5596.0,4883.857142857143,15.0,6769.0,2702.0,5161356.0,-26.3,0.737,-19.5,0.8049999999999999,-3.4,6.4
2021-10-13,E12000002,North West,7367456,5275.0,4920.428571428572,15.0,5773.0,2878.0,5167129.0,-26.1,0.739,-19.8,0.802,-5.6,6.3
2021-10-14,E12000002,North West,7367456,5163.0,4969.0,17.0,6537.0,2834.0,5173666.0,-25.2,0.748,-19.1,0.8089999999999999,-5.0,6.2
2021-10-15,E12000002,North West,7367456,4288.0,4969.285714285715,19.0,6378.0,3600.0,5180044.0,-25.3,0.747,-8.8,0.912,-2.7,4.6
2021-10-16,E12000002,North West,7367456,3746.0,4936.571428571428,19.0,1696.0,3350.0,5181740.0,-7.4,0.9259999999999999,-1.9,0.981,-4.1,1.0
2021-10-17,E12000002,North West,7367456,4541.0,4966.142857142857,20.0,867.0,1703.0,5182607.0,-4.5,0.955,-9.4,0.906,-4.2,1.8
2021-10-18,E12000002,North West,7367456,6081.0,4955.714285714285,19.0,5794.0,2380.0,5188401.0,-27.0,0.73,-18.0,0.8200000000000001,-7.8,6.7
2021-10-19,E12000002,North West,7367456,5341.0,4919.285714285715,15.0,6089.0,2385.0,5194490.0,-27.3,0.727,-21.9,0.781,-6.2,7.1
2021-10-20,E12000002,North West,7367456,5335.0,4927.857142857143,24.0,5988.0,2519.0,5200478.0,-26.8,0.732,-21.7,0.783,-6.9,6.9
2021-10-21,E12000002,North West,7367456,4682.0,4859.142857142857,27.0,6483.0,2805.0,5206961.0,-26.0,0.74,-19.1,0.8089999999999999,-2.6,6.3
2021-10-22,E12000002,North West,7367456,4132.0,4836.857142857143,15.0,5390.0,2796.0,5212351.0,-28.1,0.719,-10.7,0.893,-6.0,6.1
2021-10-23,E12000002,North West,7367456,3456.0,4795.428571428572,21.0,2065.0,3437.0,5214416.0,-7.7,0.923,3.6,1.036,-2.8,1.1
2021-10-24,E12000002,North West,7367456,3639.0,4666.571428571428,19.0,1332.0,1542.0,5215748.0,-5.5,0.945,-3.1,0.969,-1.9,1.5
2021-10-25,E12000002,North West,7367456,4915.0,4500.0,20.0,2445.0,2020.0,5218193.0,-37.6,0.624,-11.0,0.89,9.0,7.1
2021-10-26,E12000002,North West,7367456,4214.0,4339.0,22.0,2753.0,2328.0,5220946.0,-37.3,0.627,-13.9,0.861,10.2,7.7
2021-10-27,E12000002,North West,7367456,4559.0,4228.142857142857,17.0,3490.0,2503.0,5224436.0,-37.5,0.625,-18.3,0.817,6.5,8.3
2021-10-28,E12000002,North West,7367456,4416.0,4190.142857142857,29.0,3751.0,2582.0,5228187.0,-37.5,0.625,-18.0,0.8200000000000001,7.0,8.1
2021-10-29,E12000002,North West,7367456,4268.0,4209.571428571428,20.0,3485.0,2387.0,5231672.0,-37.3,0.627,-9.4,0.906,1.5,7.0
2021-10-30,E12000002,North West,7367456,3483.0,4213.428571428572,25.0,3202.0,2700.0,5234874.0,-9.9,0.901,-6.3,0.937,-6.6,1.0
2021-10-31,E12000002,North West,7367456,3812.0,4238.142857142857,25.0,2447.0,1127.0,5237321.0,-5.7,0.943,-15.2,0.848,-8.8,1.9
2021-11-01,E12000002,North West,7367456,4817.0,4224.142857142857,20.0,5607.0,1908.0,5242928.0,-28.3,0.717,-20.8,0.792,-11.9,7.6
2021-11-02,E12000002,North West,7367456,4074.0,4204.142857142857,14.0,5452.0,2152.0,5248380.0,-25.5,0.745,-19.6,0.804,-4.5,6.5
2021-11-03,E12000002,North West,7367456,3855.0,4103.571428571428,29.0,5806.0,2281.0,5254186.0,-25.5,0.745,-19.1,0.8089999999999999,-3.4,6.2
2021-11-04,E12000002,North West,7367456,3415.0,3960.5714285714284,24.0,4816.0,2455.0,5259002.0,-25.0,0.75,-17.5,0.825,-3.1,6.3
2021-11-05,E12000002,North West,7367456,3128.0,3797.714285714286,13.0,4305.0,2403.0,5263307.0,-25.6,0.744,-12.0,0.88,-7.5,5.6
2021-11-06,E12000002,North West,7367456,2849.0,3707.1428571428573,32.0,3518.0,2587.0,5266825.0,-9.0,0.91,-12.3,0.877,-9.5,2.5
2021-11-07,E12000002,North West,7367456,3214.0,3621.714285714286,18.0,2342.0,1367.0,5269167.0,-5.3,0.947,-7.5,0.925,-2.7,1.5
2021-11-08,E12000002,North West,7367456,4639.0,3596.285714285714,26.0,3970.0,2312.0,5273137.0,-25.2,0.748,-16.3,0.837,-6.2,6.2
2021-11-09,E12000002,North West,7367456,4308.0,3629.714285714286,17.0,4637.0,2517.0,5277774.0,-24.9,0.751,-18.3,0.817,-6.1,6.6
2021-11-10,E12000002,North West,7367456,4116.0,3667.0,22.0,3970.0,2947.0,5281744.0,-24.6,0.754,-18.7,0.813,-6.0,6.3
2021-11-11,E12000002,North West,7367456,4052.0,3758.0,18.0,4864.0,2792.0,5286608.0,-24.3,0.757,-18.7,0.813,-5.4,6.4
2021-11-12,E12000002,North West,7367456,3690.0,3838.285714285714,17.0,3866.0,2586.0,5290474.0,-25.2,0.748,-13.5,0.865,-7.4,6.0
2021-11-13,E12000002,North West,7367456,3123.0,3877.4285714285716,21.0,3396.0,2856.0,5293870.0,-7.4,0.9259999999999999,-0.6,0.994,-4.5,1.4
2021-11-14,E12000002,North West,7367456,3353.0,3897.285714285714,17.0,1391.0,1331.0,5295261.0,-4.7,0.953,0.4,1.004,1.4,0.6
2021-11-15,E12000002,North West,7367456,5056.0,3956.8571428571427,31.0,2995.0,2048.0,5298256.0,-25.0,0.75,-16.9,0.831,-6.2,6.2
2021-11-16,E12000002,North West,7367456,4619.0,4001.285714285714,30.0,3195.0,2203.0,5301451.0,-24.7,0.753,-17.5,0.825,-4.6,6.4
2021-11-17,E12000002,North West,7367456,4559.0,4064.5714285714284,23.0,3927.0,2516.0,5305378.0,-24.5,0.755,-18.8,0.812,-5.9,6.4
2021-11-18,E12000002,North West,7367456,4471.0,4124.428571428572,20.0,2616.0,2343.0,5307994.0,-24.3,0.757,-17.4,0.8260000000000001,-4.8,6.5
2021-11-19,E12000002,North West,7367456,3784.0,4137.857142857143,11.0,2820.0,2517.0,5310814.0,-25.0,0.75,-9.3,0.907,-2.3,5.3
2021-11-20,E12000002,North West,7367456,3335.0,4168.142857142857,17.0,2626.0,3279.0,5313440.0,-8.2,0.918,-2.8,0.972,-5.6,1.8
2021-11-21,E12000002,North West,7367456,3503.0,4189.571428571428,10.0,1155.0,1394.0,5314595.0,-4.9,0.951,-3.8,0.962,-0.6,1.0
2021-11-22,E12000002,North West,7367456,4724.0,4142.142857142857,10.0,2296.0,2032.0,5316891.0,-25.5,0.745,-16.1,0.839,-3.8,6.1
2021-11-23,E12000002,North West,7367456,4598.0,4139.142857142857,12.0,2253.0,2564.0,5319144.0,-25.3,0.747,-17.4,0.8260000000000001,-3.2,6.4
2021-11-24,E12000002,North West,7367456,4274.0,4098.428571428572,11.0,2204.0,2569.0,5321348.0,-24.8,0.752,-18.2,0.8180000000000001,-4.7,6.5
2021-11-25,E12000002,North West,7367456,4103.0,4045.8571428571427,20.0,2063.0,2914.0,5323411.0,-24.4,0.756,-17.8,0.822,-1.7,6.4
2021-11-26,E12000002,North West,7367456,3671.0,4029.714285714286,17.0,2683.0,2676.0,5326094.0,-26.7,0.733,-13.3,0.867,-3.9,6.4
2021-11-27,E12000002,North West,7367456,2925.0,3971.1428571428573,19.0,2457.0,3887.0,5328551.0,-9.8,0.902,-15.4,0.846,-9.9,2.8
2021-11-28,E12000002,North West,7367456,3613.0,3986.8571428571427,13.0,1075.0,2138.0,5329626.0,-6.4,0.9359999999999999,-8.7,0.913,-7.7,2.1
2021-11-29,E12000002,North West,7367456,4986.0,4024.285714285714,13.0,2002.0,3134.0,5331628.0,-27.6,0.724,-17.7,0.823,-6.5,7.3
2021-11-30,E12000002,North West,7367456,5181.0,4107.571428571428,12.0,2401.0,3728.0,5334029.0,-25.3,0.747,-18.6,0.814,-2.6,6.5
2021-12-01,E12000002,North West,7367456,5155.0,4233.428571428572,13.0,2663.0,4291.0,5336692.0,-25.2,0.748,-22.0,0.78,-5.7,6.9
2021-12-02,E12000002,North West,7367456,4695.0,4318.0,8.0,2484.0,3778.0,5339176.0,-24.3,0.757,-18.8,0.812,-1.7,6.4
2021-12-03,E12000002,North West,7367456,4262.0,4402.428571428572,11.0,2117.0,3629.0,5341293.0,-25.7,0.743,-11.8,0.882,-3.3,5.9
2021-12-04,E12000002,North West,7367456,3292.0,4454.857142857143,23.0,2933.0,4079.0,5344226.0,-10.0,0.9,-11.6,0.884,-13.5,2.9
2021-12-05,E12000002,North West,7367456,3819.0,4484.285714285715,10.0,1507.0,2392.0,5345733.0,-4.5,0.955,-5.6,0.944,-0.2,1.2
2021-12-06,E12000002,North West,7367456,6034.0,4634.0,10.0,1960.0,2821.0,5347693.0,-26.5,0.735,-19.6,0.804,-4.3,6.8
2021-12-07,E12000002,North West,7367456,5255.0,4644.571428571428,19.0,1959.0,2985.0,5349652.0,-25.0,0.75,-24.2,0.758,-9.1,7.7
2021-12-08,E12000002,North West,7367456,5504.0,4694.428571428572,16.0,1931.0,3431.0,5351583.0,-24.2,0.758,-25.5,0.745,-8.7,7.8
2021-12-09,E12000002,North West,7367456,5212.0,4768.285714285715,12.0,2228.0,3977.0,5353811.0,-22.8,0.772,-20.8,0.792,-1.3,6.5
2021-12-10,E12000002,North West,7367456,4613.0,4818.428571428572,14.0,2251.0,3915.0,5356062.0,-24.1,0.759,-14.9,0.851,-4.1,5.9
2021-12-11,E12000002,North West,7367456,4337.0,4967.714285714285,10.0,2832.0,4181.0,5358894.0,-6.6,0.9339999999999999,-11.9,0.881,-8.8,2.0
2021-12-12,E12000002,North West,7367456,4573.0,5075.428571428572,17.0,2107.0,2800.0,5361001.0,-2.5,0.975,-13.8,0.862,-2.2,1.6
2021-12-13,E12000002,North West,7367456,7657.0,5307.285714285715,11.0,2082.0,3307.0,5363083.0,-25.9,0.741,-22.5,0.775,-1.3,7.1
2021-12-14,E12000002,North West,7367456,8807.0,5814.714285714285,18.0,2663.0,4063.0,5365746.0,-25.3,0.747,-21.9,0.781,2.3,7.1
2021-12-15,E12000002,North West,7367456,10266.0,6495.0,17.0,3078.0,4615.0,5368824.0,-25.1,0.749,-22.9,0.771,4.4,6.8
2021-12-16,E12000002,North West,7367456,10018.0,7181.571428571428,16.0,3593.0,4964.0,5372417.0,-24.9,0.751,-22.8,0.772,5.3,6.8
2021-12-17,E12000002,North West,7367456,8921.0,7797.0,11.0,3551.0,4683.0,5375968.0,-26.7,0.733,-17.8,0.822,1.2,6.6
2021-12-18,E12000002,North West,7367456,8522.0,8394.857142857143,11.0,4499.0,5016.0,5380467.0,-5.3,0.947,-12.8,0.872,-6.4,2.0
2021-12-19,E12000002,North West,7367456,9204.0,9056.42857142857,16.0,3412.0,4318.0,5383879.0,1.1,1.011,-15.0,0.85,0.8,1.6
2021-12-20,E12000002,North West,7367456,15395.0,10161.857142857143,23.0,4215.0,5585.0,5388094.0,-35.8,0.642,-25.0,0.75,12.1,8.7
2021-12-21,E12000002,North West,7367456,18191.0,11502.42857142857,10.0,4202.0,5756.0,5392296.0,-36.6,0.634,-25.1,0.749,14.8,8.9
2021-12-22,E12000002,North West,7367456,21368.0,13088.42857142857,13.0,3860.0,5250.0,5396156.0,-40.0,0.6,-26.9,0.7310000000000001,12.4,9.9
2021-12-23,E12000002,North West,7367456,21031.0,14661.714285714286,22.0,2963.0,4045.0,5399119.0,-45.2,0.548,-25.1,0.749,17.6,10.7
2021-12-24,E12000002,North West,7367456,18933.0,16092.0,14.0,686.0,1016.0,5399805.0,-58.7,0.4129999999999999,-41.4,0.5860000000000001,-8.3,15.3
2021-12-25,E12000002,North West,7367456,9553.0,16239.285714285714,14.0,59.0,57.0,5399864.0,-61.2,0.388,-76.5,0.235,-84.6,9.1
2021-12-26,E12000002,North West,7367456,15868.0,17191.285714285714,9.0,157.0,146.0,5400021.0,-32.8,0.672,-54.3,0.4570000000000001,-40.3,3.6
2021-12-27,E12000002,North West,7367456,26931.0,18839.285714285714,20.0,1577.0,1952.0,5401598.0,-76.2,0.238,-40.0,0.6,-5.1,17.4
2021-12-28,E12000002,North West,7367456,30056.0,20534.285714285714,23.0,1996.0,2424.0,5403594.0,-74.0,0.26,-42.4,0.5760000000000001,-2.4,19.0
2021-12-29,E12000002,North West,7367456,38867.0,23034.14285714286,15.0,3942.0,4786.0,5407536.0,-62.7,0.373,-37.9,0.621,0.4,16.9
2021-12-30,E12000002,North West,7367456,33737.0,24849.285714285714,34.0,3436.0,4551.0,5410972.0,-61.7,0.383,-39.5,0.605,-7.0,17.5
2021-12-31,E12000002,North West,7367456,27020.0,26004.571428571428,31.0,1541.0,2020.0,5412513.0,-62.2,0.378,-43.2,0.568,-12.8,16.0
2022-01-01,E12000002,North West,7367456,17336.0,27116.428571428572,31.0,179.0,276.0,5412692.0,-48.7,0.5129999999999999,-57.0,0.43000000000000005,-60.7,10.6
2022-01-02,E12000002,North West,7367456,26529.0,28639.428571428572,23.0,1136.0,1431.0,5413828.0,-16.0,0.84,-29.5,0.7050000000000001,-17.1,5.5
2022-01-03,E12000002,North West,7367456,33567.0,29587.428571428572,23.0,1923.0,2420.0,5415751.0,-72.7,0.273,-48.6,0.514,-12.8,20.3
2022-01-04,E12000002,North West,7367456,40221.0,31039.571428571428,38.0,2714.0,4340.0,5418465.0,-37.1,0.629,-38.2,0.618,-16.2,12.7
2022-01-05,E12000002,North West,7367456,31689.0,30014.14285714286,39.0,2983.0,4136.0,5421448.0,-32.7,0.673,-38.4,0.616,-21.4,12.5
2022-01-06,E12000002,North West,7367456,24023.0,28626.428571428572,51.0,2449.0,3255.0,5423897.0,-31.2,0.688,-41.7,0.583,-26.9,13.0
2022-01-07,E12000002,North West,7367456,16147.0,27073.14285714286,47.0,2517.0,3526.0,5426414.0,-29.4,0.706,-39.1,0.609,-27.4,12.4
2022-01-08,E12000002,North West,7367456,12276.0,26350.285714285714,45.0,3758.0,5735.0,5430172.0,-12.7,0.873,-41.1,0.589,-28.5,7.9
2022-01-09,E12000002,North West,7367456,12338.0,24323.0,50.0,2160.0,2776.0,5432332.0,-7.1,0.929,-35.4,0.646,-21.7,5.3
2022-01-10,E12000002,North West,7367456,17288.0,21997.428571428572,43.0,1979.0,2660.0,5434311.0,-27.6,0.724,-34.0,0.6599999999999999,-18.7,9.4
2022-01-11,E12000002,North West,7367456,14204.0,18280.714285714286,42.0,2074.0,2756.0,5436385.0,-27.8,0.722,-32.2,0.6779999999999999,-16.4,9.2
2022-01-12,E12000002,North West,7367456,12367.0,15520.42857142857,43.0,2127.0,3186.0,5438512.0,-27.1,0.729,-33.7,0.663,-18.5,9.6
2022-01-13,E12000002,North West,7367456,11321.0,13705.857142857143,41.0,2125.0,2979.0,5440637.0,-26.6,0.734,-33.9,0.661,-17.1,9.4
2022-01-14,E12000002,North West,7367456,9570.0,12766.285714285714,55.0,2332.0,3453.0,5442969.0,-25.6,0.744,-29.1,0.709,-16.7,8.5
2022-01-15,E12000002,North West,7367456,8350.0,12205.42857142857,54.0,2804.0,4608.0,5445773.0,-9.7,0.903,-27.5,0.725,-17.9,4.2
2022-01-16,E12000002,North West,7367456,10674.0,11967.714285714286,45.0,1637.0,2317.0,5447410.0,-5.6,0.944,-27.0,0.73,-15.4,3.2
2022-01-17,E12000002,North West,7367456,14149.0,11519.285714285714,43.0,1845.0,2758.0,5449255.0,-26.1,0.739,-30.0,0.7,-16.1,7.9
2022-01-18,E12000002,North West,7367456,12330.0,11251.57142857143,55.0,2097.0,3029.0,5451352.0,-26.6,0.734,-28.4,0.716,-15.1,8.1
2022-01-19,E12000002,North West,7367456,11445.0,11119.857142857143,38.0,2207.0,3397.0,5453559.0,-25.6,0.744,-28.9,0.7110000000000001,-16.0,8.5
2022-01-20,E12000002,North West,7367456,9667.0,10883.57142857143,36.0,1949.0,3300.0,5455508.0,-25.2,0.748,-26.9,0.7310000000000001,-14.2,8.4
2022-01-21,E12000002,North West,7367456,8465.0,10725.714285714286,49.0,2070.0,3693.0,5457578.0,-24.8,0.752,-23.5,0.765,-15.6,8.1
2022-01-22,E12000002,North West,7367456,7311.0,10577.285714285714,48.0,2146.0,4047.0,5459724.0,-8.7,0.913,-18.3,0.817,-16.6,3.6
2022-01-23,E12000002,North West,7367456,9264.0,10375.857142857143,37.0,1109.0,2271.0,5460833.0,-5.1,0.949,-20.0,0.8,-15.9,2.9
2022-01-24,E12000002,North West,7367456,11415.0,9985.285714285714,48.0,1564.0,3227.0,5462397.0,-25.1,0.749,-25.1,0.749,-14.5,7.8
2022-01-25,E12000002,North West,7367456,9916.0,9640.42857142857,35.0,1867.0,3587.0,5464264.0,-25.6,0.744,-25.5,0.745,-13.6,8.1
2022-01-26,E12000002,North West,7367456,9190.0,9318.285714285714,35.0,1976.0,3854.0,5466240.0,-25.0,0.75,-26.8,0.732,-13.8,7.8
2022-01-27,E12000002,North West,7367456,8178.0,9105.57142857143,48.0,2067.0,3683.0,5468307.0,-24.0,0.76,-25.4,0.746,-11.5,7.8
2022-01-28,E12000002,North West,7367456,6888.0,8880.285714285714,36.0,2123.0,4244.0,5470430.0,-23.7,0.763,-20.4,0.796,-11.6,7.2
2022-01-29,E12000002,North West,7367456,5816.0,8666.714285714286,52.0,1935.0,4031.0,5472365.0,-8.6,0.914,-17.9,0.821,-12.2,2.8
2022-01-30,E12000002,North West,7367456,7204.0,8372.42857142857,36.0,1121.0,2159.0,5473486.0,-3.8,0.962,-18.1,0.819,-9.4,1.8
2022-01-31,E12000002,North West,7367456,8453.0,7949.285714285715,30.0,1617.0,3230.0,5475103.0,-24.2,0.758,-25.0,0.75,-12.5,7.2
2022-02-01,E12000002,North West,7367456,7273.0,7571.714285714285,44.0,1645.0,3072.0,5476748.0,-23.9,0.761,-23.3,0.767,-11.1,7.2
2022-02-02,E12000002,North West,7367456,6867.0,7239.857142857143,35.0,1618.0,3695.0,5478366.0,-23.4,0.766,-24.3,0.757,-11.4,7.4
2022-02-03,E12000002,North West,7367456,5901.0,6914.571428571428,41.0,1625.0,3710.0,5479991.0,-22.6,0.774,-24.1,0.759,-10.2,7.2
2022-02-04,E12000002,North West,7367456,4732.0,6606.571428571428,21.0,1350.0,3385.0,5481341.0,-22.7,0.773,-20.0,0.8,-12.4,6.9
2022-02-05,E12000002,North West,7367456,3849.0,6325.571428571428,35.0,1367.0,3205.0,5482708.0,-8.8,0.912,-21.3,0.787,-17.6,3.8
2022-02-06,E12000002,North West,7367456,4551.0,5946.571428571428,30.0,753.0,1283.0,5483461.0,-4.7,0.953,-19.0,0.81,-13.9,2.9
2022-02-07,E12000002,North West,7367456,5774.0,5563.857142857143,23.0,1141.0,2857.0,5484602.0,-23.5,0.765,-21.6,0.784,-12.8,6.8
2022-02-08,E12000002,North West,7367456,5054.0,5246.857142857143,24.0,1472.0,3097.0,5486074.0,-23.9,0.761,-21.9,0.781,-10.4,6.6
2022-02-09,E12000002,North West,7367456,4482.0,4906.142857142857,25.0,1484.0,3237.0,5487558.0,-23.7,0.763,-21.9,0.781,-9.1,6.5
2022-02-10,E12000002,North West,7367456,3764.0,4600.857142857143,18.0,1352.0,3490.0,5488910.0,-23.0,0.77,-21.4,0.786,-9.3,6.6
2022-02-11,E12000002,North West,7367456,3097.0,4367.285714285715,22.0,1299.0,2987.0,5490209.0,-23.3,0.767,-16.0,0.84,-8.8,6.1
2022-02-12,E12000002,North West,7367456,2542.0,4180.571428571428,18.0,1394.0,3055.0,5491603.0,-8.9,0.911,-17.6,0.824,-15.7,3.3
2022-02-13,E12000002,North West,7367456,2924.0,3948.1428571428573,25.0,588.0,1193.0,5492191.0,-4.3,0.957,-17.2,0.8280000000000001,-11.8,2.5
2022-02-14,E12000002,North West,7367456,3894.0,3679.5714285714284,21.0,927.0,2060.0,5493118.0,-30.1,0.6990000000000001,-21.5,0.785,-3.2,7.0
2022-02-15,E12000002,North West,7367456,3660.0,3480.4285714285716,24.0,1350.0,2957.0,5494468.0,-29.7,0.7030000000000001,-19.9,0.801,-4.8,6.7
2022-02-16,E12000002,North West,7367456,3489.0,3338.5714285714284,26.0,981.0,2327.0,5495449.0,-29.4,0.706,-25.0,0.75,-11.4,8.1
2022-02-17,E12000002,North West,7367456,2935.0,3220.1428571428573,31.0,1160.0,2369.0,5496609.0,-29.0,0.71,-22.7,0.773,-6.7,7.5
2022-02-18,E12000002,North West,7367456,2447.0,3127.285714285714,22.0,797.0,1688.0,5497406.0,-32.2,0.6779999999999999,-37.5,0.625,-23.5,11.1
2022-02-19,E12000002,North West,7367456,2200.0,3078.4285714285716,14.0,983.0,2030.0,5498389.0,-10.3,0.897,-20.7,0.793,-20.1,3.8
2022-02-20,E12000002,North West,7367456,2559.0,3026.285714285714,13.0,449.0,880.0,5498838.0,-7.0,0.9299999999999999,-26.1,0.739,-20.9,3.5
2022-02-21,E12000002,North West,7367456,2955.0,2892.1428571428573,9.0,761.0,1684.0,5499599.0,-31.3,0.687,-26.8,0.732,-11.7,8.4
2022-02-22,E12000002,North West,7367456,2577.0,2737.4285714285716,17.0,934.0,2041.0,5500533.0,-28.9,0.7110000000000001,-20.1,0.7989999999999999,-3.6,6.7
2022-02-23,E12000002,North West,7367456,2496.0,2595.5714285714284,18.0,1003.0,2101.0,5501536.0,-28.8,0.712,-20.9,0.791,-5.6,6.8
2022-02-24,E12000002,North West,7367456,2074.0,2472.5714285714284,23.0,772.0,1497.0,5502308.0,-28.0,0.72,-23.3,0.767,-7.9,7.3
2022-02-25,E12000002,North West,7367456,1866.0,2389.5714285714284,12.0,870.0,1681.0,5503178.0,-28.2,0.718,-13.9,0.861,-4.7,5.6
2022-02-26,E12000002,North West,7367456,1616.0,2306.1428571428573,13.0,900.0,2070.0,5504078.0,-7.6,0.924,-9.2,0.908,-8.1,0.9
2022-02-27,E12000002,North West,7367456,2179.0,2251.8571428571427,13.0,377.0,785.0,5504455.0,-3.4,0.966,-5.8,0.942,-2.9,-0.1
2022-02-28,E12000002,North West,7367456,3070.0,2268.285714285714,23.0,727.0,1837.0,5505182.0,-24.4,0.756,-22.5,0.775,-13.4,6.3
2022-03-01,E12000002,North West,7367456,3108.0,2344.1428571428573,22.0,820.0,1973.0,5506002.0,-22.6,0.774,-18.8,0.812,-7.5,5.2
2022-03-02,E12000002,North West,7367456,3364.0,2468.1428571428573,16.0,658.0,1525.0,5506660.0,-22.9,0.771,-24.3,0.757,-13.7,6.3
2022-03-03,E12000002,North West,7367456,3200.0,2629.0,26.0,678.0,1724.0,5507338.0,-22.3,0.777,-25.4,0.746,-13.5,6.4
2022-03-04,E12000002,North West,7367456,3176.0,2816.1428571428573,14.0,767.0,1827.0,5508105.0,-22.5,0.775,-17.8,0.822,-9.1,4.9
2022-03-05,E12000002,North West,7367456,2775.0,2981.714285714286,15.0,867.0,2077.0,5508972.0,-7.2,0.9279999999999999,-12.4,0.876,-9.0,0.6
2022-03-06,E12000002,North West,7367456,3598.0,3184.4285714285716,8.0,269.0,828.0,5509241.0,-2.9,0.971,-10.0,0.9,-5.1,0.0
2022-03-07,E12000002,North West,7367456,5400.0,3517.285714285714,23.0,472.0,1333.0,5509713.0,-23.2,0.768,-21.4,0.786,-11.3,5.6
2022-03-08,E12000002,North West,7367456,5465.0,3854.0,14.0,635.0,1712.0,5510348.0,-23.0,0.77,-22.0,0.78,-9.0,5.2
2022-03-09,E12000002,North West,7367456,5792.0,4200.857142857143,23.0,642.0,1727.0,5510990.0,-22.5,0.775,-24.3,0.757,-12.9,5.9
2022-03-10,E12000002,North West,7367456,5792.0,4571.142857142857,14.0,571.0,1405.0,5511561.0,-22.1,0.779,-24.9,0.751,-12.8,5.7
2022-03-11,E12000002,North West,7367456,5562.0,4912.0,19.0,558.0,1489.0,5512119.0,-23.2,0.768,-21.5,0.785,-16.0,5.7
2022-03-12,E12000002,North West,7367456,5115.0,5246.285714285715,9.0,758.0,2201.0,5512877.0,-8.2,0.918,-15.0,0.85,-12.8,1.5
2022-03-13,E12000002,North West,7367456,6419.0,5649.285714285715,17.0,385.0,1115.0,5513262.0,-4.9,0.951,-14.2,0.858,-10.2,0.9
2022-03-14,E12000002,North West,7367456,8581.0,6103.714285714285,22.0,464.0,1451.0,5513726.0,-23.1,0.769,-21.5,0.785,-14.0,5.6
2022-03-15,E12000002,North West,7367456,8091.0,6478.857142857143,19.0,704.0,2035.0,5514430.0,-23.1,0.769,-21.5,0.785,-9.1,5.4
2022-03-16,E12000002,North West,7367456,7954.0,6787.714285714285,26.0,527.0,1860.0,5514957.0,-23.5,0.765,-24.7,0.753,-14.8,6.1
2022-03-17,E12000002,North West,7367456,7275.0,6999.571428571428,17.0,525.0,1646.0,5515482.0,-23.0,0.77,-22.8,0.772,-9.6,5.4
2022-03-18,E12000002,North West,7367456,6817.0,7178.857142857143,19.0,615.0,1705.0,5516097.0,-24.3,0.757,-16.6,0.834,-10.4,4.6
2022-03-19,E12000002,North West,7367456,5997.0,7304.857142857143,24.0,686.0,2225.0,5516783.0,-9.6,0.904,-8.4,0.916,-11.1,0.4
2022-03-20,E12000002,North West,7367456,7511.0,7460.857142857143,20.0,283.0,936.0,5517066.0,-6.1,0.9390000000000001,-9.2,0.908,-7.0,-0.2
2022-03-21,E12000002,North West,7367456,10671.0,7759.428571428572,24.0,418.0,1400.0,5517484.0,-23.8,0.762,-21.7,0.783,-14.0,5.6
2022-03-22,E12000002,North West,7367456,9244.0,7924.142857142857,27.0,477.0,1594.0,5517961.0,-23.4,0.766,-21.1,0.7889999999999999,-9.5,5.3
2022-03-23,E12000002,North West,7367456,8607.0,8017.428571428572,15.0,543.0,1603.0,5518504.0,-23.5,0.765,-21.6,0.784,-8.9,5.2
2022-03-24,E12000002,North West,7367456,7909.0,8108.0,20.0,572.0,1432.0,5519076.0,-22.8,0.772,-22.7,0.773,-7.3,5.2
2022-03-25,E12000002,North West,7367456,6994.0,8133.285714285715,23.0,526.0,1587.0,5519602.0,-24.7,0.753,-14.9,0.851,-5.6,4.2
2022-03-26,E12000002,North West,7367456,5791.0,8103.857142857143,21.0,665.0,2268.0,5520267.0,-10.1,0.899,-4.1,0.959,-7.5,-0.8
2022-03-27,E12000002,North West,7367456,6768.0,7997.714285714285,26.0,197.0,739.0,5520464.0,-4.0,0.96,-2.3,0.977,-3.6,-1.6
2022-03-28,E12000002,North West,7367456,9332.0,7806.428571428572,36.0,380.0,1351.0,5520844.0,-24.3,0.757,-20.2,0.798,-10.7,5.4
2022-03-29,E12000002,North West,7367456,8213.0,7659.142857142857,28.0,538.0,1572.0,5521382.0,-23.4,0.766,-21.5,0.785,-9.6,5.2
2022-03-30,E12000002,North West,7367456,7615.0,7517.428571428572,27.0,543.0,1671.0,5521925.0,-23.5,0.765,-26.9,0.7310000000000001,-16.3,6.6
2022-03-31,E12000002,North West,7367456,5129.0,7120.285714285715,29.0,577.0,1519.0,5522502.0,-22.4,0.776,-24.5,0.755,-9.6,5.8
2020-09-01,E12000008,South East,9217265,129.0,118.85714285714286,1.0,0.0,0.0,0.0,-47.421052631578945,0.5257894736842106,-36.07692307692308,0.6392307692307693,-10.818181818181818,11.842105263157896
2020-09-02,E12000008,South East,9217265,208.0,131.28571428571428,1.0,0.0,0.0,0.0,-45.68421052631579,0.5431578947368421,-37.714285714285715,0.6228571428571428,-14.583333333333334,12.578947368421053
2020-09-03,E12000008,South East,9217265,231.0,145.57142857142858,1.0,0.0,0.0,0.0,-45.36842105263158,0.5463157894736842,-38.92857142857143,0.6107142857142858,-18.333333333333332,12.473684210526315
2020-09-04,E12000008,South East,9217265,236.0,162.42857142857142,1.0,0.0,0.0,0.0,-42.421052631578945,0.5757894736842106,-31.357142857142858,0.6864285714285714,-20.583333333333332,9.842105263157896
2020-09-05,E12000008,South East,9217265,161.0,170.14285714285714,0.0,0.0,0.0,0.0,-8.0,0.92,-27.545454545454547,0.7245454545454546,-23.923076923076923,2.7333333333333334
2020-09-06,E12000008,South East,9217265,181.0,181.28571428571428,0.0,0.0,0.0,0.0,-4.285714285714286,0.9571428571428572,-21.666666666666668,0.7833333333333333,-21.5,1.9166666666666667
2020-09-07,E12000008,South East,9217265,208.0,193.42857142857142,0.0,0.0,0.0,0.0,-45.26315789473684,0.5473684210526315,-33.0,0.6699999999999999,-13.3,10.210526315789474
2020-09-08,E12000008,South East,9217265,198.0,203.28571428571428,0.0,0.0,0.0,0.0,-44.8421052631579,0.551578947368421,-34.42857142857143,0.6557142857142857,-16.09090909090909,10.789473684210526
2020-09-09,E12000008,South East,9217265,171.0,198.0,0.0,0.0,0.0,0.0,-42.36842105263158,0.5763157894736841,-34.285714285714285,0.6571428571428571,-17.916666666666668,10.526315789473685
2020-09-10,E12000008,South East,9217265,217.0,196.0,1.0,0.0,0.0,0.0,-42.8421052631579,0.571578947368421,-33.642857142857146,0.6635714285714285,-16.916666666666668,10.157894736842104
2020-09-11,E12000008,South East,9217265,166.0,186.0,1.0,0.0,0.0,0.0,-40.63157894736842,0.5936842105263158,-26.94736842105263,0.7305263157894737,-17.894736842105264,8.68421052631579
2020-09-12,E12000008,South East,9217265,140.0,183.0,2.0,0.0,0.0,0.0,-6.947368421052632,0.9305263157894736,-21.263157894736842,0.7873684210526316,-22.42105263157895,2.6666666666666665
2020-09-13,E12000008,South East,9217265,62.0,166.0,2.0,0.0,0.0,0.0,-4.894736842105263,0.9510526315789474,-13.631578947368421,0.8636842105263158,-17.894736842105264,0.75
2020-09-14,E12000008,South East,9217265,153.0,158.14285714285714,1.0,0.0,0.0,0.0,-39.36842105263158,0.6063157894736841,-28.842105263157894,0.7115789473684211,-12.578947368421053,9.31578947368421
2020-09-15,E12000008,South East,9217265,138.0,149.57142857142858,2.0,0.0,0.0,0.0,-38.94736842105263,0.6105263157894737,-32.526315789473685,0.6747368421052631,-15.368421052631579,10.473684210526315
2020-09-16,E12000008,South East,9217265,149.0,146.42857142857142,2.0,0.0,0.0,0.0,-38.78947368421053,0.6121052631578947,-33.05263157894737,0.6694736842105262,-16.94736842105263,10.263157894736842
2020-09-17,E12000008,South East,9217265,166.0,139.14285714285714,1.0,0.0,0.0,0.0,-39.26315789473684,0.6073684210526316,-33.0,0.6699999999999999,-15.789473684210526,10.052631578947368
2020-09-18,E12000008,South East,9217265,201.0,144.14285714285714,1.0,0.0,0.0,0.0,-37.0,0.63,-27.263157894736842,0.7273684210526316,-18.263157894736842,8.631578947368421
2020-09-19,E12000008,South East,9217265,175.0,149.14285714285714,3.0,0.0,0.0,0.0,-7.0,0.9299999999999999,-20.31578947368421,0.7968421052631579,-22.36842105263158,3.1333333333333333
2020-09-20,E12000008,South East,9217265,175.0,165.28571428571428,0.0,0.0,0.0,0.0,-4.526315789473684,0.9547368421052631,-15.473684210526315,0.8452631578947368,-18.736842105263158,1.8333333333333333
2020-09-21,E12000008,South East,9217265,228.0,176.0,2.0,0.0,0.0,0.0,-39.8421052631579,0.601578947368421,-30.57894736842105,0.6942105263157895,-13.947368421052632,9.578947368421053
2020-09-22,E12000008,South East,9217265,267.0,194.42857142857142,0.0,0.0,0.0,0.0,-38.8421052631579,0.611578947368421,-34.21052631578947,0.6578947368421053,-18.05263157894737,10.68421052631579
2020-09-23,E12000008,South East,9217265,259.0,210.14285714285714,2.0,0.0,0.0,0.0,-37.73684210526316,0.6226315789473684,-38.578947368421055,0.6142105263157894,-23.57894736842105,12.157894736842104
2020-09-24,E12000008,South East,9217265,294.0,228.42857142857142,2.0,0.0,0.0,0.0,-38.1578947368421,0.618421052631579,-39.31578947368421,0.6068421052631578,-22.31578947368421,12.052631578947368
2020-09-25,E12000008,South East,9217265,321.0,245.57142857142858,2.0,0.0,0.0,0.0,-35.78947368421053,0.6421052631578947,-32.21052631578947,0.6778947368421053,-21.210526315789473,10.31578947368421
2020-09-26,E12000008,South East,9217265,218.0,251.71428571428572,3.0,0.0,0.0,0.0,-5.894736842105263,0.9410526315789474,-27.36842105263158,0.7263157894736842,-23.31578947368421,4.526315789473684
2020-09-27,E12000008,South East,9217265,269.0,265.14285714285717,1.0,0.0,0.0,0.0,-5.315789473684211,0.9468421052631579,-25.31578947368421,0.746842105263158,-24.05263157894737,3.789473684210526
2020-09-28,E12000008,South East,9217265,376.0,286.2857142857143,7.0,0.0,0.0,0.0,-36.31578947368421,0.6368421052631579,-33.526315789473685,0.6647368421052631,-15.31578947368421,10.473684210526315
2020-09-29,E12000008,South East,9217265,351.0,298.2857142857143,4.0,0.0,0.0,0.0,-36.421052631578945,0.6357894736842106,-36.68421052631579,0.6331578947368421,-18.42105263157895,11.263157894736842
2020-09-30,E12000008,South East,9217265,493.0,331.7142857142857,2.0,0.0,0.0,0.0,-36.31578947368421,0.6368421052631579,-38.68421052631579,0.6131578947368421,-21.263157894736842,12.052631578947368
2020-10-01,E12000008,South East,9217265,525.0,364.7142857142857,5.0,0.0,0.0,0.0,-34.1578947368421,0.658421052631579,-36.78947368421053,0.6321052631578947,-17.36842105263158,11.263157894736842
2020-10-02,E12000008,South East,9217265,642.0,410.57142857142856,3.0,0.0,0.0,0.0,-34.526315789473685,0.6547368421052632,-35.8421052631579,0.641578947368421,-28.94736842105263,12.157894736842104
2020-10-03,E12000008,South East,9217265,546.0,457.42857142857144,2.0,0.0,0.0,0.0,-8.368421052631579,0.9163157894736842,-34.578947368421055,0.6542105263157895,-27.526315789473685,6.473684210526316
2020-10-04,E12000008,South East,9217265,563.0,499.42857142857144,2.0,0.0,0.0,0.0,-8.894736842105264,0.9110526315789473,-34.578947368421055,0.6542105263157895,-33.78947368421053,5.888888888888889
2020-10-05,E12000008,South East,9217265,750.0,552.8571428571429,2.0,0.0,0.0,0.0,-35.89473684210526,0.6410526315789473,-34.0,0.6599999999999999,-19.68421052631579,10.842105263157896
2020-10-06,E12000008,South East,9217265,688.0,601.0,1.0,0.0,0.0,0.0,-35.8421052631579,0.641578947368421,-37.0,0.63,-22.157894736842106,11.631578947368421
2020-10-07,E12000008,South East,9217265,913.0,661.0,4.0,0.0,0.0,0.0,-33.8421052631579,0.661578947368421,-37.26315789473684,0.6273684210526316,-20.36842105263158,11.0
2020-10-08,E12000008,South East,9217265,978.0,725.7142857142857,5.0,0.0,0.0,0.0,-34.94736842105263,0.6505263157894736,-40.0,0.6,-23.526315789473685,12.0
2020-10-09,E12000008,South East,9217265,785.0,746.1428571428571,2.0,0.0,0.0,0.0,-32.68421052631579,0.6731578947368422,-33.21052631578947,0.6678947368421053,-23.42105263157895,10.31578947368421
2020-10-10,E12000008,South East,9217265,569.0,749.4285714285714,3.0,0.0,0.0,0.0,-4.157894736842105,0.958421052631579,-30.789473684210527,0.6921052631578948,-24.63157894736842,5.2105263157894735
2020-10-11,E12000008,South East,9217265,492.0,739.2857142857143,5.0,0.0,0.0,0.0,-2.210526315789474,0.9778947368421053,-26.63157894736842,0.7336842105263157,-23.789473684210527,3.6315789473684212
2020-10-12,E12000008,South East,9217265,876.0,757.2857142857143,8.0,0.0,0.0,0.0,-35.73684210526316,0.6426315789473684,-37.26315789473684,0.6273684210526316,-24.105263157894736,11.68421052631579
2020-10-13,E12000008,South East,9217265,1045.0,808.2857142857143,3.0,0.0,0.0,0.0,-35.21052631578947,0.6478947368421053,-38.94736842105263,0.6105263157894737,-24.05263157894737,12.105263157894736
2020-10-14,E12000008,South East,9217265,1090.0,833.5714285714286,3.0,0.0,0.0,0.0,-33.10526315789474,0.6689473684210526,-38.21052631578947,0.6178947368421053,-22.210526315789473,12.0
2020-10-15,E12000008,South East,9217265,979.0,833.7142857142857,6.0,0.0,0.0,0.0,-33.78947368421053,0.6621052631578948,-37.94736842105263,0.6205263157894737,-21.31578947368421,11.947368421052632
2020-10-16,E12000008,South East,9217265,970.0,860.1428571428571,3.0,0.0,0.0,0.0,-31.736842105263158,0.6826315789473685,-33.26315789473684,0.6673684210526316,-23.0,10.526315789473685
2020-10-17,E12000008,South East,9217265,791.0,891.8571428571429,4.0,0.0,0.0,0.0,-5.2631578947368425,0.9473684210526315,-33.05263157894737,0.6694736842105262,-24.894736842105264,5.578947368421052
2020-10-18,E12000008,South East,9217265,776.0,932.4285714285714,6.0,0.0,0.0,0.0,-4.7368421052631575,0.9526315789473684,-29.842105263157894,0.7015789473684211,-25.31578947368421,4.578947368421052
2020-10-19,E12000008,South East,9217265,1425.0,1010.8571428571429,11.0,0.0,0.0,0.0,-36.421052631578945,0.6357894736842106,-36.68421052631579,0.6331578947368421,-19.94736842105263,11.631578947368421
2020-10-20,E12000008,South East,9217265,1629.0,1094.2857142857142,10.0,0.0,0.0,0.0,-36.36842105263158,0.6363157894736842,-39.578947368421055,0.6042105263157895,-21.789473684210527,12.473684210526315
2020-10-21,E12000008,South East,9217265,1663.0,1176.142857142857,13.0,0.0,0.0,0.0,-36.05263157894737,0.6394736842105263,-43.31578947368421,0.5668421052631578,-27.210526315789473,13.947368421052632
2020-10-22,E12000008,South East,9217265,1453.0,1243.857142857143,9.0,0.0,0.0,0.0,-35.421052631578945,0.6457894736842105,-38.78947368421053,0.6121052631578947,-18.894736842105264,12.105263157894736
2020-10-23,E12000008,South East,9217265,1444.0,1311.5714285714287,10.0,0.0,0.0,0.0,-34.89473684210526,0.6510526315789473,-35.473684210526315,0.6452631578947369,-21.736842105263158,11.368421052631579
2020-10-24,E12000008,South East,9217265,1109.0,1357.0,10.0,0.0,0.0,0.0,-7.105263157894737,0.9289473684210526,-35.68421052631579,0.6431578947368422,-29.57894736842105,6.473684210526316
2020-10-25,E12000008,South East,9217265,984.0,1386.7142857142858,11.0,0.0,0.0,0.0,-5.368421052631579,0.9463157894736842,-32.0,0.6799999999999999,-24.36842105263158,4.578947368421052
2020-10-26,E12000008,South East,9217265,1883.0,1452.142857142857,15.0,0.0,0.0,0.0,-46.89473684210526,0.5310526315789474,-37.89473684210526,0.6210526315789474,-9.526315789473685,12.736842105263158
2020-10-27,E12000008,South East,9217265,1718.0,1464.857142857143,7.0,0.0,0.0,0.0,-47.63157894736842,0.5236842105263158,-43.94736842105263,0.5605263157894738,-17.894736842105264,15.210526315789474
2020-10-28,E12000008,South East,9217265,1644.0,1462.142857142857,15.0,0.0,0.0,0.0,-46.05263157894737,0.5394736842105263,-43.10526315789474,0.5689473684210526,-14.052631578947368,14.368421052631579
2020-10-29,E12000008,South East,9217265,1727.0,1501.2857142857142,11.0,0.0,0.0,0.0,-46.78947368421053,0.5321052631578947,-44.63157894736842,0.5536842105263158,-15.210526315789474,15.052631578947368
2020-10-30,E12000008,South East,9217265,1730.0,1542.142857142857,11.0,0.0,0.0,0.0,-44.578947368421055,0.5542105263157895,-38.0,0.62,-17.105263157894736,13.052631578947368
2020-10-31,E12000008,South East,9217265,1228.0,1559.142857142857,27.0,0.0,0.0,0.0,-6.947368421052632,0.9305263157894736,-37.78947368421053,0.6221052631578947,-30.63157894736842,6.473684210526316
2020-11-01,E12000008,South East,9217265,1030.0,1565.7142857142858,23.0,0.0,0.0,0.0,-3.8421052631578947,0.9615789473684211,-32.21052631578947,0.6778947368421053,-23.05263157894737,4.2631578947368425
2020-11-02,E12000008,South East,9217265,2579.0,1665.142857142857,20.0,0.0,0.0,0.0,-34.63157894736842,0.6536842105263159,-37.526315789473685,0.6247368421052631,-6.578947368421052,10.789473684210526
2020-11-03,E12000008,South East,9217265,2002.0,1705.7142857142858,20.0,0.0,0.0,0.0,-33.31578947368421,0.6668421052631579,-36.8421052631579,0.631578947368421,-4.947368421052632,10.68421052631579
2020-11-04,E12000008,South East,9217265,1975.0,1753.0,15.0,0.0,0.0,0.0,-30.94736842105263,0.6905263157894737,-33.78947368421053,0.6621052631578948,1.4210526315789473,9.210526315789474
2020-11-05,E12000008,South East,9217265,1957.0,1785.857142857143,14.0,0.0,0.0,0.0,-41.526315789473685,0.5847368421052632,-52.31578947368421,0.47684210526315784,-56.21052631578947,17.31578947368421
2020-11-06,E12000008,South East,9217265,1957.0,1818.2857142857142,20.0,0.0,0.0,0.0,-40.94736842105263,0.5905263157894737,-53.421052631578945,0.46578947368421053,-57.94736842105263,18.105263157894736
2020-11-07,E12000008,South East,9217265,1734.0,1890.5714285714287,20.0,0.0,0.0,0.0,-29.105263157894736,0.7089473684210527,-59.94736842105263,0.40052631578947373,-62.36842105263158,13.578947368421053
2020-11-08,E12000008,South East,9217265,1983.0,2026.7142857142858,22.0,0.0,0.0,0.0,-31.263157894736842,0.6873684210526316,-57.526315789473685,0.4247368421052632,-63.26315789473684,11.333333333333334
2020-11-09,E12000008,South East,9217265,3030.0,2091.1428571428573,33.0,0.0,0.0,0.0,-42.89473684210526,0.5710526315789475,-51.89473684210526,0.4810526315789474,-51.73684210526316,17.05263157894737
2020-11-10,E12000008,South East,9217265,2645.0,2183.0,25.0,0.0,0.0,0.0,-42.421052631578945,0.5757894736842106,-50.21052631578947,0.4978947368421053,-51.10526315789474,17.210526315789473
2020-11-11,E12000008,South East,9217265,2751.0,2293.8571428571427,25.0,0.0,0.0,0.0,-41.68421052631579,0.5831578947368421,-51.578947368421055,0.4842105263157894,-51.94736842105263,17.736842105263158
2020-11-12,E12000008,South East,9217265,2671.0,2395.8571428571427,26.0,0.0,0.0,0.0,-42.1578947368421,0.578421052631579,-50.89473684210526,0.4910526315789474,-50.1578947368421,17.42105263157895
2020-11-13,E12000008,South East,9217265,2761.0,2510.714285714286,28.0,0.0,0.0,0.0,-41.21052631578947,0.5878947368421052,-51.10526315789474,0.4889473684210526,-52.94736842105263,17.94736842105263
2020-11-14,E12000008,South East,9217265,1823.0,2523.4285714285716,31.0,0.0,0.0,0.0,-31.31578947368421,0.6868421052631579,-63.1578947368421,0.368421052631579,-64.36842105263158,14.789473684210526
2020-11-15,E12000008,South East,9217265,1719.0,2485.714285714286,37.0,0.0,0.0,0.0,-31.526315789473685,0.6847368421052631,-57.73684210526316,0.42263157894736847,-62.31578947368421,11.277777777777779
2020-11-16,E12000008,South East,9217265,3058.0,2489.714285714286,34.0,0.0,0.0,0.0,-42.421052631578945,0.5757894736842106,-50.421052631578945,0.49578947368421056,-48.73684210526316,16.473684210526315
2020-11-17,E12000008,South East,9217265,2311.0,2442.0,30.0,0.0,0.0,0.0,-42.63157894736842,0.5736842105263158,-50.36842105263158,0.49631578947368415,-50.421052631578945,17.36842105263158
2020-11-18,E12000008,South East,9217265,2308.0,2378.714285714286,42.0,0.0,0.0,0.0,-41.63157894736842,0.5836842105263158,-51.31578947368421,0.48684210526315785,-51.36842105263158,17.894736842105264
2020-11-19,E12000008,South East,9217265,1930.0,2272.8571428571427,37.0,0.0,0.0,0.0,-42.31578947368421,0.5768421052631578,-51.8421052631579,0.481578947368421,-49.8421052631579,17.789473684210527
2020-11-20,E12000008,South East,9217265,1915.0,2152.0,32.0,0.0,0.0,0.0,-41.26315789473684,0.5873684210526315,-52.31578947368421,0.47684210526315784,-53.73684210526316,18.263157894736842
2020-11-21,E12000008,South East,9217265,1498.0,2105.5714285714284,32.0,0.0,0.0,0.0,-27.42105263157895,0.7257894736842105,-57.26315789473684,0.4273684210526316,-57.94736842105263,13.052631578947368
2020-11-22,E12000008,South East,9217265,1308.0,2046.857142857143,41.0,0.0,0.0,0.0,-29.157894736842106,0.708421052631579,-51.8421052631579,0.481578947368421,-56.36842105263158,9.88888888888889
2020-11-23,E12000008,South East,9217265,2400.0,1952.857142857143,45.0,0.0,0.0,0.0,-42.21052631578947,0.5778947368421052,-50.578947368421055,0.49421052631578943,-46.31578947368421,16.42105263157895
2020-11-24,E12000008,South East,9217265,1985.0,1906.2857142857142,38.0,0.0,0.0,0.0,-42.0,0.5800000000000001,-50.1578947368421,0.498421052631579,-48.26315789473684,17.105263157894736
2020-11-25,E12000008,South East,9217265,2077.0,1873.2857142857142,53.0,0.0,0.0,0.0,-41.0,0.5900000000000001,-52.05263157894737,0.4794736842105263,-50.0,17.63157894736842
2020-11-26,E12000008,South East,9217265,1776.0,1851.2857142857142,48.0,0.0,0.0,0.0,-41.10526315789474,0.5889473684210527,-51.36842105263158,0.48631578947368415,-48.10526315789474,17.42105263157895
2020-11-27,E12000008,South East,9217265,2086.0,1875.7142857142858,39.0,0.0,0.0,0.0,-40.68421052631579,0.5931578947368421,-51.05263157894737,0.4894736842105263,-49.68421052631579,17.42105263157895
2020-11-28,E12000008,South East,9217265,1482.0,1873.4285714285713,36.0,0.0,0.0,0.0,-24.894736842105264,0.7510526315789474,-55.36842105263158,0.4463157894736842,-54.89473684210526,12.526315789473685
2020-11-29,E12000008,South East,9217265,1495.0,1900.142857142857,49.0,0.0,0.0,0.0,-27.0,0.73,-52.73684210526316,0.4726315789473684,-55.26315789473684,9.944444444444445
2020-11-30,E12000008,South East,9217265,2442.0,1906.142857142857,33.0,0.0,0.0,0.0,-40.68421052631579,0.5931578947368421,-49.05263157894737,0.5094736842105263,-41.94736842105263,16.05263157894737
2020-12-01,E12000008,South East,9217265,2304.0,1951.7142857142858,48.0,0.0,0.0,0.0,-39.0,0.61,-48.473684210526315,0.5152631578947369,-44.526315789473685,16.157894736842106
2020-12-02,E12000008,South East,9217265,2298.0,1983.2857142857142,44.0,0.0,0.0,0.0,-34.05263157894737,0.6594736842105263,-45.21052631578947,0.5478947368421052,-26.63157894736842,14.263157894736842
2020-12-03,E12000008,South East,9217265,2309.0,2059.4285714285716,56.0,0.0,0.0,0.0,-35.78947368421053,0.6421052631578947,-46.68421052631579,0.533157894736842,-30.57894736842105,15.263157894736842
2020-12-04,E12000008,South East,9217265,2354.0,2097.714285714286,56.0,0.0,0.0,0.0,-33.8421052631579,0.661578947368421,-40.89473684210526,0.5910526315789474,-27.68421052631579,13.578947368421053
2020-12-05,E12000008,South East,9217265,1901.0,2157.5714285714284,44.0,0.0,0.0,0.0,-8.263157894736842,0.9173684210526316,-38.63157894736842,0.6136842105263158,-31.210526315789473,7.7894736842105265
2020-12-06,E12000008,South East,9217265,2062.0,2238.5714285714284,45.0,0.0,0.0,0.0,-9.68421052631579,0.9031578947368422,-35.421052631578945,0.6457894736842105,-32.0,6.333333333333333
2020-12-07,E12000008,South East,9217265,3332.0,2365.714285714286,37.0,0.0,0.0,0.0,-37.1578947368421,0.628421052631579,-41.73684210526316,0.5826315789473684,-22.210526315789473,13.105263157894736
2020-12-08,E12000008,South East,9217265,3186.0,2491.714285714286,63.0,1215.0,8.0,1215.0,-35.36842105263158,0.6463157894736842,-42.578947368421055,0.5742105263157895,-25.05263157894737,13.68421052631579
2020-12-09,E12000008,South East,9217265,3286.0,2632.8571428571427,55.0,1420.0,25.0,2635.0,-34.78947368421053,0.6521052631578947,-42.473684210526315,0.5752631578947369,-26.31578947368421,13.68421052631579
2020-12-10,E12000008,South East,9217265,3644.0,2823.5714285714284,49.0,1690.0,10.0,4325.0,-35.63157894736842,0.6436842105263159,-43.473684210526315,0.5652631578947369,-25.894736842105264,14.0
2020-12-11,E12000008,South East,9217265,4134.0,3077.8571428571427,68.0,2094.0,7.0,6419.0,-34.21052631578947,0.6578947368421053,-39.68421052631579,0.6031578947368421,-28.789473684210527,13.421052631578947
2020-12-12,E12000008,South East,9217265,3344.0,3284.0,54.0,1565.0,2.0,7984.0,-7.631578947368421,0.9236842105263158,-34.31578947368421,0.6568421052631579,-30.63157894736842,7.2631578947368425
2020-12-13,E12000008,South East,9217265,3726.0,3521.714285714286,68.0,858.0,16.0,8842.0,-12.052631578947368,0.8794736842105263,-39.0,0.61,-39.10526315789474,7.555555555555555
2020-12-14,E12000008,South East,9217265,6088.0,3915.4285714285716,67.0,1935.0,5.0,10777.0,-38.26315789473684,0.6173684210526316,-41.94736842105263,0.5805263157894738,-22.263157894736842,13.526315789473685
2020-12-15,E12000008,South East,9217265,6135.0,4336.714285714285,69.0,8132.0,4.0,18909.0,-38.05263157894737,0.6194736842105263,-41.421052631578945,0.5857894736842105,-23.63157894736842,13.842105263157896
2020-12-16,E12000008,South East,9217265,6134.0,4743.571428571428,74.0,13229.0,13.0,32138.0,-37.31578947368421,0.6268421052631579,-44.10526315789474,0.5589473684210526,-26.842105263157894,14.894736842105264
2020-12-17,E12000008,South East,9217265,6018.0,5082.714285714285,82.0,13714.0,16.0,45852.0,-37.94736842105263,0.6205263157894737,-42.10526315789474,0.5789473684210527,-20.05263157894737,14.263157894736842
2020-12-18,E12000008,South East,9217265,6344.0,5398.428571428572,64.0,13506.0,22.0,59358.0,-39.89473684210526,0.6010526315789474,-42.1578947368421,0.578421052631579,-25.210526315789473,15.052631578947368
2020-12-19,E12000008,South East,9217265,4028.0,5496.142857142857,78.0,16828.0,2.0,76186.0,-11.578947368421053,0.8842105263157894,-39.526315789473685,0.6047368421052631,-39.1578947368421,8.947368421052632
2020-12-20,E12000008,South East,9217265,6111.0,5836.857142857143,85.0,11620.0,11.0,87806.0,-16.94736842105263,0.8305263157894737,-44.68421052631579,0.5531578947368421,-51.10526315789474,8.666666666666666
2020-12-21,E12000008,South East,9217265,9038.0,6258.285714285715,111.0,8967.0,9.0,96773.0,-54.63157894736842,0.4536842105263158,-55.63157894736842,0.4436842105263158,-35.10526315789474,19.157894736842106
2020-12-22,E12000008,South East,9217265,8532.0,6600.714285714285,99.0,15434.0,9.0,112207.0,-55.78947368421053,0.4421052631578948,-54.78947368421053,0.4521052631578947,-34.78947368421053,19.68421052631579
2020-12-23,E12000008,South East,9217265,7153.0,6746.285714285715,103.0,15482.0,6.0,127689.0,-57.78947368421053,0.42210526315789476,-56.0,0.43999999999999995,-33.73684210526316,20.94736842105263
2020-12-24,E12000008,South East,9217265,5823.0,6718.428571428572,99.0,5708.0,0.0,133397.0,-67.73684210526316,0.3226315789473684,-61.31578947368421,0.3868421052631579,-38.10526315789474,23.31578947368421
2020-12-25,E12000008,South East,9217265,2514.0,6171.285714285715,121.0,18.0,1.0,133415.0,-86.78947368421052,0.13210526315789484,-86.36842105263158,0.13631578947368428,-91.78947368421052,30.31578947368421
2020-12-26,E12000008,South East,9217265,7503.0,6667.714285714285,112.0,215.0,2.0,133630.0,-56.94736842105263,0.43052631578947365,-78.89473684210526,0.21105263157894738,-85.36842105263158,17.36842105263158
2020-12-27,E12000008,South East,9217265,8160.0,6960.428571428572,134.0,943.0,0.0,134573.0,-34.31578947368421,0.6568421052631579,-60.1578947368421,0.398421052631579,-65.05263157894737,11.11111111111111
2020-12-28,E12000008,South East,9217265,8068.0,6821.857142857143,123.0,1805.0,2.0,136378.0,-80.42105263157895,0.1957894736842105,-74.36842105263158,0.2563157894736843,-60.421052631578945,29.157894736842106
2020-12-29,E12000008,South East,9217265,14954.0,7739.285714285715,121.0,7212.0,368.0,143590.0,-70.94736842105263,0.29052631578947374,-67.78947368421052,0.3221052631578948,-51.26315789473684,26.210526315789473
2020-12-30,E12000008,South East,9217265,12370.0,8484.57142857143,145.0,15229.0,470.0,158819.0,-69.52631578947368,0.3047368421052632,-66.26315789473684,0.33736842105263165,-50.31578947368421,26.105263157894736
2020-12-31,E12000008,South East,9217265,8654.0,8889.0,141.0,12881.0,473.0,171700.0,-71.36842105263158,0.2863157894736843,-69.42105263157895,0.3057894736842105,-51.31578947368421,26.526315789473685
2021-01-01,E12000008,South East,9217265,5639.0,9335.42857142857,118.0,6065.0,64.0,177765.0,-84.3157894736842,0.1568421052631579,-82.36842105263158,0.1763157894736842,-81.15789473684211,32.73684210526316
2021-01-02,E12000008,South East,9217265,9747.0,9656.0,139.0,3976.0,625.0,181741.0,-37.36842105263158,0.6263157894736842,-65.63157894736842,0.3436842105263157,-67.15789473684211,16.05263157894737
2021-01-03,E12000008,South East,9217265,8545.0,9711.0,139.0,2824.0,464.0,184565.0,-30.42105263157895,0.6957894736842105,-61.31578947368421,0.3868421052631579,-66.52631578947368,12.055555555555555
2021-01-04,E12000008,South East,9217265,12814.0,10389.0,166.0,5652.0,1086.0,190217.0,-52.89473684210526,0.4710526315789474,-63.8421052631579,0.361578947368421,-56.36842105263158,21.263157894736842
2021-01-05,E12000008,South East,9217265,10614.0,9769.0,160.0,9622.0,6067.0,199839.0,-54.31578947368421,0.4568421052631578,-65.42105263157895,0.34578947368421054,-61.78947368421053,22.894736842105264
2021-01-06,E12000008,South East,9217265,8725.0,9248.285714285714,195.0,13851.0,10646.0,213690.0,-54.0,0.45999999999999996,-64.84210526315789,0.3515789473684211,-62.21052631578947,23.263157894736842
2021-01-07,E12000008,South East,9217265,8120.0,9172.0,191.0,31418.0,10745.0,245108.0,-54.578947368421055,0.4542105263157894,-65.10526315789474,0.34894736842105256,-61.526315789473685,23.36842105263158
2021-01-08,E12000008,South East,9217265,7507.0,9438.857142857143,204.0,38479.0,11252.0,283587.0,-52.78947368421053,0.4721052631578947,-64.89473684210526,0.3510526315789474,-63.78947368421053,23.57894736842105
2021-01-09,E12000008,South East,9217265,6011.0,8905.142857142857,175.0,37568.0,12994.0,321155.0,-33.26315789473684,0.6673684210526316,-67.47368421052632,0.3252631578947368,-67.73684210526316,15.578947368421053
2021-01-10,E12000008,South East,9217265,5506.0,8471.0,191.0,18098.0,6813.0,339253.0,-33.26315789473684,0.6673684210526316,-66.10526315789474,0.33894736842105255,-68.94736842105263,12.61111111111111
2021-01-11,E12000008,South East,9217265,9101.0,7940.571428571428,201.0,15515.0,2370.0,354768.0,-54.1578947368421,0.45842105263157895,-63.94736842105263,0.3605263157894737,-58.94736842105263,21.57894736842105
2021-01-12,E12000008,South East,9217265,7389.0,7479.857142857143,261.0,24539.0,2102.0,379307.0,-55.473684210526315,0.4452631578947368,-65.21052631578948,0.34789473684210526,-62.0,22.894736842105264
2021-01-13,E12000008,South East,9217265,6902.0,7219.428571428572,235.0,35879.0,2413.0,415186.0,-54.94736842105263,0.45052631578947366,-66.21052631578948,0.33789473684210525,-63.473684210526315,22.842105263157894
2021-01-14,E12000008,South East,9217265,6732.0,7021.142857142857,242.0,39677.0,1025.0,454863.0,-56.26315789473684,0.43736842105263163,-67.47368421052632,0.3252631578947368,-65.73684210526316,23.68421052631579
2021-01-15,E12000008,South East,9217265,6178.0,6831.285714285715,230.0,48775.0,383.0,503638.0,-53.89473684210526,0.4610526315789474,-64.10526315789474,0.35894736842105257,-63.94736842105263,22.263157894736842
2021-01-16,E12000008,South East,9217265,4402.0,6601.428571428572,250.0,39523.0,111.0,543161.0,-35.578947368421055,0.6442105263157895,-68.78947368421052,0.3121052631578948,-70.94736842105263,15.842105263157896
2021-01-17,E12000008,South East,9217265,4121.0,6403.571428571428,255.0,19594.0,56.0,562755.0,-32.89473684210526,0.6710526315789473,-61.89473684210526,0.3810526315789474,-66.52631578947368,11.166666666666666
2021-01-18,E12000008,South East,9217265,6750.0,6067.714285714285,274.0,21623.0,223.0,584378.0,-54.8421052631579,0.4515789473684211,-63.578947368421055,0.36421052631578943,-60.0,21.0
2021-01-19,E12000008,South East,9217265,5756.0,5834.428571428572,285.0,41109.0,199.0,625487.0,-55.8421052631579,0.44157894736842107,-65.21052631578948,0.34789473684210526,-63.473684210526315,22.526315789473685
2021-01-20,E12000008,South East,9217265,4915.0,5550.571428571428,226.0,43401.0,151.0,668888.0,-55.473684210526315,0.4452631578947368,-66.78947368421052,0.3321052631578948,-65.78947368421052,23.57894736842105
2021-01-21,E12000008,South East,9217265,4553.0,5239.285714285715,226.0,55146.0,169.0,724034.0,-54.89473684210526,0.45105263157894737,-64.10526315789474,0.35894736842105257,-61.21052631578947,22.57894736842105
2021-01-22,E12000008,South East,9217265,4231.0,4961.142857142857,233.0,69608.0,103.0,793642.0,-52.78947368421053,0.4721052631578947,-63.421052631578945,0.36578947368421055,-62.05263157894737,22.05263157894737
2021-01-23,E12000008,South East,9217265,3202.0,4789.714285714285,231.0,69451.0,120.0,863093.0,-32.68421052631579,0.6731578947368422,-65.10526315789474,0.34894736842105256,-66.15789473684211,14.526315789473685
2021-01-24,E12000008,South East,9217265,2257.0,4523.428571428572,187.0,26880.0,186.0,889973.0,-37.0,0.63,-66.42105263157895,0.3357894736842105,-72.84210526315789,12.666666666666666
2021-01-25,E12000008,South East,9217265,4514.0,4204.0,214.0,27235.0,201.0,917208.0,-55.10526315789474,0.44894736842105265,-62.78947368421053,0.3721052631578947,-58.473684210526315,21.157894736842106
2021-01-26,E12000008,South East,9217265,3726.0,3914.0,202.0,32830.0,119.0,950038.0,-55.26315789473684,0.4473684210526315,-64.94736842105263,0.3505263157894737,-62.421052631578945,22.31578947368421
2021-01-27,E12000008,South East,9217265,3336.0,3688.4285714285716,204.0,33832.0,123.0,983870.0,-53.68421052631579,0.4631578947368421,-64.10526315789474,0.35894736842105257,-61.36842105263158,22.31578947368421
2021-01-28,E12000008,South East,9217265,3185.0,3493.0,205.0,49583.0,323.0,1033453.0,-54.10526315789474,0.45894736842105255,-63.421052631578945,0.36578947368421055,-59.73684210526316,22.263157894736842
2021-01-29,E12000008,South East,9217265,2856.0,3296.5714285714284,167.0,74558.0,404.0,1108011.0,-51.94736842105263,0.4805263157894737,-62.473684210526315,0.37526315789473685,-60.68421052631579,21.736842105263158
2021-01-30,E12000008,South East,9217265,2158.0,3147.4285714285716,159.0,69810.0,457.0,1177821.0,-33.63157894736842,0.6636842105263159,-68.84210526315789,0.31157894736842107,-69.0,15.578947368421053
2021-01-31,E12000008,South East,9217265,1716.0,3070.1428571428573,139.0,46310.0,258.0,1224131.0,-32.421052631578945,0.6757894736842105,-63.526315789473685,0.36473684210526314,-66.26315789473684,11.38888888888889
2021-02-01,E12000008,South East,9217265,2861.0,2834.0,158.0,44628.0,263.0,1268759.0,-53.526315789473685,0.4647368421052631,-61.63157894736842,0.38368421052631585,-57.31578947368421,20.42105263157895
2021-02-02,E12000008,South East,9217265,2548.0,2665.714285714286,127.0,50593.0,300.0,1319352.0,-53.73684210526316,0.4626315789473684,-61.73684210526316,0.38263157894736843,-58.21052631578947,21.42105263157895
2021-02-03,E12000008,South East,9217265,2376.0,2528.5714285714284,129.0,55884.0,574.0,1375236.0,-53.05263157894737,0.46947368421052627,-63.31578947368421,0.36684210526315786,-59.78947368421053,21.894736842105264
2021-02-04,E12000008,South East,9217265,2159.0,2382.0,88.0,61751.0,430.0,1436987.0,-53.473684210526315,0.4652631578947368,-63.63157894736842,0.36368421052631583,-60.526315789473685,22.31578947368421
2021-02-05,E12000008,South East,9217265,1854.0,2238.8571428571427,107.0,65387.0,451.0,1502374.0,-51.473684210526315,0.48526315789473684,-61.05263157894737,0.3894736842105263,-59.0,21.157894736842106
2021-02-06,E12000008,South East,9217265,1236.0,2107.1428571428573,111.0,85802.0,117.0,1588176.0,-29.57894736842105,0.7042105263157895,-62.21052631578947,0.3778947368421053,-62.63157894736842,13.526315789473685
2021-02-07,E12000008,South East,9217265,1238.0,2038.857142857143,79.0,39911.0,43.0,1628087.0,-34.26315789473684,0.6573684210526316,-67.26315789473684,0.32736842105263164,-69.6842105263158,12.38888888888889
2021-02-08,E12000008,South East,9217265,1691.0,1871.7142857142858,98.0,42725.0,489.0,1670812.0,-55.473684210526315,0.4452631578947368,-64.42105263157895,0.35578947368421054,-61.0,21.894736842105264
2021-02-09,E12000008,South East,9217265,1515.0,1724.142857142857,77.0,52885.0,650.0,1723697.0,-55.31578947368421,0.44684210526315793,-64.47368421052632,0.35526315789473684,-60.8421052631579,22.736842105263158
2021-02-10,E12000008,South East,9217265,1435.0,1589.7142857142858,85.0,56406.0,824.0,1780103.0,-53.0,0.47,-63.0,0.37,-58.63157894736842,21.94736842105263
2021-02-11,E12000008,South East,9217265,1295.0,1466.2857142857142,76.0,60907.0,1024.0,1841010.0,-53.31578947368421,0.46684210526315784,-63.26315789473684,0.36736842105263157,-58.05263157894737,22.157894736842106
2021-02-12,E12000008,South East,9217265,1293.0,1386.142857142857,66.0,70631.0,1198.0,1911641.0,-51.26315789473684,0.48736842105263156,-62.21052631578947,0.3778947368421053,-58.0,21.57894736842105
2021-02-13,E12000008,South East,9217265,942.0,1344.142857142857,61.0,74593.0,526.0,1986234.0,-30.157894736842106,0.6984210526315789,-64.3157894736842,0.35684210526315796,-61.89473684210526,14.210526315789474
2021-02-14,E12000008,South East,9217265,833.0,1286.2857142857142,69.0,30821.0,164.0,2017055.0,-30.473684210526315,0.6952631578947368,-63.21052631578947,0.3678947368421053,-64.36842105263158,11.944444444444445
2021-02-15,E12000008,South East,9217265,1387.0,1242.857142857143,72.0,36107.0,173.0,2053162.0,-56.473684210526315,0.4352631578947368,-60.26315789473684,0.3973684210526316,-51.05263157894737,20.57894736842105
2021-02-16,E12000008,South East,9217265,1211.0,1199.4285714285713,56.0,46989.0,690.0,2100151.0,-56.94736842105263,0.43052631578947365,-62.36842105263158,0.37631578947368416,-55.1578947368421,21.894736842105264
2021-02-17,E12000008,South East,9217265,1128.0,1155.5714285714287,54.0,65444.0,781.0,2165595.0,-55.89473684210526,0.44105263157894736,-62.21052631578947,0.3778947368421053,-55.68421052631579,22.42105263157895
2021-02-18,E12000008,South East,9217265,1135.0,1132.7142857142858,57.0,71174.0,665.0,2236769.0,-56.0,0.43999999999999995,-60.8421052631579,0.391578947368421,-52.526315789473685,21.842105263157894
2021-02-19,E12000008,South East,9217265,1035.0,1095.857142857143,44.0,47606.0,588.0,2284375.0,-54.36842105263158,0.45631578947368423,-61.10526315789474,0.3889473684210526,-56.36842105263158,22.0
2021-02-20,E12000008,South East,9217265,827.0,1079.4285714285713,48.0,50786.0,200.0,2335161.0,-27.473684210526315,0.7252631578947368,-59.68421052631579,0.40315789473684216,-59.473684210526315,13.052631578947368
2021-02-21,E12000008,South East,9217265,776.0,1071.2857142857142,42.0,15807.0,232.0,2350968.0,-27.263157894736842,0.7273684210526316,-56.31578947368421,0.4368421052631579,-59.8421052631579,10.38888888888889
2021-02-22,E12000008,South East,9217265,1093.0,1029.2857142857142,43.0,24739.0,1457.0,2375707.0,-51.526315789473685,0.48473684210526313,-59.89473684210526,0.40105263157894744,-53.21052631578947,19.894736842105264
2021-02-23,E12000008,South East,9217265,853.0,978.1428571428571,38.0,42972.0,1702.0,2418679.0,-51.1578947368421,0.488421052631579,-58.473684210526315,0.4152631578947369,-51.89473684210526,20.0
2021-02-24,E12000008,South East,9217265,810.0,932.7142857142857,34.0,60954.0,2527.0,2479633.0,-50.05263157894737,0.4994736842105263,-59.31578947368421,0.4068421052631579,-53.10526315789474,20.31578947368421
2021-02-25,E12000008,South East,9217265,758.0,878.8571428571429,35.0,70448.0,2828.0,2550081.0,-50.31578947368421,0.49684210526315786,-59.68421052631579,0.40315789473684216,-52.36842105263158,20.526315789473685
2021-02-26,E12000008,South East,9217265,614.0,818.7142857142857,22.0,69153.0,2557.0,2619234.0,-47.94736842105263,0.5205263157894737,-56.526315789473685,0.4347368421052632,-50.05263157894737,19.105263157894736
2021-02-27,E12000008,South East,9217265,455.0,765.5714285714286,33.0,59095.0,2104.0,2678329.0,-23.789473684210527,0.7621052631578947,-55.94736842105263,0.44052631578947365,-54.473684210526315,11.736842105263158
2021-02-28,E12000008,South East,9217265,453.0,719.4285714285714,21.0,29021.0,1308.0,2707350.0,-23.68421052631579,0.763157894736842,-53.526315789473685,0.4647368421052631,-54.68421052631579,9.38888888888889
2021-03-01,E12000008,South East,9217265,566.0,644.1428571428571,31.0,22842.0,1686.0,2730192.0,-49.89473684210526,0.5010526315789474,-57.36842105263158,0.4263157894736842,-47.21052631578947,18.57894736842105
2021-03-02,E12000008,South East,9217265,593.0,607.0,26.0,25020.0,6338.0,2755212.0,-50.10526315789474,0.4989473684210526,-58.1578947368421,0.418421052631579,-50.78947368421053,19.63157894736842
2021-03-03,E12000008,South East,9217265,538.0,568.1428571428571,20.0,30155.0,8088.0,2785367.0,-49.526315789473685,0.5047368421052632,-59.36842105263158,0.4063157894736842,-54.0,20.42105263157895
2021-03-04,E12000008,South East,9217265,466.0,526.4285714285714,24.0,40084.0,7556.0,2825451.0,-49.63157894736842,0.5036842105263158,-59.578947368421055,0.40421052631578946,-53.05263157894737,20.36842105263158
2021-03-05,E12000008,South East,9217265,466.0,505.2857142857143,21.0,78139.0,4159.0,2903590.0,-47.21052631578947,0.5278947368421052,-57.36842105263158,0.4263157894736842,-52.78947368421053,19.63157894736842
2021-03-06,E12000008,South East,9217265,416.0,499.7142857142857,16.0,66714.0,3062.0,2970304.0,-23.789473684210527,0.7621052631578947,-57.73684210526316,0.42263157894736847,-56.0,12.263157894736842
2021-03-07,E12000008,South East,9217265,372.0,488.14285714285717,12.0,24344.0,1539.0,2994648.0,-22.42105263157895,0.7757894736842105,-54.473684210526315,0.4552631578947368,-55.94736842105263,9.61111111111111
2021-03-08,E12000008,South East,9217265,583.0,490.57142857142856,14.0,28014.0,4387.0,3022662.0,-46.68421052631579,0.533157894736842,-53.421052631578945,0.46578947368421053,-45.05263157894737,16.94736842105263
2021-03-09,E12000008,South East,9217265,548.0,484.14285714285717,18.0,28817.0,8464.0,3051479.0,-45.94736842105263,0.5405263157894737,-51.94736842105263,0.4805263157894737,-47.10526315789474,16.894736842105264
2021-03-10,E12000008,South East,9217265,520.0,481.57142857142856,10.0,28433.0,12147.0,3079912.0,-45.473684210526315,0.5452631578947369,-56.21052631578947,0.4378947368421052,-55.31578947368421,19.05263157894737
2021-03-11,E12000008,South East,9217265,504.0,487.0,17.0,22301.0,9779.0,3102213.0,-44.94736842105263,0.5505263157894738,-54.473684210526315,0.4552631578947368,-51.1578947368421,18.157894736842106
2021-03-12,E12000008,South East,9217265,463.0,486.57142857142856,12.0,56962.0,13036.0,3159175.0,-42.473684210526315,0.5752631578947369,-52.36842105263158,0.47631578947368414,-52.10526315789474,17.31578947368421
2021-03-13,E12000008,South East,9217265,348.0,476.85714285714283,12.0,89532.0,7976.0,3248707.0,-22.42105263157895,0.7757894736842105,-57.21052631578947,0.4278947368421053,-55.21052631578947,12.0
2021-03-14,E12000008,South East,9217265,373.0,477.0,13.0,40151.0,2548.0,3288858.0,-14.31578947368421,0.8568421052631578,-52.05263157894737,0.4794736842105263,-57.0,8.555555555555555
2021-03-15,E12000008,South East,9217265,573.0,475.57142857142856,14.0,60001.0,5102.0,3348859.0,-44.31578947368421,0.5568421052631578,-50.26315789473684,0.49736842105263157,-46.26315789473684,15.947368421052632
2021-03-16,E12000008,South East,9217265,458.0,462.7142857142857,10.0,65852.0,10120.0,3414711.0,-44.526315789473685,0.5547368421052632,-50.89473684210526,0.4910526315789474,-49.05263157894737,16.63157894736842
2021-03-17,E12000008,South East,9217265,482.0,457.2857142857143,4.0,72645.0,15045.0,3487356.0,-42.63157894736842,0.5736842105263158,-50.89473684210526,0.4910526315789474,-49.05263157894737,17.05263157894737
2021-03-18,E12000008,South East,9217265,451.0,449.7142857142857,8.0,83983.0,16454.0,3571339.0,-43.21052631578947,0.5678947368421052,-51.8421052631579,0.481578947368421,-50.10526315789474,17.36842105263158
2021-03-19,E12000008,South East,9217265,423.0,444.0,14.0,101779.0,13562.0,3673118.0,-40.94736842105263,0.5905263157894737,-48.8421052631579,0.511578947368421,-49.73684210526316,16.210526315789473
2021-03-20,E12000008,South East,9217265,339.0,442.7142857142857,6.0,130366.0,9643.0,3803484.0,-21.473684210526315,0.7852631578947369,-55.1578947368421,0.44842105263157894,-56.26315789473684,12.0
2021-03-21,E12000008,South East,9217265,510.0,462.2857142857143,3.0,57735.0,6849.0,3861219.0,-19.842105263157894,0.8015789473684211,-50.68421052631579,0.49315789473684213,-54.63157894736842,9.222222222222221
2021-03-22,E12000008,South East,9217265,500.0,451.85714285714283,8.0,47946.0,12322.0,3909165.0,-42.73684210526316,0.5726315789473684,-48.1578947368421,0.5184210526315789,-43.68421052631579,15.210526315789474
2021-03-23,E12000008,South East,9217265,440.0,449.2857142857143,4.0,43325.0,26073.0,3952490.0,-43.1578947368421,0.5684210526315789,-49.94736842105263,0.5005263157894737,-47.1578947368421,16.105263157894736
2021-03-24,E12000008,South East,9217265,624.0,469.57142857142856,4.0,41585.0,35760.0,3994075.0,-41.473684210526315,0.5852631578947369,-50.21052631578947,0.4978947368421053,-48.421052631578945,16.57894736842105
2021-03-25,E12000008,South East,9217265,484.0,474.2857142857143,3.0,46201.0,39472.0,4040276.0,-42.1578947368421,0.578421052631579,-50.05263157894737,0.4994736842105263,-48.10526315789474,16.789473684210527
2021-03-26,E12000008,South East,9217265,374.0,467.2857142857143,5.0,49829.0,36227.0,4090105.0,-40.94736842105263,0.5905263157894737,-50.21052631578947,0.4978947368421053,-51.526315789473685,17.210526315789473
2021-03-27,E12000008,South East,9217265,327.0,465.57142857142856,3.0,62310.0,37156.0,4152415.0,-20.736842105263158,0.7926315789473685,-52.31578947368421,0.47684210526315784,-53.26315789473684,11.210526315789474
2021-03-28,E12000008,South East,9217265,498.0,463.85714285714283,3.0,31822.0,15875.0,4184237.0,-22.473684210526315,0.7752631578947369,-53.63157894736842,0.4636842105263158,-58.05263157894737,9.833333333333334
2021-03-29,E12000008,South East,9217265,358.0,443.57142857142856,4.0,25546.0,20208.0,4209783.0,-42.78947368421053,0.5721052631578947,-45.473684210526315,0.5452631578947369,-39.73684210526316,14.210526315789474
2021-03-30,E12000008,South East,9217265,310.0,425.0,6.0,26597.0,36712.0,4236380.0,-42.8421052631579,0.571578947368421,-43.473684210526315,0.5652631578947369,-40.526315789473685,14.052631578947368
2021-03-31,E12000008,South East,9217265,360.0,387.2857142857143,7.0,27639.0,49748.0,4264019.0,-42.10526315789474,0.5789473684210527,-44.578947368421055,0.5542105263157895,-41.0,14.68421052631579
2021-04-01,E12000008,South East,9217265,304.0,361.57142857142856,3.0,17118.0,57437.0,4281137.0,-43.21052631578947,0.5678947368421052,-43.473684210526315,0.5652631578947369,-35.63157894736842,14.421052631578947
2021-04-02,E12000008,South East,9217265,223.0,340.0,5.0,10694.0,31786.0,4291831.0,-72.3157894736842,0.276842105263158,-56.421052631578945,0.4357894736842105,-47.78947368421053,22.210526315789473
2021-04-03,E12000008,South East,9217265,214.0,323.85714285714283,4.0,7789.0,23563.0,4299620.0,-27.157894736842106,0.7284210526315789,-49.05263157894737,0.5094736842105263,-54.8421052631579,9.631578947368421
2021-04-04,E12000008,South East,9217265,207.0,282.2857142857143,5.0,2195.0,3023.0,4301815.0,-23.63157894736842,0.7636842105263157,-40.73684210526316,0.5926315789473684,-69.89473684210526,5.888888888888889
2021-04-05,E12000008,South East,9217265,205.0,260.42857142857144,2.0,1342.0,6406.0,4303157.0,-77.94736842105263,0.22052631578947368,-63.10526315789474,0.3689473684210526,-46.78947368421053,24.263157894736842
2021-04-06,E12000008,South East,9217265,324.0,262.42857142857144,3.0,7877.0,22452.0,4311034.0,-52.94736842105263,0.4705263157894737,-51.1578947368421,0.488421052631579,-43.21052631578947,17.842105263157894
2021-04-07,E12000008,South East,9217265,325.0,257.42857142857144,1.0,7198.0,56656.0,4318232.0,-51.68421052631579,0.4831578947368421,-51.68421052631579,0.4831578947368421,-45.473684210526315,18.263157894736842
2021-04-08,E12000008,South East,9217265,312.0,258.57142857142856,6.0,6325.0,59070.0,4324557.0,-50.78947368421053,0.4921052631578947,-50.89473684210526,0.4910526315789474,-43.31578947368421,17.63157894736842
2021-04-09,E12000008,South East,9217265,253.0,262.85714285714283,0.0,7893.0,62914.0,4332450.0,-48.8421052631579,0.511578947368421,-49.0,0.51,-47.526315789473685,17.0
2021-04-10,E12000008,South East,9217265,228.0,264.85714285714283,1.0,10005.0,72265.0,4342455.0,-21.526315789473685,0.7847368421052632,-51.26315789473684,0.48736842105263156,-57.8421052631579,11.105263157894736
2021-04-11,E12000008,South East,9217265,198.0,263.57142857142856,1.0,3757.0,21086.0,4346212.0,-17.789473684210527,0.8221052631578947,-41.421052631578945,0.5857894736842105,-53.1578947368421,7.444444444444445
2021-04-12,E12000008,South East,9217265,253.0,270.42857142857144,3.0,3601.0,20167.0,4349813.0,-48.578947368421055,0.5142105263157895,-38.89473684210526,0.6110526315789474,-13.526315789473685,13.526315789473685
2021-04-13,E12000008,South East,9217265,237.0,258.0,3.0,6601.0,33488.0,4356414.0,-48.578947368421055,0.5142105263157895,-40.89473684210526,0.5910526315789474,-19.263157894736842,14.210526315789474
2021-04-14,E12000008,South East,9217265,244.0,246.42857142857142,1.0,12452.0,37759.0,4368866.0,-48.1578947368421,0.5184210526315789,-40.36842105263158,0.5963157894736841,-20.263157894736842,14.31578947368421
2021-04-15,E12000008,South East,9217265,209.0,231.71428571428572,1.0,16172.0,49618.0,4385038.0,-47.63157894736842,0.5236842105263158,-40.1578947368421,0.598421052631579,-20.105263157894736,14.526315789473685
2021-04-16,E12000008,South East,9217265,214.0,226.14285714285714,0.0,17557.0,68018.0,4402595.0,-46.05263157894737,0.5394736842105263,-35.578947368421055,0.6442105263157895,-25.63157894736842,13.105263157894736
2021-04-17,E12000008,South East,9217265,169.0,217.71428571428572,0.0,20713.0,78801.0,4423308.0,-14.210526315789474,0.8578947368421053,-26.94736842105263,0.7305263157894737,-32.578947368421055,5.052631578947368
2021-04-18,E12000008,South East,9217265,295.0,231.57142857142858,1.0,12246.0,27959.0,4435554.0,-12.31578947368421,0.8768421052631579,-21.63157894736842,0.7836842105263158,-30.57894736842105,4.052631578947368
2021-04-19,E12000008,South East,9217265,268.0,233.71428571428572,3.0,18402.0,28825.0,4453956.0,-37.526315789473685,0.6247368421052631,-35.05263157894737,0.6494736842105263,-21.05263157894737,11.421052631578947
2021-04-20,E12000008,South East,9217265,224.0,231.85714285714286,1.0,17905.0,42307.0,4471861.0,-36.8421052631579,0.631578947368421,-36.421052631578945,0.6357894736842106,-24.57894736842105,12.0
2021-04-21,E12000008,South East,9217265,291.0,238.57142857142858,2.0,21161.0,49624.0,4493022.0,-36.26315789473684,0.6373684210526316,-39.26315789473684,0.6073684210526316,-25.263157894736842,12.368421052631579
2021-04-22,E12000008,South East,9217265,254.0,245.0,1.0,21409.0,54621.0,4514431.0,-35.10526315789474,0.6489473684210526,-38.78947368421053,0.6121052631578947,-22.68421052631579,11.736842105263158
2021-04-23,E12000008,South East,9217265,214.0,245.0,1.0,19918.0,64971.0,4534349.0,-33.421052631578945,0.6657894736842105,-34.26315789473684,0.6573684210526316,-25.0,10.421052631578947
2021-04-24,E12000008,South East,9217265,143.0,241.28571428571428,2.0,24444.0,85160.0,4558793.0,-11.473684210526315,0.8852631578947369,-28.63157894736842,0.7136842105263158,-28.57894736842105,4.684210526315789
2021-04-25,E12000008,South East,9217265,240.0,233.42857142857142,0.0,13523.0,35896.0,4572316.0,-11.368421052631579,0.8863157894736842,-27.42105263157895,0.7257894736842105,-29.0,4.421052631578948
2021-04-26,E12000008,South East,9217265,266.0,233.14285714285714,0.0,14226.0,38487.0,4586542.0,-35.78947368421053,0.6421052631578947,-37.473684210526315,0.6252631578947369,-22.842105263157894,11.421052631578947
2021-04-27,E12000008,South East,9217265,211.0,231.28571428571428,1.0,13750.0,44873.0,4600292.0,-35.8421052631579,0.641578947368421,-38.8421052631579,0.611578947368421,-25.736842105263158,11.947368421052632
2021-04-28,E12000008,South East,9217265,269.0,228.14285714285714,0.0,16648.0,58042.0,4616940.0,-35.94736842105263,0.6405263157894737,-41.421052631578945,0.5857894736842105,-31.526315789473685,13.263157894736842
2021-04-29,E12000008,South East,9217265,198.0,220.14285714285714,2.0,18455.0,73836.0,4635395.0,-35.21052631578947,0.6478947368421053,-38.68421052631579,0.6131578947368421,-24.473684210526315,12.157894736842104
2021-04-30,E12000008,South East,9217265,154.0,211.57142857142858,2.0,22259.0,64426.0,4657654.0,-33.21052631578947,0.6678947368421053,-32.526315789473685,0.6747368421052631,-24.36842105263158,10.631578947368421
2021-05-01,E12000008,South East,9217265,134.0,210.28571428571428,1.0,22613.0,61093.0,4680267.0,-12.578947368421053,0.8742105263157894,-28.736842105263158,0.7126315789473685,-28.05263157894737,5.2105263157894735
2021-05-02,E12000008,South East,9217265,150.0,197.42857142857142,3.0,12373.0,26347.0,4692640.0,-12.052631578947368,0.8794736842105263,-24.894736842105264,0.7510526315789474,-23.894736842105264,3.6315789473684212
2021-05-03,E12000008,South East,9217265,203.0,188.42857142857142,0.0,9849.0,20267.0,4702489.0,-75.57894736842105,0.24421052631578943,-51.68421052631579,0.4831578947368421,-19.789473684210527,21.473684210526315
2021-05-04,E12000008,South East,9217265,201.0,187.0,1.0,20601.0,32560.0,4723090.0,-36.1578947368421,0.638421052631579,-39.578947368421055,0.6042105263157895,-28.31578947368421,12.526315789473685
2021-05-05,E12000008,South East,9217265,222.0,180.28571428571428,0.0,17899.0,53314.0,4740989.0,-34.8421052631579,0.651578947368421,-40.578947368421055,0.5942105263157895,-29.0,12.526315789473685
2021-05-06,E12000008,South East,9217265,203.0,181.0,2.0,16286.0,63575.0,4757275.0,-34.421052631578945,0.6557894736842105,-38.10526315789474,0.6189473684210526,-23.894736842105264,11.736842105263158
2021-05-07,E12000008,South East,9217265,174.0,183.85714285714286,2.0,19154.0,67849.0,4776429.0,-31.42105263157895,0.6857894736842105,-34.31578947368421,0.6568421052631579,-26.263157894736842,10.368421052631579
2021-05-08,E12000008,South East,9217265,124.0,182.42857142857142,2.0,26815.0,77204.0,4803244.0,-14.263157894736842,0.8573684210526316,-42.89473684210526,0.5710526315789475,-38.1578947368421,8.526315789473685
2021-05-09,E12000008,South East,9217265,181.0,186.85714285714286,1.0,17696.0,23803.0,4820940.0,-9.631578947368421,0.9036842105263158,-29.736842105263158,0.7026315789473685,-28.789473684210527,4.7894736842105265
2021-05-10,E12000008,South East,9217265,216.0,188.71428571428572,0.0,14924.0,25822.0,4835864.0,-34.78947368421053,0.6521052631578947,-38.05263157894737,0.6194736842105263,-23.63157894736842,11.473684210526315
2021-05-11,E12000008,South East,9217265,155.0,182.14285714285714,2.0,16874.0,45711.0,4852738.0,-34.1578947368421,0.658421052631579,-38.89473684210526,0.6110526315789474,-24.57894736842105,12.105263157894736
2021-05-12,E12000008,South East,9217265,185.0,176.85714285714286,0.0,22183.0,65790.0,4874921.0,-33.78947368421053,0.6621052631578948,-38.421052631578945,0.6157894736842106,-23.210526315789473,11.631578947368421
2021-05-13,E12000008,South East,9217265,184.0,174.14285714285714,0.0,29114.0,67480.0,4904035.0,-35.26315789473684,0.6473684210526316,-40.526315789473685,0.5947368421052632,-27.42105263157895,12.68421052631579
2021-05-14,E12000008,South East,9217265,138.0,169.0,0.0,32265.0,54485.0,4936300.0,-32.21052631578947,0.6778947368421053,-34.63157894736842,0.6536842105263159,-26.68421052631579,10.842105263157896
2021-05-15,E12000008,South East,9217265,130.0,169.85714285714286,0.0,33276.0,64756.0,4969576.0,-13.105263157894736,0.8689473684210527,-35.1578947368421,0.648421052631579,-32.473684210526315,6.7368421052631575
2021-05-16,E12000008,South East,9217265,144.0,164.57142857142858,0.0,15794.0,27690.0,4985370.0,-10.631578947368421,0.8936842105263157,-35.05263157894737,0.6494736842105263,-35.73684210526316,6.111111111111111
2021-05-17,E12000008,South East,9217265,203.0,162.71428571428572,0.0,13230.0,34660.0,4998600.0,-33.31578947368421,0.6668421052631579,-33.0,0.6699999999999999,-16.31578947368421,10.578947368421053
2021-05-18,E12000008,South East,9217265,177.0,165.85714285714286,0.0,27466.0,38653.0,5026066.0,-33.421052631578945,0.6657894736842105,-34.78947368421053,0.6521052631578947,-17.789473684210527,11.0
2021-05-19,E12000008,South East,9217265,190.0,166.57142857142858,0.0,41411.0,49225.0,5067477.0,-32.31578947368421,0.6768421052631579,-35.526315789473685,0.6447368421052632,-17.736842105263158,10.736842105263158
2021-05-20,E12000008,South East,9217265,166.0,164.0,1.0,42069.0,58242.0,5109546.0,-32.68421052631579,0.6731578947368422,-37.10526315789474,0.6289473684210526,-19.210526315789473,11.368421052631579
2021-05-21,E12000008,South East,9217265,185.0,170.71428571428572,0.0,34309.0,66750.0,5143855.0,-31.210526315789473,0.6878947368421053,-29.94736842105263,0.7005263157894737,-23.210526315789473,9.947368421052632
2021-05-22,E12000008,South East,9217265,149.0,173.42857142857142,0.0,34337.0,92862.0,5178192.0,-7.578947368421052,0.9242105263157895,-25.473684210526315,0.7452631578947368,-21.94736842105263,3.5789473684210527
2021-05-23,E12000008,South East,9217265,222.0,184.57142857142858,1.0,17049.0,38166.0,5195241.0,-7.894736842105263,0.9210526315789473,-24.894736842105264,0.7510526315789474,-23.894736842105264,3.3684210526315788
2021-05-24,E12000008,South East,9217265,306.0,199.28571428571428,0.0,13460.0,44660.0,5208701.0,-34.421052631578945,0.6557894736842105,-34.421052631578945,0.6557894736842105,-18.473684210526315,11.0
2021-05-25,E12000008,South East,9217265,287.0,215.0,1.0,25723.0,56131.0,5234424.0,-33.05263157894737,0.6694736842105262,-36.421052631578945,0.6357894736842106,-17.526315789473685,10.894736842105264
2021-05-26,E12000008,South East,9217265,349.0,237.71428571428572,0.0,35686.0,55339.0,5270110.0,-32.21052631578947,0.6778947368421053,-34.94736842105263,0.6505263157894736,-13.789473684210526,10.31578947368421
2021-05-27,E12000008,South East,9217265,350.0,264.0,1.0,40738.0,57603.0,5310848.0,-32.05263157894737,0.6794736842105262,-31.894736842105264,0.6810526315789474,-5.842105263157895,9.263157894736842
2021-05-28,E12000008,South East,9217265,331.0,284.85714285714283,1.0,31829.0,65319.0,5342677.0,-31.736842105263158,0.6826315789473685,-20.05263157894737,0.7994736842105263,-6.894736842105263,7.2105263157894735
2021-05-29,E12000008,South East,9217265,286.0,304.42857142857144,0.0,28476.0,69937.0,5371153.0,-8.631578947368421,0.9136842105263158,-7.631578947368421,0.9236842105263158,-13.68421052631579,0.3684210526315789
2021-05-30,E12000008,South East,9217265,317.0,318.0,0.0,15955.0,34923.0,5387108.0,-5.7894736842105265,0.9421052631578948,-1.7894736842105263,0.9821052631578947,-0.8421052631578947,-1.3157894736842106
2021-05-31,E12000008,South East,9217265,368.0,326.85714285714283,0.0,11020.0,29052.0,5398128.0,-75.57894736842105,0.24421052631578943,-29.42105263157895,0.7057894736842105,9.842105263157896,13.473684210526315
2021-06-01,E12000008,South East,9217265,475.0,353.7142857142857,0.0,9390.0,49436.0,5407518.0,-48.10526315789474,0.5189473684210526,-27.473684210526315,0.7252631578947368,3.1578947368421053,10.157894736842104
2021-06-02,E12000008,South East,9217265,562.0,384.14285714285717,0.0,20459.0,48631.0,5427977.0,-46.36842105263158,0.5363157894736842,-31.05263157894737,0.6894736842105262,-0.2631578947368421,11.105263157894736
2021-06-03,E12000008,South East,9217265,531.0,410.0,0.0,27063.0,58030.0,5455040.0,-45.89473684210526,0.5410526315789475,-30.42105263157895,0.6957894736842105,2.1578947368421053,10.736842105263158
2021-06-04,E12000008,South East,9217265,493.0,433.14285714285717,2.0,24735.0,56220.0,5479775.0,-44.05263157894737,0.5594736842105263,-28.842105263157894,0.7115789473684211,-11.368421052631579,10.631578947368421
2021-06-05,E12000008,South East,9217265,408.0,450.57142857142856,0.0,30920.0,69961.0,5510695.0,-5.368421052631579,0.9463157894736842,-12.789473684210526,0.8721052631578947,-15.631578947368421,0.7368421052631579
2021-06-06,E12000008,South East,9217265,477.0,473.42857142857144,2.0,14964.0,33812.0,5525659.0,-1.1578947368421053,0.988421052631579,-13.473684210526315,0.8652631578947368,-13.368421052631579,1.2105263157894737
2021-06-07,E12000008,South East,9217265,615.0,508.7142857142857,0.0,14620.0,43402.0,5540279.0,-34.26315789473684,0.6573684210526316,-31.0,0.69,-5.7894736842105265,9.631578947368421
2021-06-08,E12000008,South East,9217265,580.0,523.7142857142857,2.0,21910.0,40604.0,5562189.0,-32.78947368421053,0.6721052631578948,-32.8421052631579,0.671578947368421,-6.894736842105263,9.578947368421053
2021-06-09,E12000008,South East,9217265,648.0,536.0,0.0,25795.0,44010.0,5587984.0,-31.842105263157894,0.6815789473684211,-32.526315789473685,0.6747368421052631,-6.473684210526316,9.421052631578947
2021-06-10,E12000008,South East,9217265,689.0,558.5714285714286,4.0,28457.0,43254.0,5616441.0,-31.473684210526315,0.6852631578947368,-32.578947368421055,0.6742105263157894,-7.7368421052631575,9.68421052631579
2021-06-11,E12000008,South East,9217265,613.0,575.7142857142857,0.0,26777.0,43316.0,5643218.0,-29.526315789473685,0.7047368421052631,-25.842105263157894,0.7415789473684211,-11.0,7.842105263157895
2021-06-12,E12000008,South East,9217265,520.0,591.7142857142857,0.0,36960.0,47426.0,5680178.0,-3.8421052631578947,0.9615789473684211,-16.736842105263158,0.8326315789473684,-16.736842105263158,1.1578947368421053
2021-06-13,E12000008,South East,9217265,576.0,605.8571428571429,3.0,17931.0,23012.0,5698109.0,-1.1578947368421053,0.988421052631579,-10.421052631578947,0.8957894736842105,-16.210526315789473,0.10526315789473684
2021-06-14,E12000008,South East,9217265,856.0,640.2857142857143,0.0,18342.0,27713.0,5716451.0,-33.421052631578945,0.6657894736842105,-28.736842105263158,0.7126315789473685,-7.526315789473684,9.263157894736842
2021-06-15,E12000008,South East,9217265,867.0,681.2857142857143,1.0,25498.0,29698.0,5741949.0,-32.68421052631579,0.6731578947368422,-32.05263157894737,0.6794736842105262,-8.473684210526315,9.68421052631579
2021-06-16,E12000008,South East,9217265,963.0,726.2857142857143,0.0,27309.0,30767.0,5769258.0,-32.26315789473684,0.6773684210526316,-32.526315789473685,0.6747368421052631,-8.947368421052632,9.736842105263158
2021-06-17,E12000008,South East,9217265,844.0,748.4285714285714,1.0,32962.0,31836.0,5802220.0,-32.68421052631579,0.6731578947368422,-34.73684210526316,0.6526315789473685,-12.842105263157896,10.789473684210526
2021-06-18,E12000008,South East,9217265,856.0,783.1428571428571,1.0,31565.0,30533.0,5833785.0,-32.10526315789474,0.6789473684210525,-30.842105263157894,0.6915789473684211,-21.526315789473685,10.0
2021-06-19,E12000008,South East,9217265,614.0,796.5714285714286,1.0,44896.0,32756.0,5878681.0,-4.473684210526316,0.9552631578947368,-22.05263157894737,0.7794736842105263,-17.42105263157895,2.9473684210526314
2021-06-20,E12000008,South East,9217265,763.0,823.2857142857143,1.0,21192.0,13358.0,5899873.0,-0.10526315789473684,0.9989473684210526,-20.105263157894736,0.7989473684210526,-12.631578947368421,1.4736842105263157
2021-06-21,E12000008,South East,9217265,1106.0,859.0,0.0,17430.0,16610.0,5917303.0,-34.89473684210526,0.6510526315789473,-34.526315789473685,0.6547368421052632,-16.473684210526315,11.31578947368421
2021-06-22,E12000008,South East,9217265,1269.0,916.4285714285714,1.0,26459.0,19450.0,5943762.0,-33.421052631578945,0.6657894736842105,-34.73684210526316,0.6526315789473685,-12.0,10.421052631578947
2021-06-23,E12000008,South East,9217265,1432.0,983.4285714285714,0.0,28284.0,20643.0,5972046.0,-32.21052631578947,0.6778947368421053,-32.94736842105263,0.6705263157894736,-8.210526315789474,9.68421052631579
2021-06-24,E12000008,South East,9217265,1555.0,1085.0,1.0,32596.0,20622.0,6004642.0,-32.10526315789474,0.6789473684210525,-31.94736842105263,0.6805263157894736,-7.842105263157895,9.68421052631579
2021-06-25,E12000008,South East,9217265,1602.0,1191.5714285714287,4.0,26439.0,21358.0,6031081.0,-31.157894736842106,0.6884210526315789,-24.842105263157894,0.7515789473684211,-8.421052631578947,7.894736842105263
2021-06-26,E12000008,South East,9217265,1536.0,1323.2857142857142,1.0,35261.0,33028.0,6066342.0,-3.263157894736842,0.9673684210526315,-14.368421052631579,0.8563157894736843,-14.263157894736842,1.2105263157894737
2021-06-27,E12000008,South East,9217265,1873.0,1481.857142857143,0.0,16638.0,13034.0,6082980.0,-2.8947368421052633,0.9710526315789474,-17.94736842105263,0.8205263157894737,-16.789473684210527,2.210526315789474
2021-06-28,E12000008,South East,9217265,2606.0,1696.142857142857,0.0,17008.0,16391.0,6099988.0,-34.421052631578945,0.6557894736842105,-30.789473684210527,0.6921052631578948,-8.473684210526315,9.578947368421053
2021-06-29,E12000008,South East,9217265,2612.0,1888.0,0.0,18340.0,17844.0,6118328.0,-35.1578947368421,0.648421052631579,-37.05263157894737,0.6294736842105263,-15.157894736842104,9.947368421052632
2021-06-30,E12000008,South East,9217265,2653.0,2062.4285714285716,0.0,18562.0,20883.0,6136890.0,-33.421052631578945,0.6657894736842105,-34.78947368421053,0.6521052631578947,-8.210526315789474,8.947368421052632
2021-07-01,E12000008,South East,9217265,2759.0,2234.4285714285716,2.0,19960.0,26919.0,6156850.0,-32.68421052631579,0.6731578947368422,-30.263157894736842,0.6973684210526316,-4.842105263157895,9.526315789473685
2021-07-02,E12000008,South East,9217265,2559.0,2371.1428571428573,1.0,19516.0,25414.0,6176366.0,-30.68421052631579,0.6931578947368421,-23.57894736842105,0.7642105263157895,-9.421052631578947,8.0
2021-07-03,E12000008,South East,9217265,2516.0,2511.1428571428573,2.0,21712.0,32774.0,6198078.0,-4.578947368421052,0.9542105263157895,-18.31578947368421,0.8168421052631579,-16.42105263157895,2.210526315789474
2021-07-04,E12000008,South East,9217265,2508.0,2601.8571428571427,1.0,11513.0,15434.0,6209591.0,-2.9473684210526314,0.9705263157894737,-16.31578947368421,0.8368421052631579,-14.105263157894736,2.3157894736842106
2021-07-05,E12000008,South East,9217265,3525.0,2733.1428571428573,5.0,11294.0,19784.0,6220885.0,-33.94736842105263,0.6605263157894736,-29.57894736842105,0.7042105263157895,-7.052631578947368,10.052631578947368
2021-07-06,E12000008,South East,9217265,3562.0,2868.8571428571427,1.0,13316.0,18552.0,6234201.0,-34.578947368421055,0.6542105263157895,-35.473684210526315,0.6452631578947369,-12.736842105263158,11.578947368421053
2021-07-07,E12000008,South East,9217265,3827.0,3036.5714285714284,1.0,12360.0,18963.0,6246561.0,-33.10526315789474,0.6689473684210526,-33.10526315789474,0.6689473684210526,-8.052631578947368,9.947368421052632
2021-07-08,E12000008,South East,9217265,3432.0,3132.714285714286,3.0,14325.0,22189.0,6260886.0,-33.94736842105263,0.6605263157894736,-31.736842105263158,0.6826315789473685,-7.473684210526316,10.368421052631579
2021-07-09,E12000008,South East,9217265,3465.0,3262.1428571428573,4.0,15676.0,24122.0,6276562.0,-31.736842105263158,0.6826315789473685,-22.842105263157894,0.771578947368421,-8.526315789473685,8.052631578947368
2021-07-10,E12000008,South East,9217265,3067.0,3340.8571428571427,2.0,15826.0,31632.0,6292388.0,-5.473684210526316,0.9452631578947368,-18.789473684210527,0.8121052631578947,-16.05263157894737,3.3684210526315788
2021-07-11,E12000008,South East,9217265,3414.0,3470.285714285714,1.0,6462.0,15084.0,6298850.0,1.3157894736842106,1.013157894736842,-11.210526315789474,0.8878947368421053,-12.0,0.10526315789473684
2021-07-12,E12000008,South East,9217265,4945.0,3673.1428571428573,4.0,8241.0,20299.0,6307091.0,-38.10526315789474,0.6189473684210526,-31.789473684210527,0.6821052631578948,-11.894736842105264,11.578947368421053
2021-07-13,E12000008,South East,9217265,5285.0,3919.285714285714,2.0,9163.0,22129.0,6316254.0,-35.473684210526315,0.6452631578947369,-33.78947368421053,0.6621052631578948,-8.0,10.842105263157896
2021-07-14,E12000008,South East,9217265,6600.0,4315.428571428572,2.0,8004.0,27281.0,6324258.0,-34.26315789473684,0.6573684210526316,-32.05263157894737,0.6794736842105262,-5.315789473684211,10.421052631578947
2021-07-15,E12000008,South East,9217265,7940.0,4959.428571428572,6.0,7865.0,28968.0,6332123.0,-34.526315789473685,0.6547368421052632,-30.473684210526315,0.6952631578947368,-5.578947368421052,10.421052631578947
2021-07-16,E12000008,South East,9217265,6982.0,5461.857142857143,3.0,8532.0,31198.0,6340655.0,-33.05263157894737,0.6694736842105262,-21.842105263157894,0.781578947368421,-8.052631578947368,7.947368421052632
2021-07-17,E12000008,South East,9217265,4806.0,5710.285714285715,4.0,10344.0,36471.0,6350999.0,-5.578947368421052,0.9442105263157895,-10.0,0.9,-17.894736842105264,1.2105263157894737
2021-07-18,E12000008,South East,9217265,4604.0,5880.285714285715,1.0,4023.0,17850.0,6355022.0,-1.894736842105263,0.9810526315789474,-2.0526315789473686,0.9794736842105263,-13.631578947368421,-0.05263157894736842
2021-07-19,E12000008,South East,9217265,5731.0,5992.571428571428,6.0,5609.0,19124.0,6360631.0,-38.89473684210526,0.6110526315789474,-27.157894736842106,0.7284210526315789,-2.9473684210526314,10.052631578947368
2021-07-20,E12000008,South East,9217265,4913.0,5939.428571428572,3.0,5938.0,25721.0,6366569.0,-39.05263157894737,0.6094736842105263,-32.0,0.6799999999999999,-5.105263157894737,10.789473684210526
2021-07-21,E12000008,South East,9217265,4285.0,5608.714285714285,5.0,5791.0,25586.0,6372360.0,-38.8421052631579,0.611578947368421,-31.42105263157895,0.6857894736842105,-3.526315789473684,10.368421052631579
2021-07-22,E12000008,South East,9217265,3625.0,4992.285714285715,2.0,5427.0,24397.0,6377787.0,-40.0,0.6,-29.0,0.71,-1.1578947368421053,10.368421052631579
2021-07-23,E12000008,South East,9217265,3234.0,4456.857142857143,6.0,5902.0,30245.0,6383689.0,-39.36842105263158,0.6063157894736841,-20.526315789473685,0.7947368421052632,-5.947368421052632,8.578947368421053
2021-07-24,E12000008,South East,9217265,2739.0,4161.571428571428,5.0,6244.0,33153.0,6389933.0,-5.842105263157895,0.9415789473684211,-12.894736842105264,0.8710526315789473,-16.68421052631579,2.210526315789474
2021-07-25,E12000008,South East,9217265,2649.0,3882.285714285714,9.0,2499.0,15429.0,6392432.0,-3.210526315789474,0.9678947368421053,-13.526315789473685,0.8647368421052631,-14.736842105263158,1.9473684210526316
2021-07-26,E12000008,South East,9217265,3415.0,3551.4285714285716,7.0,4456.0,18943.0,6396888.0,-44.94736842105263,0.5505263157894738,-26.57894736842105,0.7342105263157894,1.736842105263158,10.263157894736842
2021-07-27,E12000008,South East,9217265,3514.0,3351.5714285714284,3.0,4348.0,18316.0,6401236.0,-44.78947368421053,0.5521052631578947,-33.10526315789474,0.6689473684210526,-1.5789473684210527,11.894736842105264
2021-07-28,E12000008,South East,9217265,3665.0,3263.0,10.0,4565.0,20901.0,6405801.0,-44.10526315789474,0.5589473684210526,-32.1578947368421,0.678421052631579,-0.42105263157894735,11.473684210526315
2021-07-29,E12000008,South East,9217265,3430.0,3235.1428571428573,12.0,4660.0,24038.0,6410461.0,-43.68421052631579,0.5631578947368421,-27.94736842105263,0.7205263157894737,3.8421052631578947,10.210526315789474
2021-07-30,E12000008,South East,9217265,3091.0,3214.714285714286,7.0,4424.0,23975.0,6414885.0,-43.0,0.5700000000000001,-23.94736842105263,0.7605263157894737,-7.2105263157894735,9.894736842105264
2021-07-31,E12000008,South East,9217265,2496.0,3180.0,8.0,4861.0,29950.0,6419746.0,-5.7894736842105265,0.9421052631578948,-10.052631578947368,0.8994736842105263,-13.105263157894736,1.0526315789473684
2021-08-01,E12000008,South East,9217265,2611.0,3174.5714285714284,5.0,2428.0,13069.0,6422174.0,-2.1052631578947367,0.9789473684210527,-4.842105263157895,0.9515789473684211,-8.473684210526315,0.631578947368421
2021-08-02,E12000008,South East,9217265,3657.0,3209.1428571428573,9.0,3248.0,17301.0,6425422.0,-46.26315789473684,0.5373684210526315,-26.473684210526315,0.7352631578947368,3.3157894736842106,10.473684210526315
2021-08-03,E12000008,South East,9217265,3755.0,3243.5714285714284,10.0,3469.0,20112.0,6428891.0,-45.8421052631579,0.541578947368421,-28.894736842105264,0.7110526315789474,3.210526315789474,10.842105263157896
2021-08-04,E12000008,South East,9217265,4064.0,3300.5714285714284,3.0,3605.0,21391.0,6432496.0,-44.78947368421053,0.5521052631578947,-27.94736842105263,0.7205263157894737,4.105263157894737,10.210526315789474
2021-08-05,E12000008,South East,9217265,3856.0,3361.4285714285716,7.0,3492.0,24532.0,6435988.0,-45.1578947368421,0.5484210526315789,-29.894736842105264,0.7010526315789474,-0.7368421052631579,11.473684210526315
2021-08-06,E12000008,South East,9217265,3502.0,3420.1428571428573,13.0,3387.0,23271.0,6439375.0,-43.526315789473685,0.5647368421052632,-22.263157894736842,0.7773684210526316,-5.315789473684211,9.578947368421053
2021-08-07,E12000008,South East,9217265,2893.0,3476.8571428571427,6.0,4321.0,33394.0,6443696.0,-8.421052631578947,0.9157894736842105,-10.210526315789474,0.8978947368421053,-15.421052631578947,1.8421052631578947
2021-08-08,E12000008,South East,9217265,2938.0,3523.5714285714284,5.0,2745.0,18304.0,6446441.0,-4.421052631578948,0.9557894736842105,-6.157894736842105,0.9384210526315789,-12.0,1.263157894736842
2021-08-09,E12000008,South East,9217265,3914.0,3560.285714285714,5.0,3145.0,19398.0,6449586.0,-46.63157894736842,0.5336842105263158,-26.68421052631579,0.733157894736842,1.7894736842105263,11.0
2021-08-10,E12000008,South East,9217265,4070.0,3605.285714285714,1.0,3985.0,21232.0,6453571.0,-45.578947368421055,0.5442105263157895,-27.36842105263158,0.7263157894736842,5.578947368421052,10.263157894736842
2021-08-11,E12000008,South East,9217265,4546.0,3674.1428571428573,7.0,4635.0,23970.0,6458206.0,-44.78947368421053,0.5521052631578947,-25.63157894736842,0.7436842105263157,4.105263157894737,10.052631578947368
2021-08-12,E12000008,South East,9217265,4095.0,3708.285714285714,5.0,4810.0,28493.0,6463016.0,-45.0,0.55,-24.894736842105264,0.7510526315789474,4.473684210526316,10.263157894736842
2021-08-13,E12000008,South East,9217265,3872.0,3761.1428571428573,5.0,4277.0,23755.0,6467293.0,-43.578947368421055,0.5642105263157895,-17.68421052631579,0.8231578947368421,-3.8421052631578947,8.578947368421053
2021-08-14,E12000008,South East,9217265,3354.0,3827.0,1.0,7546.0,32421.0,6474839.0,-7.105263157894737,0.9289473684210526,3.0526315789473686,1.0305263157894737,-12.526315789473685,-0.3157894736842105
2021-08-15,E12000008,South East,9217265,3124.0,3853.5714285714284,7.0,3407.0,15995.0,6478246.0,-2.789473684210526,0.9721052631578947,1.5789473684210527,1.0157894736842106,-7.2105263157894735,-0.2631578947368421
2021-08-16,E12000008,South East,9217265,4741.0,3971.714285714286,8.0,4551.0,18297.0,6482797.0,-46.473684210526315,0.5352631578947369,-22.05263157894737,0.7794736842105263,4.368421052631579,9.631578947368421
2021-08-17,E12000008,South East,9217265,5195.0,4132.428571428572,20.0,5971.0,20345.0,6488768.0,-46.1578947368421,0.5384210526315789,-28.105263157894736,0.7189473684210526,2.3684210526315788,10.894736842105264
2021-08-18,E12000008,South East,9217265,5019.0,4200.0,10.0,5434.0,22514.0,6494202.0,-43.63157894736842,0.5636842105263158,-28.0,0.72,2.9473684210526314,10.368421052631579
2021-08-19,E12000008,South East,9217265,4503.0,4258.285714285715,8.0,8327.0,26742.0,6502529.0,-44.05263157894737,0.5594736842105263,-25.526315789473685,0.7447368421052631,3.0526315789473686,10.210526315789474
2021-08-20,E12000008,South East,9217265,4059.0,4285.0,10.0,8997.0,24964.0,6511526.0,-42.8421052631579,0.571578947368421,-18.0,0.8200000000000001,-3.789473684210526,8.105263157894736
2021-08-21,E12000008,South East,9217265,3459.0,4300.0,7.0,11306.0,31495.0,6522832.0,-7.578947368421052,0.9242105263157895,-6.421052631578948,0.9357894736842105,-14.210526315789474,0.9473684210526315
2021-08-22,E12000008,South East,9217265,3347.0,4331.857142857143,12.0,5347.0,14981.0,6528179.0,-1.2105263157894737,0.9878947368421053,1.736842105263158,1.0173684210526315,-6.315789473684211,-0.47368421052631576
2021-08-23,E12000008,South East,9217265,4582.0,4309.142857142857,11.0,6431.0,17063.0,6534610.0,-45.36842105263158,0.5463157894736842,-21.736842105263158,0.7826315789473685,5.684210526315789,9.421052631578947
2021-08-24,E12000008,South East,9217265,4171.0,4162.857142857143,13.0,8376.0,21129.0,6542986.0,-45.0,0.55,-25.736842105263158,0.7426315789473684,5.315789473684211,9.947368421052632
2021-08-25,E12000008,South East,9217265,4073.0,4027.714285714286,11.0,9902.0,20878.0,6552888.0,-44.0,0.56,-24.42105263157895,0.7557894736842106,7.315789473684211,9.631578947368421
2021-08-26,E12000008,South East,9217265,3703.0,3913.4285714285716,10.0,6981.0,20934.0,6559869.0,-44.68421052631579,0.5531578947368421,-21.31578947368421,0.7868421052631579,7.157894736842105,9.631578947368421
2021-08-27,E12000008,South East,9217265,3551.0,3840.8571428571427,10.0,6724.0,19409.0,6566593.0,-43.94736842105263,0.5605263157894738,-13.105263157894736,0.8689473684210527,0.5789473684210527,7.526315789473684
2021-08-28,E12000008,South East,9217265,3028.0,3779.285714285714,12.0,7029.0,20346.0,6573622.0,-7.2105263157894735,0.9278947368421053,7.7368421052631575,1.0773684210526315,-10.105263157894736,-0.42105263157894735
2021-08-29,E12000008,South East,9217265,2792.0,3700.0,10.0,3104.0,11439.0,6576726.0,-1.8421052631578947,0.9815789473684211,12.842105263157896,1.128421052631579,1.631578947368421,-2.0526315789473686
2021-08-30,E12000008,South East,9217265,3729.0,3578.1428571428573,8.0,2598.0,8675.0,6579324.0,-75.0,0.25,-28.894736842105264,0.7110526315789474,10.052631578947368,15.210526315789474
2021-08-31,E12000008,South East,9217265,5406.0,3754.5714285714284,8.0,6570.0,19037.0,6585894.0,-43.8421052631579,0.561578947368421,-26.0,0.74,4.684210526315789,10.578947368421053
2021-09-01,E12000008,South East,9217265,5084.0,3899.0,5.0,5791.0,17280.0,6591685.0,-39.73684210526316,0.6026315789473684,-27.526315789473685,0.7247368421052631,1.7894736842105263,10.421052631578947
2021-09-02,E12000008,South East,9217265,4742.0,4047.4285714285716,4.0,5216.0,16533.0,6596901.0,-37.578947368421055,0.6242105263157894,-27.94736842105263,0.7205263157894737,1.2105263157894737,9.947368421052632
2021-09-03,E12000008,South East,9217265,4234.0,4145.0,13.0,4961.0,16959.0,6601862.0,-34.78947368421053,0.6521052631578947,-18.210526315789473,0.8178947368421052,-3.1578947368421053,7.684210526315789
2021-09-04,E12000008,South East,9217265,3468.0,4207.857142857143,16.0,5689.0,20643.0,6607551.0,-3.736842105263158,0.9626315789473684,-6.2105263157894735,0.9378947368421052,-9.263157894736842,0.7894736842105263
2021-09-05,E12000008,South East,9217265,3370.0,4290.428571428572,14.0,2505.0,11288.0,6610056.0,0.8421052631578947,1.0084210526315789,2.4210526315789473,1.0242105263157895,-2.1578947368421053,-0.15789473684210525
2021-09-06,E12000008,South East,9217265,4534.0,4405.428571428572,17.0,2393.0,11198.0,6612449.0,-36.05263157894737,0.6394736842105263,-20.736842105263158,0.7926315789473685,0.8947368421052632,8.210526315789474
2021-09-07,E12000008,South East,9217265,3744.0,4168.0,16.0,2427.0,11795.0,6614876.0,-35.0,0.65,-22.736842105263158,0.7726315789473684,-0.631578947368421,8.105263157894736
2021-09-08,E12000008,South East,9217265,3365.0,3922.4285714285716,14.0,2724.0,13244.0,6617600.0,-33.578947368421055,0.6642105263157895,-22.94736842105263,0.7705263157894737,-2.210526315789474,8.157894736842104
2021-09-09,E12000008,South East,9217265,3214.0,3704.1428571428573,17.0,2663.0,14185.0,6620263.0,-33.473684210526315,0.6652631578947368,-23.94736842105263,0.7605263157894737,-4.315789473684211,8.473684210526315
2021-09-10,E12000008,South East,9217265,2870.0,3509.285714285714,11.0,3069.0,13362.0,6623332.0,-31.68421052631579,0.6831578947368421,-16.789473684210527,0.8321052631578947,-7.421052631578948,6.947368421052632
2021-09-11,E12000008,South East,9217265,2286.0,3340.4285714285716,17.0,3794.0,14670.0,6627126.0,-3.9473684210526314,0.9605263157894737,-3.0,0.97,-7.842105263157895,0.42105263157894735
2021-09-12,E12000008,South East,9217265,2473.0,3212.285714285714,9.0,1482.0,6478.0,6628608.0,-0.42105263157894735,0.9957894736842106,0.631578947368421,1.0063157894736843,-3.8421052631578947,-0.05263157894736842
2021-09-13,E12000008,South East,9217265,3384.0,3048.0,11.0,1860.0,8831.0,6630468.0,-34.68421052631579,0.6531578947368422,-20.31578947368421,0.7968421052631579,-3.5789473684210527,7.7894736842105265
2021-09-14,E12000008,South East,9217265,3187.0,2968.4285714285716,4.0,2306.0,9102.0,6632774.0,-35.89473684210526,0.6410526315789473,-25.94736842105263,0.7405263157894737,-8.526315789473685,9.263157894736842
2021-09-15,E12000008,South East,9217265,3168.0,2940.285714285714,12.0,2434.0,9078.0,6635208.0,-33.94736842105263,0.6605263157894736,-22.157894736842106,0.7784210526315789,-3.1578947368421053,7.631578947368421
2021-09-16,E12000008,South East,9217265,2858.0,2889.4285714285716,9.0,2422.0,9867.0,6637630.0,-35.10526315789474,0.6489473684210526,-19.0,0.81,-1.5789473684210527,6.7894736842105265
2021-09-17,E12000008,South East,9217265,3117.0,2924.714285714286,15.0,2201.0,8526.0,6639831.0,-34.10526315789474,0.6589473684210526,-15.105263157894736,0.8489473684210527,-6.2631578947368425,6.105263157894737
2021-09-18,E12000008,South East,9217265,2883.0,3010.0,11.0,3623.0,12698.0,6643454.0,-6.421052631578948,0.9357894736842105,-4.526315789473684,0.9547368421052631,-9.105263157894736,-0.2631578947368421
2021-09-19,E12000008,South East,9217265,3525.0,3160.285714285714,5.0,1121.0,4611.0,6644575.0,-4.526315789473684,0.9547368421052631,-1.5789473684210527,0.9842105263157894,-9.842105263157896,0.631578947368421
2021-09-20,E12000008,South East,9217265,4593.0,3333.0,7.0,2138.0,7425.0,6646713.0,-35.78947368421053,0.6421052631578947,-17.210526315789473,0.8278947368421052,-3.1578947368421053,7.7894736842105265
2021-09-21,E12000008,South East,9217265,4456.0,3514.285714285714,15.0,1920.0,6536.0,6648633.0,-34.63157894736842,0.6536842105263159,-23.842105263157894,0.761578947368421,-5.157894736842105,7.842105263157895
2021-09-22,E12000008,South East,9217265,4058.0,3641.4285714285716,7.0,2699.0,6427.0,6651332.0,-31.894736842105264,0.6810526315789474,-23.42105263157895,0.7657894736842106,-4.631578947368421,7.578947368421052
2021-09-23,E12000008,South East,9217265,3787.0,3774.1428571428573,10.0,4357.0,6806.0,6655689.0,-32.0,0.6799999999999999,-23.68421052631579,0.763157894736842,-4.473684210526316,7.7894736842105265
2021-09-24,E12000008,South East,9217265,3506.0,3829.714285714286,12.0,5042.0,7322.0,6660731.0,-31.210526315789473,0.6878947368421053,-14.210526315789474,0.8578947368421053,-4.578947368421052,5.421052631578948
2021-09-25,E12000008,South East,9217265,3437.0,3908.8571428571427,8.0,2456.0,7108.0,6663187.0,-5.7368421052631575,0.9426315789473684,-3.473684210526316,0.9652631578947368,-12.947368421052632,0.7894736842105263
2021-09-26,E12000008,South East,9217265,4422.0,4037.0,8.0,1337.0,3208.0,6664524.0,-2.4210526315789473,0.9757894736842105,0.21052631578947367,1.0021052631578948,-9.263157894736842,0.6842105263157895
2021-09-27,E12000008,South East,9217265,5461.0,4161.0,9.0,5033.0,4843.0,6669557.0,-34.63157894736842,0.6536842105263159,-21.157894736842106,0.7884210526315789,-9.421052631578947,8.894736842105264
2021-09-28,E12000008,South East,9217265,4180.0,4121.571428571428,10.0,7518.0,5094.0,6677075.0,-35.10526315789474,0.6489473684210526,-26.157894736842106,0.7384210526315789,-13.631578947368421,9.68421052631579
2021-09-29,E12000008,South East,9217265,4201.0,4142.0,12.0,6920.0,4974.0,6683995.0,-34.05263157894737,0.6594736842105263,-25.0,0.75,-8.473684210526315,8.578947368421053
2021-09-30,E12000008,South East,9217265,3826.0,4147.571428571428,5.0,7112.0,5162.0,6691107.0,-34.05263157894737,0.6594736842105263,-25.05263157894737,0.7494736842105263,-8.421052631578947,9.0
2021-10-01,E12000008,South East,9217265,3544.0,4153.0,5.0,6204.0,4022.0,6697311.0,-33.0,0.6699999999999999,-19.894736842105264,0.8010526315789473,-8.526315789473685,7.684210526315789
2021-10-02,E12000008,South East,9217265,3528.0,4166.0,5.0,2441.0,5199.0,6699752.0,-9.526315789473685,0.9047368421052632,-20.63157894736842,0.7936842105263158,-19.68421052631579,4.157894736842105
2021-10-03,E12000008,South East,9217265,4276.0,4145.142857142857,9.0,1614.0,2759.0,6701366.0,-3.210526315789474,0.9678947368421053,-12.263157894736842,0.8773684210526316,-8.105263157894736,1.7894736842105263
2021-10-04,E12000008,South East,9217265,5674.0,4175.571428571428,9.0,5496.0,3818.0,6706862.0,-34.8421052631579,0.651578947368421,-26.526315789473685,0.7347368421052631,-8.157894736842104,8.736842105263158
2021-10-05,E12000008,South East,9217265,4940.0,4284.142857142857,7.0,6878.0,3428.0,6713740.0,-34.78947368421053,0.6521052631578947,-29.68421052631579,0.7031578947368421,-9.631578947368421,9.105263157894736
2021-10-06,E12000008,South East,9217265,4914.0,4386.0,9.0,6486.0,4000.0,6720226.0,-32.73684210526316,0.6726315789473685,-26.94736842105263,0.7305263157894737,-5.631578947368421,8.368421052631579
2021-10-07,E12000008,South East,9217265,4784.0,4522.857142857143,12.0,6885.0,3753.0,6727111.0,-32.526315789473685,0.6747368421052631,-27.105263157894736,0.7289473684210526,-7.0,8.210526315789474
2021-10-08,E12000008,South East,9217265,4810.0,4703.714285714285,6.0,6278.0,3628.0,6733389.0,-31.57894736842105,0.6842105263157895,-20.894736842105264,0.7910526315789473,-8.421052631578947,7.105263157894737
2021-10-09,E12000008,South East,9217265,4539.0,4848.142857142857,7.0,2420.0,5008.0,6735809.0,-5.052631578947368,0.9494736842105264,-10.947368421052632,0.8905263157894737,-6.631578947368421,1.0
2021-10-10,E12000008,South East,9217265,5135.0,4970.857142857143,8.0,1270.0,2893.0,6737079.0,-3.473684210526316,0.9652631578947368,-11.789473684210526,0.8821052631578947,-8.736842105263158,1.1578947368421053
2021-10-11,E12000008,South East,9217265,6818.0,5134.285714285715,10.0,7324.0,3517.0,6744403.0,-33.36842105263158,0.6663157894736842,-25.63157894736842,0.7436842105263157,-6.578947368421052,8.157894736842104
2021-10-12,E12000008,South East,9217265,6533.0,5361.857142857143,5.0,8155.0,3874.0,6752558.0,-32.73684210526316,0.6726315789473685,-28.263157894736842,0.7173684210526317,-9.842105263157896,8.473684210526315
2021-10-13,E12000008,South East,9217265,6494.0,5587.571428571428,9.0,7136.0,3494.0,6759694.0,-31.894736842105264,0.6810526315789474,-28.210526315789473,0.7178947368421053,-8.421052631578947,8.31578947368421
2021-10-14,E12000008,South East,9217265,6385.0,5816.285714285715,13.0,9047.0,3557.0,6768741.0,-31.42105263157895,0.6857894736842105,-27.0,0.73,-7.105263157894737,7.7368421052631575
2021-10-15,E12000008,South East,9217265,6437.0,6048.714285714285,14.0,7858.0,3509.0,6776599.0,-30.894736842105264,0.6910526315789474,-21.42105263157895,0.7857894736842105,-8.210526315789474,6.7894736842105265
2021-10-16,E12000008,South East,9217265,5673.0,6210.714285714285,5.0,2305.0,4895.0,6778904.0,-6.421052631578948,0.9357894736842105,-11.842105263157896,0.881578947368421,-8.473684210526315,1.631578947368421
2021-10-17,E12000008,South East,9217265,6520.0,6408.571428571428,10.0,1289.0,2327.0,6780193.0,-3.6842105263157894,0.9631578947368421,-12.526315789473685,0.8747368421052631,-8.894736842105264,1.4210526315789473
2021-10-18,E12000008,South East,9217265,8639.0,6668.714285714285,10.0,7472.0,3183.0,6787665.0,-34.8421052631579,0.651578947368421,-26.63157894736842,0.7336842105263157,-9.631578947368421,8.789473684210526
2021-10-19,E12000008,South East,9217265,8139.0,6898.142857142857,13.0,7698.0,3513.0,6795363.0,-34.421052631578945,0.6557894736842105,-29.57894736842105,0.7042105263157895,-10.052631578947368,9.157894736842104
2021-10-20,E12000008,South East,9217265,7699.0,7070.285714285715,14.0,7852.0,3174.0,6803215.0,-33.73684210526316,0.6626315789473685,-29.63157894736842,0.7036842105263158,-9.263157894736842,9.157894736842104
2021-10-21,E12000008,South East,9217265,7205.0,7187.428571428572,10.0,9052.0,3129.0,6812267.0,-33.421052631578945,0.6657894736842105,-26.94736842105263,0.7305263157894737,-5.526315789473684,8.421052631578947
2021-10-22,E12000008,South East,9217265,6581.0,7208.0,8.0,8392.0,3069.0,6820659.0,-33.8421052631579,0.661578947368421,-19.42105263157895,0.8057894736842105,-7.894736842105263,7.368421052631579
2021-10-23,E12000008,South East,9217265,5620.0,7200.428571428572,13.0,4669.0,4595.0,6825328.0,-7.7368421052631575,0.9226315789473685,-10.736842105263158,0.8926315789473684,-10.842105263157896,1.6842105263157894
2021-10-24,E12000008,South East,9217265,5277.0,7022.857142857143,10.0,3555.0,1941.0,6828883.0,-6.157894736842105,0.9384210526315789,-11.736842105263158,0.8826315789473684,-9.157894736842104,1.263157894736842
2021-10-25,E12000008,South East,9217265,6944.0,6780.714285714285,11.0,4336.0,2675.0,6833219.0,-44.526315789473685,0.5547368421052632,-24.42105263157895,0.7557894736842106,2.9473684210526314,9.631578947368421
2021-10-26,E12000008,South East,9217265,6215.0,6505.857142857143,15.0,4747.0,3179.0,6837966.0,-43.63157894736842,0.5636842105263158,-27.842105263157894,0.7215789473684211,1.263157894736842,9.947368421052632
2021-10-27,E12000008,South East,9217265,6448.0,6327.142857142857,15.0,5918.0,3242.0,6843884.0,-43.31578947368421,0.5668421052631578,-27.105263157894736,0.7289473684210526,1.8421052631578947,9.736842105263158
2021-10-28,E12000008,South East,9217265,6012.0,6156.714285714285,21.0,5791.0,3097.0,6849675.0,-43.0,0.5700000000000001,-24.894736842105264,0.7510526315789474,4.7368421052631575,9.263157894736842
2021-10-29,E12000008,South East,9217265,6173.0,6098.428571428572,16.0,5368.0,2813.0,6855043.0,-42.526315789473685,0.5747368421052632,-21.31578947368421,0.7868421052631579,-2.736842105263158,8.842105263157896
2021-10-30,E12000008,South East,9217265,5076.0,6020.714285714285,20.0,5672.0,3794.0,6860715.0,-9.052631578947368,0.9094736842105263,-10.526315789473685,0.8947368421052632,-10.473684210526315,1.368421052631579
2021-10-31,E12000008,South East,9217265,5111.0,5997.0,20.0,3469.0,1621.0,6864184.0,-6.315789473684211,0.9368421052631579,-11.68421052631579,0.8831578947368421,-14.736842105263158,1.9473684210526316
2021-11-01,E12000008,South East,9217265,6477.0,5930.285714285715,24.0,6528.0,2392.0,6870712.0,-34.26315789473684,0.6573684210526316,-26.157894736842106,0.7384210526315789,-6.7368421052631575,8.947368421052632
2021-11-02,E12000008,South East,9217265,5345.0,5806.0,19.0,7428.0,2474.0,6878140.0,-32.10526315789474,0.6789473684210525,-27.94736842105263,0.7205263157894737,-8.31578947368421,8.789473684210526
2021-11-03,E12000008,South East,9217265,4942.0,5590.857142857143,11.0,7346.0,2583.0,6885486.0,-31.36842105263158,0.6863157894736842,-27.31578947368421,0.726842105263158,-9.052631578947368,8.789473684210526
2021-11-04,E12000008,South East,9217265,4662.0,5398.0,14.0,7373.0,2424.0,6892859.0,-31.263157894736842,0.6873684210526316,-28.157894736842106,0.718421052631579,-8.0,8.842105263157896
2021-11-05,E12000008,South East,9217265,4291.0,5129.142857142857,21.0,8057.0,2769.0,6900916.0,-30.526315789473685,0.6947368421052631,-21.789473684210527,0.7821052631578947,-7.2631578947368425,7.421052631578948
2021-11-06,E12000008,South East,9217265,3847.0,4953.571428571428,20.0,4489.0,3808.0,6905405.0,-7.157894736842105,0.9284210526315789,-12.31578947368421,0.8768421052631579,-10.68421052631579,2.0526315789473686
2021-11-07,E12000008,South East,9217265,4451.0,4859.285714285715,20.0,2226.0,1633.0,6907631.0,-4.947368421052632,0.9505263157894737,-11.368421052631579,0.8863157894736842,-7.157894736842105,1.3157894736842106
2021-11-08,E12000008,South East,9217265,6215.0,4821.857142857143,19.0,6239.0,2431.0,6913870.0,-32.10526315789474,0.6789473684210525,-27.57894736842105,0.7242105263157894,-8.052631578947368,8.736842105263158
2021-11-09,E12000008,South East,9217265,6127.0,4933.571428571428,14.0,6334.0,2568.0,6920204.0,-31.105263157894736,0.6889473684210526,-29.157894736842106,0.708421052631579,-9.631578947368421,8.68421052631579
2021-11-10,E12000008,South East,9217265,6643.0,5176.571428571428,15.0,6269.0,2921.0,6926473.0,-30.526315789473685,0.6947368421052631,-28.210526315789473,0.7178947368421053,-9.894736842105264,8.68421052631579
2021-11-11,E12000008,South East,9217265,6410.0,5426.285714285715,9.0,5236.0,2688.0,6931709.0,-30.157894736842106,0.6984210526315789,-26.842105263157894,0.7315789473684211,-7.2631578947368425,8.578947368421053
2021-11-12,E12000008,South East,9217265,5763.0,5636.571428571428,14.0,6210.0,2491.0,6937919.0,-30.31578947368421,0.6968421052631579,-23.0,0.77,-10.526315789473685,8.052631578947368
2021-11-13,E12000008,South East,9217265,5454.0,5866.142857142857,16.0,4467.0,3806.0,6942386.0,-7.157894736842105,0.9284210526315789,-16.105263157894736,0.8389473684210527,-9.578947368421053,2.210526315789474
2021-11-14,E12000008,South East,9217265,5770.0,6054.571428571428,13.0,2192.0,1548.0,6944578.0,-4.842105263157895,0.9515789473684211,-13.842105263157896,0.861578947368421,-7.7368421052631575,1.736842105263158
2021-11-15,E12000008,South East,9217265,8356.0,6360.428571428572,16.0,3848.0,2124.0,6948426.0,-32.1578947368421,0.678421052631579,-27.42105263157895,0.7257894736842105,-8.421052631578947,8.736842105263158
2021-11-16,E12000008,South East,9217265,7374.0,6538.571428571428,16.0,3945.0,2097.0,6952371.0,-31.05263157894737,0.6894736842105262,-28.157894736842106,0.718421052631579,-9.263157894736842,8.789473684210526
2021-11-17,E12000008,South East,9217265,7371.0,6642.571428571428,16.0,3843.0,2552.0,6956214.0,-30.526315789473685,0.6947368421052631,-27.68421052631579,0.7231578947368421,-7.947368421052632,8.631578947368421
2021-11-18,E12000008,South East,9217265,7483.0,6795.857142857143,13.0,3957.0,2681.0,6960171.0,-30.105263157894736,0.6989473684210527,-27.105263157894736,0.7289473684210526,-5.894736842105263,8.578947368421053
2021-11-19,E12000008,South East,9217265,6894.0,6957.428571428572,14.0,3894.0,2749.0,6964065.0,-29.94736842105263,0.7005263157894737,-21.94736842105263,0.7805263157894737,-8.210526315789474,7.842105263157895
2021-11-20,E12000008,South East,9217265,6243.0,7070.142857142857,13.0,3746.0,3513.0,6967811.0,-6.947368421052632,0.9305263157894736,-13.578947368421053,0.8642105263157894,-9.0,2.1578947368421053
2021-11-21,E12000008,South East,9217265,6934.0,7236.428571428572,9.0,1866.0,1866.0,6969677.0,-5.631578947368421,0.9436842105263158,-12.263157894736842,0.8773684210526316,-9.157894736842104,1.7894736842105263
2021-11-22,E12000008,South East,9217265,9096.0,7342.142857142857,12.0,2380.0,2386.0,6972057.0,-32.05263157894737,0.6794736842105262,-27.68421052631579,0.7231578947368421,-7.2631578947368425,8.947368421052632
2021-11-23,E12000008,South East,9217265,8815.0,7548.0,13.0,3321.0,3021.0,6975378.0,-31.157894736842106,0.6884210526315789,-28.263157894736842,0.7173684210526317,-9.0,8.842105263157896
2021-11-24,E12000008,South East,9217265,8554.0,7717.0,17.0,2618.0,3309.0,6977996.0,-30.473684210526315,0.6952631578947368,-29.0,0.71,-9.0,8.947368421052632
2021-11-25,E12000008,South East,9217265,8005.0,7791.571428571428,11.0,2846.0,3640.0,6980842.0,-30.42105263157895,0.6957894736842105,-26.210526315789473,0.7378947368421053,-4.157894736842105,8.31578947368421
2021-11-26,E12000008,South East,9217265,7204.0,7835.857142857143,16.0,2775.0,3940.0,6983617.0,-31.36842105263158,0.6863157894736842,-22.105263157894736,0.7789473684210526,-5.2631578947368425,8.052631578947368
2021-11-27,E12000008,South East,9217265,6599.0,7886.714285714285,11.0,3397.0,6093.0,6987014.0,-8.31578947368421,0.9168421052631579,-19.894736842105264,0.8010526315789473,-14.0,3.789473684210526
2021-11-28,E12000008,South East,9217265,7353.0,7946.571428571428,13.0,2649.0,4014.0,6989663.0,-4.052631578947368,0.9594736842105264,-13.473684210526315,0.8652631578947368,-6.368421052631579,1.894736842105263
2021-11-29,E12000008,South East,9217265,10331.0,8123.0,8.0,2735.0,3880.0,6992398.0,-33.21052631578947,0.6678947368421053,-29.42105263157895,0.7057894736842105,-5.052631578947368,9.578947368421053
2021-11-30,E12000008,South East,9217265,10139.0,8312.142857142857,16.0,3010.0,4445.0,6995408.0,-31.42105263157895,0.6857894736842105,-29.894736842105264,0.7010526315789474,-6.157894736842105,9.105263157894736
2021-12-01,E12000008,South East,9217265,10266.0,8556.714285714286,13.0,2845.0,4558.0,6998253.0,-30.94736842105263,0.6905263157894737,-28.57894736842105,0.7142105263157894,-6.421052631578948,9.105263157894736
2021-12-02,E12000008,South East,9217265,9198.0,8727.142857142857,15.0,2803.0,4315.0,7001056.0,-30.42105263157895,0.6957894736842105,-28.210526315789473,0.7178947368421053,-4.578947368421052,8.947368421052632
2021-12-03,E12000008,South East,9217265,8355.0,8891.57142857143,18.0,2897.0,4494.0,7003953.0,-30.210526315789473,0.6978947368421053,-23.94736842105263,0.7605263157894737,-7.2631578947368425,8.263157894736842
2021-12-04,E12000008,South East,9217265,7166.0,8972.57142857143,15.0,3946.0,6152.0,7007899.0,-5.526315789473684,0.9447368421052632,-14.0,0.86,-8.368421052631579,2.210526315789474
2021-12-05,E12000008,South East,9217265,7305.0,8965.714285714286,14.0,2409.0,3864.0,7010308.0,-4.631578947368421,0.9536842105263158,-15.0,0.85,-10.68421052631579,2.3157894736842106
2021-12-06,E12000008,South East,9217265,10123.0,8936.0,16.0,2272.0,3431.0,7012580.0,-32.68421052631579,0.6731578947368422,-30.68421052631579,0.6931578947368421,-8.105263157894736,9.578947368421053
2021-12-07,E12000008,South East,9217265,9619.0,8861.714285714286,11.0,2540.0,3714.0,7015120.0,-31.157894736842106,0.6884210526315789,-32.8421052631579,0.671578947368421,-13.789473684210526,10.263157894736842
2021-12-08,E12000008,South East,9217265,9772.0,8791.142857142857,11.0,2432.0,4039.0,7017552.0,-29.57894736842105,0.7042105263157895,-29.63157894736842,0.7036842105263158,-5.894736842105263,9.105263157894736
2021-12-09,E12000008,South East,9217265,9338.0,8811.142857142857,21.0,3130.0,4728.0,7020682.0,-29.05263157894737,0.7094736842105263,-28.210526315789473,0.7178947368421053,-3.526315789473684,8.736842105263158
2021-12-10,E12000008,South East,9217265,8692.0,8859.285714285714,11.0,2566.0,4287.0,7023248.0,-29.31578947368421,0.7068421052631579,-23.526315789473685,0.7647368421052632,-5.105263157894737,7.894736842105263
2021-12-11,E12000008,South East,9217265,7987.0,8976.57142857143,11.0,3563.0,5972.0,7026811.0,-3.8421052631578947,0.9615789473684211,-15.842105263157896,0.841578947368421,-11.421052631578947,2.473684210526316
2021-12-12,E12000008,South East,9217265,8568.0,9157.0,7.0,2697.0,3860.0,7029508.0,-1.736842105263158,0.9826315789473684,-17.36842105263158,0.8263157894736842,-11.263157894736842,2.210526315789474
2021-12-13,E12000008,South East,9217265,13344.0,9617.142857142857,12.0,2803.0,3930.0,7032311.0,-34.0,0.6599999999999999,-32.0,0.6799999999999999,-3.473684210526316,10.210526315789474
2021-12-14,E12000008,South East,9217265,15683.0,10483.42857142857,21.0,2796.0,4345.0,7035107.0,-34.26315789473684,0.6573684210526316,-33.36842105263158,0.6663157894736842,-5.526315789473684,10.631578947368421
2021-12-15,E12000008,South East,9217265,16689.0,11471.57142857143,14.0,3548.0,5151.0,7038655.0,-33.421052631578945,0.6657894736842105,-31.736842105263158,0.6826315789473685,-0.15789473684210525,10.210526315789474
2021-12-16,E12000008,South East,9217265,15484.0,12349.57142857143,15.0,3988.0,5164.0,7042643.0,-33.73684210526316,0.6626315789473685,-33.0,0.6699999999999999,-0.05263157894736842,10.421052631578947
2021-12-17,E12000008,South East,9217265,14313.0,13152.57142857143,12.0,4114.0,5642.0,7046757.0,-33.68421052631579,0.6631578947368422,-28.894736842105264,0.7110526315789474,-4.315789473684211,9.842105263157896
2021-12-18,E12000008,South East,9217265,13371.0,13921.714285714286,14.0,5027.0,6612.0,7051784.0,-4.7894736842105265,0.9521052631578948,-21.789473684210527,0.7821052631578947,-13.947368421052632,3.473684210526316
2021-12-19,E12000008,South East,9217265,13292.0,14596.57142857143,8.0,4375.0,5596.0,7056159.0,0.05263157894736842,1.0005263157894737,-22.05263157894737,0.7794736842105263,-10.631578947368421,2.6315789473684212
2021-12-20,E12000008,South East,9217265,19219.0,15435.857142857143,9.0,4219.0,6174.0,7060378.0,-46.421052631578945,0.5357894736842106,-36.10526315789474,0.6389473684210526,8.157894736842104,12.052631578947368
2021-12-21,E12000008,South East,9217265,20565.0,16133.285714285714,12.0,4411.0,6912.0,7064789.0,-47.26315789473684,0.5273684210526316,-38.21052631578947,0.6178947368421053,4.894736842105263,13.0
2021-12-22,E12000008,South East,9217265,21242.0,16783.714285714286,13.0,4883.0,7729.0,7069672.0,-48.63157894736842,0.5136842105263157,-37.78947368421053,0.6221052631578947,7.526315789473684,13.157894736842104
2021-12-23,E12000008,South East,9217265,20785.0,17541.0,15.0,4133.0,6333.0,7073805.0,-52.473684210526315,0.47526315789473683,-35.05263157894737,0.6494736842105263,10.68421052631579,13.368421052631579
2021-12-24,E12000008,South East,9217265,17951.0,18060.714285714286,14.0,1233.0,1928.0,7075038.0,-62.94736842105263,0.3705263157894737,-46.63157894736842,0.5336842105263158,-15.052631578947368,16.526315789473685
2021-12-25,E12000008,South East,9217265,9526.0,17511.428571428572,16.0,29.0,33.0,7075067.0,-64.57894736842105,0.3542105263157894,-81.15789473684211,0.18842105263157893,-87.15789473684211,10.210526315789474
2021-12-26,E12000008,South East,9217265,14304.0,17656.0,10.0,128.0,194.0,7075195.0,-35.78947368421053,0.6421052631578947,-55.73684210526316,0.4426315789473684,-50.31578947368421,2.736842105263158
2021-12-27,E12000008,South East,9217265,22000.0,18053.285714285714,17.0,2420.0,3400.0,7077615.0,-79.52631578947368,0.2047368421052631,-46.473684210526315,0.5352631578947369,-12.526315789473685,18.36842105263158
2021-12-28,E12000008,South East,9217265,23415.0,18460.428571428572,17.0,3480.0,4797.0,7081095.0,-78.05263157894737,0.21947368421052627,-49.10526315789474,0.5089473684210526,-7.368421052631579,20.42105263157895
2021-12-29,E12000008,South East,9217265,31300.0,19897.285714285714,13.0,4211.0,6454.0,7085306.0,-66.78947368421052,0.3321052631578948,-46.31578947368421,0.5368421052631579,-4.684210526315789,18.68421052631579
2021-12-30,E12000008,South East,9217265,26112.0,20658.285714285714,15.0,4418.0,6437.0,7089724.0,-65.89473684210526,0.3410526315789474,-45.26315789473684,0.5473684210526315,-2.736842105263158,18.57894736842105
2021-12-31,E12000008,South East,9217265,20071.0,20961.14285714286,20.0,2378.0,3791.0,7092102.0,-65.3157894736842,0.34684210526315795,-49.26315789473684,0.5073684210526316,-16.36842105263158,17.42105263157895
2022-01-01,E12000008,South East,9217265,13153.0,21479.285714285714,18.0,353.0,517.0,7092455.0,-45.68421052631579,0.5431578947368421,-56.05263157894737,0.43947368421052635,-59.10526315789474,10.31578947368421
2022-01-02,E12000008,South East,9217265,18275.0,22046.571428571428,15.0,1755.0,2793.0,7094210.0,-10.842105263157896,0.891578947368421,-34.1578947368421,0.658421052631579,-23.842105263157894,5.5
2022-01-03,E12000008,South East,9217265,24839.0,22452.14285714286,14.0,3049.0,4801.0,7097259.0,-75.78947368421052,0.24210526315789482,-53.89473684210526,0.4610526315789474,-8.263157894736842,22.0
2022-01-04,E12000008,South East,9217265,31863.0,23659.0,19.0,2980.0,5323.0,7100239.0,-42.0,0.5800000000000001,-47.8421052631579,0.521578947368421,-22.94736842105263,15.736842105263158
2022-01-05,E12000008,South East,9217265,22926.0,22462.714285714286,21.0,3042.0,4684.0,7103281.0,-37.26315789473684,0.6273684210526316,-45.21052631578947,0.5478947368421052,-22.105263157894736,14.368421052631579
2022-01-06,E12000008,South East,9217265,18786.0,21416.14285714286,17.0,3207.0,4584.0,7106488.0,-36.05263157894737,0.6394736842105263,-45.36842105263158,0.5463157894736842,-24.63157894736842,14.578947368421053
2022-01-07,E12000008,South East,9217265,13628.0,20495.714285714286,29.0,2803.0,4378.0,7109291.0,-32.89473684210526,0.6710526315789473,-42.526315789473685,0.5747368421052632,-25.63157894736842,13.421052631578947
2022-01-08,E12000008,South East,9217265,10838.0,20165.0,27.0,4407.0,6928.0,7113698.0,-10.31578947368421,0.8968421052631579,-41.94736842105263,0.5805263157894738,-30.263157894736842,8.31578947368421
2022-01-09,E12000008,South East,9217265,11240.0,19160.0,25.0,2944.0,4166.0,7116642.0,-3.4210526315789473,0.9657894736842105,-30.68421052631579,0.6931578947368421,-19.263157894736842,4.833333333333333
2022-01-10,E12000008,South East,9217265,15809.0,17870.0,20.0,2398.0,4742.0,7119040.0,-34.05263157894737,0.6594736842105263,-40.473684210526315,0.5952631578947368,-20.0,12.105263157894736
2022-01-11,E12000008,South East,9217265,14229.0,15350.857142857143,26.0,2211.0,4628.0,7121251.0,-34.473684210526315,0.6552631578947368,-41.05263157894737,0.5894736842105264,-20.894736842105264,12.368421052631579
2022-01-12,E12000008,South East,9217265,12928.0,13922.57142857143,32.0,2545.0,5172.0,7123796.0,-33.26315789473684,0.6673684210526316,-39.89473684210526,0.6010526315789474,-18.894736842105264,11.842105263157896
2022-01-13,E12000008,South East,9217265,12216.0,12984.0,28.0,2880.0,6848.0,7126676.0,-32.78947368421053,0.6721052631578948,-39.421052631578945,0.6057894736842105,-18.105263157894736,11.894736842105264
2022-01-14,E12000008,South East,9217265,11498.0,12679.714285714286,21.0,2647.0,4828.0,7129323.0,-30.210526315789473,0.6978947368421053,-35.21052631578947,0.6478947368421053,-18.105263157894736,10.526315789473685
2022-01-15,E12000008,South East,9217265,10793.0,12673.285714285714,36.0,4091.0,7274.0,7133414.0,-6.578947368421052,0.9342105263157895,-30.894736842105264,0.6910526315789474,-19.42105263157895,4.894736842105263
2022-01-16,E12000008,South East,9217265,13756.0,13032.714285714286,35.0,2614.0,4035.0,7136028.0,-3.6315789473684212,0.9636842105263158,-28.31578947368421,0.716842105263158,-18.68421052631579,3.526315789473684
2022-01-17,E12000008,South East,9217265,18610.0,13432.857142857143,32.0,2152.0,4482.0,7138180.0,-33.26315789473684,0.6673684210526316,-37.68421052631579,0.6231578947368421,-16.789473684210527,10.578947368421053
2022-01-18,E12000008,South East,9217265,17223.0,13860.57142857143,27.0,2252.0,5039.0,7140432.0,-33.8421052631579,0.661578947368421,-37.10526315789474,0.6289473684210526,-19.57894736842105,11.368421052631579
2022-01-19,E12000008,South East,9217265,16437.0,14361.857142857143,28.0,2016.0,4824.0,7142448.0,-32.89473684210526,0.6710526315789473,-36.89473684210526,0.6310526315789474,-18.157894736842106,11.31578947368421
2022-01-20,E12000008,South East,9217265,15380.0,14813.857142857143,32.0,2827.0,6446.0,7145275.0,-32.10526315789474,0.6789473684210525,-35.94736842105263,0.6405263157894737,-15.947368421052632,11.31578947368421
2022-01-21,E12000008,South East,9217265,14575.0,15253.42857142857,30.0,2382.0,5799.0,7147657.0,-30.0,0.7,-32.421052631578945,0.6757894736842105,-18.157894736842106,10.421052631578947
2022-01-22,E12000008,South East,9217265,13166.0,15592.42857142857,31.0,2869.0,6686.0,7150526.0,-6.842105263157895,0.9315789473684211,-25.57894736842105,0.7442105263157894,-16.57894736842105,4.421052631578948
2022-01-23,E12000008,South East,9217265,16724.0,16016.42857142857,17.0,1814.0,3848.0,7152340.0,-4.315789473684211,0.9568421052631579,-25.105263157894736,0.7489473684210526,-19.894736842105264,3.473684210526316
2022-01-24,E12000008,South East,9217265,20666.0,16310.142857142857,31.0,1759.0,5038.0,7154099.0,-32.78947368421053,0.6721052631578948,-36.21052631578947,0.6378947368421053,-17.736842105263158,11.0
2022-01-25,E12000008,South East,9217265,18781.0,16532.714285714286,20.0,1654.0,4632.0,7155753.0,-33.10526315789474,0.6689473684210526,-35.89473684210526,0.6410526315789473,-18.526315789473685,11.31578947368421
2022-01-26,E12000008,South East,9217265,18307.0,16799.85714285714,24.0,1944.0,5189.0,7157697.0,-32.10526315789474,0.6789473684210525,-35.526315789473685,0.6447368421052632,-16.157894736842106,11.0
2022-01-27,E12000008,South East,9217265,16414.0,16947.571428571428,32.0,2044.0,5010.0,7159741.0,-31.63157894736842,0.6836842105263158,-34.05263157894737,0.6594736842105263,-14.421052631578947,10.473684210526315
2022-01-28,E12000008,South East,9217265,14796.0,16979.14285714286,32.0,1907.0,5760.0,7161648.0,-29.63157894736842,0.7036842105263158,-29.105263157894736,0.7089473684210527,-13.263157894736842,9.473684210526315
2022-01-29,E12000008,South East,9217265,13414.0,17014.571428571428,24.0,2478.0,6043.0,7164126.0,-6.315789473684211,0.9368421052631579,-22.31578947368421,0.7768421052631579,-12.263157894736842,3.3684210526315788
2022-01-30,E12000008,South East,9217265,15654.0,16861.714285714286,30.0,1350.0,3524.0,7165476.0,-3.3157894736842106,0.966842105263158,-17.789473684210527,0.8221052631578947,-10.157894736842104,2.210526315789474
2022-01-31,E12000008,South East,9217265,18144.0,16501.428571428572,31.0,1342.0,3431.0,7166818.0,-32.05263157894737,0.6794736842105262,-32.526315789473685,0.6747368421052631,-13.263157894736842,10.052631578947368
2022-02-01,E12000008,South East,9217265,16275.0,16143.42857142857,34.0,1566.0,4445.0,7168384.0,-31.894736842105264,0.6810526315789474,-31.94736842105263,0.6805263157894736,-14.31578947368421,9.894736842105264
2022-02-02,E12000008,South East,9217265,15342.0,15719.857142857143,30.0,1507.0,4325.0,7169891.0,-30.736842105263158,0.6926315789473685,-31.05263157894737,0.6894736842105262,-12.68421052631579,9.894736842105264
2022-02-03,E12000008,South East,9217265,13334.0,15279.857142857143,28.0,1656.0,4313.0,7171547.0,-30.42105263157895,0.6957894736842105,-31.0,0.69,-12.368421052631579,9.789473684210526
2022-02-04,E12000008,South East,9217265,11053.0,14745.142857142857,17.0,1334.0,4238.0,7172881.0,-29.31578947368421,0.7068421052631579,-28.68421052631579,0.7131578947368421,-14.842105263157896,9.526315789473685
2022-02-05,E12000008,South East,9217265,9210.0,14144.57142857143,31.0,1854.0,4513.0,7174735.0,-5.842105263157895,0.9415789473684211,-19.105263157894736,0.8089473684210526,-12.736842105263158,3.1052631578947367
2022-02-06,E12000008,South East,9217265,10682.0,13434.285714285714,30.0,716.0,2127.0,7175451.0,-5.0,0.95,-22.157894736842106,0.7784210526315789,-17.263157894736842,3.210526315789474
2022-02-07,E12000008,South East,9217265,13318.0,12744.857142857143,25.0,1175.0,3757.0,7176626.0,-31.263157894736842,0.6873684210526316,-30.105263157894736,0.6989473684210527,-12.789473684210526,9.31578947368421
2022-02-08,E12000008,South East,9217265,11583.0,12074.57142857143,31.0,1206.0,3479.0,7177832.0,-31.526315789473685,0.6847368421052631,-29.68421052631579,0.7031578947368421,-13.526315789473685,9.263157894736842
2022-02-09,E12000008,South East,9217265,10789.0,11424.142857142857,29.0,1388.0,4112.0,7179220.0,-30.736842105263158,0.6926315789473685,-29.63157894736842,0.7036842105263158,-12.789473684210526,9.0
2022-02-10,E12000008,South East,9217265,8786.0,10774.42857142857,31.0,1364.0,4224.0,7180584.0,-30.36842105263158,0.6963157894736842,-28.63157894736842,0.7136842105263158,-11.0,8.894736842105264
2022-02-11,E12000008,South East,9217265,7514.0,10268.857142857143,25.0,1388.0,4139.0,7181972.0,-28.894736842105264,0.7110526315789474,-23.894736842105264,0.7610526315789474,-10.421052631578947,8.157894736842104
2022-02-12,E12000008,South East,9217265,6253.0,9846.42857142857,31.0,1938.0,4080.0,7183910.0,-6.2105263157894735,0.9378947368421052,-18.36842105263158,0.8163157894736842,-10.842105263157896,2.6842105263157894
2022-02-13,E12000008,South East,9217265,6811.0,9293.42857142857,30.0,593.0,1560.0,7184503.0,-5.052631578947368,0.9494736842105264,-23.05263157894737,0.7694736842105263,-19.57894736842105,3.1578947368421053
2022-02-14,E12000008,South East,9217265,9157.0,8699.0,24.0,674.0,2142.0,7185177.0,-35.26315789473684,0.6473684210526316,-28.36842105263158,0.7163157894736842,1.1578947368421053,8.894736842105264
2022-02-15,E12000008,South East,9217265,8557.0,8266.714285714286,28.0,1050.0,2798.0,7186227.0,-35.68421052631579,0.6431578947368422,-30.263157894736842,0.6973684210526316,-15.578947368421053,10.105263157894736
2022-02-16,E12000008,South East,9217265,8560.0,7948.285714285715,22.0,1104.0,3265.0,7187331.0,-34.31578947368421,0.6568421052631579,-28.36842105263158,0.7163157894736842,-10.052631578947368,9.789473684210526
2022-02-17,E12000008,South East,9217265,7387.0,7748.428571428572,22.0,1202.0,3366.0,7188533.0,-33.73684210526316,0.6626315789473685,-24.105263157894736,0.7589473684210526,-5.0,8.578947368421053
2022-02-18,E12000008,South East,9217265,4878.0,7371.857142857143,25.0,439.0,861.0,7188972.0,-46.94736842105263,0.5305263157894737,-54.526315789473685,0.4547368421052631,-38.94736842105263,18.105263157894736
2022-02-19,E12000008,South East,9217265,5912.0,7323.142857142857,28.0,1454.0,3641.0,7190426.0,-8.210526315789474,0.9178947368421053,-26.526315789473685,0.7347368421052631,-18.842105263157894,3.4210526315789473
2022-02-20,E12000008,South East,9217265,6020.0,7210.142857142857,26.0,472.0,1266.0,7190898.0,-5.842105263157895,0.9415789473684211,-26.473684210526315,0.7352631578947368,-22.57894736842105,3.263157894736842
2022-02-21,E12000008,South East,9217265,7046.0,6908.571428571428,26.0,751.0,2023.0,7191649.0,-39.526315789473685,0.6047368421052631,-34.63157894736842,0.6536842105263159,-9.0,10.31578947368421
2022-02-22,E12000008,South East,9217265,5934.0,6533.857142857143,22.0,820.0,2093.0,7192469.0,-37.73684210526316,0.6226315789473684,-28.526315789473685,0.7147368421052631,-7.368421052631579,9.368421052631579
2022-02-23,E12000008,South East,9217265,5261.0,6062.571428571428,31.0,1050.0,2491.0,7193519.0,-36.89473684210526,0.6310526315789474,-28.36842105263158,0.7163157894736842,-8.263157894736842,9.0
2022-02-24,E12000008,South East,9217265,4447.0,5642.571428571428,20.0,979.0,2182.0,7194498.0,-37.0,0.63,-29.526315789473685,0.7047368421052631,-9.631578947368421,9.473684210526315
2022-02-25,E12000008,South East,9217265,4144.0,5537.714285714285,24.0,907.0,2007.0,7195405.0,-35.21052631578947,0.6478947368421053,-22.526315789473685,0.7747368421052632,-6.368421052631579,7.526315789473684
2022-02-26,E12000008,South East,9217265,3717.0,5224.142857142857,28.0,1255.0,3398.0,7196660.0,-6.105263157894737,0.9389473684210526,-13.0,0.87,-9.368421052631579,1.0526315789473684
2022-02-27,E12000008,South East,9217265,4635.0,5026.285714285715,16.0,504.0,1621.0,7197164.0,-2.1052631578947367,0.9789473684210527,-8.736842105263158,0.9126315789473685,-8.210526315789474,0.21052631578947367
2022-02-28,E12000008,South East,9217265,6652.0,4970.0,19.0,755.0,2314.0,7197919.0,-30.842105263157894,0.6915789473684211,-27.42105263157895,0.7257894736842105,-11.105263157894736,8.210526315789474
2022-03-01,E12000008,South East,9217265,6647.0,5071.857142857143,19.0,687.0,2119.0,7198606.0,-30.894736842105264,0.6910526315789474,-32.526315789473685,0.6747368421052631,-17.63157894736842,8.842105263157896
2022-03-02,E12000008,South East,9217265,6987.0,5318.428571428572,29.0,759.0,2060.0,7199365.0,-29.94736842105263,0.7005263157894737,-30.157894736842106,0.6984210526315789,-15.0,8.578947368421053
2022-03-03,E12000008,South East,9217265,6479.0,5608.714285714285,25.0,759.0,2272.0,7200124.0,-29.42105263157895,0.7057894736842105,-31.68421052631579,0.6831578947368421,-12.631578947368421,8.31578947368421
2022-03-04,E12000008,South East,9217265,6573.0,5955.714285714285,17.0,739.0,2179.0,7200863.0,-28.210526315789473,0.7178947368421053,-26.57894736842105,0.7342105263157894,-14.052631578947368,7.526315789473684
2022-03-05,E12000008,South East,9217265,6210.0,6311.857142857143,18.0,1123.0,3163.0,7201986.0,-5.7368421052631575,0.9426315789473684,-22.473684210526315,0.7752631578947369,-13.894736842105264,2.3684210526315788
2022-03-06,E12000008,South East,9217265,7607.0,6736.428571428572,15.0,405.0,1551.0,7202391.0,-2.3684210526315788,0.9763157894736842,-17.526315789473685,0.8247368421052632,-13.157894736842104,1.4210526315789473
2022-03-07,E12000008,South East,9217265,10981.0,7354.857142857143,23.0,520.0,1650.0,7202911.0,-30.210526315789473,0.6978947368421053,-29.36842105263158,0.7063157894736842,-13.894736842105264,7.947368421052632
2022-03-08,E12000008,South East,9217265,11106.0,7991.857142857143,30.0,603.0,1845.0,7203514.0,-29.789473684210527,0.7021052631578948,-29.842105263157894,0.7015789473684211,-15.052631578947368,7.7368421052631575
2022-03-09,E12000008,South East,9217265,12048.0,8714.857142857143,24.0,766.0,2234.0,7204280.0,-28.842105263157894,0.7115789473684211,-30.157894736842106,0.6984210526315789,-15.105263157894736,7.842105263157895
2022-03-10,E12000008,South East,9217265,11731.0,9465.142857142857,23.0,736.0,2582.0,7205016.0,-28.68421052631579,0.7131578947368421,-28.736842105263158,0.7126315789473685,-12.947368421052632,7.684210526315789
2022-03-11,E12000008,South East,9217265,11387.0,10152.857142857143,24.0,626.0,2058.0,7205642.0,-28.736842105263158,0.7126315789473685,-28.57894736842105,0.7142105263157894,-20.31578947368421,8.263157894736842
2022-03-12,E12000008,South East,9217265,10509.0,10767.0,14.0,1080.0,3661.0,7206722.0,-6.105263157894737,0.9389473684210526,-18.31578947368421,0.8168421052631579,-14.736842105263158,1.8421052631578947
2022-03-13,E12000008,South East,9217265,12625.0,11483.857142857143,26.0,409.0,1755.0,7207131.0,-4.2631578947368425,0.9573684210526315,-16.210526315789473,0.8378947368421052,-17.526315789473685,1.631578947368421
2022-03-14,E12000008,South East,9217265,16852.0,12322.57142857143,35.0,456.0,1390.0,7207587.0,-30.05263157894737,0.6994736842105262,-29.894736842105264,0.7010526315789474,-15.421052631578947,8.157894736842104
2022-03-15,E12000008,South East,9217265,15180.0,12904.57142857143,22.0,598.0,1766.0,7208185.0,-30.0,0.7,-30.0,0.7,-16.210526315789473,8.052631578947368
2022-03-16,E12000008,South East,9217265,14942.0,13318.0,31.0,706.0,2321.0,7208891.0,-29.894736842105264,0.7010526315789474,-31.526315789473685,0.6847368421052631,-21.68421052631579,9.157894736842104
2022-03-17,E12000008,South East,9217265,13726.0,13603.0,29.0,589.0,1977.0,7209480.0,-29.157894736842106,0.708421052631579,-27.894736842105264,0.7210526315789474,-11.052631578947368,7.578947368421052
2022-03-18,E12000008,South East,9217265,12324.0,13736.857142857143,35.0,626.0,1967.0,7210106.0,-29.210526315789473,0.7078947368421054,-23.94736842105263,0.7605263157894737,-13.31578947368421,7.052631578947368
2022-03-19,E12000008,South East,9217265,11141.0,13827.142857142857,21.0,973.0,3553.0,7211079.0,-7.368421052631579,0.9263157894736842,-14.789473684210526,0.8521052631578947,-13.421052631578947,1.2105263157894737
2022-03-20,E12000008,South East,9217265,13164.0,13904.142857142857,26.0,415.0,1644.0,7211494.0,-5.894736842105263,0.9410526315789474,-10.894736842105264,0.8910526315789473,-12.736842105263158,0.7368421052631579
2022-03-21,E12000008,South East,9217265,17534.0,14001.57142857143,17.0,497.0,1565.0,7211991.0,-30.526315789473685,0.6947368421052631,-28.105263157894736,0.7189473684210526,-14.368421052631579,7.894736842105263
2022-03-22,E12000008,South East,9217265,15575.0,14058.0,28.0,519.0,1662.0,7212510.0,-29.894736842105264,0.7010526315789474,-28.157894736842106,0.718421052631579,-14.052631578947368,7.894736842105263
2022-03-23,E12000008,South East,9217265,14548.0,14001.714285714286,32.0,555.0,1907.0,7213065.0,-29.473684210526315,0.7052631578947368,-27.31578947368421,0.726842105263158,-12.842105263157896,7.578947368421052
2022-03-24,E12000008,South East,9217265,12783.0,13867.0,31.0,581.0,1718.0,7213646.0,-29.157894736842106,0.708421052631579,-25.63157894736842,0.7436842105263157,-9.631578947368421,7.2105263157894735
2022-03-25,E12000008,South East,9217265,11315.0,13722.857142857143,23.0,562.0,1748.0,7214208.0,-29.105263157894736,0.7089473684210527,-22.57894736842105,0.7742105263157895,-10.68421052631579,6.526315789473684
2022-03-26,E12000008,South East,9217265,9682.0,13514.42857142857,30.0,922.0,3523.0,7215130.0,-7.157894736842105,0.9284210526315789,-11.894736842105264,0.8810526315789473,-10.68421052631579,-0.05263157894736842
2022-03-27,E12000008,South East,9217265,10649.0,13155.142857142857,32.0,264.0,1126.0,7215394.0,-3.8421052631578947,0.9615789473684211,-8.736842105263158,0.9126315789473685,-11.842105263157896,-0.6842105263157895
2022-03-28,E12000008,South East,9217265,14493.0,12720.714285714286,28.0,376.0,1345.0,7215770.0,-31.31578947368421,0.6868421052631579,-27.157894736842106,0.7284210526315789,-13.947368421052632,8.0
2022-03-29,E12000008,South East,9217265,12114.0,12226.285714285714,31.0,417.0,1523.0,7216187.0,-30.68421052631579,0.6931578947368421,-30.736842105263158,0.6926315789473685,-17.94736842105263,8.631578947368421
2022-03-30,E12000008,South East,9217265,11451.0,11783.857142857143,39.0,472.0,1756.0,7216659.0,-29.473684210526315,0.7052631578947368,-30.42105263157895,0.6957894736842105,-16.36842105263158,8.263157894736842
2022-03-31,E12000008,South East,9217265,8480.0,11169.142857142857,34.0,521.0,1872.0,7217180.0,-29.473684210526315,0.7052631578947368,-29.894736842105264,0.7010526315789474,-14.473684210526315,8.210526315789474
2020-09-01,E12000009,South West,5659143,102.0,62.142857142857146,0.0,0.0,0.0,0.0,-42.23076923076923,0.5776923076923077,-12.0,0.88,-1.1111111111111112,9.0
2020-09-02,E12000009,South West,5659143,133.0,72.14285714285714,0.0,0.0,0.0,0.0,-41.15384615384615,0.5884615384615385,-21.5,0.785,-8.11111111111111,10.615384615384615
2020-09-03,E12000009,South West,5659143,150.0,85.14285714285714,0.0,0.0,0.0,0.0,-40.23076923076923,0.5976923076923077,-21.6,0.784,-9.2,10.384615384615385
2020-09-04,E12000009,South West,5659143,136.0,94.28571428571429,1.0,0.0,0.0,0.0,-38.07692307692308,0.6192307692307693,-10.8,0.892,-13.3,8.153846153846153
2020-09-05,E12000009,South West,5659143,85.0,99.28571428571429,1.0,0.0,0.0,0.0,-8.555555555555555,0.9144444444444444,-6.142857142857143,0.9385714285714286,-19.272727272727273,2.230769230769231
2020-09-06,E12000009,South West,5659143,78.0,105.57142857142857,0.0,0.0,0.0,0.0,-5.833333333333333,0.9416666666666667,-15.4,0.846,-12.555555555555555,1.8181818181818181
2020-09-07,E12000009,South West,5659143,98.0,111.71428571428571,0.0,0.0,0.0,0.0,-40.53846153846154,0.5946153846153845,-11.555555555555555,0.8844444444444445,-9.0,8.0
2020-09-08,E12000009,South West,5659143,79.0,108.42857142857143,0.0,0.0,0.0,0.0,-39.76923076923077,0.6023076923076923,-14.0,0.86,-4.777777777777778,8.23076923076923
2020-09-09,E12000009,South West,5659143,78.0,100.57142857142857,0.0,0.0,0.0,0.0,-37.46153846153846,0.6253846153846154,-17.11111111111111,0.8288888888888889,-10.7,8.307692307692308
2020-09-10,E12000009,South West,5659143,87.0,91.57142857142857,1.0,0.0,0.0,0.0,-37.30769230769231,0.6269230769230769,-14.0,0.86,-8.3,7.6923076923076925
2020-09-11,E12000009,South West,5659143,98.0,86.14285714285714,0.0,0.0,0.0,0.0,-36.15384615384615,0.6384615384615384,-10.846153846153847,0.8915384615384615,-12.076923076923077,6.769230769230769
2020-09-12,E12000009,South West,5659143,66.0,83.42857142857143,0.0,0.0,0.0,0.0,-7.0,0.9299999999999999,-6.3076923076923075,0.936923076923077,-18.076923076923077,1.7692307692307692
2020-09-13,E12000009,South West,5659143,55.0,80.14285714285714,2.0,0.0,0.0,0.0,-4.538461538461538,0.9546153846153846,-2.3076923076923075,0.9769230769230769,-11.384615384615385,-0.2727272727272727
2020-09-14,E12000009,South West,5659143,79.0,77.42857142857143,0.0,0.0,0.0,0.0,-34.69230769230769,0.6530769230769231,-10.461538461538462,0.8953846153846154,-5.153846153846154,6.3076923076923075
2020-09-15,E12000009,South West,5659143,87.0,78.57142857142857,2.0,0.0,0.0,0.0,-34.23076923076923,0.6576923076923077,-15.0,0.85,-6.3076923076923075,7.846153846153846
2020-09-16,E12000009,South West,5659143,74.0,78.0,0.0,0.0,0.0,0.0,-34.30769230769231,0.6569230769230769,-16.53846153846154,0.8346153846153845,-9.76923076923077,7.769230769230769
2020-09-17,E12000009,South West,5659143,111.0,81.42857142857143,1.0,0.0,0.0,0.0,-34.0,0.6599999999999999,-15.846153846153847,0.8415384615384616,-7.923076923076923,7.461538461538462
2020-09-18,E12000009,South West,5659143,125.0,85.28571428571429,1.0,0.0,0.0,0.0,-33.15384615384615,0.6684615384615384,-11.538461538461538,0.8846153846153846,-12.692307692307692,6.3076923076923075
2020-09-19,E12000009,South West,5659143,126.0,93.85714285714286,0.0,0.0,0.0,0.0,-8.0,0.92,-9.23076923076923,0.9076923076923077,-18.846153846153847,2.6923076923076925
2020-09-20,E12000009,South West,5659143,148.0,107.14285714285714,1.0,0.0,0.0,0.0,-4.3076923076923075,0.9569230769230769,-3.5384615384615383,0.9646153846153847,-11.692307692307692,0.8181818181818182
2020-09-21,E12000009,South West,5659143,152.0,117.57142857142857,0.0,0.0,0.0,0.0,-35.15384615384615,0.6484615384615384,-13.384615384615385,0.8661538461538462,-6.461538461538462,6.923076923076923
2020-09-22,E12000009,South West,5659143,161.0,128.14285714285714,0.0,0.0,0.0,0.0,-34.38461538461539,0.6561538461538461,-20.307692307692307,0.796923076923077,-10.23076923076923,8.692307692307692
2020-09-23,E12000009,South West,5659143,169.0,141.71428571428572,1.0,0.0,0.0,0.0,-33.0,0.6699999999999999,-25.846153846153847,0.7415384615384615,-16.53846153846154,9.846153846153847
2020-09-24,E12000009,South West,5659143,211.0,156.0,2.0,0.0,0.0,0.0,-32.46153846153846,0.6753846153846155,-26.76923076923077,0.7323076923076923,-14.846153846153847,9.461538461538462
2020-09-25,E12000009,South West,5659143,223.0,170.0,1.0,0.0,0.0,0.0,-31.384615384615383,0.6861538461538461,-18.153846153846153,0.8184615384615385,-15.0,8.0
2020-09-26,E12000009,South West,5659143,132.0,170.85714285714286,0.0,0.0,0.0,0.0,-5.384615384615385,0.9461538461538461,-16.0,0.84,-18.307692307692307,3.5384615384615383
2020-09-27,E12000009,South West,5659143,119.0,166.71428571428572,1.0,0.0,0.0,0.0,-3.8461538461538463,0.9615384615384616,-10.538461538461538,0.8946153846153846,-13.923076923076923,2.1538461538461537
2020-09-28,E12000009,South West,5659143,322.0,191.0,1.0,0.0,0.0,0.0,-31.615384615384617,0.6838461538461538,-21.692307692307693,0.783076923076923,-11.538461538461538,8.461538461538462
2020-09-29,E12000009,South West,5659143,275.0,207.28571428571428,0.0,0.0,0.0,0.0,-31.153846153846153,0.6884615384615385,-22.615384615384617,0.7738461538461539,-11.076923076923077,8.846153846153847
2020-09-30,E12000009,South West,5659143,403.0,240.71428571428572,1.0,0.0,0.0,0.0,-32.15384615384615,0.6784615384615384,-31.615384615384617,0.6838461538461538,-21.153846153846153,10.76923076923077
2020-10-01,E12000009,South West,5659143,400.0,267.7142857142857,1.0,0.0,0.0,0.0,-28.692307692307693,0.713076923076923,-26.46153846153846,0.7353846153846154,-14.153846153846153,9.076923076923077
2020-10-02,E12000009,South West,5659143,429.0,297.14285714285717,1.0,0.0,0.0,0.0,-30.0,0.7,-27.692307692307693,0.7230769230769231,-28.0,10.307692307692308
2020-10-03,E12000009,South West,5659143,409.0,336.7142857142857,1.0,0.0,0.0,0.0,-9.846153846153847,0.9015384615384615,-31.0,0.69,-29.76923076923077,6.846153846153846
2020-10-04,E12000009,South West,5659143,446.0,383.42857142857144,3.0,0.0,0.0,0.0,-9.23076923076923,0.9076923076923077,-30.615384615384617,0.6938461538461538,-30.76923076923077,5.615384615384615
2020-10-05,E12000009,South West,5659143,659.0,431.57142857142856,0.0,0.0,0.0,0.0,-31.53846153846154,0.6846153846153846,-24.53846153846154,0.7546153846153846,-16.615384615384617,8.692307692307692
2020-10-06,E12000009,South West,5659143,664.0,487.14285714285717,1.0,0.0,0.0,0.0,-31.307692307692307,0.686923076923077,-27.23076923076923,0.7276923076923076,-17.23076923076923,9.461538461538462
2020-10-07,E12000009,South West,5659143,817.0,546.2857142857143,1.0,0.0,0.0,0.0,-29.46153846153846,0.7053846153846154,-27.153846153846153,0.7284615384615385,-17.615384615384617,9.0
2020-10-08,E12000009,South West,5659143,866.0,612.8571428571429,1.0,0.0,0.0,0.0,-29.384615384615383,0.7061538461538461,-28.615384615384617,0.7138461538461538,-18.76923076923077,9.692307692307692
2020-10-09,E12000009,South West,5659143,786.0,663.8571428571429,2.0,0.0,0.0,0.0,-28.0,0.72,-24.153846153846153,0.7584615384615385,-20.846153846153847,8.461538461538462
2020-10-10,E12000009,South West,5659143,577.0,687.8571428571429,1.0,0.0,0.0,0.0,-5.0,0.95,-24.23076923076923,0.7576923076923077,-22.692307692307693,4.538461538461538
2020-10-11,E12000009,South West,5659143,488.0,693.8571428571429,5.0,0.0,0.0,0.0,-3.769230769230769,0.9623076923076923,-21.384615384615383,0.7861538461538462,-20.46153846153846,3.076923076923077
2020-10-12,E12000009,South West,5659143,764.0,708.8571428571429,4.0,0.0,0.0,0.0,-31.384615384615383,0.6861538461538461,-28.846153846153847,0.7115384615384615,-20.615384615384617,9.538461538461538
2020-10-13,E12000009,South West,5659143,978.0,753.7142857142857,2.0,0.0,0.0,0.0,-30.307692307692307,0.696923076923077,-28.307692307692307,0.716923076923077,-17.53846153846154,9.692307692307692
2020-10-14,E12000009,South West,5659143,879.0,762.5714285714286,3.0,0.0,0.0,0.0,-28.46153846153846,0.7153846153846154,-27.615384615384617,0.7238461538461538,-18.923076923076923,9.615384615384615
2020-10-15,E12000009,South West,5659143,695.0,738.1428571428571,2.0,0.0,0.0,0.0,-28.153846153846153,0.7184615384615385,-27.0,0.73,-17.384615384615383,9.461538461538462
2020-10-16,E12000009,South West,5659143,817.0,742.5714285714286,4.0,0.0,0.0,0.0,-27.384615384615383,0.7261538461538461,-23.153846153846153,0.7684615384615385,-20.307692307692307,8.615384615384615
2020-10-17,E12000009,South West,5659143,666.0,755.2857142857143,9.0,0.0,0.0,0.0,-5.6923076923076925,0.943076923076923,-25.46153846153846,0.7453846153846154,-24.0,5.0
2020-10-18,E12000009,South West,5659143,601.0,771.4285714285714,4.0,0.0,0.0,0.0,-5.615384615384615,0.9438461538461539,-23.615384615384617,0.7638461538461538,-21.53846153846154,3.769230769230769
2020-10-19,E12000009,South West,5659143,1164.0,828.5714285714286,3.0,0.0,0.0,0.0,-30.692307692307693,0.6930769230769231,-24.923076923076923,0.7507692307692307,-16.692307692307693,9.384615384615385
2020-10-20,E12000009,South West,5659143,1170.0,856.0,3.0,0.0,0.0,0.0,-30.615384615384617,0.6938461538461538,-28.846153846153847,0.7115384615384615,-17.692307692307693,10.076923076923077
2020-10-21,E12000009,South West,5659143,1395.0,929.7142857142857,7.0,0.0,0.0,0.0,-30.846153846153847,0.6915384615384615,-34.76923076923077,0.6523076923076923,-23.692307692307693,11.615384615384615
2020-10-22,E12000009,South West,5659143,1309.0,1017.4285714285714,5.0,0.0,0.0,0.0,-30.615384615384617,0.6938461538461538,-28.692307692307693,0.713076923076923,-15.461538461538462,10.0
2020-10-23,E12000009,South West,5659143,1169.0,1067.7142857142858,5.0,0.0,0.0,0.0,-31.46153846153846,0.6853846153846155,-26.076923076923077,0.7392307692307692,-18.153846153846153,9.76923076923077
2020-10-24,E12000009,South West,5659143,814.0,1088.857142857143,7.0,0.0,0.0,0.0,-8.846153846153847,0.9115384615384615,-31.53846153846154,0.6846153846153846,-29.615384615384617,6.6923076923076925
2020-10-25,E12000009,South West,5659143,930.0,1135.857142857143,5.0,0.0,0.0,0.0,-4.846153846153846,0.9515384615384616,-25.46153846153846,0.7453846153846154,-15.615384615384615,3.769230769230769
2020-10-26,E12000009,South West,5659143,1375.0,1166.0,8.0,0.0,0.0,0.0,-42.38461538461539,0.5761538461538461,-27.53846153846154,0.7246153846153847,-4.615384615384615,10.615384615384615
2020-10-27,E12000009,South West,5659143,1450.0,1206.0,11.0,0.0,0.0,0.0,-42.69230769230769,0.573076923076923,-32.84615384615385,0.6715384615384615,-8.307692307692308,12.153846153846153
2020-10-28,E12000009,South West,5659143,1403.0,1207.142857142857,8.0,0.0,0.0,0.0,-41.30769230769231,0.5869230769230769,-34.0,0.6599999999999999,-11.461538461538462,12.538461538461538
2020-10-29,E12000009,South West,5659143,1450.0,1227.2857142857142,15.0,0.0,0.0,0.0,-41.23076923076923,0.5876923076923077,-34.84615384615385,0.6515384615384615,-9.538461538461538,12.384615384615385
2020-10-30,E12000009,South West,5659143,1268.0,1241.4285714285713,12.0,0.0,0.0,0.0,-40.38461538461539,0.5961538461538461,-31.384615384615383,0.6861538461538461,-16.23076923076923,11.615384615384615
2020-10-31,E12000009,South West,5659143,867.0,1249.0,9.0,0.0,0.0,0.0,-7.923076923076923,0.9207692307692308,-32.69230769230769,0.6730769230769231,-29.76923076923077,6.153846153846154
2020-11-01,E12000009,South West,5659143,731.0,1220.5714285714287,8.0,0.0,0.0,0.0,-4.615384615384615,0.9538461538461539,-30.076923076923077,0.6992307692307692,-21.692307692307693,4.0
2020-11-02,E12000009,South West,5659143,1829.0,1285.4285714285713,14.0,0.0,0.0,0.0,-30.615384615384617,0.6938461538461538,-30.615384615384617,0.6938461538461538,-5.461538461538462,8.923076923076923
2020-11-03,E12000009,South West,5659143,1564.0,1301.7142857142858,8.0,0.0,0.0,0.0,-28.46153846153846,0.7153846153846154,-28.76923076923077,0.7123076923076923,-1.8461538461538463,8.615384615384615
2020-11-04,E12000009,South West,5659143,1645.0,1336.2857142857142,7.0,0.0,0.0,0.0,-26.076923076923077,0.7392307692307692,-26.846153846153847,0.7315384615384615,0.9230769230769231,7.384615384615385
2020-11-05,E12000009,South West,5659143,1591.0,1356.4285714285713,13.0,0.0,0.0,0.0,-36.76923076923077,0.6323076923076923,-45.46153846153846,0.5453846153846154,-56.53846153846154,15.461538461538462
2020-11-06,E12000009,South West,5659143,1512.0,1391.2857142857142,16.0,0.0,0.0,0.0,-37.38461538461539,0.6261538461538461,-49.46153846153846,0.5053846153846153,-58.61538461538461,16.846153846153847
2020-11-07,E12000009,South West,5659143,1190.0,1437.4285714285713,11.0,0.0,0.0,0.0,-30.76923076923077,0.6923076923076923,-58.61538461538461,0.41384615384615386,-64.84615384615384,13.846153846153847
2020-11-08,E12000009,South West,5659143,1320.0,1521.5714285714287,19.0,0.0,0.0,0.0,-32.30769230769231,0.676923076923077,-56.69230769230769,0.433076923076923,-64.6923076923077,11.23076923076923
2020-11-09,E12000009,South West,5659143,1938.0,1537.142857142857,16.0,0.0,0.0,0.0,-38.92307692307692,0.6107692307692307,-46.92307692307692,0.5307692307692309,-51.92307692307692,15.153846153846153
2020-11-10,E12000009,South West,5659143,1806.0,1571.7142857142858,10.0,0.0,0.0,0.0,-38.76923076923077,0.6123076923076923,-44.07692307692308,0.5592307692307692,-50.46153846153846,15.461538461538462
2020-11-11,E12000009,South West,5659143,1626.0,1569.0,18.0,0.0,0.0,0.0,-38.23076923076923,0.6176923076923077,-47.30769230769231,0.5269230769230769,-53.92307692307692,16.23076923076923
2020-11-12,E12000009,South West,5659143,1589.0,1568.7142857142858,18.0,0.0,0.0,0.0,-37.76923076923077,0.6223076923076923,-44.76923076923077,0.5523076923076924,-50.61538461538461,15.692307692307692
2020-11-13,E12000009,South West,5659143,1756.0,1603.5714285714287,15.0,0.0,0.0,0.0,-37.30769230769231,0.6269230769230769,-46.38461538461539,0.5361538461538462,-53.30769230769231,16.076923076923077
2020-11-14,E12000009,South West,5659143,1274.0,1615.5714285714287,12.0,0.0,0.0,0.0,-33.15384615384615,0.6684615384615384,-63.61538461538461,0.3638461538461538,-66.23076923076923,14.923076923076923
2020-11-15,E12000009,South West,5659143,1074.0,1580.4285714285713,18.0,0.0,0.0,0.0,-31.53846153846154,0.6846153846153846,-56.38461538461539,0.4361538461538461,-61.61538461538461,11.0
2020-11-16,E12000009,South West,5659143,1767.0,1556.0,23.0,0.0,0.0,0.0,-38.38461538461539,0.616153846153846,-45.53846153846154,0.5446153846153846,-49.38461538461539,14.846153846153847
2020-11-17,E12000009,South West,5659143,1328.0,1487.7142857142858,24.0,0.0,0.0,0.0,-38.38461538461539,0.616153846153846,-45.84615384615385,0.5415384615384615,-50.30769230769231,15.384615384615385
2020-11-18,E12000009,South West,5659143,1201.0,1427.0,24.0,0.0,0.0,0.0,-38.23076923076923,0.6176923076923077,-47.53846153846154,0.5246153846153846,-53.23076923076923,16.46153846153846
2020-11-19,E12000009,South West,5659143,1013.0,1344.7142857142858,21.0,0.0,0.0,0.0,-37.46153846153846,0.6253846153846154,-43.61538461538461,0.5638461538461539,-49.07692307692308,15.538461538461538
2020-11-20,E12000009,South West,5659143,906.0,1223.2857142857142,32.0,0.0,0.0,0.0,-38.0,0.62,-47.76923076923077,0.5223076923076924,-54.61538461538461,16.923076923076923
2020-11-21,E12000009,South West,5659143,711.0,1142.857142857143,36.0,0.0,0.0,0.0,-29.46153846153846,0.7053846153846154,-53.38461538461539,0.46615384615384614,-59.38461538461539,13.076923076923077
2020-11-22,E12000009,South West,5659143,581.0,1072.4285714285713,35.0,0.0,0.0,0.0,-29.692307692307693,0.703076923076923,-50.76923076923077,0.49230769230769234,-57.0,9.76923076923077
2020-11-23,E12000009,South West,5659143,1021.0,965.8571428571429,19.0,0.0,0.0,0.0,-37.69230769230769,0.6230769230769231,-42.84615384615385,0.5715384615384616,-46.15384615384615,14.307692307692308
2020-11-24,E12000009,South West,5659143,842.0,896.4285714285714,29.0,0.0,0.0,0.0,-37.46153846153846,0.6253846153846154,-42.38461538461539,0.5761538461538461,-47.46153846153846,15.076923076923077
2020-11-25,E12000009,South West,5659143,874.0,849.7142857142857,29.0,0.0,0.0,0.0,-36.61538461538461,0.633846153846154,-45.30769230769231,0.546923076923077,-49.46153846153846,15.692307692307692
2020-11-26,E12000009,South West,5659143,774.0,815.5714285714286,19.0,0.0,0.0,0.0,-35.84615384615385,0.6415384615384616,-42.38461538461539,0.5761538461538461,-46.46153846153846,14.846153846153847
2020-11-27,E12000009,South West,5659143,717.0,788.5714285714286,30.0,0.0,0.0,0.0,-36.53846153846154,0.6346153846153846,-46.07692307692308,0.5392307692307692,-49.76923076923077,16.0
2020-11-28,E12000009,South West,5659143,514.0,760.4285714285714,31.0,0.0,0.0,0.0,-27.0,0.73,-53.23076923076923,0.46769230769230763,-56.46153846153846,12.307692307692308
2020-11-29,E12000009,South West,5659143,511.0,750.4285714285714,33.0,0.0,0.0,0.0,-26.76923076923077,0.7323076923076923,-48.30769230769231,0.5169230769230769,-53.53846153846154,9.384615384615385
2020-11-30,E12000009,South West,5659143,817.0,721.2857142857143,29.0,0.0,0.0,0.0,-35.46153846153846,0.6453846153846154,-43.0,0.5700000000000001,-41.15384615384615,13.76923076923077
2020-12-01,E12000009,South West,5659143,752.0,708.4285714285714,25.0,0.0,0.0,0.0,-33.76923076923077,0.6623076923076923,-41.15384615384615,0.5884615384615385,-42.23076923076923,13.76923076923077
2020-12-02,E12000009,South West,5659143,664.0,678.4285714285714,22.0,0.0,0.0,0.0,-29.153846153846153,0.7084615384615385,-39.76923076923077,0.6023076923076923,-27.923076923076923,12.615384615384615
2020-12-03,E12000009,South West,5659143,686.0,665.8571428571429,24.0,0.0,0.0,0.0,-29.615384615384617,0.7038461538461538,-39.46153846153846,0.6053846153846154,-28.307692307692307,12.923076923076923
2020-12-04,E12000009,South West,5659143,605.0,649.8571428571429,28.0,0.0,0.0,0.0,-29.0,0.71,-36.38461538461539,0.6361538461538461,-28.615384615384617,12.153846153846153
2020-12-05,E12000009,South West,5659143,508.0,649.0,25.0,0.0,0.0,0.0,-11.307692307692308,0.8869230769230769,-40.23076923076923,0.5976923076923077,-34.15384615384615,8.461538461538462
2020-12-06,E12000009,South West,5659143,490.0,646.0,17.0,0.0,0.0,0.0,-11.153846153846153,0.8884615384615384,-33.30769230769231,0.666923076923077,-32.38461538461539,6.153846153846154
2020-12-07,E12000009,South West,5659143,779.0,640.5714285714286,26.0,0.0,0.0,0.0,-31.53846153846154,0.6846153846153846,-35.15384615384615,0.6484615384615384,-21.76923076923077,10.846153846153847
2020-12-08,E12000009,South West,5659143,850.0,654.5714285714286,23.0,279.0,20.0,279.0,-29.46153846153846,0.7053846153846154,-35.07692307692308,0.6492307692307693,-23.53846153846154,11.307692307692308
2020-12-09,E12000009,South West,5659143,829.0,678.1428571428571,29.0,719.0,28.0,998.0,-29.153846153846153,0.7084615384615385,-37.07692307692308,0.6292307692307693,-27.384615384615383,11.846153846153847
2020-12-10,E12000009,South West,5659143,889.0,707.1428571428571,30.0,880.0,25.0,1878.0,-29.307692307692307,0.706923076923077,-35.53846153846154,0.6446153846153846,-25.846153846153847,12.0
2020-12-11,E12000009,South West,5659143,835.0,740.0,31.0,1325.0,13.0,3203.0,-28.615384615384617,0.7138461538461538,-35.0,0.65,-29.76923076923077,11.692307692307692
2020-12-12,E12000009,South West,5659143,671.0,763.2857142857143,17.0,2568.0,7.0,5771.0,-9.615384615384615,0.9038461538461539,-33.07692307692308,0.6692307692307692,-31.384615384615383,6.846153846153846
2020-12-13,E12000009,South West,5659143,835.0,812.5714285714286,25.0,591.0,0.0,6362.0,-13.538461538461538,0.8646153846153846,-43.69230769230769,0.563076923076923,-41.23076923076923,7.6923076923076925
2020-12-14,E12000009,South West,5659143,1278.0,883.8571428571429,30.0,1146.0,11.0,7508.0,-31.615384615384617,0.6838461538461538,-35.84615384615385,0.6415384615384616,-21.692307692307693,10.615384615384615
2020-12-15,E12000009,South West,5659143,1244.0,940.1428571428571,30.0,5822.0,12.0,13330.0,-31.076923076923077,0.6892307692307693,-35.23076923076923,0.6476923076923077,-22.384615384615383,11.076923076923077
2020-12-16,E12000009,South West,5659143,1361.0,1016.1428571428571,21.0,11707.0,15.0,25037.0,-31.0,0.69,-40.23076923076923,0.5976923076923077,-29.76923076923077,12.846153846153847
2020-12-17,E12000009,South West,5659143,1139.0,1051.857142857143,33.0,12040.0,35.0,37077.0,-30.46153846153846,0.6953846153846154,-34.69230769230769,0.6530769230769231,-21.615384615384617,11.538461538461538
2020-12-18,E12000009,South West,5659143,1273.0,1114.4285714285713,17.0,7793.0,29.0,44870.0,-34.84615384615385,0.6515384615384615,-40.15384615384615,0.5984615384615385,-32.46153846153846,14.0
2020-12-19,E12000009,South West,5659143,791.0,1131.5714285714287,26.0,11311.0,2.0,56181.0,-8.384615384615385,0.9161538461538461,-32.15384615384615,0.6784615384615384,-34.0,7.230769230769231
2020-12-20,E12000009,South West,5659143,1301.0,1198.142857142857,22.0,10581.0,4.0,66762.0,-6.230769230769231,0.9376923076923077,-32.61538461538461,0.6738461538461539,-31.846153846153847,5.923076923076923
2020-12-21,E12000009,South West,5659143,2005.0,1302.0,26.0,7859.0,3.0,74621.0,-45.92307692307692,0.5407692307692308,-40.38461538461539,0.5961538461538461,-14.153846153846153,13.846153846153847
2020-12-22,E12000009,South West,5659143,1844.0,1387.7142857142858,28.0,7687.0,3.0,82308.0,-46.92307692307692,0.5307692307692309,-39.46153846153846,0.6053846153846154,-12.307692307692308,14.076923076923077
2020-12-23,E12000009,South West,5659143,1809.0,1451.7142857142858,19.0,5958.0,0.0,88266.0,-50.07692307692308,0.49923076923076914,-43.61538461538461,0.5638461538461539,-17.846153846153847,16.23076923076923
2020-12-24,E12000009,South West,5659143,1147.0,1452.857142857143,28.0,1852.0,0.0,90118.0,-61.76923076923077,0.38230769230769235,-46.07692307692308,0.5392307692307692,-23.307692307692307,18.153846153846153
2020-12-25,E12000009,South West,5659143,577.0,1353.4285714285713,30.0,5.0,0.0,90123.0,-84.0,0.16000000000000003,-78.61538461538461,0.2138461538461539,-91.15384615384616,24.076923076923077
2020-12-26,E12000009,South West,5659143,1868.0,1507.2857142857142,29.0,16.0,0.0,90139.0,-51.30769230769231,0.4869230769230769,-72.76923076923077,0.27230769230769225,-78.07692307692308,13.615384615384615
2020-12-27,E12000009,South West,5659143,2276.0,1646.5714285714287,30.0,954.0,0.0,91093.0,-24.0,0.76,-46.53846153846154,0.5346153846153846,-46.07692307692308,8.076923076923077
2020-12-28,E12000009,South West,5659143,2483.0,1714.857142857143,33.0,2058.0,2.0,93151.0,-75.76923076923077,0.24230769230769222,-61.69230769230769,0.3830769230769231,-38.15384615384615,24.46153846153846
2020-12-29,E12000009,South West,5659143,4218.0,2054.0,32.0,3334.0,89.0,96485.0,-64.92307692307692,0.35076923076923083,-54.07692307692308,0.4592307692307692,-28.0,21.46153846153846
2020-12-30,E12000009,South West,5659143,3253.0,2260.285714285714,25.0,10098.0,368.0,106583.0,-63.23076923076923,0.36769230769230765,-53.69230769230769,0.46307692307692305,-28.46153846153846,21.46153846153846
2020-12-31,E12000009,South West,5659143,2655.0,2475.714285714286,31.0,10509.0,365.0,117092.0,-66.38461538461539,0.33615384615384614,-57.46153846153846,0.42538461538461536,-43.46153846153846,22.46153846153846
2021-01-01,E12000009,South West,5659143,1877.0,2661.4285714285716,33.0,2294.0,36.0,119386.0,-83.0,0.17000000000000004,-78.92307692307692,0.21076923076923082,-80.07692307692308,30.384615384615383
2021-01-02,E12000009,South West,5659143,3106.0,2838.285714285714,38.0,4980.0,643.0,124366.0,-33.07692307692308,0.6692307692307692,-57.61538461538461,0.4238461538461539,-61.07692307692308,14.153846153846153
2021-01-03,E12000009,South West,5659143,2870.0,2923.1428571428573,35.0,2897.0,576.0,127263.0,-26.76923076923077,0.7323076923076923,-54.46153846153846,0.4553846153846154,-59.84615384615385,10.692307692307692
2021-01-04,E12000009,South West,5659143,4283.0,3180.285714285714,45.0,2467.0,890.0,129730.0,-43.38461538461539,0.5661538461538461,-52.38461538461539,0.47615384615384615,-44.84615384615385,16.846153846153847
2021-01-05,E12000009,South West,5659143,3987.0,3147.285714285714,41.0,5402.0,4772.0,135132.0,-46.53846153846154,0.5346153846153846,-56.61538461538461,0.4338461538461539,-57.84615384615385,19.076923076923077
2021-01-06,E12000009,South West,5659143,3246.0,3146.285714285714,41.0,8602.0,9016.0,143734.0,-47.38461538461539,0.5261538461538462,-59.0,0.41000000000000003,-62.30769230769231,20.384615384615383
2021-01-07,E12000009,South West,5659143,2928.0,3185.285714285714,48.0,19616.0,9095.0,163350.0,-47.53846153846154,0.5246153846153846,-57.61538461538461,0.4238461538461539,-60.69230769230769,20.384615384615383
2021-01-08,E12000009,South West,5659143,2759.0,3311.285714285714,47.0,24325.0,4990.0,187675.0,-46.84615384615385,0.5315384615384615,-60.07692307692308,0.39923076923076917,-63.92307692307692,20.923076923076923
2021-01-09,E12000009,South West,5659143,2550.0,3231.8571428571427,44.0,18454.0,7872.0,206129.0,-33.38461538461539,0.6661538461538461,-63.30769230769231,0.3669230769230769,-69.07692307692308,15.0
2021-01-10,E12000009,South West,5659143,2205.0,3136.8571428571427,60.0,9355.0,6254.0,215484.0,-32.0,0.6799999999999999,-60.61538461538461,0.39384615384615385,-68.0,11.692307692307692
2021-01-11,E12000009,South West,5659143,3782.0,3065.285714285714,59.0,10950.0,676.0,226434.0,-47.84615384615385,0.5215384615384615,-57.76923076923077,0.4223076923076924,-59.30769230769231,18.692307692307693
2021-01-12,E12000009,South West,5659143,3153.0,2946.1428571428573,71.0,17984.0,231.0,244418.0,-49.30769230769231,0.5069230769230769,-59.92307692307692,0.40076923076923077,-61.30769230769231,20.076923076923077
2021-01-13,E12000009,South West,5659143,2924.0,2900.1428571428573,66.0,25090.0,125.0,269508.0,-48.92307692307692,0.5107692307692309,-60.15384615384615,0.3984615384615384,-63.30769230769231,19.76923076923077
2021-01-14,E12000009,South West,5659143,2839.0,2887.4285714285716,83.0,26868.0,168.0,296376.0,-49.23076923076923,0.5076923076923077,-60.30769230769231,0.39692307692307693,-63.61538461538461,19.923076923076923
2021-01-15,E12000009,South West,5659143,2495.0,2849.714285714286,71.0,33738.0,90.0,330114.0,-48.61538461538461,0.5138461538461538,-59.76923076923077,0.40230769230769237,-64.53846153846153,19.692307692307693
2021-01-16,E12000009,South West,5659143,1788.0,2740.8571428571427,85.0,30409.0,123.0,360523.0,-35.61538461538461,0.6438461538461538,-64.53846153846153,0.35461538461538467,-70.38461538461539,14.615384615384615
2021-01-17,E12000009,South West,5659143,1647.0,2661.1428571428573,81.0,15156.0,81.0,375679.0,-33.38461538461539,0.6661538461538461,-60.53846153846154,0.3946153846153846,-68.6923076923077,10.846153846153847
2021-01-18,E12000009,South West,5659143,2939.0,2540.714285714286,74.0,13173.0,24.0,388852.0,-49.53846153846154,0.5046153846153846,-58.38461538461539,0.4161538461538461,-60.84615384615385,18.307692307692307
2021-01-19,E12000009,South West,5659143,2538.0,2452.8571428571427,90.0,28237.0,61.0,417089.0,-50.30769230769231,0.4969230769230769,-60.30769230769231,0.39692307692307693,-62.92307692307692,19.53846153846154
2021-01-20,E12000009,South West,5659143,2135.0,2340.1428571428573,109.0,31997.0,53.0,449086.0,-50.07692307692308,0.49923076923076914,-63.46153846153846,0.3653846153846154,-66.23076923076923,21.153846153846153
2021-01-21,E12000009,South West,5659143,2074.0,2230.8571428571427,86.0,28295.0,81.0,477381.0,-49.07692307692308,0.5092307692307692,-58.61538461538461,0.41384615384615386,-61.15384615384615,19.53846153846154
2021-01-22,E12000009,South West,5659143,1759.0,2125.714285714286,101.0,49747.0,43.0,527128.0,-47.84615384615385,0.5215384615384615,-59.61538461538461,0.40384615384615385,-62.76923076923077,19.923076923076923
2021-01-23,E12000009,South West,5659143,1236.0,2046.857142857143,87.0,56727.0,82.0,583855.0,-32.84615384615385,0.6715384615384615,-60.53846153846154,0.3946153846153846,-66.38461538461539,13.461538461538462
2021-01-24,E12000009,South West,5659143,1013.0,1956.2857142857142,100.0,19573.0,65.0,603428.0,-36.69230769230769,0.6330769230769231,-63.76923076923077,0.36230769230769233,-72.3076923076923,11.846153846153847
2021-01-25,E12000009,South West,5659143,2101.0,1836.5714285714287,109.0,21502.0,22.0,624930.0,-49.0,0.51,-57.30769230769231,0.42692307692307696,-57.53846153846154,18.0
2021-01-26,E12000009,South West,5659143,1614.0,1704.5714285714287,87.0,25974.0,48.0,650904.0,-49.53846153846154,0.5046153846153846,-60.84615384615385,0.3915384615384615,-61.69230769230769,19.615384615384617
2021-01-27,E12000009,South West,5659143,1667.0,1637.7142857142858,92.0,25199.0,40.0,676103.0,-48.15384615384615,0.5184615384615385,-60.0,0.4,-61.69230769230769,19.692307692307693
2021-01-28,E12000009,South West,5659143,1453.0,1549.0,98.0,33839.0,58.0,709942.0,-48.07692307692308,0.5192307692307692,-58.61538461538461,0.41384615384615386,-59.84615384615385,19.46153846153846
2021-01-29,E12000009,South West,5659143,1464.0,1506.857142857143,77.0,51908.0,243.0,761850.0,-46.92307692307692,0.5307692307692309,-58.15384615384615,0.41846153846153844,-60.38461538461539,19.384615384615383
2021-01-30,E12000009,South West,5659143,974.0,1469.4285714285713,75.0,57460.0,331.0,819310.0,-34.23076923076923,0.6576923076923077,-66.61538461538461,0.3338461538461539,-68.3076923076923,14.615384615384615
2021-01-31,E12000009,South West,5659143,861.0,1447.7142857142858,69.0,26005.0,340.0,845315.0,-33.84615384615385,0.6615384615384615,-64.92307692307692,0.35076923076923083,-69.23076923076923,11.615384615384615
2021-02-01,E12000009,South West,5659143,1322.0,1336.4285714285713,58.0,26691.0,169.0,872006.0,-47.84615384615385,0.5215384615384615,-56.15384615384615,0.43846153846153846,-57.23076923076923,17.76923076923077
2021-02-02,E12000009,South West,5659143,1222.0,1280.4285714285713,76.0,31129.0,141.0,903135.0,-48.30769230769231,0.5169230769230769,-56.15384615384615,0.43846153846153846,-57.92307692307692,18.53846153846154
2021-02-03,E12000009,South West,5659143,1161.0,1208.142857142857,58.0,40600.0,132.0,943735.0,-47.15384615384615,0.5284615384615385,-56.46153846153846,0.43538461538461537,-59.0,18.76923076923077
2021-02-04,E12000009,South West,5659143,1056.0,1151.4285714285713,56.0,44320.0,178.0,988055.0,-47.53846153846154,0.5246153846153846,-58.61538461538461,0.41384615384615386,-60.76923076923077,19.46153846153846
2021-02-05,E12000009,South West,5659143,970.0,1080.857142857143,56.0,45355.0,173.0,1033410.0,-46.23076923076923,0.5376923076923077,-57.15384615384615,0.42846153846153845,-60.46153846153846,19.23076923076923
2021-02-06,E12000009,South West,5659143,649.0,1034.4285714285713,58.0,61822.0,114.0,1095232.0,-30.76923076923077,0.6923076923076923,-58.69230769230769,0.4130769230769231,-64.15384615384616,12.76923076923077
2021-02-07,E12000009,South West,5659143,729.0,1015.5714285714286,60.0,30537.0,53.0,1125769.0,-31.384615384615383,0.6861538461538461,-60.92307692307692,0.39076923076923076,-66.61538461538461,10.923076923076923
2021-02-08,E12000009,South West,5659143,1031.0,974.0,47.0,28704.0,52.0,1154473.0,-48.23076923076923,0.5176923076923077,-57.84615384615385,0.42153846153846153,-57.30769230769231,17.923076923076923
2021-02-09,E12000009,South West,5659143,777.0,910.4285714285714,46.0,39793.0,117.0,1194266.0,-48.23076923076923,0.5176923076923077,-59.07692307692308,0.4092307692307692,-58.84615384615385,19.23076923076923
2021-02-10,E12000009,South West,5659143,870.0,868.8571428571429,44.0,37204.0,169.0,1231470.0,-47.07692307692308,0.5292307692307692,-57.76923076923077,0.4223076923076924,-58.46153846153846,19.23076923076923
2021-02-11,E12000009,South West,5659143,766.0,827.4285714285714,33.0,51631.0,265.0,1283101.0,-47.0,0.53,-58.15384615384615,0.41846153846153844,-58.0,19.53846153846154
2021-02-12,E12000009,South West,5659143,748.0,795.7142857142857,38.0,49554.0,372.0,1332655.0,-46.07692307692308,0.5392307692307692,-58.15384615384615,0.41846153846153844,-58.30769230769231,19.307692307692307
2021-02-13,E12000009,South West,5659143,494.0,773.5714285714286,40.0,55086.0,222.0,1387741.0,-32.15384615384615,0.6784615384615384,-65.0,0.35,-65.15384615384616,14.307692307692308
2021-02-14,E12000009,South West,5659143,457.0,734.7142857142857,32.0,19214.0,57.0,1406955.0,-32.07692307692308,0.6792307692307692,-66.15384615384616,0.33846153846153837,-68.46153846153847,12.307692307692308
2021-02-15,E12000009,South West,5659143,735.0,692.4285714285714,32.0,22244.0,232.0,1429199.0,-51.38461538461539,0.48615384615384616,-54.46153846153846,0.4553846153846154,-51.07692307692308,17.615384615384617
2021-02-16,E12000009,South West,5659143,611.0,668.7142857142857,17.0,29216.0,285.0,1458415.0,-51.84615384615385,0.4815384615384616,-55.92307692307692,0.4407692307692308,-53.38461538461539,18.846153846153847
2021-02-17,E12000009,South West,5659143,631.0,634.5714285714286,32.0,45681.0,473.0,1504096.0,-51.30769230769231,0.4869230769230769,-57.53846153846154,0.4246153846153846,-56.46153846153846,20.076923076923077
2021-02-18,E12000009,South West,5659143,667.0,620.4285714285714,32.0,42289.0,367.0,1546385.0,-50.61538461538461,0.4938461538461538,-54.0,0.45999999999999996,-51.61538461538461,18.76923076923077
2021-02-19,E12000009,South West,5659143,577.0,596.0,24.0,33832.0,355.0,1580217.0,-50.61538461538461,0.4938461538461538,-56.76923076923077,0.4323076923076923,-59.30769230769231,20.692307692307693
2021-02-20,E12000009,South West,5659143,413.0,584.4285714285714,18.0,36606.0,322.0,1616823.0,-30.923076923076923,0.6907692307692308,-58.84615384615385,0.4115384615384615,-64.76923076923077,14.307692307692308
2021-02-21,E12000009,South West,5659143,337.0,567.2857142857143,19.0,6802.0,212.0,1623625.0,-27.53846153846154,0.7246153846153847,-53.46153846153846,0.4653846153846154,-63.38461538461539,10.23076923076923
2021-02-22,E12000009,South West,5659143,573.0,544.1428571428571,19.0,14562.0,1187.0,1638187.0,-45.61538461538461,0.5438461538461539,-50.0,0.5,-51.23076923076923,16.46153846153846
2021-02-23,E12000009,South West,5659143,436.0,519.1428571428571,17.0,31093.0,1440.0,1669280.0,-45.84615384615385,0.5415384615384615,-52.53846153846154,0.47461538461538455,-53.61538461538461,17.76923076923077
2021-02-24,E12000009,South West,5659143,400.0,486.14285714285717,13.0,46721.0,1956.0,1716001.0,-44.69230769230769,0.553076923076923,-53.38461538461539,0.46615384615384614,-55.15384615384615,18.23076923076923
2021-02-25,E12000009,South West,5659143,358.0,442.0,21.0,49264.0,2283.0,1765265.0,-44.53846153846154,0.5546153846153846,-50.76923076923077,0.49230769230769234,-51.30769230769231,17.384615384615383
2021-02-26,E12000009,South West,5659143,325.0,406.0,12.0,48122.0,1893.0,1813387.0,-43.07692307692308,0.5692307692307692,-48.76923076923077,0.5123076923076924,-51.0,16.923076923076923
2021-02-27,E12000009,South West,5659143,210.0,377.0,12.0,41936.0,2236.0,1855323.0,-25.923076923076923,0.7407692307692308,-50.53846153846154,0.49461538461538457,-56.53846153846154,11.153846153846153
2021-02-28,E12000009,South West,5659143,219.0,360.14285714285717,14.0,14158.0,1810.0,1869481.0,-23.46153846153846,0.7653846153846154,-45.92307692307692,0.5407692307692308,-54.30769230769231,8.461538461538462
2021-03-01,E12000009,South West,5659143,370.0,331.14285714285717,14.0,17229.0,1732.0,1886710.0,-44.23076923076923,0.5576923076923077,-50.15384615384615,0.4984615384615385,-48.23076923076923,15.76923076923077
2021-03-02,E12000009,South West,5659143,293.0,310.7142857142857,12.0,19124.0,2860.0,1905834.0,-44.53846153846154,0.5546153846153846,-50.84615384615385,0.4915384615384615,-50.53846153846154,17.0
2021-03-03,E12000009,South West,5659143,280.0,293.57142857142856,6.0,34589.0,4395.0,1940423.0,-44.0,0.56,-53.38461538461539,0.46615384615384614,-53.76923076923077,17.846153846153847
2021-03-04,E12000009,South West,5659143,285.0,283.14285714285717,6.0,39734.0,5677.0,1980157.0,-43.69230769230769,0.563076923076923,-52.84615384615385,0.4715384615384616,-52.38461538461539,17.615384615384617
2021-03-05,E12000009,South West,5659143,247.0,272.0,5.0,35273.0,4864.0,2015430.0,-42.61538461538461,0.5738461538461539,-52.0,0.48,-53.0,17.384615384615383
2021-03-06,E12000009,South West,5659143,210.0,272.0,5.0,43473.0,2514.0,2058903.0,-25.23076923076923,0.7476923076923077,-54.15384615384615,0.4584615384615385,-57.30769230769231,11.615384615384615
2021-03-07,E12000009,South West,5659143,215.0,271.42857142857144,3.0,9990.0,1222.0,2068893.0,-23.23076923076923,0.7676923076923077,-51.0,0.49,-56.23076923076923,8.923076923076923
2021-03-08,E12000009,South West,5659143,306.0,262.2857142857143,8.0,16287.0,2615.0,2085180.0,-41.07692307692308,0.5892307692307692,-44.38461538461539,0.5561538461538461,-44.23076923076923,14.076923076923077
2021-03-09,E12000009,South West,5659143,302.0,263.57142857142856,6.0,14354.0,4471.0,2099534.0,-40.53846153846154,0.5946153846153845,-43.92307692307692,0.5607692307692308,-46.46153846153846,14.461538461538462
2021-03-10,E12000009,South West,5659143,256.0,260.14285714285717,7.0,20613.0,7040.0,2120147.0,-40.53846153846154,0.5946153846153845,-51.53846153846154,0.48461538461538456,-55.92307692307692,17.0
2021-03-11,E12000009,South West,5659143,251.0,255.28571428571428,4.0,13914.0,5725.0,2134061.0,-39.07692307692308,0.6092307692307692,-48.84615384615385,0.5115384615384615,-52.23076923076923,15.923076923076923
2021-03-12,E12000009,South West,5659143,271.0,258.7142857142857,7.0,32981.0,4966.0,2167042.0,-37.53846153846154,0.6246153846153846,-47.92307692307692,0.5207692307692309,-52.38461538461539,15.76923076923077
2021-03-13,E12000009,South West,5659143,135.0,248.0,9.0,58258.0,3966.0,2225300.0,-24.384615384615383,0.7561538461538462,-55.84615384615385,0.44153846153846155,-57.23076923076923,11.846153846153847
2021-03-14,E12000009,South West,5659143,203.0,246.28571428571428,3.0,19048.0,2548.0,2244348.0,-14.846153846153847,0.8515384615384616,-48.38461538461539,0.5161538461538462,-58.38461538461539,8.0
2021-03-15,E12000009,South West,5659143,279.0,242.42857142857142,3.0,29171.0,3075.0,2273519.0,-38.76923076923077,0.6123076923076923,-43.76923076923077,0.5623076923076924,-46.23076923076923,13.461538461538462
2021-03-16,E12000009,South West,5659143,211.0,229.42857142857142,3.0,41386.0,7701.0,2314905.0,-38.84615384615385,0.6115384615384616,-43.0,0.5700000000000001,-46.84615384615385,13.923076923076923
2021-03-17,E12000009,South West,5659143,248.0,228.28571428571428,6.0,48290.0,11085.0,2363195.0,-37.61538461538461,0.6238461538461539,-43.07692307692308,0.5692307692307692,-48.61538461538461,14.461538461538462
2021-03-18,E12000009,South West,5659143,270.0,231.0,1.0,53617.0,11180.0,2416812.0,-37.30769230769231,0.6269230769230769,-42.84615384615385,0.5715384615384616,-47.84615384615385,14.538461538461538
2021-03-19,E12000009,South West,5659143,225.0,224.42857142857142,2.0,65357.0,10768.0,2482169.0,-36.53846153846154,0.6346153846153846,-44.61538461538461,0.5538461538461539,-51.46153846153846,15.076923076923077
2021-03-20,E12000009,South West,5659143,158.0,227.71428571428572,2.0,84337.0,7725.0,2566506.0,-22.846153846153847,0.7715384615384615,-52.53846153846154,0.47461538461538455,-57.07692307692308,11.307692307692308
2021-03-21,E12000009,South West,5659143,211.0,228.85714285714286,7.0,29762.0,2849.0,2596268.0,-20.384615384615383,0.7961538461538462,-47.61538461538461,0.5238461538461539,-55.15384615384615,8.692307692307692
2021-03-22,E12000009,South West,5659143,309.0,233.14285714285714,5.0,31550.0,5538.0,2627818.0,-37.07692307692308,0.6292307692307693,-41.23076923076923,0.5876923076923077,-44.15384615384615,13.23076923076923
2021-03-23,E12000009,South West,5659143,220.0,234.42857142857142,1.0,30589.0,14168.0,2658407.0,-37.69230769230769,0.6230769230769231,-41.92307692307692,0.5807692307692308,-45.61538461538461,13.615384615384615
2021-03-24,E12000009,South West,5659143,325.0,245.42857142857142,1.0,31969.0,18854.0,2690376.0,-36.76923076923077,0.6323076923076923,-42.92307692307692,0.5707692307692308,-47.92307692307692,14.153846153846153
2021-03-25,E12000009,South West,5659143,246.0,242.0,1.0,26214.0,20204.0,2716590.0,-36.23076923076923,0.6376923076923077,-42.53846153846154,0.5746153846153845,-47.53846153846154,14.461538461538462
2021-03-26,E12000009,South West,5659143,207.0,239.42857142857142,0.0,29026.0,26488.0,2745616.0,-36.30769230769231,0.6369230769230769,-45.30769230769231,0.546923076923077,-51.23076923076923,15.153846153846153
2021-03-27,E12000009,South West,5659143,135.0,236.14285714285714,1.0,39315.0,23587.0,2784931.0,-22.076923076923077,0.7792307692307692,-50.0,0.5,-54.76923076923077,10.615384615384615
2021-03-28,E12000009,South West,5659143,249.0,241.57142857142858,0.0,14448.0,7784.0,2799379.0,-23.076923076923077,0.7692307692307693,-52.92307692307692,0.47076923076923083,-58.76923076923077,9.615384615384615
2021-03-29,E12000009,South West,5659143,199.0,225.85714285714286,1.0,13496.0,11617.0,2812875.0,-36.0,0.64,-37.84615384615385,0.6215384615384616,-40.76923076923077,11.615384615384615
2021-03-30,E12000009,South West,5659143,135.0,213.71428571428572,0.0,12462.0,25502.0,2825337.0,-36.0,0.64,-35.15384615384615,0.6484615384615384,-40.38461538461539,11.23076923076923
2021-03-31,E12000009,South West,5659143,158.0,189.85714285714286,3.0,13724.0,32476.0,2839061.0,-35.53846153846154,0.6446153846153846,-36.53846153846154,0.6346153846153846,-41.84615384615385,12.076923076923077
2021-04-01,E12000009,South West,5659143,138.0,174.42857142857142,2.0,8492.0,42388.0,2847553.0,-36.0,0.64,-33.38461538461539,0.6661538461538461,-36.23076923076923,11.615384615384615
2021-04-02,E12000009,South West,5659143,83.0,156.71428571428572,1.0,3307.0,23442.0,2850860.0,-69.84615384615384,0.30153846153846164,-49.76923076923077,0.5023076923076923,-48.46153846153846,19.76923076923077
2021-04-03,E12000009,South West,5659143,99.0,151.57142857142858,2.0,5117.0,16220.0,2855977.0,-26.76923076923077,0.7323076923076923,-42.38461538461539,0.5761538461538461,-54.61538461538461,8.384615384615385
2021-04-04,E12000009,South West,5659143,101.0,130.42857142857142,0.0,310.0,3856.0,2856287.0,-23.076923076923077,0.7692307692307693,-40.46153846153846,0.5953846153846154,-71.0,5.538461538461538
2021-04-05,E12000009,South West,5659143,143.0,122.42857142857143,1.0,458.0,4597.0,2856745.0,-76.0,0.24,-57.76923076923077,0.4223076923076924,-46.69230769230769,21.923076923076923
2021-04-06,E12000009,South West,5659143,111.0,119.0,1.0,3841.0,14079.0,2860586.0,-47.61538461538461,0.5238461538461539,-44.23076923076923,0.5576923076923077,-41.46153846153846,15.0
2021-04-07,E12000009,South West,5659143,140.0,116.42857142857143,3.0,5039.0,37514.0,2865625.0,-46.76923076923077,0.5323076923076924,-44.69230769230769,0.553076923076923,-45.15384615384615,15.846153846153847
2021-04-08,E12000009,South West,5659143,126.0,114.71428571428571,1.0,2394.0,35831.0,2868019.0,-45.38461538461539,0.5461538461538462,-42.69230769230769,0.573076923076923,-42.76923076923077,15.153846153846153
2021-04-09,E12000009,South West,5659143,116.0,119.42857142857143,3.0,3146.0,35833.0,2871165.0,-44.23076923076923,0.5576923076923077,-44.76923076923077,0.5523076923076924,-48.23076923076923,15.23076923076923
2021-04-10,E12000009,South West,5659143,86.0,117.57142857142857,0.0,3563.0,47727.0,2874728.0,-20.46153846153846,0.7953846153846154,-46.69230769230769,0.533076923076923,-55.76923076923077,9.153846153846153
2021-04-11,E12000009,South West,5659143,91.0,116.14285714285714,3.0,1125.0,13371.0,2875853.0,-17.692307692307693,0.823076923076923,-39.07692307692308,0.6092307692307692,-52.30769230769231,6.6923076923076925
2021-04-12,E12000009,South West,5659143,124.0,113.42857142857143,2.0,1843.0,19747.0,2877696.0,-43.53846153846154,0.5646153846153845,-27.384615384615383,0.7261538461538461,-13.0,10.538461538461538
2021-04-13,E12000009,South West,5659143,125.0,115.42857142857143,0.0,4879.0,22436.0,2882575.0,-44.0,0.56,-30.846153846153847,0.6915384615384615,-14.923076923076923,11.461538461538462
2021-04-14,E12000009,South West,5659143,88.0,108.0,0.0,5161.0,31192.0,2887736.0,-44.0,0.56,-30.384615384615383,0.6961538461538461,-18.307692307692307,11.692307692307692
2021-04-15,E12000009,South West,5659143,120.0,107.14285714285714,0.0,10000.0,37313.0,2897736.0,-42.53846153846154,0.5746153846153845,-29.46153846153846,0.7053846153846154,-15.153846153846153,11.384615384615385
2021-04-16,E12000009,South West,5659143,105.0,105.57142857142857,2.0,8019.0,46684.0,2905755.0,-42.23076923076923,0.5776923076923077,-27.692307692307693,0.7230769230769231,-24.076923076923077,10.846153846153847
2021-04-17,E12000009,South West,5659143,73.0,103.71428571428571,3.0,7555.0,74869.0,2913310.0,-15.23076923076923,0.8476923076923077,-23.23076923076923,0.7676923076923077,-32.46153846153846,4.3076923076923075
2021-04-18,E12000009,South West,5659143,153.0,112.57142857142857,1.0,6526.0,22315.0,2919836.0,-11.846153846153847,0.8815384615384615,-20.384615384615383,0.7961538461538462,-29.384615384615383,3.3076923076923075
2021-04-19,E12000009,South West,5659143,138.0,114.57142857142857,0.0,6804.0,22006.0,2926640.0,-31.692307692307693,0.6830769230769231,-24.153846153846153,0.7584615384615385,-19.384615384615383,8.923076923076923
2021-04-20,E12000009,South West,5659143,119.0,113.71428571428571,2.0,5658.0,26738.0,2932298.0,-31.0,0.69,-26.846153846153847,0.7315384615384615,-20.46153846153846,9.307692307692308
2021-04-21,E12000009,South West,5659143,138.0,120.85714285714286,2.0,6131.0,38024.0,2938429.0,-30.846153846153847,0.6915384615384615,-30.307692307692307,0.696923076923077,-22.846153846153847,9.76923076923077
2021-04-22,E12000009,South West,5659143,137.0,123.28571428571429,4.0,8097.0,38544.0,2946526.0,-29.076923076923077,0.7092307692307692,-28.923076923076923,0.7107692307692308,-20.0,9.23076923076923
2021-04-23,E12000009,South West,5659143,101.0,122.71428571428571,2.0,7770.0,48785.0,2954296.0,-28.307692307692307,0.716923076923077,-26.307692307692307,0.736923076923077,-23.46153846153846,8.23076923076923
2021-04-24,E12000009,South West,5659143,55.0,120.14285714285714,0.0,9714.0,67016.0,2964010.0,-12.153846153846153,0.8784615384615384,-25.384615384615383,0.7461538461538462,-28.615384615384617,3.8461538461538463
2021-04-25,E12000009,South West,5659143,123.0,115.85714285714286,0.0,5978.0,25332.0,2969988.0,-11.23076923076923,0.8876923076923077,-24.846153846153847,0.7515384615384615,-26.0,3.1538461538461537
2021-04-26,E12000009,South West,5659143,126.0,114.14285714285714,2.0,5144.0,24700.0,2975132.0,-29.76923076923077,0.7023076923076923,-26.76923076923077,0.7323076923076923,-19.53846153846154,8.692307692307692
2021-04-27,E12000009,South West,5659143,103.0,111.85714285714286,1.0,8661.0,32451.0,2983793.0,-29.846153846153847,0.7015384615384616,-29.46153846153846,0.7053846153846154,-22.307692307692307,9.307692307692308
2021-04-28,E12000009,South West,5659143,137.0,111.71428571428571,2.0,10189.0,49188.0,2993982.0,-30.846153846153847,0.6915384615384615,-33.84615384615385,0.6615384615384615,-30.53846153846154,11.307692307692308
2021-04-29,E12000009,South West,5659143,108.0,107.57142857142857,1.0,8368.0,41139.0,3002350.0,-28.923076923076923,0.7107692307692308,-27.384615384615383,0.7261538461538461,-21.615384615384617,9.461538461538462
2021-04-30,E12000009,South West,5659143,72.0,103.42857142857143,2.0,12634.0,42993.0,3014984.0,-28.46153846153846,0.7153846153846154,-21.76923076923077,0.7823076923076923,-24.0,8.76923076923077
2021-05-01,E12000009,South West,5659143,44.0,101.85714285714286,1.0,10861.0,44474.0,3025845.0,-13.923076923076923,0.8607692307692307,-21.615384615384617,0.7838461538461539,-26.76923076923077,4.615384615384615
2021-05-02,E12000009,South West,5659143,68.0,94.0,2.0,6720.0,13440.0,3032565.0,-11.538461538461538,0.8846153846153846,-17.384615384615383,0.8261538461538461,-18.0,2.3846153846153846
2021-05-03,E12000009,South West,5659143,125.0,93.85714285714286,0.0,7643.0,9057.0,3040208.0,-73.92307692307692,0.26076923076923075,-48.38461538461539,0.5161538461538462,-28.692307692307693,20.615384615384617
2021-05-04,E12000009,South West,5659143,116.0,95.71428571428571,1.0,9012.0,25594.0,3049220.0,-30.153846153846153,0.6984615384615385,-27.923076923076923,0.7207692307692308,-23.0,9.76923076923077
2021-05-05,E12000009,South West,5659143,122.0,93.57142857142857,1.0,12475.0,42993.0,3061695.0,-29.307692307692307,0.706923076923077,-29.384615384615383,0.7061538461538461,-26.076923076923077,10.307692307692308
2021-05-06,E12000009,South West,5659143,99.0,92.28571428571429,0.0,10220.0,43185.0,3071915.0,-28.46153846153846,0.7153846153846154,-25.384615384615383,0.7461538461538462,-21.0,9.307692307692308
2021-05-07,E12000009,South West,5659143,83.0,93.85714285714286,1.0,12961.0,41825.0,3084876.0,-26.23076923076923,0.7376923076923076,-23.153846153846153,0.7684615384615385,-24.923076923076923,8.23076923076923
2021-05-08,E12000009,South West,5659143,62.0,96.42857142857143,1.0,21035.0,43488.0,3105911.0,-15.76923076923077,0.8423076923076923,-39.84615384615385,0.6015384615384616,-40.69230769230769,8.76923076923077
2021-05-09,E12000009,South West,5659143,105.0,101.71428571428571,1.0,9245.0,13074.0,3115156.0,-10.23076923076923,0.8976923076923077,-29.0,0.71,-29.923076923076923,5.0
2021-05-10,E12000009,South West,5659143,106.0,99.0,1.0,10738.0,20101.0,3125894.0,-29.23076923076923,0.7076923076923076,-27.307692307692307,0.726923076923077,-22.846153846153847,9.307692307692308
2021-05-11,E12000009,South West,5659143,104.0,97.28571428571429,0.0,8694.0,34854.0,3134588.0,-28.53846153846154,0.7146153846153847,-29.384615384615383,0.7061538461538461,-24.0,10.153846153846153
2021-05-12,E12000009,South West,5659143,79.0,91.14285714285714,0.0,12728.0,50151.0,3147316.0,-28.46153846153846,0.7153846153846154,-31.0,0.69,-26.0,10.23076923076923
2021-05-13,E12000009,South West,5659143,72.0,87.28571428571429,0.0,15058.0,41448.0,3162374.0,-28.76923076923077,0.7123076923076923,-32.30769230769231,0.676923076923077,-28.53846153846154,11.076923076923077
2021-05-14,E12000009,South West,5659143,48.0,82.28571428571429,0.0,14970.0,44391.0,3177344.0,-26.23076923076923,0.7376923076923076,-24.846153846153847,0.7515384615384615,-25.46153846153846,8.692307692307692
2021-05-15,E12000009,South West,5659143,57.0,81.57142857142857,0.0,17903.0,47085.0,3195247.0,-12.538461538461538,0.8746153846153846,-30.76923076923077,0.6923076923076923,-31.76923076923077,6.153846153846154
2021-05-16,E12000009,South West,5659143,70.0,76.57142857142857,0.0,10524.0,15165.0,3205771.0,-10.538461538461538,0.8946153846153846,-33.15384615384615,0.6684615384615384,-35.69230769230769,5.538461538461538
2021-05-17,E12000009,South West,5659143,102.0,76.0,1.0,9722.0,20478.0,3215493.0,-27.23076923076923,0.7276923076923076,-19.53846153846154,0.8046153846153846,-11.923076923076923,7.538461538461538
2021-05-18,E12000009,South West,5659143,77.0,72.14285714285714,0.0,12531.0,28123.0,3228024.0,-27.53846153846154,0.7246153846153847,-24.153846153846153,0.7584615384615385,-13.692307692307692,8.692307692307692
2021-05-19,E12000009,South West,5659143,95.0,74.42857142857143,1.0,20921.0,41635.0,3248945.0,-26.53846153846154,0.7346153846153847,-21.23076923076923,0.7876923076923077,-12.0,7.846153846153846
2021-05-20,E12000009,South West,5659143,93.0,77.42857142857143,0.0,15863.0,40803.0,3264808.0,-27.23076923076923,0.7276923076923076,-28.76923076923077,0.7123076923076923,-17.692307692307693,9.538461538461538
2021-05-21,E12000009,South West,5659143,62.0,79.42857142857143,1.0,14726.0,41257.0,3279534.0,-26.846153846153847,0.7315384615384615,-20.53846153846154,0.7946153846153846,-21.307692307692307,8.461538461538462
2021-05-22,E12000009,South West,5659143,53.0,78.85714285714286,0.0,19598.0,64680.0,3299132.0,-6.769230769230769,0.9323076923076923,-15.615384615384615,0.8438461538461539,-18.384615384615383,2.6923076923076925
2021-05-23,E12000009,South West,5659143,75.0,79.57142857142857,0.0,9995.0,21476.0,3309127.0,-9.0,0.91,-23.615384615384617,0.7638461538461538,-25.384615384615383,3.4615384615384617
2021-05-24,E12000009,South West,5659143,81.0,76.57142857142857,0.0,11349.0,24629.0,3320476.0,-28.384615384615383,0.7161538461538461,-22.23076923076923,0.7776923076923077,-13.692307692307692,8.538461538461538
2021-05-25,E12000009,South West,5659143,81.0,77.14285714285714,0.0,12769.0,33307.0,3333245.0,-27.46153846153846,0.7253846153846154,-25.23076923076923,0.7476923076923077,-12.384615384615385,8.76923076923077
2021-05-26,E12000009,South West,5659143,91.0,76.57142857142857,0.0,16181.0,51656.0,3349426.0,-26.384615384615383,0.7361538461538462,-21.23076923076923,0.7876923076923077,-8.846153846153847,7.769230769230769
2021-05-27,E12000009,South West,5659143,97.0,77.14285714285714,0.0,22731.0,41903.0,3372157.0,-25.76923076923077,0.7423076923076923,-17.23076923076923,0.8276923076923077,-1.3846153846153846,6.923076923076923
2021-05-28,E12000009,South West,5659143,93.0,81.57142857142857,0.0,16174.0,45322.0,3388331.0,-26.76923076923077,0.7323076923076923,-4.769230769230769,0.9523076923076923,-4.384615384615385,5.3076923076923075
2021-05-29,E12000009,South West,5659143,62.0,82.85714285714286,0.0,11559.0,44748.0,3399890.0,-8.0,0.92,4.846153846153846,1.0484615384615386,-10.0,0.15384615384615385
2021-05-30,E12000009,South West,5659143,74.0,82.71428571428571,0.0,9203.0,14570.0,3409093.0,-4.846153846153846,0.9515384615384616,7.461538461538462,1.0746153846153845,9.615384615384615,-1.7692307692307692
2021-05-31,E12000009,South West,5659143,115.0,87.57142857142857,0.0,5599.0,12277.0,3414692.0,-72.46153846153847,0.27538461538461534,-16.307692307692307,0.8369230769230769,12.923076923076923,11.692307692307692
2021-06-01,E12000009,South West,5659143,136.0,95.42857142857143,0.0,6823.0,26684.0,3421515.0,-42.46153846153846,0.5753846153846154,-10.692307692307692,0.8930769230769231,14.076923076923077,7.230769230769231
2021-06-02,E12000009,South West,5659143,218.0,113.57142857142857,0.0,12854.0,30490.0,3434369.0,-40.84615384615385,0.5915384615384616,-19.53846153846154,0.8046153846153846,6.230769230769231,9.384615384615385
2021-06-03,E12000009,South West,5659143,197.0,127.85714285714286,0.0,14357.0,31888.0,3448726.0,-39.69230769230769,0.6030769230769231,-14.692307692307692,0.8530769230769231,10.76923076923077,8.307692307692308
2021-06-04,E12000009,South West,5659143,197.0,142.71428571428572,0.0,14523.0,40605.0,3463249.0,-38.0,0.62,-7.153846153846154,0.9284615384615384,0.5384615384615384,6.384615384615385
2021-06-05,E12000009,South West,5659143,152.0,155.57142857142858,0.0,17861.0,49415.0,3481110.0,-5.6923076923076925,0.943076923076923,-3.1538461538461537,0.9684615384615385,-14.0,1.2307692307692308
2021-06-06,E12000009,South West,5659143,224.0,177.0,0.0,8967.0,18588.0,3490077.0,-1.0769230769230769,0.9892307692307692,-5.923076923076923,0.9407692307692308,-7.769230769230769,0.9230769230769231
2021-06-07,E12000009,South West,5659143,345.0,209.85714285714286,1.0,9802.0,22759.0,3499879.0,-27.846153846153847,0.7215384615384615,-15.846153846153847,0.8415384615384616,-0.8461538461538461,7.076923076923077
2021-06-08,E12000009,South West,5659143,323.0,236.57142857142858,0.0,9377.0,25369.0,3509256.0,-26.384615384615383,0.7361538461538462,-17.846153846153847,0.8215384615384616,0.9230769230769231,7.0
2021-06-09,E12000009,South West,5659143,472.0,272.85714285714283,0.0,13572.0,28336.0,3522828.0,-25.923076923076923,0.7407692307692308,-19.76923076923077,0.8023076923076923,-3.5384615384615383,7.6923076923076925
2021-06-10,E12000009,South West,5659143,435.0,306.85714285714283,0.0,19871.0,19401.0,3542699.0,-24.923076923076923,0.7507692307692307,-17.846153846153847,0.8215384615384616,-2.3846153846153846,7.615384615384615
2021-06-11,E12000009,South West,5659143,484.0,347.85714285714283,0.0,20025.0,24848.0,3562724.0,-24.384615384615383,0.7561538461538462,-10.153846153846153,0.8984615384615384,-7.615384615384615,6.0
2021-06-12,E12000009,South West,5659143,422.0,386.42857142857144,0.0,27510.0,26191.0,3590234.0,-3.8461538461538463,0.9615384615384616,-5.0,0.95,-14.23076923076923,0.6153846153846154
2021-06-13,E12000009,South West,5659143,532.0,430.42857142857144,0.0,13782.0,11851.0,3604016.0,-0.8461538461538461,0.9915384615384616,-0.38461538461538464,0.9961538461538462,-10.923076923076923,-0.5384615384615384
2021-06-14,E12000009,South West,5659143,735.0,486.14285714285717,0.0,11240.0,12673.0,3615256.0,-27.384615384615383,0.7261538461538461,-13.461538461538462,0.8653846153846154,-0.8461538461538461,6.6923076923076925
2021-06-15,E12000009,South West,5659143,721.0,543.0,0.0,18031.0,12572.0,3633287.0,-26.23076923076923,0.7376923076923076,-17.076923076923077,0.8292307692307692,1.3076923076923077,7.076923076923077
2021-06-16,E12000009,South West,5659143,872.0,600.1428571428571,0.0,20432.0,15997.0,3653719.0,-26.23076923076923,0.7376923076923076,-18.53846153846154,0.8146153846153846,-3.0,7.461538461538462
2021-06-17,E12000009,South West,5659143,895.0,665.8571428571429,0.0,25641.0,12615.0,3679360.0,-26.153846153846153,0.7384615384615385,-18.307692307692307,0.816923076923077,-2.1538461538461537,7.6923076923076925
2021-06-18,E12000009,South West,5659143,781.0,708.2857142857143,0.0,23700.0,10414.0,3703060.0,-25.846153846153847,0.7415384615384615,-12.692307692307692,0.8730769230769231,-11.0,6.6923076923076925
2021-06-19,E12000009,South West,5659143,619.0,736.4285714285714,0.0,30375.0,18810.0,3733435.0,-5.615384615384615,0.9438461538461539,-10.538461538461538,0.8946153846153846,-14.23076923076923,2.4615384615384617
2021-06-20,E12000009,South West,5659143,709.0,761.7142857142857,1.0,15596.0,3895.0,3749031.0,-1.2307692307692308,0.9876923076923076,-9.692307692307692,0.9030769230769231,-8.538461538461538,1.0769230769230769
2021-06-21,E12000009,South West,5659143,958.0,793.5714285714286,0.0,15290.0,5300.0,3764321.0,-29.384615384615383,0.7061538461538461,-20.307692307692307,0.796923076923077,-6.846153846153846,8.538461538461538
2021-06-22,E12000009,South West,5659143,1126.0,851.4285714285714,0.0,17510.0,8901.0,3781831.0,-27.615384615384617,0.7238461538461538,-19.384615384615383,0.8061538461538462,-0.38461538461538464,7.769230769230769
2021-06-23,E12000009,South West,5659143,1229.0,902.4285714285714,0.0,22932.0,6532.0,3804763.0,-26.846153846153847,0.7315384615384615,-18.384615384615383,0.8161538461538462,-2.8461538461538463,7.3076923076923075
2021-06-24,E12000009,South West,5659143,1194.0,945.1428571428571,1.0,19683.0,10069.0,3824446.0,-26.615384615384617,0.7338461538461538,-17.692307692307693,0.823076923076923,-0.7692307692307693,7.769230769230769
2021-06-25,E12000009,South West,5659143,1140.0,996.4285714285714,1.0,18663.0,10173.0,3843109.0,-26.0,0.74,-8.615384615384615,0.9138461538461539,-4.076923076923077,6.0
2021-06-26,E12000009,South West,5659143,1098.0,1064.857142857143,1.0,23463.0,11785.0,3866572.0,-4.076923076923077,0.9592307692307692,-6.384615384615385,0.9361538461538461,-12.153846153846153,1.2307692307692308
2021-06-27,E12000009,South West,5659143,1096.0,1120.142857142857,2.0,11875.0,5736.0,3878447.0,-3.769230769230769,0.9623076923076923,-15.384615384615385,0.8461538461538461,-12.307692307692308,2.4615384615384617
2021-06-28,E12000009,South West,5659143,1812.0,1242.142857142857,0.0,11441.0,9048.0,3889888.0,-28.923076923076923,0.7107692307692308,-16.153846153846153,0.8384615384615385,-1.3076923076923077,7.538461538461538
2021-06-29,E12000009,South West,5659143,1808.0,1339.5714285714287,3.0,13480.0,11426.0,3903368.0,-29.384615384615383,0.7061538461538461,-23.615384615384617,0.7638461538461538,-3.6153846153846154,7.230769230769231
2021-06-30,E12000009,South West,5659143,1887.0,1433.5714285714287,0.0,12244.0,14210.0,3915612.0,-27.76923076923077,0.7223076923076923,-20.153846153846153,0.7984615384615384,-2.0,6.6923076923076925
2021-07-01,E12000009,South West,5659143,1831.0,1524.5714285714287,2.0,13789.0,13559.0,3929401.0,-26.846153846153847,0.7315384615384615,-15.076923076923077,0.8492307692307692,1.6923076923076923,7.538461538461538
2021-07-02,E12000009,South West,5659143,1680.0,1601.7142857142858,3.0,8621.0,13331.0,3938022.0,-26.615384615384617,0.7338461538461538,-7.0,0.9299999999999999,-5.076923076923077,6.230769230769231
2021-07-03,E12000009,South West,5659143,1647.0,1680.142857142857,1.0,13887.0,15665.0,3951909.0,-5.076923076923077,0.9492307692307692,-8.846153846153847,0.9115384615384615,-13.923076923076923,2.6153846153846154
2021-07-04,E12000009,South West,5659143,1664.0,1761.2857142857142,1.0,5601.0,6681.0,3957510.0,-4.0,0.96,-7.461538461538462,0.9253846153846154,-9.153846153846153,2.230769230769231
2021-07-05,E12000009,South West,5659143,2202.0,1817.0,0.0,6459.0,9761.0,3963969.0,-29.307692307692307,0.706923076923077,-14.076923076923077,0.8592307692307692,-0.07692307692307693,8.307692307692308
2021-07-06,E12000009,South West,5659143,2518.0,1918.4285714285713,1.0,7873.0,10779.0,3971842.0,-29.0,0.71,-19.692307692307693,0.803076923076923,0.7692307692307693,8.923076923076923
2021-07-07,E12000009,South West,5659143,2763.0,2043.5714285714287,0.0,7379.0,12107.0,3979221.0,-28.46153846153846,0.7153846153846154,-20.846153846153847,0.7915384615384615,-2.3846153846153846,8.692307692307692
2021-07-08,E12000009,South West,5659143,2557.0,2147.285714285714,0.0,9154.0,12720.0,3988375.0,-28.692307692307693,0.713076923076923,-16.076923076923077,0.8392307692307692,0.3076923076923077,8.384615384615385
2021-07-09,E12000009,South West,5659143,2476.0,2261.0,1.0,6874.0,10801.0,3995249.0,-27.46153846153846,0.7253846153846154,-7.3076923076923075,0.926923076923077,-5.3076923076923075,7.076923076923077
2021-07-10,E12000009,South West,5659143,2120.0,2328.5714285714284,1.0,8883.0,16228.0,4004132.0,-5.769230769230769,0.9423076923076923,-6.0,0.94,-11.923076923076923,2.8461538461538463
2021-07-11,E12000009,South West,5659143,2464.0,2442.8571428571427,2.0,2734.0,8370.0,4006866.0,-0.46153846153846156,0.9953846153846154,-9.384615384615385,0.9061538461538461,-9.384615384615385,1.0769230769230769
2021-07-12,E12000009,South West,5659143,3617.0,2645.0,6.0,3771.0,7660.0,4010637.0,-33.07692307692308,0.6692307692307692,-14.923076923076923,0.8507692307692307,-4.076923076923077,9.461538461538462
2021-07-13,E12000009,South West,5659143,4185.0,2883.1428571428573,0.0,4169.0,10728.0,4014806.0,-30.076923076923077,0.6992307692307692,-17.46153846153846,0.8253846153846154,1.0769230769230769,8.692307692307692
2021-07-14,E12000009,South West,5659143,4916.0,3190.714285714286,3.0,4987.0,13961.0,4019793.0,-29.153846153846153,0.7084615384615385,-16.53846153846154,0.8346153846153845,0.7692307692307693,8.538461538461538
2021-07-15,E12000009,South West,5659143,5868.0,3663.714285714286,1.0,6497.0,16632.0,4026290.0,-29.46153846153846,0.7053846153846154,-14.923076923076923,0.8507692307692307,2.6153846153846154,7.923076923076923
2021-07-16,E12000009,South West,5659143,5109.0,4039.8571428571427,0.0,5164.0,15456.0,4031454.0,-28.76923076923077,0.7123076923076923,-5.076923076923077,0.9492307692307692,-5.384615384615385,6.538461538461538
2021-07-17,E12000009,South West,5659143,3466.0,4232.142857142857,7.0,6950.0,19882.0,4038404.0,-6.538461538461538,0.9346153846153846,2.076923076923077,1.0207692307692309,-16.692307692307693,1.3846153846153846
2021-07-18,E12000009,South West,5659143,3331.0,4356.0,3.0,2712.0,7190.0,4041116.0,-2.3076923076923075,0.9769230769230769,5.076923076923077,1.0507692307692307,-7.384615384615385,-0.07692307692307693
2021-07-19,E12000009,South West,5659143,4021.0,4413.714285714285,3.0,3476.0,12214.0,4044592.0,-32.61538461538461,0.6738461538461539,-10.076923076923077,0.8992307692307693,4.153846153846154,7.846153846153846
2021-07-20,E12000009,South West,5659143,3481.0,4313.142857142857,1.0,3309.0,11916.0,4047901.0,-32.46153846153846,0.6753846153846155,-16.307692307692307,0.8369230769230769,4.230769230769231,8.538461538461538
2021-07-21,E12000009,South West,5659143,3026.0,4043.1428571428573,1.0,4354.0,15540.0,4052255.0,-32.46153846153846,0.6753846153846155,-16.846153846153847,0.8315384615384616,1.8461538461538463,8.692307692307692
2021-07-22,E12000009,South West,5659143,2581.0,3573.5714285714284,5.0,4135.0,14355.0,4056390.0,-34.07692307692308,0.6592307692307692,-13.461538461538462,0.8653846153846154,4.615384615384615,8.615384615384615
2021-07-23,E12000009,South West,5659143,2523.0,3204.1428571428573,10.0,2929.0,13169.0,4059319.0,-33.53846153846154,0.6646153846153846,-3.3846153846153846,0.9661538461538461,-0.8461538461538461,7.3076923076923075
2021-07-24,E12000009,South West,5659143,1944.0,2986.714285714286,4.0,3596.0,16175.0,4062915.0,-6.3076923076923075,0.936923076923077,-0.3076923076923077,0.9969230769230769,-12.76923076923077,2.8461538461538463
2021-07-25,E12000009,South West,5659143,2033.0,2801.285714285714,5.0,2011.0,9071.0,4064926.0,-0.6153846153846154,0.9938461538461538,4.615384615384615,1.0461538461538462,-1.0769230769230769,1.0769230769230769
2021-07-26,E12000009,South West,5659143,2768.0,2622.285714285714,2.0,2618.0,11991.0,4067544.0,-39.07692307692308,0.6092307692307692,-8.23076923076923,0.9176923076923077,11.461538461538462,8.153846153846153
2021-07-27,E12000009,South West,5659143,2874.0,2535.5714285714284,4.0,2222.0,9681.0,4069766.0,-39.0,0.61,-17.0,0.83,11.923076923076923,9.846153846153847
2021-07-28,E12000009,South West,5659143,3019.0,2534.5714285714284,8.0,3676.0,14391.0,4073442.0,-38.23076923076923,0.6176923076923077,-16.692307692307693,0.833076923076923,9.076923076923077,9.76923076923077
2021-07-29,E12000009,South West,5659143,2812.0,2567.5714285714284,2.0,2766.0,14009.0,4076208.0,-37.92307692307692,0.6207692307692307,-12.076923076923077,0.8792307692307693,13.0,8.538461538461538
2021-07-30,E12000009,South West,5659143,2361.0,2544.4285714285716,6.0,2345.0,14387.0,4078553.0,-38.0,0.62,-5.538461538461538,0.9446153846153846,2.0,8.384615384615385
2021-07-31,E12000009,South West,5659143,2007.0,2553.4285714285716,3.0,2668.0,17001.0,4081221.0,-5.769230769230769,0.9423076923076923,8.461538461538462,1.0846153846153845,-5.615384615384615,0.6923076923076923
2021-08-01,E12000009,South West,5659143,2082.0,2560.4285714285716,9.0,1800.0,9297.0,4083021.0,-1.7692307692307692,0.9823076923076923,6.076923076923077,1.0607692307692307,2.0,0.46153846153846156
2021-08-02,E12000009,South West,5659143,2784.0,2562.714285714286,5.0,1691.0,9780.0,4084712.0,-40.30769230769231,0.5969230769230769,-7.538461538461538,0.9246153846153846,14.384615384615385,8.384615384615385
2021-08-03,E12000009,South West,5659143,3179.0,2606.285714285714,5.0,1932.0,11761.0,4086644.0,-39.92307692307692,0.6007692307692307,-12.76923076923077,0.8723076923076923,17.384615384615383,8.692307692307692
2021-08-04,E12000009,South West,5659143,3193.0,2631.1428571428573,4.0,2383.0,13138.0,4089027.0,-39.30769230769231,0.6069230769230769,-12.076923076923077,0.8792307692307693,13.23076923076923,8.153846153846153
2021-08-05,E12000009,South West,5659143,3082.0,2669.714285714286,4.0,2727.0,13285.0,4091754.0,-40.07692307692308,0.5992307692307692,-17.53846153846154,0.8246153846153846,9.846153846153847,10.0
2021-08-06,E12000009,South West,5659143,2899.0,2746.5714285714284,7.0,2252.0,15143.0,4094006.0,-38.84615384615385,0.6115384615384616,-4.3076923076923075,0.9569230769230769,3.230769230769231,8.076923076923077
2021-08-07,E12000009,South West,5659143,2255.0,2782.0,6.0,3117.0,22376.0,4097123.0,-7.615384615384615,0.9238461538461539,3.923076923076923,1.0392307692307692,-9.923076923076923,2.230769230769231
2021-08-08,E12000009,South West,5659143,2310.0,2814.5714285714284,7.0,1515.0,7176.0,4098638.0,-2.6923076923076925,0.9730769230769231,5.538461538461538,1.0553846153846154,1.2307692307692308,1.1538461538461537
2021-08-09,E12000009,South West,5659143,3206.0,2874.8571428571427,7.0,1819.0,12222.0,4100457.0,-40.38461538461539,0.5961538461538461,-6.230769230769231,0.9376923076923077,15.076923076923077,8.461538461538462
2021-08-10,E12000009,South West,5659143,3186.0,2875.8571428571427,3.0,2320.0,12834.0,4102777.0,-39.61538461538461,0.6038461538461539,-9.76923076923077,0.9023076923076923,19.0,8.076923076923077
2021-08-11,E12000009,South West,5659143,3237.0,2882.1428571428573,1.0,2561.0,19236.0,4105338.0,-39.30769230769231,0.6069230769230769,-9.615384615384615,0.9038461538461539,13.153846153846153,8.615384615384615
2021-08-12,E12000009,South West,5659143,3110.0,2886.1428571428573,6.0,2585.0,17029.0,4107923.0,-39.07692307692308,0.6092307692307692,-7.923076923076923,0.9207692307692308,14.615384615384615,8.307692307692308
2021-08-13,E12000009,South West,5659143,2791.0,2870.714285714286,6.0,2904.0,17411.0,4110827.0,-38.61538461538461,0.6138461538461539,1.1538461538461537,1.0115384615384615,3.076923076923077,7.384615384615385
2021-08-14,E12000009,South West,5659143,2385.0,2889.285714285714,6.0,3146.0,18489.0,4113973.0,-6.076923076923077,0.9392307692307692,15.923076923076923,1.1592307692307693,-7.230769230769231,0.15384615384615385
2021-08-15,E12000009,South West,5659143,2500.0,2916.4285714285716,3.0,1526.0,9799.0,4115499.0,-2.0,0.98,14.384615384615385,1.143846153846154,2.769230769230769,-0.07692307692307693
2021-08-16,E12000009,South West,5659143,4341.0,3078.5714285714284,4.0,2227.0,12252.0,4117726.0,-40.46153846153846,0.5953846153846154,-0.8461538461538461,0.9915384615384616,16.692307692307693,7.461538461538462
2021-08-17,E12000009,South West,5659143,5369.0,3390.4285714285716,8.0,2484.0,11877.0,4120210.0,-40.38461538461539,0.5961538461538461,-9.23076923076923,0.9076923076923077,18.923076923076923,8.538461538461538
2021-08-18,E12000009,South West,5659143,5143.0,3662.714285714286,9.0,3955.0,19552.0,4124165.0,-38.07692307692308,0.6192307692307693,-10.76923076923077,0.8923076923076922,14.384615384615385,8.307692307692308
2021-08-19,E12000009,South West,5659143,4288.0,3831.0,13.0,5015.0,15690.0,4129180.0,-38.53846153846154,0.6146153846153846,-8.615384615384615,0.9138461538461539,14.846153846153847,8.153846153846153
2021-08-20,E12000009,South West,5659143,3574.0,3942.8571428571427,9.0,5561.0,15768.0,4134741.0,-37.76923076923077,0.6223076923076923,-0.23076923076923078,0.9976923076923077,3.3076923076923075,7.230769230769231
2021-08-21,E12000009,South West,5659143,3018.0,4033.285714285714,11.0,8171.0,20938.0,4142912.0,-7.538461538461538,0.9246153846153846,4.076923076923077,1.0407692307692307,-10.23076923076923,1.9230769230769231
2021-08-22,E12000009,South West,5659143,2714.0,4063.8571428571427,11.0,3017.0,10496.0,4145929.0,-0.5384615384615384,0.9946153846153846,14.076923076923077,1.1407692307692308,3.769230769230769,-0.7692307692307693
2021-08-23,E12000009,South West,5659143,3817.0,3989.0,9.0,3353.0,13331.0,4149282.0,-39.46153846153846,0.6053846153846154,-3.923076923076923,0.9607692307692308,16.384615384615383,7.461538461538462
2021-08-24,E12000009,South West,5659143,3621.0,3739.285714285714,10.0,5013.0,13736.0,4154295.0,-39.53846153846154,0.6046153846153846,-9.0,0.91,18.0,7.846153846153846
2021-08-25,E12000009,South West,5659143,3403.0,3490.714285714286,8.0,7592.0,15121.0,4161887.0,-38.69230769230769,0.6130769230769231,-9.384615384615385,0.9061538461538461,15.384615384615385,7.769230769230769
2021-08-26,E12000009,South West,5659143,3313.0,3351.4285714285716,15.0,4928.0,14744.0,4166815.0,-39.15384615384615,0.6084615384615384,-4.0,0.96,17.846153846153847,7.153846153846154
2021-08-27,E12000009,South West,5659143,2844.0,3247.1428571428573,5.0,3631.0,13031.0,4170446.0,-39.23076923076923,0.6076923076923076,3.923076923076923,1.0392307692307692,7.461538461538462,6.3076923076923075
2021-08-28,E12000009,South West,5659143,2343.0,3150.714285714286,10.0,3443.0,11994.0,4173889.0,-5.923076923076923,0.9407692307692308,16.384615384615383,1.1638461538461538,-4.3076923076923075,-0.38461538461538464
2021-08-29,E12000009,South West,5659143,2069.0,3058.5714285714284,15.0,1898.0,6144.0,4175787.0,-1.3846153846153846,0.9861538461538462,17.153846153846153,1.1715384615384616,11.538461538461538,-1.7692307692307692
2021-08-30,E12000009,South West,5659143,2714.0,2901.0,9.0,1793.0,6557.0,4177580.0,-72.07692307692308,0.27923076923076917,-14.307692307692308,0.8569230769230769,13.76923076923077,13.307692307692308
2021-08-31,E12000009,South West,5659143,3804.0,2927.1428571428573,7.0,3172.0,10243.0,4180752.0,-39.23076923076923,0.6076923076923076,-9.23076923076923,0.9076923076923077,15.076923076923077,8.153846153846153
2021-09-01,E12000009,South West,5659143,3447.0,2933.4285714285716,11.0,3173.0,10981.0,4183925.0,-36.15384615384615,0.6384615384615384,-13.384615384615385,0.8661538461538462,8.076923076923077,8.692307692307692
2021-09-02,E12000009,South West,5659143,3392.0,2944.714285714286,12.0,3586.0,12930.0,4187511.0,-33.76923076923077,0.6623076923076923,-12.692307692307692,0.8730769230769231,9.846153846153847,8.23076923076923
2021-09-03,E12000009,South West,5659143,3180.0,2992.714285714286,11.0,2520.0,11419.0,4190031.0,-32.15384615384615,0.6784615384615384,-1.1538461538461537,0.9884615384615385,2.769230769230769,6.0
2021-09-04,E12000009,South West,5659143,2452.0,3008.285714285714,5.0,3101.0,13609.0,4193132.0,-2.5384615384615383,0.9746153846153847,6.615384615384615,1.0661538461538462,-5.769230769230769,0.07692307692307693
2021-09-05,E12000009,South West,5659143,2442.0,3061.5714285714284,10.0,1385.0,6072.0,4194517.0,2.0,1.02,9.076923076923077,1.0907692307692307,2.6153846153846154,-0.3076923076923077
2021-09-06,E12000009,South West,5659143,3287.0,3143.4285714285716,18.0,1786.0,8760.0,4196303.0,-31.923076923076923,0.6807692307692308,-4.0,0.96,9.692307692307692,6.153846153846154
2021-09-07,E12000009,South West,5659143,2054.0,2893.4285714285716,8.0,2209.0,8547.0,4198512.0,-31.0,0.69,-8.0,0.92,10.0,6.3076923076923075
2021-09-08,E12000009,South West,5659143,1937.0,2677.714285714286,13.0,1868.0,9394.0,4200380.0,-29.53846153846154,0.7046153846153846,-12.923076923076923,0.8707692307692307,2.923076923076923,7.3076923076923075
2021-09-09,E12000009,South West,5659143,2392.0,2534.8571428571427,12.0,2091.0,10926.0,4202471.0,-28.76923076923077,0.7123076923076923,-11.384615384615385,0.8861538461538462,2.076923076923077,7.153846153846154
2021-09-10,E12000009,South West,5659143,1594.0,2308.285714285714,7.0,1581.0,8327.0,4204052.0,-27.076923076923077,0.7292307692307692,-0.15384615384615385,0.9984615384615385,-1.0,5.230769230769231
2021-09-11,E12000009,South West,5659143,1132.0,2119.714285714286,9.0,2959.0,10379.0,4207011.0,-3.3846153846153846,0.9661538461538461,6.3076923076923075,1.063076923076923,-3.8461538461538463,0.07692307692307693
2021-09-12,E12000009,South West,5659143,1210.0,1943.7142857142858,6.0,1017.0,4511.0,4208028.0,0.23076923076923078,1.0023076923076923,5.461538461538462,1.0546153846153845,1.6153846153846154,-0.15384615384615385
2021-09-13,E12000009,South West,5659143,1816.0,1733.5714285714287,7.0,1089.0,5897.0,4209117.0,-29.53846153846154,0.7046153846153846,-4.769230769230769,0.9523076923076923,4.846153846153846,6.076923076923077
2021-09-14,E12000009,South West,5659143,1625.0,1672.2857142857142,13.0,1356.0,6153.0,4210473.0,-30.307692307692307,0.696923076923077,-9.23076923076923,0.9076923076923077,5.3076923076923075,6.769230769230769
2021-09-15,E12000009,South West,5659143,1635.0,1629.142857142857,7.0,1750.0,7025.0,4212223.0,-29.153846153846153,0.7084615384615385,-8.461538461538462,0.9153846153846154,5.846153846153846,5.6923076923076925
2021-09-16,E12000009,South West,5659143,1777.0,1541.2857142857142,10.0,1564.0,6108.0,4213787.0,-29.923076923076923,0.7007692307692308,-7.3076923076923075,0.926923076923077,5.538461538461538,5.230769230769231
2021-09-17,E12000009,South West,5659143,2151.0,1620.857142857143,13.0,1387.0,5743.0,4215174.0,-29.846153846153847,0.7015384615384616,0.46153846153846156,1.0046153846153847,0.07692307692307693,4.6923076923076925
2021-09-18,E12000009,South West,5659143,2201.0,1773.5714285714287,7.0,1695.0,6241.0,4216869.0,-6.846153846153846,0.9315384615384615,3.8461538461538463,1.0384615384615385,-6.615384615384615,0.23076923076923078
2021-09-19,E12000009,South West,5659143,2264.0,1924.142857142857,7.0,753.0,2524.0,4217622.0,-3.0,0.97,5.230769230769231,1.0523076923076924,-0.15384615384615385,-0.23076923076923078
2021-09-20,E12000009,South West,5659143,2171.0,1974.857142857143,7.0,1069.0,3725.0,4218691.0,-30.76923076923077,0.6923076923076923,-3.6923076923076925,0.963076923076923,6.230769230769231,5.230769230769231
2021-09-21,E12000009,South West,5659143,2160.0,2051.285714285714,7.0,1601.0,4324.0,4220292.0,-30.0,0.7,-8.692307692307692,0.9130769230769231,5.923076923076923,5.769230769230769
2021-09-22,E12000009,South West,5659143,2225.0,2135.5714285714284,11.0,1159.0,3492.0,4221451.0,-27.076923076923077,0.7292307692307692,-12.0,0.88,2.076923076923077,6.3076923076923075
2021-09-23,E12000009,South West,5659143,2918.0,2298.5714285714284,9.0,1658.0,4862.0,4223109.0,-27.23076923076923,0.7276923076923076,-9.692307692307692,0.9030769230769231,3.769230769230769,6.153846153846154
2021-09-24,E12000009,South West,5659143,2723.0,2380.285714285714,6.0,1436.0,3979.0,4224545.0,-26.923076923076923,0.7307692307692308,0.23076923076923078,1.0023076923076923,0.5384615384615384,4.153846153846154
2021-09-25,E12000009,South West,5659143,2432.0,2413.285714285714,11.0,1166.0,4009.0,4225711.0,-5.923076923076923,0.9407692307692308,2.3846153846153846,1.0238461538461539,-6.846153846153846,0.6923076923076923
2021-09-26,E12000009,South West,5659143,2631.0,2465.714285714286,8.0,737.0,1862.0,4226448.0,-2.1538461538461537,0.9784615384615385,3.1538461538461537,1.0315384615384615,-2.6923076923076925,0.15384615384615385
2021-09-27,E12000009,South West,5659143,2861.0,2564.285714285714,10.0,1723.0,2860.0,4228171.0,-29.384615384615383,0.7061538461538461,-8.846153846153847,0.9115384615384615,-2.230769230769231,6.6923076923076925
2021-09-28,E12000009,South West,5659143,2733.0,2646.1428571428573,6.0,2328.0,2881.0,4230499.0,-30.076923076923077,0.6992307692307692,-17.153846153846153,0.8284615384615385,-8.307692307692308,8.23076923076923
2021-09-29,E12000009,South West,5659143,2412.0,2672.8571428571427,7.0,2534.0,2933.0,4233033.0,-28.923076923076923,0.7107692307692308,-14.461538461538462,0.8553846153846154,-1.2307692307692308,6.615384615384615
2021-09-30,E12000009,South West,5659143,2568.0,2622.8571428571427,9.0,2870.0,3353.0,4235903.0,-29.076923076923077,0.7092307692307692,-17.846153846153847,0.8215384615384616,-2.6923076923076925,7.538461538461538
2021-10-01,E12000009,South West,5659143,2163.0,2542.8571428571427,9.0,2889.0,3163.0,4238792.0,-28.153846153846153,0.7184615384615385,-6.846153846153846,0.9315384615384615,-2.6153846153846154,5.461538461538462
2021-10-02,E12000009,South West,5659143,1676.0,2434.8571428571427,11.0,1533.0,2389.0,4240325.0,-10.153846153846153,0.8984615384615384,-18.076923076923077,0.8192307692307692,-17.0,4.076923076923077
2021-10-03,E12000009,South West,5659143,2170.0,2369.0,5.0,809.0,1819.0,4241134.0,-3.769230769230769,0.9623076923076923,-8.615384615384615,0.9138461538461539,-6.153846153846154,1.8461538461538463
2021-10-04,E12000009,South West,5659143,3025.0,2392.4285714285716,12.0,2059.0,2269.0,4243193.0,-29.692307692307693,0.703076923076923,-15.307692307692308,0.8469230769230769,-2.6923076923076925,6.538461538461538
2021-10-05,E12000009,South West,5659143,2508.0,2360.285714285714,8.0,2568.0,2594.0,4245761.0,-29.76923076923077,0.7023076923076923,-17.615384615384617,0.8238461538461539,-1.3076923076923077,7.230769230769231
2021-10-06,E12000009,South West,5659143,2455.0,2366.4285714285716,6.0,2081.0,2654.0,4247842.0,-28.0,0.72,-17.384615384615383,0.8261538461538461,-1.4615384615384615,6.6923076923076925
2021-10-07,E12000009,South West,5659143,2691.0,2384.0,9.0,2508.0,2939.0,4250350.0,-27.615384615384617,0.7238461538461538,-16.307692307692307,0.8369230769230769,-1.3846153846153846,6.461538461538462
2021-10-08,E12000009,South West,5659143,2688.0,2459.0,5.0,2423.0,2750.0,4252773.0,-27.0,0.73,-9.076923076923077,0.9092307692307693,-4.769230769230769,5.230769230769231
2021-10-09,E12000009,South West,5659143,2377.0,2559.1428571428573,7.0,1073.0,2206.0,4253846.0,-5.3076923076923075,0.946923076923077,-6.846153846153846,0.9315384615384615,-4.923076923076923,0.7692307692307693
2021-10-10,E12000009,South West,5659143,3117.0,2694.4285714285716,6.0,823.0,1522.0,4254669.0,-2.6923076923076925,0.9730769230769231,-2.8461538461538463,0.9715384615384616,-1.8461538461538463,0.15384615384615385
2021-10-11,E12000009,South West,5659143,4338.0,2882.0,8.0,2151.0,1915.0,4256820.0,-28.153846153846153,0.7184615384615385,-13.153846153846153,0.8684615384615385,-1.5384615384615385,6.0
2021-10-12,E12000009,South West,5659143,5809.0,3353.5714285714284,7.0,3126.0,2082.0,4259946.0,-28.076923076923077,0.7192307692307692,-15.384615384615385,0.8461538461538461,-0.7692307692307693,6.538461538461538
2021-10-13,E12000009,South West,5659143,5866.0,3840.8571428571427,8.0,2496.0,2396.0,4262442.0,-27.153846153846153,0.7284615384615385,-16.846153846153847,0.8315384615384616,-3.4615384615384617,6.461538461538462
2021-10-14,E12000009,South West,5659143,5725.0,4274.285714285715,13.0,2639.0,2192.0,4265081.0,-26.53846153846154,0.7346153846153847,-16.076923076923077,0.8392307692307692,-1.9230769230769231,6.3076923076923075
2021-10-15,E12000009,South West,5659143,6324.0,4793.714285714285,12.0,3456.0,2982.0,4268537.0,-26.46153846153846,0.7353846153846154,-8.76923076923077,0.9123076923076923,-5.153846153846154,5.384615384615385
2021-10-16,E12000009,South West,5659143,5250.0,5204.142857142857,8.0,1252.0,2243.0,4269789.0,-6.153846153846154,0.9384615384615385,-9.307692307692308,0.9069230769230769,-7.230769230769231,1.1538461538461537
2021-10-17,E12000009,South West,5659143,6047.0,5622.714285714285,8.0,671.0,1562.0,4270460.0,-3.4615384615384617,0.9653846153846154,-4.846153846153846,0.9515384615384616,-3.8461538461538463,1.0769230769230769
2021-10-18,E12000009,South West,5659143,7666.0,6098.142857142857,11.0,2797.0,2076.0,4273257.0,-29.923076923076923,0.7007692307692308,-18.23076923076923,0.8176923076923077,-8.923076923076923,7.615384615384615
2021-10-19,E12000009,South West,5659143,6393.0,6181.571428571428,6.0,3688.0,2040.0,4276945.0,-29.23076923076923,0.7076923076923076,-20.76923076923077,0.7923076923076923,-5.846153846153846,7.769230769230769
2021-10-20,E12000009,South West,5659143,6422.0,6261.0,5.0,3448.0,2228.0,4280393.0,-28.384615384615383,0.7161538461538461,-21.076923076923077,0.7892307692307692,-6.769230769230769,8.0
2021-10-21,E12000009,South West,5659143,5408.0,6215.714285714285,13.0,2724.0,1979.0,4283117.0,-28.615384615384617,0.7138461538461538,-16.384615384615383,0.8361538461538461,-0.38461538461538464,6.923076923076923
2021-10-22,E12000009,South West,5659143,4795.0,5997.285714285715,12.0,2391.0,2562.0,4285508.0,-30.0,0.7,-9.153846153846153,0.9084615384615384,-5.3076923076923075,6.384615384615385
2021-10-23,E12000009,South West,5659143,4160.0,5841.571428571428,22.0,2338.0,1876.0,4287846.0,-8.23076923076923,0.9176923076923077,-6.0,0.94,-9.0,1.8461538461538463
2021-10-24,E12000009,South West,5659143,4083.0,5561.0,8.0,1166.0,1178.0,4289012.0,-6.3076923076923075,0.936923076923077,-9.076923076923077,0.9092307692307693,-6.538461538461538,2.076923076923077
2021-10-25,E12000009,South West,5659143,5351.0,5230.285714285715,6.0,3470.0,1540.0,4292482.0,-39.46153846153846,0.6053846153846154,-13.307692307692308,0.8669230769230769,9.384615384615385,7.769230769230769
2021-10-26,E12000009,South West,5659143,4878.0,5013.857142857143,22.0,4467.0,1612.0,4296949.0,-38.84615384615385,0.6115384615384616,-16.53846153846154,0.8346153846153845,9.23076923076923,8.384615384615385
2021-10-27,E12000009,South West,5659143,4703.0,4768.285714285715,13.0,4784.0,1948.0,4301733.0,-38.38461538461539,0.616153846153846,-18.076923076923077,0.8192307692307692,6.6923076923076925,8.538461538461538
2021-10-28,E12000009,South West,5659143,4704.0,4667.714285714285,16.0,5896.0,1594.0,4307629.0,-38.07692307692308,0.6192307692307693,-19.46153846153846,0.8053846153846154,6.615384615384615,8.692307692307692
2021-10-29,E12000009,South West,5659143,4307.0,4598.0,17.0,5077.0,1795.0,4312706.0,-37.69230769230769,0.6230769230769231,-9.846153846153847,0.9015384615384615,2.3076923076923075,7.230769230769231
2021-10-30,E12000009,South West,5659143,3546.0,4510.285714285715,8.0,3432.0,1590.0,4316138.0,-9.0,0.91,-6.153846153846154,0.9384615384615385,-7.230769230769231,1.0769230769230769
2021-10-31,E12000009,South West,5659143,3809.0,4471.142857142857,14.0,2081.0,1644.0,4318219.0,-5.461538461538462,0.9453846153846154,-7.153846153846154,0.9284615384615384,-8.384615384615385,1.5384615384615385
2021-11-01,E12000009,South West,5659143,4567.0,4359.142857142857,10.0,3345.0,1202.0,4321564.0,-29.307692307692307,0.706923076923077,-19.153846153846153,0.8084615384615385,-5.076923076923077,7.384615384615385
2021-11-02,E12000009,South West,5659143,3829.0,4209.285714285715,13.0,3624.0,1604.0,4325188.0,-26.692307692307693,0.7330769230769231,-21.307692307692307,0.786923076923077,-2.923076923076923,7.230769230769231
2021-11-03,E12000009,South West,5659143,3489.0,4035.8571428571427,15.0,4541.0,1536.0,4329729.0,-26.076923076923077,0.7392307692307692,-22.692307692307693,0.7730769230769231,-5.846153846153846,7.461538461538462
2021-11-04,E12000009,South West,5659143,3341.0,3841.1428571428573,9.0,4641.0,1369.0,4334370.0,-25.53846153846154,0.7446153846153847,-18.923076923076923,0.8107692307692308,-3.076923076923077,6.846153846153846
2021-11-05,E12000009,South West,5659143,3037.0,3659.714285714286,15.0,3592.0,1948.0,4337962.0,-25.53846153846154,0.7446153846153847,-13.076923076923077,0.8692307692307693,-5.461538461538462,5.846153846153846
2021-11-06,E12000009,South West,5659143,2732.0,3543.4285714285716,13.0,2676.0,1873.0,4340638.0,-7.615384615384615,0.9238461538461539,-15.23076923076923,0.8476923076923077,-10.76923076923077,2.4615384615384617
2021-11-07,E12000009,South West,5659143,3193.0,3455.4285714285716,13.0,2503.0,1070.0,4343141.0,-5.3076923076923075,0.946923076923077,-11.0,0.89,-4.769230769230769,1.2307692307692308
2021-11-08,E12000009,South West,5659143,4594.0,3459.285714285714,10.0,3423.0,1383.0,4346564.0,-26.76923076923077,0.7323076923076923,-18.923076923076923,0.8107692307692308,-6.076923076923077,7.0
2021-11-09,E12000009,South West,5659143,4297.0,3526.1428571428573,19.0,4093.0,1351.0,4350657.0,-25.692307692307693,0.7430769230769231,-20.76923076923077,0.7923076923076923,-4.384615384615385,7.230769230769231
2021-11-10,E12000009,South West,5659143,4424.0,3659.714285714286,10.0,3512.0,2001.0,4354169.0,-25.384615384615383,0.7461538461538462,-22.692307692307693,0.7730769230769231,-7.153846153846154,7.461538461538462
2021-11-11,E12000009,South West,5659143,4134.0,3773.0,14.0,3513.0,1700.0,4357682.0,-24.692307692307693,0.7530769230769231,-20.0,0.8,-3.5384615384615383,6.923076923076923
2021-11-12,E12000009,South West,5659143,3931.0,3900.714285714286,10.0,2667.0,1675.0,4360349.0,-25.307692307692307,0.7469230769230769,-15.461538461538462,0.8453846153846154,-8.384615384615385,6.923076923076923
2021-11-13,E12000009,South West,5659143,3454.0,4003.8571428571427,3.0,2834.0,1517.0,4363183.0,-7.076923076923077,0.9292307692307692,-14.23076923076923,0.8576923076923078,-7.3076923076923075,2.076923076923077
2021-11-14,E12000009,South West,5659143,3661.0,4070.714285714286,13.0,2166.0,1035.0,4365349.0,-4.076923076923077,0.9592307692307692,-8.076923076923077,0.9192307692307693,-3.076923076923077,1.0769230769230769
2021-11-15,E12000009,South West,5659143,5227.0,4161.142857142857,17.0,3813.0,1078.0,4369162.0,-26.53846153846154,0.7346153846153847,-18.923076923076923,0.8107692307692308,-5.461538461538462,6.923076923076923
2021-11-16,E12000009,South West,5659143,4887.0,4245.428571428572,14.0,3199.0,1553.0,4372361.0,-25.692307692307693,0.7430769230769231,-20.153846153846153,0.7984615384615384,-3.769230769230769,7.153846153846154
2021-11-17,E12000009,South West,5659143,4645.0,4277.0,10.0,3032.0,1714.0,4375393.0,-24.923076923076923,0.7507692307692307,-21.0,0.79,-5.3076923076923075,7.3076923076923075
2021-11-18,E12000009,South West,5659143,4422.0,4318.142857142857,9.0,3470.0,1540.0,4378863.0,-24.53846153846154,0.7546153846153846,-19.076923076923077,0.8092307692307692,-3.230769230769231,6.923076923076923
2021-11-19,E12000009,South West,5659143,3887.0,4311.857142857143,8.0,2162.0,1662.0,4381025.0,-24.46153846153846,0.7553846153846154,-13.076923076923077,0.8692307692307693,-4.923076923076923,6.3076923076923075
2021-11-20,E12000009,South West,5659143,3624.0,4336.142857142857,7.0,1670.0,1715.0,4382695.0,-8.0,0.92,-13.23076923076923,0.8676923076923078,-7.6923076923076925,2.230769230769231
2021-11-21,E12000009,South West,5659143,3829.0,4360.142857142857,10.0,1730.0,987.0,4384425.0,-5.153846153846154,0.9484615384615385,-10.846153846153847,0.8915384615384615,-4.538461538461538,1.4615384615384615
2021-11-22,E12000009,South West,5659143,5036.0,4332.857142857143,13.0,1845.0,1213.0,4386270.0,-26.615384615384617,0.7338461538461538,-18.384615384615383,0.8161538461538462,-4.153846153846154,7.153846153846154
2021-11-23,E12000009,South West,5659143,4817.0,4322.857142857143,14.0,2314.0,1842.0,4388584.0,-25.846153846153847,0.7415384615384615,-20.53846153846154,0.7946153846153846,-4.230769230769231,7.230769230769231
2021-11-24,E12000009,South West,5659143,4554.0,4309.857142857143,6.0,2288.0,2013.0,4390872.0,-25.46153846153846,0.7453846153846154,-22.384615384615383,0.7761538461538462,-5.846153846153846,7.461538461538462
2021-11-25,E12000009,South West,5659143,4290.0,4291.0,10.0,2372.0,2136.0,4393244.0,-24.76923076923077,0.7523076923076923,-17.846153846153847,0.8215384615384616,-0.6923076923076923,6.6923076923076925
2021-11-26,E12000009,South West,5659143,4074.0,4317.714285714285,9.0,1663.0,2053.0,4394907.0,-25.846153846153847,0.7415384615384615,-14.538461538461538,0.8546153846153846,-3.923076923076923,6.846153846153846
2021-11-27,E12000009,South West,5659143,3346.0,4278.0,12.0,1826.0,2890.0,4396733.0,-8.76923076923077,0.9123076923076923,-21.307692307692307,0.786923076923077,-11.538461538461538,3.6923076923076925
2021-11-28,E12000009,South West,5659143,4135.0,4321.714285714285,11.0,1314.0,2215.0,4398047.0,-4.0,0.96,-10.923076923076923,0.8907692307692308,-3.230769230769231,1.6153846153846154
2021-11-29,E12000009,South West,5659143,5800.0,4430.857142857143,11.0,1483.0,1983.0,4399530.0,-26.846153846153847,0.7315384615384615,-20.307692307692307,0.796923076923077,-1.4615384615384615,7.461538461538462
2021-11-30,E12000009,South West,5659143,5507.0,4529.428571428572,8.0,1882.0,2626.0,4401412.0,-25.53846153846154,0.7446153846153847,-21.46153846153846,0.7853846153846153,-0.8461538461538461,7.461538461538462
2021-12-01,E12000009,South West,5659143,5321.0,4639.0,15.0,1823.0,3194.0,4403235.0,-25.153846153846153,0.7484615384615385,-23.692307692307693,0.7630769230769231,-4.3076923076923075,7.769230769230769
2021-12-02,E12000009,South West,5659143,4900.0,4726.142857142857,7.0,1845.0,2980.0,4405080.0,-24.53846153846154,0.7546153846153846,-20.615384615384617,0.7938461538461539,-0.3076923076923077,7.384615384615385
2021-12-03,E12000009,South West,5659143,4363.0,4767.428571428572,7.0,1774.0,2428.0,4406854.0,-25.076923076923077,0.7492307692307693,-16.76923076923077,0.8323076923076923,-3.3846153846153846,6.6923076923076925
2021-12-04,E12000009,South West,5659143,3823.0,4835.571428571428,10.0,1903.0,3516.0,4408757.0,-6.153846153846154,0.9384615384615385,-15.461538461538462,0.8453846153846154,-6.846153846153846,2.230769230769231
2021-12-05,E12000009,South West,5659143,3858.0,4796.0,10.0,1911.0,1827.0,4410668.0,-4.461538461538462,0.9553846153846154,-14.615384615384615,0.8538461538461538,-4.923076923076923,1.7692307692307692
2021-12-06,E12000009,South West,5659143,5557.0,4761.285714285715,10.0,1362.0,1707.0,4412030.0,-26.923076923076923,0.7307692307692308,-22.53846153846154,0.7746153846153846,-3.6923076923076925,7.538461538461538
2021-12-07,E12000009,South West,5659143,4934.0,4679.428571428572,6.0,1406.0,2104.0,4413436.0,-26.076923076923077,0.7392307692307692,-27.076923076923077,0.7292307692307692,-8.923076923076923,8.76923076923077
2021-12-08,E12000009,South West,5659143,4837.0,4610.285714285715,8.0,1590.0,2719.0,4415026.0,-24.0,0.76,-24.307692307692307,0.7569230769230769,-3.5384615384615383,8.0
2021-12-09,E12000009,South West,5659143,4669.0,4577.285714285715,13.0,1456.0,2971.0,4416482.0,-22.923076923076923,0.7707692307692308,-21.53846153846154,0.7846153846153846,-0.3076923076923077,7.230769230769231
2021-12-10,E12000009,South West,5659143,4149.0,4546.714285714285,10.0,1565.0,2548.0,4418047.0,-23.53846153846154,0.7646153846153846,-16.692307692307693,0.833076923076923,-2.4615384615384617,6.3076923076923075
2021-12-11,E12000009,South West,5659143,3612.0,4516.571428571428,6.0,1658.0,2985.0,4419705.0,-3.6923076923076925,0.963076923076923,-17.076923076923077,0.8292307692307692,-8.538461538461538,2.1538461538461537
2021-12-12,E12000009,South West,5659143,3741.0,4499.857142857143,12.0,2022.0,2595.0,4421727.0,-0.6923076923076923,0.9930769230769231,-15.384615384615385,0.8461538461538461,-6.3076923076923075,2.0
2021-12-13,E12000009,South West,5659143,5772.0,4530.571428571428,9.0,1740.0,2258.0,4423467.0,-27.076923076923077,0.7292307692307692,-23.384615384615383,0.7661538461538462,-0.5384615384615384,7.923076923076923
2021-12-14,E12000009,South West,5659143,6174.0,4707.714285714285,16.0,2188.0,3103.0,4425655.0,-26.846153846153847,0.7315384615384615,-25.153846153846153,0.7484615384615385,1.6153846153846154,8.153846153846153
2021-12-15,E12000009,South West,5659143,6910.0,5003.857142857143,8.0,1778.0,3314.0,4427433.0,-26.46153846153846,0.7353846153846154,-24.53846153846154,0.7546153846153846,2.076923076923077,8.153846153846153
2021-12-16,E12000009,South West,5659143,6113.0,5210.142857142857,10.0,2331.0,4095.0,4429764.0,-26.307692307692307,0.736923076923077,-23.0,0.77,4.615384615384615,7.846153846153846
2021-12-17,E12000009,South West,5659143,5522.0,5406.285714285715,15.0,2343.0,3533.0,4432107.0,-27.384615384615383,0.7261538461538461,-21.615384615384617,0.7838461538461539,-1.1538461538461537,7.923076923076923
2021-12-18,E12000009,South West,5659143,5103.0,5619.285714285715,13.0,2799.0,3931.0,4434906.0,-4.3076923076923075,0.9569230769230769,-19.23076923076923,0.8076923076923077,-10.692307692307692,2.6923076923076925
2021-12-19,E12000009,South West,5659143,5252.0,5835.142857142857,10.0,3217.0,3970.0,4438123.0,0.0,1.0,-17.692307692307693,0.823076923076923,-5.6923076923076925,2.076923076923077
2021-12-20,E12000009,South West,5659143,7495.0,6081.285714285715,8.0,2538.0,4329.0,4440661.0,-40.76923076923077,0.5923076923076923,-26.0,0.74,10.23076923076923,9.461538461538462
2021-12-21,E12000009,South West,5659143,8183.0,6368.285714285715,8.0,3163.0,4729.0,4443824.0,-41.53846153846154,0.5846153846153845,-27.384615384615383,0.7261538461538461,11.923076923076923,10.307692307692308
2021-12-22,E12000009,South West,5659143,9296.0,6709.142857142857,8.0,3572.0,5002.0,4447396.0,-42.92307692307692,0.5707692307692308,-27.076923076923077,0.7292307692307692,9.461538461538462,10.76923076923077
2021-12-23,E12000009,South West,5659143,9288.0,7162.714285714285,7.0,2454.0,3927.0,4449850.0,-48.0,0.52,-23.307692307692307,0.7669230769230769,15.076923076923077,11.0
2021-12-24,E12000009,South West,5659143,8247.0,7552.0,7.0,565.0,889.0,4450415.0,-60.46153846153846,0.39538461538461545,-40.07692307692308,0.5992307692307692,-15.692307692307692,15.307692307692308
2021-12-25,E12000009,South West,5659143,4353.0,7444.857142857143,7.0,3.0,7.0,4450418.0,-64.61538461538461,0.3538461538461539,-77.92307692307692,0.22076923076923083,-88.23076923076923,10.384615384615385
2021-12-26,E12000009,South West,5659143,7706.0,7795.428571428572,11.0,63.0,114.0,4450481.0,-35.61538461538461,0.6438461538461538,-50.61538461538461,0.4938461538461538,-44.53846153846154,2.230769230769231
2021-12-27,E12000009,South West,5659143,10202.0,8182.142857142857,9.0,1460.0,1944.0,4451941.0,-78.15384615384616,0.21846153846153837,-39.92307692307692,0.6007692307692307,-12.153846153846153,16.846153846153847
2021-12-28,E12000009,South West,5659143,11544.0,8662.285714285714,13.0,2292.0,2667.0,4454233.0,-76.0,0.24,-42.38461538461539,0.5761538461538461,-3.230769230769231,18.53846153846154
2021-12-29,E12000009,South West,5659143,14465.0,9400.714285714286,10.0,3041.0,3901.0,4457274.0,-64.07692307692308,0.35923076923076924,-38.46153846153846,0.6153846153846154,-1.7692307692307692,17.307692307692307
2021-12-30,E12000009,South West,5659143,13957.0,10067.714285714286,17.0,2962.0,3701.0,4460236.0,-63.0,0.37,-35.92307692307692,0.6407692307692308,-0.15384615384615385,16.923076923076923
2021-12-31,E12000009,South West,5659143,11791.0,10574.0,14.0,1241.0,1596.0,4461477.0,-62.46153846153846,0.3753846153846154,-42.15384615384615,0.5784615384615385,-12.076923076923077,15.76923076923077
2022-01-01,E12000009,South West,5659143,7385.0,11007.142857142857,8.0,102.0,208.0,4461579.0,-46.69230769230769,0.533076923076923,-57.07692307692308,0.4292307692307692,-59.61538461538461,10.307692307692308
2022-01-02,E12000009,South West,5659143,11611.0,11565.0,10.0,890.0,1318.0,4462469.0,-12.307692307692308,0.8769230769230769,-28.53846153846154,0.7146153846153847,-19.46153846153846,5.384615384615385
2022-01-03,E12000009,South West,5659143,14074.0,12118.142857142857,17.0,1904.0,1839.0,4464373.0,-73.76923076923077,0.26230769230769224,-47.69230769230769,0.523076923076923,-9.384615384615385,20.384615384615383
2022-01-04,E12000009,South West,5659143,17082.0,12909.285714285714,11.0,2030.0,2946.0,4466403.0,-36.07692307692308,0.6392307692307693,-38.69230769230769,0.6130769230769231,-16.692307692307693,13.076923076923077
2022-01-05,E12000009,South West,5659143,12429.0,12618.42857142857,12.0,2175.0,2969.0,4468578.0,-31.53846153846154,0.6846153846153846,-37.23076923076923,0.6276923076923077,-20.692307692307693,12.23076923076923
2022-01-06,E12000009,South West,5659143,11010.0,12197.42857142857,11.0,1964.0,2659.0,4470542.0,-30.46153846153846,0.6953846153846154,-38.69230769230769,0.6130769230769231,-24.615384615384617,12.76923076923077
2022-01-07,E12000009,South West,5659143,7595.0,11598.0,12.0,1569.0,2289.0,4472111.0,-28.0,0.72,-37.0,0.63,-25.153846153846153,12.076923076923077
2022-01-08,E12000009,South West,5659143,6130.0,11418.714285714286,14.0,2918.0,3466.0,4475029.0,-11.153846153846153,0.8884615384615384,-43.61538461538461,0.5638461538461539,-30.076923076923077,8.538461538461538
2022-01-09,E12000009,South West,5659143,6413.0,10676.142857142857,18.0,2376.0,2598.0,4477405.0,-5.0,0.95,-32.61538461538461,0.6738461538461539,-19.692307692307693,5.0
2022-01-10,E12000009,South West,5659143,8956.0,9945.0,16.0,993.0,1677.0,4478398.0,-28.23076923076923,0.7176923076923076,-33.92307692307692,0.6607692307692308,-18.23076923076923,10.076923076923077
2022-01-11,E12000009,South West,5659143,7952.0,8640.714285714286,12.0,1324.0,1950.0,4479722.0,-28.46153846153846,0.7153846153846154,-33.92307692307692,0.6607692307692308,-16.76923076923077,10.153846153846153
2022-01-12,E12000009,South West,5659143,7141.0,7885.285714285715,19.0,1586.0,2450.0,4481308.0,-27.23076923076923,0.7276923076923076,-33.07692307692308,0.6692307692307692,-16.53846153846154,9.846153846153847
2022-01-13,E12000009,South West,5659143,6595.0,7254.571428571428,11.0,1692.0,2235.0,4483000.0,-26.846153846153847,0.7315384615384615,-32.07692307692308,0.6792307692307692,-15.461538461538462,9.76923076923077
2022-01-14,E12000009,South West,5659143,6366.0,7079.0,12.0,1239.0,1600.0,4484239.0,-25.153846153846153,0.7484615384615385,-29.46153846153846,0.7053846153846154,-17.153846153846153,9.076923076923077
2022-01-15,E12000009,South West,5659143,5769.0,7027.428571428572,14.0,2892.0,3449.0,4487131.0,-7.153846153846154,0.9284615384615384,-30.846153846153847,0.6915384615384615,-18.692307692307693,4.615384615384615
2022-01-16,E12000009,South West,5659143,7445.0,7174.857142857143,18.0,1663.0,2352.0,4488794.0,-4.6923076923076925,0.953076923076923,-29.153846153846153,0.7084615384615385,-17.846153846153847,3.4615384615384617
2022-01-17,E12000009,South West,5659143,10066.0,7333.428571428572,19.0,990.0,1740.0,4489784.0,-27.615384615384617,0.7238461538461538,-30.0,0.7,-14.384615384615385,8.461538461538462
2022-01-18,E12000009,South West,5659143,9182.0,7509.142857142857,10.0,1319.0,2158.0,4491103.0,-28.076923076923077,0.7192307692307692,-29.846153846153847,0.7015384615384616,-15.0,9.23076923076923
2022-01-19,E12000009,South West,5659143,8922.0,7763.571428571428,17.0,1146.0,2561.0,4492249.0,-27.076923076923077,0.7292307692307692,-30.307692307692307,0.696923076923077,-16.692307692307693,9.692307692307692
2022-01-20,E12000009,South West,5659143,8268.0,8002.571428571428,17.0,1220.0,2406.0,4493469.0,-26.153846153846153,0.7384615384615385,-26.692307692307693,0.7330769230769231,-12.923076923076923,9.23076923076923
2022-01-21,E12000009,South West,5659143,7810.0,8208.857142857143,16.0,1189.0,2411.0,4494658.0,-25.384615384615383,0.7461538461538462,-24.692307692307693,0.7530769230769231,-15.538461538461538,8.846153846153847
2022-01-22,E12000009,South West,5659143,7128.0,8403.0,14.0,2005.0,4818.0,4496663.0,-7.384615384615385,0.9261538461538461,-22.0,0.78,-15.461538461538462,4.0
2022-01-23,E12000009,South West,5659143,9155.0,8647.285714285714,18.0,1080.0,3077.0,4497743.0,-4.384615384615385,0.9561538461538461,-23.384615384615383,0.7661538461538462,-17.46153846153846,3.230769230769231
2022-01-24,E12000009,South West,5659143,11435.0,8842.857142857143,21.0,779.0,1641.0,4498522.0,-27.384615384615383,0.7261538461538461,-27.846153846153847,0.7215384615384615,-15.307692307692308,8.846153846153847
2022-01-25,E12000009,South West,5659143,10531.0,9035.57142857143,25.0,966.0,1877.0,4499488.0,-27.46153846153846,0.7253846153846154,-27.615384615384617,0.7238461538461538,-13.23076923076923,9.0
2022-01-26,E12000009,South West,5659143,10196.0,9217.57142857143,18.0,1116.0,2752.0,4500604.0,-26.692307692307693,0.7330769230769231,-27.384615384615383,0.7261538461538461,-14.153846153846153,8.923076923076923
2022-01-27,E12000009,South West,5659143,9120.0,9339.285714285714,22.0,1037.0,2146.0,4501641.0,-26.076923076923077,0.7392307692307692,-26.0,0.74,-11.461538461538462,8.692307692307692
2022-01-28,E12000009,South West,5659143,8135.0,9385.714285714286,20.0,1030.0,2294.0,4502671.0,-24.692307692307693,0.7530769230769231,-20.615384615384617,0.7938461538461539,-11.692307692307692,8.153846153846153
2022-01-29,E12000009,South West,5659143,7472.0,9434.857142857143,14.0,1632.0,4076.0,4504303.0,-7.230769230769231,0.9276923076923077,-21.307692307692307,0.786923076923077,-13.153846153846153,3.6153846153846154
2022-01-30,E12000009,South West,5659143,8758.0,9378.142857142857,24.0,991.0,2968.0,4505294.0,-2.6923076923076925,0.9730769230769231,-16.923076923076923,0.8307692307692307,-8.846153846153847,1.9230769230769231
2022-01-31,E12000009,South West,5659143,10773.0,9283.57142857143,15.0,688.0,1447.0,4505982.0,-26.76923076923077,0.7323076923076923,-24.153846153846153,0.7584615384615385,-11.846153846153847,8.153846153846153
2022-02-01,E12000009,South West,5659143,9608.0,9151.714285714286,16.0,920.0,1851.0,4506902.0,-26.384615384615383,0.7361538461538462,-24.46153846153846,0.7553846153846154,-9.923076923076923,8.23076923076923
2022-02-02,E12000009,South West,5659143,8982.0,8978.285714285714,24.0,869.0,1916.0,4507771.0,-25.23076923076923,0.7476923076923077,-24.384615384615383,0.7561538461538462,-11.307692307692308,8.307692307692308
2022-02-03,E12000009,South West,5659143,7943.0,8810.142857142857,26.0,1009.0,2069.0,4508780.0,-24.692307692307693,0.7530769230769231,-22.307692307692307,0.7769230769230769,-10.461538461538462,8.076923076923077
2022-02-04,E12000009,South West,5659143,6668.0,8600.57142857143,18.0,723.0,1669.0,4509503.0,-24.153846153846153,0.7584615384615385,-19.46153846153846,0.8053846153846154,-11.384615384615385,7.538461538461538
2022-02-05,E12000009,South West,5659143,5521.0,8321.857142857143,14.0,1047.0,2964.0,4510550.0,-7.076923076923077,0.9292307692307692,-19.615384615384617,0.8038461538461539,-13.307692307692308,3.3846153846153846
2022-02-06,E12000009,South West,5659143,6587.0,8011.714285714285,20.0,495.0,1446.0,4511045.0,-5.3076923076923075,0.946923076923077,-21.46153846153846,0.7853846153846153,-16.153846153846153,3.3076923076923075
2022-02-07,E12000009,South West,5659143,8357.0,7666.571428571428,13.0,733.0,1762.0,4511778.0,-26.0,0.74,-20.692307692307693,0.793076923076923,-11.307692307692308,7.384615384615385
2022-02-08,E12000009,South West,5659143,7409.0,7352.428571428572,11.0,807.0,1956.0,4512585.0,-25.846153846153847,0.7415384615384615,-22.076923076923077,0.7792307692307692,-9.461538461538462,7.538461538461538
2022-02-09,E12000009,South West,5659143,6919.0,7057.714285714285,12.0,865.0,2260.0,4513450.0,-25.307692307692307,0.7469230769230769,-22.615384615384617,0.7738461538461539,-11.692307692307692,7.769230769230769
2022-02-10,E12000009,South West,5659143,5454.0,6702.142857142857,16.0,848.0,2278.0,4514298.0,-24.76923076923077,0.7523076923076923,-20.076923076923077,0.7992307692307692,-8.384615384615385,7.384615384615385
2022-02-11,E12000009,South West,5659143,4620.0,6409.571428571428,14.0,743.0,2012.0,4515041.0,-23.846153846153847,0.7615384615384615,-15.23076923076923,0.8476923076923077,-8.76923076923077,7.0
2022-02-12,E12000009,South West,5659143,4101.0,6206.714285714285,9.0,1194.0,2559.0,4516235.0,-7.3076923076923075,0.926923076923077,-17.846153846153847,0.8215384615384616,-11.615384615384615,3.4615384615384617
2022-02-13,E12000009,South West,5659143,4749.0,5944.142857142857,10.0,390.0,898.0,4516625.0,-6.3076923076923075,0.936923076923077,-23.46153846153846,0.7653846153846154,-19.846153846153847,3.8461538461538463
2022-02-14,E12000009,South West,5659143,6071.0,5617.571428571428,12.0,652.0,1567.0,4517277.0,-25.846153846153847,0.7415384615384615,-17.46153846153846,0.8253846153846154,0.6153846153846154,6.923076923076923
2022-02-15,E12000009,South West,5659143,5875.0,5398.428571428572,14.0,708.0,1997.0,4517985.0,-26.076923076923077,0.7392307692307692,-22.384615384615383,0.7761538461538462,-11.76923076923077,7.923076923076923
2022-02-16,E12000009,South West,5659143,5387.0,5179.571428571428,18.0,787.0,2091.0,4518772.0,-25.0,0.75,-22.46153846153846,0.7753846153846153,-11.384615384615385,8.23076923076923
2022-02-17,E12000009,South West,5659143,4636.0,5062.714285714285,11.0,870.0,2283.0,4519642.0,-23.76923076923077,0.7623076923076924,-15.23076923076923,0.8476923076923077,-4.384615384615385,6.461538461538462
2022-02-18,E12000009,South West,5659143,2976.0,4827.857142857143,11.0,167.0,460.0,4519809.0,-44.53846153846154,0.5546153846153846,-54.0,0.45999999999999996,-40.23076923076923,17.615384615384617
2022-02-19,E12000009,South West,5659143,3479.0,4739.0,12.0,731.0,2040.0,4520540.0,-7.846153846153846,0.9215384615384615,-24.307692307692307,0.7569230769230769,-17.615384615384617,3.4615384615384617
2022-02-20,E12000009,South West,5659143,3610.0,4576.285714285715,13.0,218.0,652.0,4520758.0,-5.923076923076923,0.9407692307692308,-25.307692307692307,0.7469230769230769,-20.76923076923077,3.6923076923076925
2022-02-21,E12000009,South West,5659143,4163.0,4303.714285714285,11.0,491.0,1165.0,4521249.0,-36.69230769230769,0.6330769230769231,-23.846153846153847,0.7615384615384615,-2.923076923076923,8.384615384615385
2022-02-22,E12000009,South West,5659143,3702.0,3993.285714285714,14.0,619.0,1785.0,4521868.0,-35.69230769230769,0.6430769230769231,-21.384615384615383,0.7861538461538462,0.9230769230769231,7.769230769230769
2022-02-23,E12000009,South West,5659143,3419.0,3712.1428571428573,10.0,636.0,1501.0,4522504.0,-35.23076923076923,0.6476923076923077,-21.307692307692307,0.786923076923077,-2.4615384615384617,7.923076923076923
2022-02-24,E12000009,South West,5659143,2968.0,3473.8571428571427,17.0,633.0,1362.0,4523137.0,-35.15384615384615,0.6484615384615384,-22.692307692307693,0.7730769230769231,-2.6923076923076925,8.307692307692308
2022-02-25,E12000009,South West,5659143,2586.0,3418.1428571428573,12.0,483.0,1218.0,4523620.0,-34.30769230769231,0.6569230769230769,-14.923076923076923,0.8507692307692307,-2.5384615384615383,6.153846153846154
2022-02-26,E12000009,South West,5659143,2503.0,3278.714285714286,12.0,572.0,1680.0,4524192.0,-7.230769230769231,0.9276923076923077,-14.0,0.86,-9.23076923076923,0.9230769230769231
2022-02-27,E12000009,South West,5659143,3110.0,3207.285714285714,9.0,209.0,640.0,4524401.0,-1.9230769230769231,0.9807692307692307,-7.538461538461538,0.9246153846153846,-7.769230769230769,0.23076923076923078
2022-02-28,E12000009,South West,5659143,4402.0,3241.4285714285716,11.0,350.0,1132.0,4524751.0,-26.153846153846153,0.7384615384615385,-22.846153846153847,0.7715384615384615,-13.76923076923077,7.3076923076923075
2022-03-01,E12000009,South West,5659143,4204.0,3313.1428571428573,9.0,495.0,1367.0,4525246.0,-24.846153846153847,0.7515384615384615,-24.46153846153846,0.7553846153846154,-13.461538461538462,7.076923076923077
2022-03-02,E12000009,South West,5659143,4461.0,3462.0,11.0,540.0,1618.0,4525786.0,-24.384615384615383,0.7561538461538462,-24.615384615384617,0.7538461538461538,-14.461538461538462,7.615384615384615
2022-03-03,E12000009,South West,5659143,4183.0,3635.5714285714284,13.0,523.0,1651.0,4526309.0,-23.384615384615383,0.7661538461538462,-23.153846153846153,0.7684615384615385,-10.692307692307692,6.923076923076923
2022-03-04,E12000009,South West,5659143,4006.0,3838.4285714285716,16.0,455.0,1317.0,4526764.0,-22.76923076923077,0.7723076923076924,-18.923076923076923,0.8107692307692308,-9.538461538461538,5.846153846153846
2022-03-05,E12000009,South West,5659143,3962.0,4046.8571428571427,9.0,496.0,1441.0,4527260.0,-5.615384615384615,0.9438461538461539,-16.153846153846153,0.8384615384615385,-9.538461538461538,1.7692307692307692
2022-03-06,E12000009,South West,5659143,4967.0,4312.142857142857,15.0,217.0,597.0,4527477.0,-3.230769230769231,0.9676923076923077,-14.846153846153847,0.8515384615384616,-11.307692307692308,1.2307692307692308
2022-03-07,E12000009,South West,5659143,6976.0,4679.857142857143,11.0,354.0,1310.0,4527831.0,-24.846153846153847,0.7515384615384615,-22.46153846153846,0.7753846153846153,-11.384615384615385,6.384615384615385
2022-03-08,E12000009,South West,5659143,7289.0,5120.571428571428,16.0,382.0,1142.0,4528213.0,-24.53846153846154,0.7546153846153846,-24.384615384615383,0.7561538461538462,-10.615384615384615,6.6923076923076925
2022-03-09,E12000009,South West,5659143,7850.0,5604.714285714285,10.0,425.0,1316.0,4528638.0,-24.0,0.76,-26.846153846153847,0.7315384615384615,-15.076923076923077,7.230769230769231
2022-03-10,E12000009,South West,5659143,7692.0,6106.0,20.0,407.0,1306.0,4529045.0,-23.23076923076923,0.7676923076923077,-24.692307692307693,0.7530769230769231,-11.615384615384615,6.538461538461538
2022-03-11,E12000009,South West,5659143,7544.0,6611.428571428572,16.0,368.0,1251.0,4529413.0,-24.53846153846154,0.7546153846153846,-24.076923076923077,0.7592307692307693,-18.307692307692307,7.538461538461538
2022-03-12,E12000009,South West,5659143,7035.0,7050.428571428572,16.0,539.0,1653.0,4529952.0,-6.923076923076923,0.9307692307692308,-21.692307692307693,0.783076923076923,-14.461538461538462,2.3076923076923075
2022-03-13,E12000009,South West,5659143,9177.0,7651.857142857143,13.0,184.0,622.0,4530136.0,-4.538461538461538,0.9546153846153846,-16.76923076923077,0.8323076923076923,-14.0,1.7692307692307692
2022-03-14,E12000009,South West,5659143,12055.0,8377.42857142857,22.0,337.0,1111.0,4530473.0,-25.076923076923077,0.7492307692307693,-22.153846153846153,0.7784615384615384,-10.846153846153847,6.384615384615385
2022-03-15,E12000009,South West,5659143,11166.0,8931.285714285714,24.0,412.0,1261.0,4530885.0,-24.76923076923077,0.7523076923076923,-22.076923076923077,0.7792307692307692,-9.615384615384615,6.538461538461538
2022-03-16,E12000009,South West,5659143,11140.0,9401.285714285714,17.0,403.0,1312.0,4531288.0,-25.53846153846154,0.7446153846153847,-26.615384615384617,0.7338461538461538,-19.23076923076923,8.384615384615385
2022-03-17,E12000009,South West,5659143,9963.0,9725.714285714286,30.0,411.0,1342.0,4531699.0,-24.153846153846153,0.7584615384615385,-19.384615384615383,0.8061538461538462,-8.384615384615385,6.6923076923076925
2022-03-18,E12000009,South West,5659143,9473.0,10001.285714285714,21.0,354.0,1149.0,4532053.0,-25.23076923076923,0.7476923076923077,-15.615384615384615,0.8438461538461539,-10.846153846153847,6.0
2022-03-19,E12000009,South West,5659143,8291.0,10180.714285714286,26.0,450.0,1586.0,4532503.0,-8.307692307692308,0.916923076923077,-15.461538461538462,0.8453846153846154,-13.615384615384615,1.6923076923076923
2022-03-20,E12000009,South West,5659143,10381.0,10352.714285714286,24.0,164.0,546.0,4532667.0,-5.461538461538462,0.9453846153846154,-10.692307692307692,0.8930769230769231,-10.923076923076923,0.6153846153846154
2022-03-21,E12000009,South West,5659143,12968.0,10483.142857142857,21.0,392.0,1315.0,4533059.0,-25.923076923076923,0.7407692307692308,-21.153846153846153,0.7884615384615384,-12.307692307692308,6.615384615384615
2022-03-22,E12000009,South West,5659143,11974.0,10598.57142857143,20.0,307.0,1001.0,4533366.0,-25.153846153846153,0.7484615384615385,-22.076923076923077,0.7792307692307692,-8.538461538461538,6.538461538461538
2022-03-23,E12000009,South West,5659143,10939.0,10569.857142857143,27.0,380.0,1150.0,4533746.0,-24.53846153846154,0.7546153846153846,-22.23076923076923,0.7776923076923077,-10.846153846153847,6.538461538461538
2022-03-24,E12000009,South West,5659143,9377.0,10486.142857142857,17.0,338.0,1111.0,4534084.0,-24.307692307692307,0.7569230769230769,-19.307692307692307,0.806923076923077,-6.6923076923076925,6.153846153846154
2022-03-25,E12000009,South West,5659143,8117.0,10292.42857142857,27.0,250.0,1019.0,4534334.0,-24.923076923076923,0.7507692307692307,-15.384615384615385,0.8461538461538461,-7.6923076923076925,5.230769230769231
2022-03-26,E12000009,South West,5659143,7263.0,10145.57142857143,25.0,384.0,1539.0,4534718.0,-7.615384615384615,0.9238461538461539,-10.153846153846153,0.8984615384615384,-10.153846153846153,0.23076923076923078
2022-03-27,E12000009,South West,5659143,7589.0,9746.714285714286,33.0,128.0,541.0,4534846.0,-3.3846153846153846,0.9661538461538461,-2.0,0.98,-6.923076923076923,-1.4615384615384615
2022-03-28,E12000009,South West,5659143,10265.0,9360.57142857143,24.0,226.0,774.0,4535072.0,-25.846153846153847,0.7415384615384615,-19.692307692307693,0.803076923076923,-11.538461538461538,6.538461538461538
2022-03-29,E12000009,South West,5659143,8648.0,8885.42857142857,28.0,254.0,945.0,4535326.0,-25.307692307692307,0.7469230769230769,-23.615384615384617,0.7638461538461538,-13.153846153846153,7.3076923076923075
2022-03-30,E12000009,South West,5659143,7781.0,8434.285714285714,34.0,288.0,1052.0,4535614.0,-24.0,0.76,-23.615384615384617,0.7638461538461538,-12.923076923076923,7.3076923076923075
2022-03-31,E12000009,South West,5659143,5836.0,7928.428571428572,36.0,367.0,1113.0,4535981.0,-23.46153846153846,0.7653846153846154,-22.923076923076923,0.7707692307692308,-9.923076923076923,6.846153846153846
2020-09-01,E12000005,West Midlands,5961929,262.0,147.28571428571428,0.0,0.0,0.0,0.0,-37.142857142857146,0.6285714285714286,-22.4,0.776,-8.2,8.285714285714286
2020-09-02,E12000005,West Midlands,5961929,354.0,178.71428571428572,0.0,0.0,0.0,0.0,-36.714285714285715,0.6328571428571428,-29.0,0.71,-16.166666666666668,9.714285714285714
2020-09-03,E12000005,West Midlands,5961929,370.0,210.85714285714286,0.0,0.0,0.0,0.0,-35.857142857142854,0.6414285714285715,-27.0,0.73,-13.833333333333334,8.714285714285714
2020-09-04,E12000005,West Midlands,5961929,435.0,250.71428571428572,1.0,0.0,0.0,0.0,-34.0,0.6599999999999999,-18.2,0.8180000000000001,-18.0,7.142857142857143
2020-09-05,E12000005,West Midlands,5961929,310.0,278.85714285714283,0.0,0.0,0.0,0.0,-6.833333333333333,0.9316666666666666,-15.0,0.85,-22.666666666666668,2.2857142857142856
2020-09-06,E12000005,West Midlands,5961929,323.0,311.42857142857144,0.0,0.0,0.0,0.0,-4.2,0.958,-15.25,0.8475,-19.166666666666668,1.5
2020-09-07,E12000005,West Midlands,5961929,497.0,364.42857142857144,2.0,0.0,0.0,0.0,-36.42857142857143,0.6357142857142857,-22.2,0.778,-13.6,7.285714285714286
2020-09-08,E12000005,West Midlands,5961929,435.0,389.14285714285717,3.0,0.0,0.0,0.0,-35.0,0.65,-24.8,0.752,-13.8,7.428571428571429
2020-09-09,E12000005,West Midlands,5961929,393.0,394.7142857142857,0.0,0.0,0.0,0.0,-33.857142857142854,0.6614285714285715,-26.8,0.732,-16.333333333333332,7.428571428571429
2020-09-10,E12000005,West Midlands,5961929,392.0,397.85714285714283,1.0,0.0,0.0,0.0,-34.285714285714285,0.6571428571428571,-24.4,0.756,-15.833333333333334,7.285714285714286
2020-09-11,E12000005,West Midlands,5961929,363.0,387.57142857142856,1.0,0.0,0.0,0.0,-33.142857142857146,0.6685714285714286,-16.571428571428573,0.8342857142857143,-17.571428571428573,6.0
2020-09-12,E12000005,West Midlands,5961929,291.0,384.85714285714283,0.0,0.0,0.0,0.0,-6.142857142857143,0.9385714285714286,-15.857142857142858,0.8414285714285714,-22.428571428571427,1.5714285714285714
2020-09-13,E12000005,West Midlands,5961929,222.0,370.42857142857144,3.0,0.0,0.0,0.0,-4.857142857142857,0.9514285714285714,-10.571428571428571,0.8942857142857144,-16.857142857142858,0.16666666666666666
2020-09-14,E12000005,West Midlands,5961929,328.0,346.2857142857143,3.0,0.0,0.0,0.0,-30.714285714285715,0.6928571428571428,-20.428571428571427,0.7957142857142857,-13.0,5.857142857142857
2020-09-15,E12000005,West Midlands,5961929,357.0,335.14285714285717,1.0,0.0,0.0,0.0,-29.428571428571427,0.7057142857142857,-23.285714285714285,0.7671428571428571,-14.571428571428571,7.428571428571429
2020-09-16,E12000005,West Midlands,5961929,467.0,345.7142857142857,4.0,0.0,0.0,0.0,-31.0,0.69,-25.142857142857142,0.7485714285714286,-18.142857142857142,7.571428571428571
2020-09-17,E12000005,West Midlands,5961929,513.0,363.0,2.0,0.0,0.0,0.0,-31.0,0.69,-24.142857142857142,0.7585714285714286,-14.142857142857142,7.142857142857143
2020-09-18,E12000005,West Midlands,5961929,586.0,394.85714285714283,5.0,0.0,0.0,0.0,-29.571428571428573,0.7042857142857143,-17.428571428571427,0.8257142857142857,-17.285714285714285,6.142857142857143
2020-09-19,E12000005,West Midlands,5961929,588.0,437.2857142857143,2.0,0.0,0.0,0.0,-7.428571428571429,0.9257142857142857,-18.857142857142858,0.8114285714285714,-22.0,2.2857142857142856
2020-09-20,E12000005,West Midlands,5961929,609.0,492.57142857142856,8.0,0.0,0.0,0.0,-4.857142857142857,0.9514285714285714,-13.142857142857142,0.8685714285714285,-17.142857142857142,1.3333333333333333
2020-09-21,E12000005,West Midlands,5961929,650.0,538.5714285714286,3.0,0.0,0.0,0.0,-31.285714285714285,0.6871428571428572,-22.142857142857142,0.7785714285714286,-13.714285714285714,6.571428571428571
2020-09-22,E12000005,West Midlands,5961929,612.0,575.0,3.0,0.0,0.0,0.0,-29.0,0.71,-27.285714285714285,0.7271428571428571,-16.428571428571427,7.714285714285714
2020-09-23,E12000005,West Midlands,5961929,693.0,607.2857142857143,12.0,0.0,0.0,0.0,-29.857142857142858,0.7014285714285714,-34.285714285714285,0.6571428571428571,-23.285714285714285,9.285714285714286
2020-09-24,E12000005,West Midlands,5961929,695.0,633.2857142857143,5.0,0.0,0.0,0.0,-29.428571428571427,0.7057142857142857,-32.57142857142857,0.6742857142857144,-20.142857142857142,8.428571428571429
2020-09-25,E12000005,West Midlands,5961929,605.0,636.0,4.0,0.0,0.0,0.0,-27.714285714285715,0.7228571428571429,-26.0,0.74,-19.428571428571427,7.571428571428571
2020-09-26,E12000005,West Midlands,5961929,570.0,633.4285714285714,4.0,0.0,0.0,0.0,-4.857142857142857,0.9514285714285714,-26.714285714285715,0.7328571428571429,-23.142857142857142,3.5714285714285716
2020-09-27,E12000005,West Midlands,5961929,500.0,617.8571428571429,6.0,0.0,0.0,0.0,-3.0,0.97,-22.0,0.78,-18.0,2.142857142857143
2020-09-28,E12000005,West Midlands,5961929,700.0,625.0,5.0,0.0,0.0,0.0,-28.142857142857142,0.7185714285714286,-28.571428571428573,0.7142857142857142,-14.714285714285714,7.714285714285714
2020-09-29,E12000005,West Midlands,5961929,767.0,647.1428571428571,3.0,0.0,0.0,0.0,-26.142857142857142,0.7385714285714287,-29.571428571428573,0.7042857142857143,-15.142857142857142,8.0
2020-09-30,E12000005,West Midlands,5961929,943.0,682.8571428571429,6.0,0.0,0.0,0.0,-28.428571428571427,0.7157142857142857,-32.285714285714285,0.6771428571428572,-21.142857142857142,9.142857142857142
2020-10-01,E12000005,West Midlands,5961929,898.0,711.8571428571429,8.0,0.0,0.0,0.0,-25.714285714285715,0.7428571428571429,-29.0,0.71,-16.142857142857142,8.142857142857142
2020-10-02,E12000005,West Midlands,5961929,952.0,761.4285714285714,5.0,0.0,0.0,0.0,-26.285714285714285,0.7371428571428571,-27.285714285714285,0.7271428571428571,-25.428571428571427,8.714285714285714
2020-10-03,E12000005,West Midlands,5961929,758.0,788.2857142857143,5.0,0.0,0.0,0.0,-8.857142857142858,0.9114285714285715,-35.142857142857146,0.6485714285714286,-30.285714285714285,6.428571428571429
2020-10-04,E12000005,West Midlands,5961929,695.0,816.1428571428571,8.0,0.0,0.0,0.0,-5.428571428571429,0.9457142857142857,-29.142857142857142,0.7085714285714286,-25.142857142857142,4.285714285714286
2020-10-05,E12000005,West Midlands,5961929,1176.0,884.1428571428571,5.0,0.0,0.0,0.0,-27.428571428571427,0.7257142857142858,-27.714285714285715,0.7228571428571429,-20.285714285714285,8.428571428571429
2020-10-06,E12000005,West Midlands,5961929,1228.0,950.0,8.0,0.0,0.0,0.0,-25.857142857142858,0.7414285714285714,-28.571428571428573,0.7142857142857142,-20.0,8.571428571428571
2020-10-07,E12000005,West Midlands,5961929,1226.0,990.4285714285714,5.0,0.0,0.0,0.0,-25.714285714285715,0.7428571428571429,-29.285714285714285,0.7071428571428571,-18.714285714285715,8.142857142857142
2020-10-08,E12000005,West Midlands,5961929,1287.0,1046.0,12.0,0.0,0.0,0.0,-26.142857142857142,0.7385714285714287,-32.714285714285715,0.6728571428571428,-21.0,8.857142857142858
2020-10-09,E12000005,West Midlands,5961929,1202.0,1081.7142857142858,2.0,0.0,0.0,0.0,-24.714285714285715,0.7528571428571429,-28.0,0.72,-21.571428571428573,7.857142857142857
2020-10-10,E12000005,West Midlands,5961929,926.0,1105.7142857142858,3.0,0.0,0.0,0.0,-4.0,0.96,-31.142857142857142,0.6885714285714286,-25.857142857142858,5.0
2020-10-11,E12000005,West Midlands,5961929,928.0,1139.0,13.0,0.0,0.0,0.0,-2.4285714285714284,0.9757142857142858,-27.571428571428573,0.7242857142857142,-22.142857142857142,3.0
2020-10-12,E12000005,West Midlands,5961929,1528.0,1189.2857142857142,6.0,0.0,0.0,0.0,-26.857142857142858,0.7314285714285714,-31.428571428571427,0.6857142857142857,-22.571428571428573,8.571428571428571
2020-10-13,E12000005,West Midlands,5961929,1509.0,1229.4285714285713,8.0,0.0,0.0,0.0,-25.0,0.75,-31.142857142857142,0.6885714285714286,-21.142857142857142,9.142857142857142
2020-10-14,E12000005,West Midlands,5961929,1598.0,1282.5714285714287,9.0,0.0,0.0,0.0,-25.0,0.75,-31.571428571428573,0.6842857142857143,-21.285714285714285,9.142857142857142
2020-10-15,E12000005,West Midlands,5961929,1610.0,1328.7142857142858,12.0,0.0,0.0,0.0,-25.142857142857142,0.7485714285714286,-31.285714285714285,0.6871428571428572,-19.571428571428573,9.142857142857142
2020-10-16,E12000005,West Midlands,5961929,1646.0,1392.142857142857,13.0,0.0,0.0,0.0,-24.428571428571427,0.7557142857142858,-29.285714285714285,0.7071428571428571,-22.857142857142858,8.714285714285714
2020-10-17,E12000005,West Midlands,5961929,1255.0,1439.142857142857,15.0,0.0,0.0,0.0,-4.571428571428571,0.9542857142857143,-32.285714285714285,0.6771428571428572,-24.857142857142858,5.0
2020-10-18,E12000005,West Midlands,5961929,1204.0,1478.5714285714287,6.0,0.0,0.0,0.0,-3.857142857142857,0.9614285714285714,-32.42857142857143,0.6757142857142857,-24.571428571428573,3.857142857142857
2020-10-19,E12000005,West Midlands,5961929,2230.0,1578.857142857143,11.0,0.0,0.0,0.0,-26.571428571428573,0.7342857142857142,-30.571428571428573,0.6942857142857143,-19.285714285714285,8.857142857142858
2020-10-20,E12000005,West Midlands,5961929,2312.0,1693.5714285714287,17.0,0.0,0.0,0.0,-25.0,0.75,-32.0,0.6799999999999999,-20.714285714285715,9.285714285714286
2020-10-21,E12000005,West Midlands,5961929,2258.0,1787.857142857143,12.0,0.0,0.0,0.0,-26.0,0.74,-35.285714285714285,0.6471428571428571,-23.428571428571427,10.285714285714286
2020-10-22,E12000005,West Midlands,5961929,2135.0,1862.857142857143,21.0,0.0,0.0,0.0,-25.571428571428573,0.7442857142857142,-32.142857142857146,0.6785714285714286,-17.857142857142858,9.142857142857142
2020-10-23,E12000005,West Midlands,5961929,2053.0,1921.0,23.0,0.0,0.0,0.0,-27.285714285714285,0.7271428571428571,-31.428571428571427,0.6857142857142857,-20.285714285714285,9.428571428571429
2020-10-24,E12000005,West Midlands,5961929,1564.0,1965.142857142857,11.0,0.0,0.0,0.0,-7.714285714285714,0.9228571428571428,-38.857142857142854,0.6114285714285714,-30.857142857142858,6.428571428571429
2020-10-25,E12000005,West Midlands,5961929,1607.0,2022.7142857142858,17.0,0.0,0.0,0.0,-4.714285714285714,0.9528571428571428,-37.285714285714285,0.6271428571428572,-22.428571428571427,4.142857142857143
2020-10-26,E12000005,West Midlands,5961929,2654.0,2083.285714285714,27.0,0.0,0.0,0.0,-39.857142857142854,0.6014285714285714,-37.714285714285715,0.6228571428571428,-12.142857142857142,10.857142857142858
2020-10-27,E12000005,West Midlands,5961929,2465.0,2105.1428571428573,27.0,0.0,0.0,0.0,-39.142857142857146,0.6085714285714285,-40.142857142857146,0.5985714285714285,-15.714285714285714,12.428571428571429
2020-10-28,E12000005,West Midlands,5961929,2591.0,2152.714285714286,13.0,0.0,0.0,0.0,-38.714285714285715,0.6128571428571428,-39.857142857142854,0.6014285714285714,-13.428571428571429,11.571428571428571
2020-10-29,E12000005,West Midlands,5961929,2533.0,2209.5714285714284,25.0,0.0,0.0,0.0,-39.857142857142854,0.6014285714285714,-42.142857142857146,0.5785714285714285,-15.285714285714286,12.571428571428571
2020-10-30,E12000005,West Midlands,5961929,2613.0,2289.5714285714284,30.0,0.0,0.0,0.0,-38.0,0.62,-36.714285714285715,0.6328571428571428,-17.142857142857142,11.142857142857142
2020-10-31,E12000005,West Midlands,5961929,1976.0,2348.4285714285716,32.0,0.0,0.0,0.0,-9.142857142857142,0.9085714285714286,-41.0,0.5900000000000001,-31.285714285714285,6.571428571428571
2020-11-01,E12000005,West Midlands,5961929,1645.0,2353.8571428571427,29.0,0.0,0.0,0.0,-5.142857142857143,0.9485714285714286,-37.142857142857146,0.6285714285714286,-21.0,4.428571428571429
2020-11-02,E12000005,West Midlands,5961929,3716.0,2505.5714285714284,38.0,0.0,0.0,0.0,-26.142857142857142,0.7385714285714287,-33.857142857142854,0.6614285714285715,-5.428571428571429,8.285714285714286
2020-11-03,E12000005,West Midlands,5961929,3155.0,2604.1428571428573,31.0,0.0,0.0,0.0,-24.0,0.76,-32.142857142857146,0.6785714285714286,-3.0,8.285714285714286
2020-11-04,E12000005,West Midlands,5961929,2785.0,2631.8571428571427,38.0,0.0,0.0,0.0,-23.714285714285715,0.7628571428571429,-30.285714285714285,0.6971428571428572,1.4285714285714286,7.714285714285714
2020-11-05,E12000005,West Midlands,5961929,2886.0,2682.285714285714,39.0,0.0,0.0,0.0,-32.857142857142854,0.6714285714285715,-46.42857142857143,0.5357142857142857,-54.285714285714285,14.142857142857142
2020-11-06,E12000005,West Midlands,5961929,2834.0,2713.8571428571427,35.0,0.0,0.0,0.0,-33.285714285714285,0.6671428571428571,-49.285714285714285,0.5071428571428571,-56.0,15.571428571428571
2020-11-07,E12000005,West Midlands,5961929,2320.0,2763.0,44.0,0.0,0.0,0.0,-26.714285714285715,0.7328571428571429,-60.142857142857146,0.3985714285714286,-62.714285714285715,12.857142857142858
2020-11-08,E12000005,West Midlands,5961929,2488.0,2883.4285714285716,38.0,0.0,0.0,0.0,-27.857142857142858,0.7214285714285714,-60.57142857142857,0.39428571428571435,-62.714285714285715,10.571428571428571
2020-11-09,E12000005,West Midlands,5961929,4001.0,2924.1428571428573,41.0,0.0,0.0,0.0,-33.42857142857143,0.6657142857142857,-46.142857142857146,0.5385714285714285,-48.42857142857143,13.571428571428571
2020-11-10,E12000005,West Midlands,5961929,3685.0,2999.8571428571427,44.0,0.0,0.0,0.0,-32.857142857142854,0.6714285714285715,-43.57142857142857,0.5642857142857143,-47.857142857142854,14.142857142857142
2020-11-11,E12000005,West Midlands,5961929,3613.0,3118.1428571428573,47.0,0.0,0.0,0.0,-33.57142857142857,0.6642857142857144,-46.0,0.54,-49.857142857142854,14.714285714285714
2020-11-12,E12000005,West Midlands,5961929,3163.0,3157.714285714286,44.0,0.0,0.0,0.0,-34.142857142857146,0.6585714285714286,-45.142857142857146,0.5485714285714285,-48.142857142857146,14.571428571428571
2020-11-13,E12000005,West Midlands,5961929,3094.0,3194.8571428571427,37.0,0.0,0.0,0.0,-33.857142857142854,0.6614285714285715,-45.714285714285715,0.5428571428571429,-50.42857142857143,15.428571428571429
2020-11-14,E12000005,West Midlands,5961929,2391.0,3205.0,42.0,0.0,0.0,0.0,-27.428571428571427,0.7257142857142858,-61.714285714285715,0.3828571428571429,-61.0,13.142857142857142
2020-11-15,E12000005,West Midlands,5961929,2048.0,3142.1428571428573,53.0,0.0,0.0,0.0,-26.142857142857142,0.7385714285714287,-58.0,0.42000000000000004,-59.0,10.0
2020-11-16,E12000005,West Midlands,5961929,3459.0,3064.714285714286,50.0,0.0,0.0,0.0,-33.857142857142854,0.6614285714285715,-44.57142857142857,0.5542857142857143,-45.57142857142857,13.571428571428571
2020-11-17,E12000005,West Midlands,5961929,3081.0,2978.4285714285716,47.0,0.0,0.0,0.0,-33.142857142857146,0.6685714285714286,-44.42857142857143,0.5557142857142857,-47.142857142857146,14.285714285714286
2020-11-18,E12000005,West Midlands,5961929,2664.0,2842.8571428571427,60.0,0.0,0.0,0.0,-33.57142857142857,0.6642857142857144,-47.0,0.53,-49.285714285714285,15.0
2020-11-19,E12000005,West Midlands,5961929,2416.0,2736.1428571428573,56.0,0.0,0.0,0.0,-34.142857142857146,0.6585714285714286,-45.57142857142857,0.5442857142857143,-47.714285714285715,14.714285714285714
2020-11-20,E12000005,West Midlands,5961929,2349.0,2629.714285714286,62.0,0.0,0.0,0.0,-34.285714285714285,0.6571428571428571,-47.857142857142854,0.5214285714285715,-51.42857142857143,15.714285714285714
2020-11-21,E12000005,West Midlands,5961929,1623.0,2520.0,54.0,0.0,0.0,0.0,-24.857142857142858,0.7514285714285714,-57.142857142857146,0.4285714285714285,-57.142857142857146,12.285714285714286
2020-11-22,E12000005,West Midlands,5961929,1504.0,2442.285714285714,54.0,0.0,0.0,0.0,-23.714285714285715,0.7628571428571429,-53.57142857142857,0.4642857142857143,-54.57142857142857,9.0
2020-11-23,E12000005,West Midlands,5961929,2298.0,2276.4285714285716,60.0,0.0,0.0,0.0,-33.285714285714285,0.6671428571428571,-44.142857142857146,0.5585714285714285,-43.714285714285715,13.428571428571429
2020-11-24,E12000005,West Midlands,5961929,2060.0,2130.5714285714284,51.0,0.0,0.0,0.0,-32.142857142857146,0.6785714285714286,-43.714285714285715,0.5628571428571428,-45.285714285714285,13.857142857142858
2020-11-25,E12000005,West Midlands,5961929,1951.0,2028.7142857142858,52.0,0.0,0.0,0.0,-32.142857142857146,0.6785714285714286,-45.714285714285715,0.5428571428571429,-46.714285714285715,14.428571428571429
2020-11-26,E12000005,West Midlands,5961929,1728.0,1930.4285714285713,59.0,0.0,0.0,0.0,-32.42857142857143,0.6757142857142857,-44.142857142857146,0.5585714285714285,-44.42857142857143,14.0
2020-11-27,E12000005,West Midlands,5961929,1580.0,1820.5714285714287,47.0,0.0,0.0,0.0,-32.285714285714285,0.6771428571428572,-44.714285714285715,0.5528571428571428,-46.0,14.571428571428571
2020-11-28,E12000005,West Midlands,5961929,1157.0,1754.0,50.0,0.0,0.0,0.0,-23.571428571428573,0.7642857142857142,-58.285714285714285,0.41714285714285715,-56.714285714285715,12.571428571428571
2020-11-29,E12000005,West Midlands,5961929,1145.0,1702.7142857142858,71.0,0.0,0.0,0.0,-22.0,0.78,-53.0,0.47,-52.57142857142857,9.0
2020-11-30,E12000005,West Midlands,5961929,1739.0,1622.857142857143,68.0,0.0,0.0,0.0,-30.714285714285715,0.6928571428571428,-42.142857142857146,0.5785714285714285,-38.714285714285715,12.714285714285714
2020-12-01,E12000005,West Midlands,5961929,1563.0,1551.857142857143,48.0,0.0,0.0,0.0,-28.714285714285715,0.7128571428571429,-41.0,0.5900000000000001,-40.42857142857143,12.571428571428571
2020-12-02,E12000005,West Midlands,5961929,1502.0,1487.7142857142858,42.0,0.0,0.0,0.0,-26.142857142857142,0.7385714285714287,-37.285714285714285,0.6271428571428572,-25.428571428571427,11.571428571428571
2020-12-03,E12000005,West Midlands,5961929,1385.0,1438.7142857142858,60.0,0.0,0.0,0.0,-27.571428571428573,0.7242857142857142,-38.142857142857146,0.6185714285714285,-27.0,12.428571428571429
2020-12-04,E12000005,West Midlands,5961929,1419.0,1415.7142857142858,61.0,0.0,0.0,0.0,-27.0,0.73,-35.714285714285715,0.6428571428571428,-29.857142857142858,12.142857142857142
2020-12-05,E12000005,West Midlands,5961929,1124.0,1411.0,50.0,0.0,0.0,0.0,-10.142857142857142,0.8985714285714286,-36.285714285714285,0.6371428571428572,-32.285714285714285,7.857142857142857
2020-12-06,E12000005,West Midlands,5961929,1154.0,1412.2857142857142,55.0,0.0,0.0,0.0,-12.0,0.88,-38.714285714285715,0.6128571428571428,-34.857142857142854,6.714285714285714
2020-12-07,E12000005,West Midlands,5961929,1780.0,1418.142857142857,48.0,0.0,0.0,0.0,-27.857142857142858,0.7214285714285714,-34.142857142857146,0.6585714285714286,-19.857142857142858,10.0
2020-12-08,E12000005,West Midlands,5961929,1762.0,1446.5714285714287,62.0,277.0,17.0,277.0,-25.142857142857142,0.7485714285714286,-36.42857142857143,0.6357142857142857,-24.571428571428573,11.0
2020-12-09,E12000005,West Midlands,5961929,1690.0,1473.4285714285713,50.0,788.0,15.0,1065.0,-26.142857142857142,0.7385714285714287,-35.857142857142854,0.6414285714285715,-24.857142857142858,10.571428571428571
2020-12-10,E12000005,West Midlands,5961929,1696.0,1517.857142857143,54.0,1039.0,8.0,2104.0,-27.0,0.73,-36.714285714285715,0.6328571428571428,-25.142857142857142,11.285714285714286
2020-12-11,E12000005,West Midlands,5961929,1777.0,1569.0,50.0,1192.0,6.0,3296.0,-26.428571428571427,0.7357142857142858,-33.57142857142857,0.6642857142857144,-29.428571428571427,11.142857142857142
2020-12-12,E12000005,West Midlands,5961929,1358.0,1602.4285714285713,53.0,1167.0,0.0,4463.0,-9.857142857142858,0.9014285714285715,-34.285714285714285,0.6571428571428571,-33.857142857142854,7.571428571428571
2020-12-13,E12000005,West Midlands,5961929,1355.0,1631.142857142857,53.0,995.0,0.0,5458.0,-14.142857142857142,0.8585714285714285,-44.714285714285715,0.5528571428571428,-40.714285714285715,7.571428571428571
2020-12-14,E12000005,West Midlands,5961929,2434.0,1724.5714285714287,50.0,910.0,7.0,6368.0,-27.714285714285715,0.7228571428571429,-34.0,0.6599999999999999,-20.285714285714285,10.142857142857142
2020-12-15,E12000005,West Midlands,5961929,2299.0,1801.2857142857142,50.0,5662.0,3.0,12030.0,-25.857142857142858,0.7414285714285714,-33.857142857142854,0.6614285714285715,-21.142857142857142,10.285714285714286
2020-12-16,E12000005,West Midlands,5961929,2094.0,1859.0,47.0,9117.0,14.0,21147.0,-27.714285714285715,0.7228571428571429,-38.57142857142857,0.6142857142857143,-27.714285714285715,11.571428571428571
2020-12-17,E12000005,West Midlands,5961929,2174.0,1927.2857142857142,55.0,10016.0,7.0,31163.0,-27.857142857142858,0.7214285714285714,-34.285714285714285,0.6571428571428571,-20.571428571428573,11.0
2020-12-18,E12000005,West Midlands,5961929,2117.0,1975.857142857143,59.0,9643.0,9.0,40806.0,-31.714285714285715,0.6828571428571428,-36.857142857142854,0.6314285714285715,-28.857142857142858,13.0
2020-12-19,E12000005,West Midlands,5961929,1668.0,2020.142857142857,47.0,12669.0,1.0,53475.0,-9.571428571428571,0.9042857142857142,-30.571428571428573,0.6942857142857143,-32.57142857142857,7.428571428571429
2020-12-20,E12000005,West Midlands,5961929,2276.0,2151.714285714286,46.0,11351.0,0.0,64826.0,-7.428571428571429,0.9257142857142857,-35.42857142857143,0.6457142857142857,-31.714285714285715,6.0
2020-12-21,E12000005,West Midlands,5961929,3046.0,2239.1428571428573,52.0,6868.0,1.0,71694.0,-42.714285714285715,0.5728571428571428,-39.714285714285715,0.6028571428571429,-9.857142857142858,13.285714285714286
2020-12-22,E12000005,West Midlands,5961929,2879.0,2322.0,59.0,5385.0,0.0,77079.0,-43.42857142857143,0.5657142857142856,-38.142857142857146,0.6185714285714285,-10.285714285714286,13.571428571428571
2020-12-23,E12000005,West Midlands,5961929,2797.0,2422.4285714285716,47.0,4724.0,9.0,81803.0,-49.0,0.51,-42.857142857142854,0.5714285714285714,-14.285714285714286,15.857142857142858
2020-12-24,E12000005,West Midlands,5961929,2172.0,2422.1428571428573,54.0,2327.0,0.0,84130.0,-63.57142857142857,0.3642857142857143,-48.857142857142854,0.5114285714285715,-21.571428571428573,19.428571428571427
2020-12-25,E12000005,West Midlands,5961929,1035.0,2267.5714285714284,52.0,1.0,0.0,84131.0,-84.14285714285714,0.15857142857142859,-78.0,0.21999999999999997,-91.57142857142857,24.857142857142858
2020-12-26,E12000005,West Midlands,5961929,2660.0,2409.285714285714,61.0,163.0,0.0,84294.0,-51.142857142857146,0.48857142857142855,-69.85714285714286,0.3014285714285714,-74.28571428571429,13.428571428571429
2020-12-27,E12000005,West Midlands,5961929,3234.0,2546.1428571428573,55.0,365.0,0.0,84659.0,-22.714285714285715,0.7728571428571429,-46.857142857142854,0.5314285714285715,-41.142857142857146,7.571428571428571
2020-12-28,E12000005,West Midlands,5961929,3193.0,2567.1428571428573,50.0,1032.0,0.0,85691.0,-76.85714285714286,0.23142857142857143,-64.0,0.36,-45.0,25.714285714285715
2020-12-29,E12000005,West Midlands,5961929,6234.0,3046.4285714285716,48.0,5838.0,60.0,91529.0,-65.42857142857143,0.34571428571428564,-57.142857142857146,0.4285714285714285,-36.285714285714285,23.285714285714285
2020-12-30,E12000005,West Midlands,5961929,6026.0,3507.714285714286,71.0,9905.0,347.0,101434.0,-63.142857142857146,0.36857142857142855,-52.42857142857143,0.47571428571428565,-21.714285714285715,21.428571428571427
2020-12-31,E12000005,West Midlands,5961929,4700.0,3868.8571428571427,58.0,8095.0,541.0,109529.0,-68.0,0.31999999999999995,-62.0,0.38,-45.285714285714285,23.857142857142858
2021-01-01,E12000005,West Midlands,5961929,3074.0,4160.142857142857,58.0,1762.0,169.0,111291.0,-83.57142857142857,0.16428571428571426,-81.14285714285714,0.1885714285714286,-82.28571428571429,31.428571428571427
2021-01-02,E12000005,West Midlands,5961929,5790.0,4607.285714285715,65.0,5093.0,524.0,116384.0,-35.42857142857143,0.6457142857142857,-61.57142857142857,0.38428571428571434,-63.42857142857143,14.857142857142858
2021-01-03,E12000005,West Midlands,5961929,4984.0,4857.285714285715,51.0,3085.0,479.0,119469.0,-25.142857142857142,0.7485714285714286,-58.142857142857146,0.4185714285714286,-61.57142857142857,10.857142857142858
2021-01-04,E12000005,West Midlands,5961929,7369.0,5453.857142857143,72.0,2481.0,916.0,121950.0,-39.0,0.61,-53.57142857142857,0.4642857142857143,-44.714285714285715,16.0
2021-01-05,E12000005,West Midlands,5961929,6069.0,5430.285714285715,74.0,5632.0,3355.0,127582.0,-40.857142857142854,0.5914285714285714,-55.714285714285715,0.44285714285714284,-56.42857142857143,18.142857142857142
2021-01-06,E12000005,West Midlands,5961929,5756.0,5391.714285714285,80.0,7979.0,6979.0,135561.0,-42.714285714285715,0.5728571428571428,-56.714285714285715,0.43285714285714283,-60.142857142857146,18.714285714285715
2021-01-07,E12000005,West Midlands,5961929,4938.0,5425.714285714285,93.0,17325.0,6918.0,152886.0,-43.285714285714285,0.5671428571428572,-56.42857142857143,0.4357142857142857,-59.142857142857146,19.0
2021-01-08,E12000005,West Midlands,5961929,4754.0,5665.714285714285,102.0,25622.0,5671.0,178508.0,-42.857142857142854,0.5714285714285714,-59.42857142857143,0.4057142857142857,-63.42857142857143,20.285714285714285
2021-01-09,E12000005,West Midlands,5961929,4075.0,5420.714285714285,97.0,26634.0,7065.0,205142.0,-29.571428571428573,0.7042857142857143,-63.57142857142857,0.3642857142857143,-66.71428571428571,14.285714285714286
2021-01-10,E12000005,West Midlands,5961929,3936.0,5271.0,109.0,17601.0,4774.0,222743.0,-28.857142857142858,0.7114285714285714,-63.142857142857146,0.36857142857142855,-67.0,11.0
2021-01-11,E12000005,West Midlands,5961929,6062.0,5084.285714285715,114.0,13989.0,722.0,236732.0,-42.42857142857143,0.5757142857142856,-55.57142857142857,0.4442857142857143,-56.142857142857146,17.428571428571427
2021-01-12,E12000005,West Midlands,5961929,5629.0,5021.428571428572,115.0,17069.0,137.0,253801.0,-42.714285714285715,0.5728571428571428,-55.857142857142854,0.4414285714285715,-57.857142857142854,18.0
2021-01-13,E12000005,West Midlands,5961929,5386.0,4968.571428571428,98.0,26259.0,161.0,280060.0,-43.857142857142854,0.5614285714285714,-58.57142857142857,0.41428571428571426,-61.285714285714285,18.428571428571427
2021-01-14,E12000005,West Midlands,5961929,5168.0,5001.428571428572,116.0,33045.0,108.0,313105.0,-44.857142857142854,0.5514285714285714,-58.857142857142854,0.4114285714285715,-61.0,18.714285714285715
2021-01-15,E12000005,West Midlands,5961929,5058.0,5044.857142857143,117.0,34271.0,92.0,347376.0,-44.285714285714285,0.5571428571428572,-58.42857142857143,0.4157142857142857,-62.142857142857146,18.714285714285715
2021-01-16,E12000005,West Midlands,5961929,3684.0,4989.0,124.0,25661.0,59.0,373037.0,-31.857142857142858,0.6814285714285715,-65.14285714285714,0.34857142857142864,-68.0,14.0
2021-01-17,E12000005,West Midlands,5961929,3729.0,4959.428571428572,117.0,14619.0,72.0,387656.0,-29.0,0.71,-61.714285714285715,0.3828571428571429,-66.85714285714286,10.0
2021-01-18,E12000005,West Midlands,5961929,5452.0,4872.285714285715,139.0,14223.0,40.0,401879.0,-44.0,0.56,-55.57142857142857,0.4442857142857143,-57.0,16.571428571428573
2021-01-19,E12000005,West Midlands,5961929,4901.0,4768.285714285715,123.0,24333.0,70.0,426212.0,-44.42857142857143,0.5557142857142857,-57.142857142857146,0.4285714285714285,-59.857142857142854,17.857142857142858
2021-01-20,E12000005,West Midlands,5961929,4441.0,4633.285714285715,118.0,27576.0,58.0,453788.0,-45.285714285714285,0.5471428571428572,-59.42857142857143,0.4057142857142857,-62.57142857142857,19.0
2021-01-21,E12000005,West Midlands,5961929,3749.0,4430.571428571428,138.0,33917.0,43.0,487705.0,-44.857142857142854,0.5514285714285714,-56.42857142857143,0.4357142857142857,-58.42857142857143,18.285714285714285
2021-01-22,E12000005,West Midlands,5961929,3733.0,4241.285714285715,141.0,45906.0,100.0,533611.0,-43.714285714285715,0.5628571428571428,-57.42857142857143,0.4257142857142857,-60.42857142857143,18.571428571428573
2021-01-23,E12000005,West Midlands,5961929,2606.0,4087.285714285714,139.0,42019.0,30.0,575630.0,-31.428571428571427,0.6857142857142857,-64.14285714285714,0.35857142857142865,-67.28571428571429,13.714285714285714
2021-01-24,E12000005,West Midlands,5961929,1375.0,3751.0,115.0,13983.0,17.0,589613.0,-36.285714285714285,0.6371428571428572,-64.42857142857143,0.35571428571428565,-74.42857142857143,11.571428571428571
2021-01-25,E12000005,West Midlands,5961929,3356.0,3451.5714285714284,130.0,18199.0,29.0,607812.0,-49.0,0.51,-57.285714285714285,0.42714285714285716,-59.857142857142854,18.571428571428573
2021-01-26,E12000005,West Midlands,5961929,3592.0,3264.5714285714284,119.0,19291.0,31.0,627103.0,-44.285714285714285,0.5571428571428572,-58.142857142857146,0.4185714285714286,-59.0,18.428571428571427
2021-01-27,E12000005,West Midlands,5961929,3217.0,3089.714285714286,107.0,20904.0,40.0,648007.0,-43.0,0.5700000000000001,-56.714285714285715,0.43285714285714283,-56.714285714285715,17.714285714285715
2021-01-28,E12000005,West Midlands,5961929,3195.0,3010.5714285714284,121.0,30682.0,68.0,678689.0,-43.857142857142854,0.5614285714285714,-55.857142857142854,0.4414285714285715,-56.0,17.857142857142858
2021-01-29,E12000005,West Midlands,5961929,2811.0,2878.8571428571427,119.0,49940.0,207.0,728629.0,-42.714285714285715,0.5728571428571428,-55.857142857142854,0.4414285714285715,-56.285714285714285,17.714285714285715
2021-01-30,E12000005,West Midlands,5961929,2024.0,2795.714285714286,110.0,45332.0,242.0,773961.0,-31.714285714285715,0.6828571428571428,-67.71428571428571,0.32285714285714295,-67.42857142857143,14.285714285714286
2021-01-31,E12000005,West Midlands,5961929,1924.0,2874.1428571428573,100.0,28309.0,198.0,802270.0,-27.714285714285715,0.7228571428571429,-62.42857142857143,0.37571428571428567,-63.285714285714285,10.142857142857142
2021-02-01,E12000005,West Midlands,5961929,2795.0,2794.0,104.0,28235.0,54.0,830505.0,-42.857142857142854,0.5714285714285714,-54.42857142857143,0.45571428571428574,-53.0,16.142857142857142
2021-02-02,E12000005,West Midlands,5961929,2510.0,2639.4285714285716,86.0,33588.0,52.0,864093.0,-42.42857142857143,0.5757142857142856,-55.285714285714285,0.4471428571428572,-55.57142857142857,17.428571428571427
2021-02-03,E12000005,West Midlands,5961929,2394.0,2521.8571428571427,94.0,35896.0,151.0,899989.0,-42.42857142857143,0.5757142857142856,-55.57142857142857,0.4442857142857143,-55.57142857142857,17.0
2021-02-04,E12000005,West Midlands,5961929,2290.0,2392.5714285714284,92.0,40434.0,261.0,940423.0,-43.0,0.5700000000000001,-57.714285714285715,0.4228571428571428,-56.57142857142857,17.714285714285715
2021-02-05,E12000005,West Midlands,5961929,1995.0,2276.0,75.0,43723.0,94.0,984146.0,-42.0,0.5800000000000001,-56.42857142857143,0.4357142857142857,-57.285714285714285,17.714285714285715
2021-02-06,E12000005,West Midlands,5961929,1583.0,2213.0,78.0,44455.0,42.0,1028601.0,-27.714285714285715,0.7228571428571429,-62.0,0.38,-63.0,12.714285714285714
2021-02-07,E12000005,West Midlands,5961929,1401.0,2138.285714285714,86.0,18635.0,11.0,1047236.0,-27.428571428571427,0.7257142857142858,-63.857142857142854,0.36142857142857143,-65.28571428571429,10.428571428571429
2021-02-08,E12000005,West Midlands,5961929,2050.0,2031.857142857143,83.0,25615.0,41.0,1072851.0,-43.42857142857143,0.5657142857142856,-57.714285714285715,0.4228571428571428,-55.714285714285715,17.0
2021-02-09,E12000005,West Midlands,5961929,1757.0,1924.2857142857142,73.0,27862.0,96.0,1100713.0,-42.285714285714285,0.5771428571428572,-56.57142857142857,0.4342857142857143,-55.714285714285715,17.857142857142858
2021-02-10,E12000005,West Midlands,5961929,1708.0,1826.2857142857142,67.0,30042.0,228.0,1130755.0,-42.142857142857146,0.5785714285714285,-55.857142857142854,0.4414285714285715,-55.57142857142857,17.285714285714285
2021-02-11,E12000005,West Midlands,5961929,1569.0,1723.2857142857142,77.0,39946.0,178.0,1170701.0,-42.142857142857146,0.5785714285714285,-56.857142857142854,0.4314285714285715,-53.57142857142857,17.571428571428573
2021-02-12,E12000005,West Midlands,5961929,1543.0,1658.7142857142858,56.0,50548.0,251.0,1221249.0,-41.714285714285715,0.5828571428571429,-56.857142857142854,0.4314285714285715,-54.714285714285715,17.857142857142858
2021-02-13,E12000005,West Midlands,5961929,1129.0,1593.857142857143,57.0,44806.0,106.0,1266055.0,-27.285714285714285,0.7271428571428571,-64.28571428571429,0.3571428571428571,-61.0,13.0
2021-02-14,E12000005,West Midlands,5961929,1039.0,1542.142857142857,60.0,20837.0,42.0,1286892.0,-27.428571428571427,0.7257142857142858,-65.85714285714286,0.3414285714285714,-63.42857142857143,11.0
2021-02-15,E12000005,West Midlands,5961929,1843.0,1512.5714285714287,68.0,22535.0,42.0,1309427.0,-46.142857142857146,0.5385714285714285,-54.142857142857146,0.4585714285714285,-47.42857142857143,16.0
2021-02-16,E12000005,West Midlands,5961929,1674.0,1500.7142857142858,46.0,33695.0,141.0,1343122.0,-45.57142857142857,0.5442857142857143,-54.57142857142857,0.4542857142857143,-49.57142857142857,17.142857142857142
2021-02-17,E12000005,West Midlands,5961929,1489.0,1469.4285714285713,53.0,41036.0,238.0,1384158.0,-45.857142857142854,0.5414285714285715,-55.0,0.44999999999999996,-50.285714285714285,17.571428571428573
2021-02-18,E12000005,West Midlands,5961929,1458.0,1453.5714285714287,45.0,40817.0,402.0,1424975.0,-46.285714285714285,0.5371428571428571,-55.285714285714285,0.4471428571428572,-49.857142857142854,17.714285714285715
2021-02-19,E12000005,West Midlands,5961929,1329.0,1423.0,45.0,29760.0,593.0,1454735.0,-45.57142857142857,0.5442857142857143,-55.857142857142854,0.4414285714285715,-54.142857142857146,18.714285714285715
2021-02-20,E12000005,West Midlands,5961929,977.0,1401.2857142857142,47.0,29484.0,462.0,1484219.0,-26.285714285714285,0.7371428571428571,-63.285714285714285,0.3671428571428571,-61.42857142857143,13.142857142857142
2021-02-21,E12000005,West Midlands,5961929,974.0,1392.0,38.0,13815.0,670.0,1498034.0,-23.285714285714285,0.7671428571428571,-57.57142857142857,0.42428571428571427,-59.0,9.285714285714286
2021-02-22,E12000005,West Midlands,5961929,1525.0,1346.5714285714287,41.0,12017.0,139.0,1510051.0,-40.0,0.6,-51.57142857142857,0.4842857142857143,-48.42857142857143,15.428571428571429
2021-02-23,E12000005,West Midlands,5961929,1206.0,1279.7142857142858,40.0,29811.0,1028.0,1539862.0,-39.42857142857143,0.6057142857142856,-53.714285714285715,0.46285714285714286,-50.57142857142857,16.285714285714285
2021-02-24,E12000005,West Midlands,5961929,1065.0,1219.142857142857,34.0,46872.0,1434.0,1586734.0,-40.0,0.6,-53.285714285714285,0.4671428571428572,-51.0,16.571428571428573
2021-02-25,E12000005,West Midlands,5961929,918.0,1142.0,36.0,49795.0,1832.0,1636529.0,-40.285714285714285,0.5971428571428572,-51.57142857142857,0.4842857142857143,-47.857142857142854,16.0
2021-02-26,E12000005,West Midlands,5961929,795.0,1065.7142857142858,32.0,53012.0,1775.0,1689541.0,-38.857142857142854,0.6114285714285714,-50.857142857142854,0.49142857142857144,-47.857142857142854,16.0
2021-02-27,E12000005,West Midlands,5961929,534.0,1002.4285714285714,27.0,47055.0,1791.0,1736596.0,-21.714285714285715,0.7828571428571428,-56.285714285714285,0.43714285714285717,-53.57142857142857,10.571428571428571
2021-02-28,E12000005,West Midlands,5961929,540.0,940.4285714285714,31.0,17391.0,944.0,1753987.0,-18.428571428571427,0.8157142857142857,-52.142857142857146,0.47857142857142854,-51.0,8.0
2021-03-01,E12000005,West Midlands,5961929,873.0,847.2857142857143,32.0,16893.0,908.0,1770880.0,-39.142857142857146,0.6085714285714285,-51.0,0.49,-45.142857142857146,15.0
2021-03-02,E12000005,West Midlands,5961929,834.0,794.1428571428571,26.0,22628.0,3491.0,1793508.0,-38.285714285714285,0.6171428571428572,-50.57142857142857,0.49428571428571433,-47.0,15.285714285714286
2021-03-03,E12000005,West Midlands,5961929,659.0,736.1428571428571,20.0,23995.0,7117.0,1817503.0,-38.857142857142854,0.6114285714285714,-53.142857142857146,0.4685714285714285,-50.142857142857146,16.142857142857142
2021-03-04,E12000005,West Midlands,5961929,650.0,697.8571428571429,18.0,30025.0,6253.0,1847528.0,-39.285714285714285,0.6071428571428572,-51.857142857142854,0.48142857142857143,-48.857142857142854,16.0
2021-03-05,E12000005,West Midlands,5961929,582.0,667.4285714285714,21.0,48417.0,4854.0,1895945.0,-37.714285714285715,0.6228571428571428,-51.285714285714285,0.4871428571428571,-49.714285714285715,16.428571428571427
2021-03-06,E12000005,West Midlands,5961929,450.0,655.4285714285714,14.0,48483.0,3799.0,1944428.0,-21.571428571428573,0.7842857142857143,-57.42857142857143,0.4257142857142857,-54.714285714285715,11.0
2021-03-07,E12000005,West Midlands,5961929,470.0,645.4285714285714,13.0,18420.0,663.0,1962848.0,-18.428571428571427,0.8157142857142857,-53.857142857142854,0.4614285714285714,-53.285714285714285,8.142857142857142
2021-03-08,E12000005,West Midlands,5961929,738.0,626.1428571428571,20.0,20548.0,1342.0,1983396.0,-35.857142857142854,0.6414285714285715,-45.285714285714285,0.5471428571428572,-40.857142857142854,12.857142857142858
2021-03-09,E12000005,West Midlands,5961929,609.0,594.0,15.0,22195.0,4764.0,2005591.0,-34.42857142857143,0.6557142857142857,-44.714285714285715,0.5528571428571428,-43.857142857142854,13.285714285714286
2021-03-10,E12000005,West Midlands,5961929,657.0,593.7142857142857,12.0,25232.0,5571.0,2030823.0,-35.285714285714285,0.6471428571428571,-47.57142857142857,0.5242857142857142,-49.57142857142857,14.714285714285714
2021-03-11,E12000005,West Midlands,5961929,563.0,581.2857142857143,17.0,16095.0,4092.0,2046918.0,-34.42857142857143,0.6557142857142857,-46.42857142857143,0.5357142857142857,-47.0,14.428571428571429
2021-03-12,E12000005,West Midlands,5961929,579.0,580.8571428571429,16.0,35219.0,4685.0,2082137.0,-33.0,0.6699999999999999,-45.142857142857146,0.5485714285714285,-47.285714285714285,13.714285714285714
2021-03-13,E12000005,West Midlands,5961929,416.0,576.0,8.0,53842.0,3520.0,2135979.0,-19.714285714285715,0.8028571428571428,-55.714285714285715,0.44285714285714284,-52.57142857142857,10.428571428571429
2021-03-14,E12000005,West Midlands,5961929,482.0,577.7142857142857,7.0,20433.0,966.0,2156412.0,-10.142857142857142,0.8985714285714286,-51.285714285714285,0.4871428571428571,-55.857142857142854,7.142857142857143
2021-03-15,E12000005,West Midlands,5961929,752.0,579.7142857142857,11.0,34776.0,1885.0,2191188.0,-33.57142857142857,0.6642857142857144,-42.142857142857146,0.5785714285714285,-42.42857142857143,12.285714285714286
2021-03-16,E12000005,West Midlands,5961929,637.0,583.7142857142857,9.0,35049.0,4382.0,2226237.0,-33.42857142857143,0.6657142857142857,-42.57142857142857,0.5742857142857143,-45.0,13.0
2021-03-17,E12000005,West Midlands,5961929,635.0,580.5714285714286,13.0,29773.0,8713.0,2256010.0,-33.0,0.6699999999999999,-42.285714285714285,0.5771428571428572,-45.57142857142857,12.857142857142858
2021-03-18,E12000005,West Midlands,5961929,515.0,573.7142857142857,9.0,45944.0,9001.0,2301954.0,-33.42857142857143,0.6657142857142857,-43.142857142857146,0.5685714285714285,-45.714285714285715,13.285714285714286
2021-03-19,E12000005,West Midlands,5961929,503.0,562.8571428571429,8.0,55642.0,10888.0,2357596.0,-32.714285714285715,0.6728571428571428,-43.285714285714285,0.5671428571428572,-48.285714285714285,13.714285714285714
2021-03-20,E12000005,West Midlands,5961929,417.0,563.0,14.0,76191.0,9610.0,2433787.0,-18.857142857142858,0.8114285714285714,-54.285714285714285,0.4571428571428572,-54.714285714285715,10.571428571428571
2021-03-21,E12000005,West Midlands,5961929,588.0,578.1428571428571,7.0,27510.0,2575.0,2461297.0,-15.571428571428571,0.8442857142857143,-50.857142857142854,0.49142857142857144,-52.714285714285715,7.857142857142857
2021-03-22,E12000005,West Midlands,5961929,659.0,564.8571428571429,9.0,25065.0,4459.0,2486362.0,-32.42857142857143,0.6757142857142857,-40.714285714285715,0.5928571428571429,-41.142857142857146,12.0
2021-03-23,E12000005,West Midlands,5961929,543.0,551.4285714285714,5.0,22585.0,9959.0,2508947.0,-31.571428571428573,0.6842857142857143,-41.285714285714285,0.5871428571428572,-43.714285714285715,12.428571428571429
2021-03-24,E12000005,West Midlands,5961929,638.0,551.8571428571429,2.0,22748.0,21026.0,2531695.0,-32.142857142857146,0.6785714285714286,-41.57142857142857,0.5842857142857143,-44.0,12.428571428571429
2021-03-25,E12000005,West Midlands,5961929,555.0,557.5714285714286,4.0,23097.0,21847.0,2554792.0,-32.57142857142857,0.6742857142857144,-41.0,0.5900000000000001,-42.714285714285715,12.857142857142858
2021-03-26,E12000005,West Midlands,5961929,420.0,545.7142857142857,5.0,31250.0,25443.0,2586042.0,-31.714285714285715,0.6828571428571428,-43.285714285714285,0.5671428571428572,-46.57142857142857,13.571428571428571
2021-03-27,E12000005,West Midlands,5961929,343.0,535.1428571428571,5.0,38726.0,27990.0,2624768.0,-16.714285714285715,0.8328571428571429,-51.142857142857146,0.48857142857142855,-52.0,10.0
2021-03-28,E12000005,West Midlands,5961929,533.0,527.2857142857143,2.0,22175.0,9315.0,2646943.0,-18.285714285714285,0.8171428571428572,-53.57142857142857,0.4642857142857143,-54.857142857142854,8.857142857142858
2021-03-29,E12000005,West Midlands,5961929,387.0,488.42857142857144,3.0,16104.0,10741.0,2663047.0,-31.428571428571427,0.6857142857142857,-38.285714285714285,0.6171428571428572,-37.0,10.571428571428571
2021-03-30,E12000005,West Midlands,5961929,387.0,466.14285714285717,4.0,14878.0,22070.0,2677925.0,-30.571428571428573,0.6942857142857143,-35.857142857142854,0.6414285714285715,-37.714285714285715,10.428571428571429
2021-03-31,E12000005,West Midlands,5961929,414.0,434.14285714285717,7.0,14886.0,38609.0,2692811.0,-31.428571428571427,0.6857142857142857,-36.285714285714285,0.6371428571428572,-36.714285714285715,10.571428571428571
2021-04-01,E12000005,West Midlands,5961929,335.0,402.7142857142857,4.0,14090.0,40732.0,2706901.0,-32.0,0.6799999999999999,-36.142857142857146,0.6385714285714286,-32.714285714285715,11.142857142857142
2021-04-02,E12000005,West Midlands,5961929,230.0,375.57142857142856,5.0,8277.0,18748.0,2715178.0,-65.28571428571429,0.3471428571428571,-50.714285714285715,0.4928571428571429,-43.0,19.571428571428573
2021-04-03,E12000005,West Midlands,5961929,209.0,356.42857142857144,2.0,5407.0,12388.0,2720585.0,-24.714285714285715,0.7528571428571429,-47.57142857142857,0.5242857142857142,-51.714285714285715,8.428571428571429
2021-04-04,E12000005,West Midlands,5961929,227.0,312.7142857142857,1.0,1403.0,5315.0,2721988.0,-21.142857142857142,0.7885714285714286,-44.285714285714285,0.5571428571428572,-70.28571428571429,5.571428571428571
2021-04-05,E12000005,West Midlands,5961929,232.0,290.57142857142856,3.0,742.0,6024.0,2722730.0,-74.28571428571429,0.2571428571428571,-59.285714285714285,0.40714285714285714,-40.714285714285715,22.142857142857142
2021-04-06,E12000005,West Midlands,5961929,276.0,274.7142857142857,0.0,3146.0,15967.0,2725876.0,-44.42857142857143,0.5557142857142857,-44.285714285714285,0.5571428571428572,-37.57142857142857,14.857142857142858
2021-04-07,E12000005,West Midlands,5961929,266.0,253.57142857142858,0.0,4740.0,31537.0,2730616.0,-43.285714285714285,0.5671428571428572,-45.57142857142857,0.5442857142857143,-41.0,15.142857142857142
2021-04-08,E12000005,West Midlands,5961929,262.0,243.14285714285714,1.0,4393.0,32592.0,2735009.0,-42.0,0.5800000000000001,-43.57142857142857,0.5642857142857143,-39.142857142857146,14.285714285714286
2021-04-09,E12000005,West Midlands,5961929,266.0,248.28571428571428,2.0,5263.0,36541.0,2740272.0,-41.0,0.5900000000000001,-45.142857142857146,0.5485714285714285,-45.714285714285715,15.142857142857142
2021-04-10,E12000005,West Midlands,5961929,183.0,244.57142857142858,1.0,7065.0,42152.0,2747337.0,-18.0,0.8200000000000001,-49.42857142857143,0.5057142857142857,-54.857142857142854,9.428571428571429
2021-04-11,E12000005,West Midlands,5961929,177.0,237.42857142857142,2.0,4463.0,14702.0,2751800.0,-13.571428571428571,0.8642857142857143,-43.285714285714285,0.5671428571428572,-50.42857142857143,6.714285714285714
2021-04-12,E12000005,West Midlands,5961929,229.0,237.0,3.0,2619.0,18993.0,2754419.0,-38.857142857142854,0.6114285714285714,-28.0,0.72,-6.428571428571429,9.428571428571429
2021-04-13,E12000005,West Midlands,5961929,226.0,229.85714285714286,2.0,3279.0,23919.0,2757698.0,-38.42857142857143,0.6157142857142857,-30.714285714285715,0.6928571428571428,-12.571428571428571,10.571428571428571
2021-04-14,E12000005,West Midlands,5961929,199.0,220.28571428571428,2.0,6907.0,28659.0,2764605.0,-39.714285714285715,0.6028571428571429,-30.857142857142858,0.6914285714285715,-15.857142857142858,10.714285714285714
2021-04-15,E12000005,West Midlands,5961929,194.0,210.57142857142858,0.0,8018.0,38941.0,2772623.0,-39.0,0.61,-29.714285714285715,0.7028571428571428,-14.0,10.285714285714286
2021-04-16,E12000005,West Midlands,5961929,188.0,199.42857142857142,2.0,10858.0,45271.0,2783481.0,-38.285714285714285,0.6171428571428572,-27.142857142857142,0.7285714285714286,-22.0,10.285714285714286
2021-04-17,E12000005,West Midlands,5961929,160.0,196.14285714285714,4.0,12717.0,38091.0,2796198.0,-13.142857142857142,0.8685714285714285,-23.285714285714285,0.7671428571428571,-30.285714285714285,3.857142857142857
2021-04-18,E12000005,West Midlands,5961929,245.0,205.85714285714286,2.0,7235.0,20566.0,2803433.0,-10.571428571428571,0.8942857142857144,-18.0,0.8200000000000001,-25.428571428571427,3.0
2021-04-19,E12000005,West Midlands,5961929,222.0,204.85714285714286,3.0,5032.0,18616.0,2808465.0,-27.285714285714285,0.7271428571428571,-24.285714285714285,0.7571428571428571,-15.857142857142858,7.714285714285714
2021-04-20,E12000005,West Midlands,5961929,195.0,200.42857142857142,0.0,5994.0,27619.0,2814459.0,-25.857142857142858,0.7414285714285714,-26.142857142857142,0.7385714285714287,-19.0,8.285714285714286
2021-04-21,E12000005,West Midlands,5961929,244.0,206.85714285714286,2.0,5774.0,30557.0,2820233.0,-27.428571428571427,0.7257142857142858,-31.142857142857142,0.6885714285714286,-22.714285714285715,8.857142857142858
2021-04-22,E12000005,West Midlands,5961929,188.0,206.0,2.0,8022.0,37780.0,2828255.0,-25.714285714285715,0.7428571428571429,-29.857142857142858,0.7014285714285714,-16.857142857142858,8.0
2021-04-23,E12000005,West Midlands,5961929,156.0,201.42857142857142,5.0,9767.0,40846.0,2838022.0,-25.0,0.75,-25.142857142857142,0.7485714285714286,-19.857142857142858,7.285714285714286
2021-04-24,E12000005,West Midlands,5961929,118.0,195.42857142857142,0.0,9503.0,49834.0,2847525.0,-9.857142857142858,0.9014285714285715,-26.857142857142858,0.7314285714285714,-25.428571428571427,3.4285714285714284
2021-04-25,E12000005,West Midlands,5961929,181.0,186.28571428571428,1.0,4544.0,23747.0,2852069.0,-8.428571428571429,0.9157142857142857,-23.857142857142858,0.7614285714285715,-21.857142857142858,2.857142857142857
2021-04-26,E12000005,West Midlands,5961929,231.0,187.57142857142858,1.0,6195.0,28377.0,2858264.0,-25.0,0.75,-27.428571428571427,0.7257142857142858,-16.142857142857142,7.285714285714286
2021-04-27,E12000005,West Midlands,5961929,155.0,181.85714285714286,0.0,7888.0,29915.0,2866152.0,-24.714285714285715,0.7528571428571429,-31.0,0.69,-22.285714285714285,8.714285714285714
2021-04-28,E12000005,West Midlands,5961929,204.0,176.14285714285714,1.0,9815.0,40043.0,2875967.0,-26.285714285714285,0.7371428571428571,-31.428571428571427,0.6857142857142857,-24.571428571428573,9.428571428571429
2021-04-29,E12000005,West Midlands,5961929,171.0,173.71428571428572,1.0,8930.0,43229.0,2884897.0,-25.571428571428573,0.7442857142857142,-28.428571428571427,0.7157142857142857,-21.0,8.857142857142858
2021-04-30,E12000005,West Midlands,5961929,167.0,175.28571428571428,2.0,11350.0,37024.0,2896247.0,-25.142857142857142,0.7485714285714286,-22.714285714285715,0.7728571428571429,-20.428571428571427,7.714285714285714
2021-05-01,E12000005,West Midlands,5961929,96.0,172.14285714285714,1.0,13676.0,36175.0,2909923.0,-12.571428571428571,0.8742857142857143,-25.0,0.75,-25.428571428571427,4.285714285714286
2021-05-02,E12000005,West Midlands,5961929,108.0,161.71428571428572,2.0,8806.0,15764.0,2918729.0,-10.857142857142858,0.8914285714285715,-23.285714285714285,0.7671428571428571,-17.142857142857142,2.2857142857142856
2021-05-03,E12000005,West Midlands,5961929,164.0,152.14285714285714,3.0,5320.0,11446.0,2924049.0,-72.28571428571429,0.27714285714285714,-49.0,0.51,-27.714285714285715,20.714285714285715
2021-05-04,E12000005,West Midlands,5961929,199.0,158.42857142857142,1.0,8699.0,21111.0,2932748.0,-25.714285714285715,0.7428571428571429,-30.0,0.7,-24.714285714285715,9.428571428571429
2021-05-05,E12000005,West Midlands,5961929,189.0,156.28571428571428,0.0,11000.0,38253.0,2943748.0,-25.857142857142858,0.7414285714285714,-30.857142857142858,0.6914285714285715,-25.0,9.142857142857142
2021-05-06,E12000005,West Midlands,5961929,147.0,152.85714285714286,1.0,9054.0,47829.0,2952802.0,-25.571428571428573,0.7442857142857142,-27.285714285714285,0.7271428571428571,-19.0,8.428571428571429
2021-05-07,E12000005,West Midlands,5961929,108.0,144.42857142857142,2.0,9125.0,44252.0,2961927.0,-22.714285714285715,0.7728571428571429,-24.714285714285715,0.7528571428571429,-22.0,7.571428571428571
2021-05-08,E12000005,West Midlands,5961929,103.0,145.42857142857142,1.0,11656.0,41225.0,2973583.0,-14.285714285714286,0.8571428571428571,-40.0,0.6,-38.0,8.142857142857142
2021-05-09,E12000005,West Midlands,5961929,163.0,153.28571428571428,0.0,5507.0,14510.0,2979090.0,-8.0,0.92,-28.428571428571427,0.7157142857142857,-25.714285714285715,4.142857142857143
2021-05-10,E12000005,West Midlands,5961929,182.0,155.85714285714286,2.0,5123.0,18138.0,2984213.0,-24.428571428571427,0.7557142857142858,-29.857142857142858,0.7014285714285714,-21.428571428571427,8.142857142857142
2021-05-11,E12000005,West Midlands,5961929,137.0,147.0,1.0,6351.0,32172.0,2990564.0,-23.285714285714285,0.7671428571428571,-31.428571428571427,0.6857142857142857,-21.571428571428573,8.857142857142858
2021-05-12,E12000005,West Midlands,5961929,146.0,140.85714285714286,2.0,11593.0,49256.0,3002157.0,-24.428571428571427,0.7557142857142858,-30.142857142857142,0.6985714285714286,-18.714285714285715,8.285714285714286
2021-05-13,E12000005,West Midlands,5961929,142.0,140.14285714285714,1.0,12575.0,47370.0,3014732.0,-25.714285714285715,0.7428571428571429,-31.0,0.69,-23.285714285714285,9.142857142857142
2021-05-14,E12000005,West Midlands,5961929,116.0,141.28571428571428,1.0,20661.0,39213.0,3035393.0,-24.0,0.76,-25.0,0.75,-21.571428571428573,7.714285714285714
2021-05-15,E12000005,West Midlands,5961929,108.0,142.0,1.0,23224.0,31769.0,3058617.0,-12.285714285714286,0.8771428571428571,-31.857142857142858,0.6814285714285715,-31.714285714285715,6.0
2021-05-16,E12000005,West Midlands,5961929,101.0,133.14285714285714,1.0,9596.0,15259.0,3068213.0,-7.0,0.9299999999999999,-27.714285714285715,0.7228571428571429,-28.0,4.0
2021-05-17,E12000005,West Midlands,5961929,192.0,134.57142857142858,0.0,6398.0,22459.0,3074611.0,-23.428571428571427,0.7657142857142858,-21.714285714285715,0.7828571428571428,-9.428571428571429,6.571428571428571
2021-05-18,E12000005,West Midlands,5961929,169.0,139.14285714285714,0.0,11951.0,29836.0,3086562.0,-22.428571428571427,0.7757142857142857,-25.571428571428573,0.7442857142857142,-13.142857142857142,7.428571428571429
2021-05-19,E12000005,West Midlands,5961929,162.0,141.42857142857142,1.0,21923.0,34040.0,3108485.0,-23.571428571428573,0.7642857142857142,-24.857142857142858,0.7514285714285714,-11.571428571428571,7.0
2021-05-20,E12000005,West Midlands,5961929,138.0,140.85714285714286,0.0,23838.0,43288.0,3132323.0,-24.142857142857142,0.7585714285714286,-30.0,0.7,-15.857142857142858,8.428571428571429
2021-05-21,E12000005,West Midlands,5961929,141.0,144.42857142857142,1.0,18692.0,41186.0,3151015.0,-23.571428571428573,0.7642857142857142,-21.857142857142858,0.7814285714285714,-18.571428571428573,7.428571428571429
2021-05-22,E12000005,West Midlands,5961929,111.0,144.85714285714286,1.0,13687.0,59701.0,3164702.0,-6.571428571428571,0.9342857142857143,-23.0,0.77,-18.285714285714285,2.2857142857142856
2021-05-23,E12000005,West Midlands,5961929,128.0,148.71428571428572,0.0,8354.0,26669.0,3173056.0,-6.571428571428571,0.9342857142857143,-21.285714285714285,0.7871428571428571,-19.428571428571427,2.4285714285714284
2021-05-24,E12000005,West Midlands,5961929,219.0,152.57142857142858,2.0,7788.0,33539.0,3180844.0,-24.428571428571427,0.7557142857142858,-27.714285714285715,0.7228571428571429,-14.714285714285714,7.428571428571429
2021-05-25,E12000005,West Midlands,5961929,231.0,161.42857142857142,2.0,13017.0,37490.0,3193861.0,-22.428571428571427,0.7757142857142857,-28.285714285714285,0.7171428571428571,-11.142857142857142,7.428571428571429
2021-05-26,E12000005,West Midlands,5961929,239.0,172.42857142857142,2.0,19356.0,40988.0,3213217.0,-23.571428571428573,0.7642857142857142,-27.0,0.73,-9.857142857142858,7.0
2021-05-27,E12000005,West Midlands,5961929,179.0,178.28571428571428,1.0,22526.0,42203.0,3235743.0,-23.714285714285715,0.7628571428571429,-23.0,0.77,-2.142857142857143,6.142857142857143
2021-05-28,E12000005,West Midlands,5961929,240.0,192.42857142857142,0.0,14290.0,40482.0,3250033.0,-25.0,0.75,-7.857142857142857,0.9214285714285715,-2.857142857142857,4.857142857142857
2021-05-29,E12000005,West Midlands,5961929,192.0,204.0,2.0,16116.0,36832.0,3266149.0,-10.857142857142858,0.8914285714285715,-6.285714285714286,0.9371428571428572,-11.714285714285714,0.14285714285714285
2021-05-30,E12000005,West Midlands,5961929,202.0,214.57142857142858,0.0,8789.0,17277.0,3274938.0,-4.428571428571429,0.9557142857142857,-5.0,0.95,3.142857142857143,-2.142857142857143
2021-05-31,E12000005,West Midlands,5961929,258.0,220.14285714285714,2.0,5528.0,15666.0,3280466.0,-72.28571428571429,0.27714285714285714,-25.857142857142858,0.7414285714285714,6.142857142857143,12.285714285714286
2021-06-01,E12000005,West Midlands,5961929,339.0,235.57142857142858,2.0,4857.0,27266.0,3285323.0,-39.714285714285715,0.6028571428571429,-21.142857142857142,0.7885714285714286,5.0,7.428571428571429
2021-06-02,E12000005,West Midlands,5961929,401.0,258.7142857142857,3.0,10386.0,29361.0,3295709.0,-39.57142857142857,0.6042857142857143,-25.285714285714285,0.7471428571428571,0.2857142857142857,8.285714285714286
2021-06-03,E12000005,West Midlands,5961929,366.0,285.42857142857144,1.0,15794.0,28251.0,3311503.0,-39.142857142857146,0.6085714285714285,-25.0,0.75,3.4285714285714284,8.0
2021-06-04,E12000005,West Midlands,5961929,378.0,305.14285714285717,0.0,12137.0,30533.0,3323640.0,-37.285714285714285,0.6271428571428572,-15.571428571428571,0.8442857142857143,-2.5714285714285716,6.285714285714286
2021-06-05,E12000005,West Midlands,5961929,301.0,320.7142857142857,1.0,11082.0,45798.0,3334722.0,-7.285714285714286,0.9271428571428572,-12.571428571428571,0.8742857142857143,-15.714285714285714,0.14285714285714285
2021-06-06,E12000005,West Midlands,5961929,330.0,339.0,2.0,6424.0,20962.0,3341146.0,-1.5714285714285714,0.9842857142857143,-12.428571428571429,0.8757142857142857,-9.714285714285714,1.0
2021-06-07,E12000005,West Midlands,5961929,511.0,375.14285714285717,0.0,6894.0,24518.0,3348040.0,-24.0,0.76,-23.428571428571427,0.7657142857142858,-3.857142857142857,6.142857142857143
2021-06-08,E12000005,West Midlands,5961929,511.0,399.7142857142857,0.0,8368.0,22678.0,3356408.0,-21.285714285714285,0.7871428571428571,-26.0,0.74,-2.142857142857143,6.428571428571429
2021-06-09,E12000005,West Midlands,5961929,543.0,420.0,0.0,14701.0,20976.0,3371109.0,-22.714285714285715,0.7728571428571429,-25.571428571428573,0.7442857142857142,-4.428571428571429,6.571428571428571
2021-06-10,E12000005,West Midlands,5961929,502.0,439.42857142857144,2.0,17808.0,23924.0,3388917.0,-23.0,0.77,-24.714285714285715,0.7528571428571429,-3.857142857142857,6.571428571428571
2021-06-11,E12000005,West Midlands,5961929,482.0,454.2857142857143,0.0,14073.0,24594.0,3402990.0,-22.571428571428573,0.7742857142857142,-17.428571428571427,0.8257142857142857,-8.0,5.285714285714286
2021-06-12,E12000005,West Midlands,5961929,403.0,468.85714285714283,3.0,21650.0,31259.0,3424640.0,-5.428571428571429,0.9457142857142857,-19.285714285714285,0.8071428571428572,-15.142857142857142,0.8571428571428571
2021-06-13,E12000005,West Midlands,5961929,482.0,490.57142857142856,1.0,10209.0,16340.0,3434849.0,-1.2857142857142858,0.9871428571428571,-13.428571428571429,0.8657142857142857,-14.428571428571429,-0.2857142857142857
2021-06-14,E12000005,West Midlands,5961929,701.0,517.7142857142857,0.0,11242.0,14305.0,3446091.0,-24.285714285714285,0.7571428571428571,-22.714285714285715,0.7728571428571429,-5.428571428571429,6.0
2021-06-15,E12000005,West Midlands,5961929,739.0,550.2857142857143,3.0,15515.0,15691.0,3461606.0,-21.714285714285715,0.7828571428571428,-25.0,0.75,-3.0,6.142857142857143
2021-06-16,E12000005,West Midlands,5961929,768.0,582.4285714285714,1.0,19939.0,15805.0,3481545.0,-24.0,0.76,-25.428571428571427,0.7457142857142858,-4.714285714285714,6.571428571428571
2021-06-17,E12000005,West Midlands,5961929,734.0,615.5714285714286,1.0,23960.0,13771.0,3505505.0,-24.571428571428573,0.7542857142857142,-25.857142857142858,0.7414285714285714,-5.571428571428571,7.0
2021-06-18,E12000005,West Midlands,5961929,725.0,650.2857142857143,1.0,17072.0,13061.0,3522577.0,-24.0,0.76,-17.571428571428573,0.8242857142857143,-11.571428571428571,5.571428571428571
2021-06-19,E12000005,West Midlands,5961929,641.0,684.2857142857143,2.0,22159.0,18300.0,3544736.0,-6.142857142857143,0.9385714285714286,-18.857142857142858,0.8114285714285714,-13.142857142857142,1.5714285714285714
2021-06-20,E12000005,West Midlands,5961929,700.0,715.4285714285714,1.0,12566.0,5870.0,3557302.0,-0.8571428571428571,0.9914285714285714,-18.428571428571427,0.8157142857142857,-9.571428571428571,0.8571428571428571
2021-06-21,E12000005,West Midlands,5961929,1174.0,783.0,0.0,12524.0,7616.0,3569826.0,-24.571428571428573,0.7542857142857142,-23.0,0.77,-7.0,6.571428571428571
2021-06-22,E12000005,West Midlands,5961929,1293.0,862.1428571428571,0.0,15086.0,8612.0,3584912.0,-22.571428571428573,0.7742857142857142,-26.285714285714285,0.7371428571428571,-5.571428571428571,6.857142857142857
2021-06-23,E12000005,West Midlands,5961929,1417.0,954.8571428571429,2.0,15581.0,9240.0,3600493.0,-24.142857142857142,0.7585714285714286,-25.571428571428573,0.7442857142857142,-5.428571428571429,6.428571428571429
2021-06-24,E12000005,West Midlands,5961929,1505.0,1065.0,2.0,18126.0,14058.0,3618619.0,-25.142857142857142,0.7485714285714286,-26.142857142857142,0.7385714285714287,-5.285714285714286,7.142857142857143
2021-06-25,E12000005,West Midlands,5961929,1374.0,1157.7142857142858,3.0,16931.0,9335.0,3635550.0,-24.714285714285715,0.7528571428571429,-16.285714285714285,0.8371428571428572,-6.714285714285714,5.857142857142857
2021-06-26,E12000005,West Midlands,5961929,1355.0,1259.7142857142858,1.0,21804.0,15705.0,3657354.0,-6.428571428571429,0.9357142857142857,-17.428571428571427,0.8257142857142857,-12.285714285714286,1.1428571428571428
2021-06-27,E12000005,West Midlands,5961929,1515.0,1376.142857142857,0.0,10798.0,10308.0,3668152.0,-2.0,0.98,-10.571428571428571,0.8942857142857144,-8.0,0.7142857142857143
2021-06-28,E12000005,West Midlands,5961929,2379.0,1548.2857142857142,0.0,9327.0,9056.0,3677479.0,-26.428571428571427,0.7357142857142858,-24.571428571428573,0.7542857142857142,-7.714285714285714,7.0
2021-06-29,E12000005,West Midlands,5961929,2319.0,1694.857142857143,2.0,9761.0,10566.0,3687240.0,-25.285714285714285,0.7471428571428571,-31.0,0.69,-8.714285714285714,6.285714285714286
2021-06-30,E12000005,West Midlands,5961929,2508.0,1850.7142857142858,4.0,10970.0,9208.0,3698210.0,-25.714285714285715,0.7428571428571429,-28.0,0.72,-5.142857142857143,5.857142857142857
2021-07-01,E12000005,West Midlands,5961929,2529.0,1997.0,2.0,10846.0,11780.0,3709056.0,-25.428571428571427,0.7457142857142858,-24.714285714285715,0.7528571428571429,-3.0,6.714285714285714
2021-07-02,E12000005,West Midlands,5961929,2397.0,2143.1428571428573,2.0,9580.0,9623.0,3718636.0,-24.714285714285715,0.7528571428571429,-14.285714285714286,0.8571428571428571,-7.142857142857143,5.857142857142857
2021-07-03,E12000005,West Midlands,5961929,2204.0,2264.4285714285716,2.0,13068.0,14708.0,3731704.0,-7.857142857142857,0.9214285714285715,-19.857142857142858,0.8014285714285714,-16.285714285714285,2.142857142857143
2021-07-04,E12000005,West Midlands,5961929,2276.0,2373.1428571428573,4.0,5654.0,6950.0,3737358.0,-4.571428571428571,0.9542857142857143,-17.0,0.83,-13.714285714285714,2.142857142857143
2021-07-05,E12000005,West Midlands,5961929,3114.0,2478.1428571428573,5.0,4946.0,10183.0,3742304.0,-26.142857142857142,0.7385714285714287,-23.428571428571427,0.7657142857142858,-4.571428571428571,7.142857142857143
2021-07-06,E12000005,West Midlands,5961929,3333.0,2623.0,2.0,6009.0,9040.0,3748313.0,-24.714285714285715,0.7528571428571429,-28.857142857142858,0.7114285714285714,-8.0,8.428571428571429
2021-07-07,E12000005,West Midlands,5961929,3504.0,2765.285714285714,2.0,6685.0,11056.0,3754998.0,-26.0,0.74,-28.285714285714285,0.7171428571428571,-6.571428571428571,7.428571428571429
2021-07-08,E12000005,West Midlands,5961929,3214.0,2863.1428571428573,3.0,7458.0,11009.0,3762456.0,-27.0,0.73,-26.285714285714285,0.7371428571428571,-4.285714285714286,7.714285714285714
2021-07-09,E12000005,West Midlands,5961929,3050.0,2956.4285714285716,7.0,7477.0,11614.0,3769933.0,-25.571428571428573,0.7442857142857142,-15.857142857142858,0.8414285714285714,-7.0,6.142857142857143
2021-07-10,E12000005,West Midlands,5961929,2795.0,3040.8571428571427,5.0,8398.0,15764.0,3778331.0,-7.285714285714286,0.9271428571428572,-16.571428571428573,0.8342857142857143,-12.285714285714286,1.8571428571428572
2021-07-11,E12000005,West Midlands,5961929,3036.0,3149.4285714285716,3.0,2909.0,6934.0,3781240.0,0.2857142857142857,1.002857142857143,-12.428571428571429,0.8757142857142857,-6.714285714285714,-0.42857142857142855
2021-07-12,E12000005,West Midlands,5961929,4613.0,3363.5714285714284,2.0,3156.0,8269.0,3784396.0,-30.142857142857142,0.6985714285714286,-23.285714285714285,0.7671428571428571,-7.571428571428571,8.571428571428571
2021-07-13,E12000005,West Midlands,5961929,4794.0,3572.285714285714,5.0,4076.0,8944.0,3788472.0,-25.571428571428573,0.7442857142857142,-27.142857142857142,0.7285714285714286,-6.0,8.0
2021-07-14,E12000005,West Midlands,5961929,5440.0,3848.8571428571427,3.0,4551.0,13662.0,3793023.0,-26.857142857142858,0.7314285714285714,-28.0,0.72,-3.857142857142857,7.428571428571429
2021-07-15,E12000005,West Midlands,5961929,6470.0,4314.0,5.0,5421.0,18242.0,3798444.0,-27.428571428571427,0.7257142857142858,-28.0,0.72,-2.4285714285714284,7.428571428571429
2021-07-16,E12000005,West Midlands,5961929,5656.0,4686.285714285715,5.0,4334.0,13817.0,3802778.0,-27.571428571428573,0.7242857142857142,-16.714285714285715,0.8328571428571429,-7.142857142857143,6.142857142857143
2021-07-17,E12000005,West Midlands,5961929,3879.0,4841.142857142857,4.0,6244.0,19799.0,3809022.0,-8.714285714285714,0.9128571428571428,-17.714285714285715,0.8228571428571428,-18.857142857142858,1.2857142857142858
2021-07-18,E12000005,West Midlands,5961929,3635.0,4926.714285714285,9.0,2556.0,8152.0,3811578.0,-3.0,0.97,-12.428571428571429,0.8757142857142857,-11.714285714285714,0.14285714285714285
2021-07-19,E12000005,West Midlands,5961929,4519.0,4913.285714285715,12.0,2725.0,10640.0,3814303.0,-31.285714285714285,0.6871428571428572,-23.857142857142858,0.7614285714285715,-0.42857142857142855,7.428571428571429
2021-07-20,E12000005,West Midlands,5961929,3667.0,4752.285714285715,2.0,2770.0,9790.0,3817073.0,-30.285714285714285,0.6971428571428572,-29.285714285714285,0.7071428571428571,-2.2857142857142856,8.285714285714286
2021-07-21,E12000005,West Midlands,5961929,3338.0,4452.0,2.0,3493.0,13235.0,3820566.0,-32.57142857142857,0.6742857142857144,-29.142857142857142,0.7085714285714286,-2.5714285714285716,8.142857142857142
2021-07-22,E12000005,West Midlands,5961929,2872.0,3938.0,7.0,3362.0,14101.0,3823928.0,-35.714285714285715,0.6428571428571428,-27.285714285714285,0.7271428571428571,-1.4285714285714286,8.428571428571429
2021-07-23,E12000005,West Midlands,5961929,2538.0,3492.5714285714284,8.0,3717.0,13887.0,3827645.0,-35.42857142857143,0.6457142857142857,-13.857142857142858,0.8614285714285714,-4.285714285714286,6.714285714285714
2021-07-24,E12000005,West Midlands,5961929,2005.0,3224.8571428571427,11.0,4115.0,18059.0,3831760.0,-8.571428571428571,0.9142857142857143,-14.142857142857142,0.8585714285714285,-13.571428571428571,1.2857142857142858
2021-07-25,E12000005,West Midlands,5961929,2018.0,2993.8571428571427,8.0,2060.0,9206.0,3833820.0,-2.7142857142857144,0.9728571428571429,-7.285714285714286,0.9271428571428572,-4.714285714285714,0.14285714285714285
2021-07-26,E12000005,West Midlands,5961929,2586.0,2717.714285714286,4.0,2442.0,9093.0,3836262.0,-38.142857142857146,0.6185714285714285,-21.285714285714285,0.7871428571428571,3.7142857142857144,7.571428571428571
2021-07-27,E12000005,West Midlands,5961929,2445.0,2543.1428571428573,7.0,2661.0,9062.0,3838923.0,-36.42857142857143,0.6357142857142857,-29.857142857142858,0.7014285714285714,-0.7142857142857143,9.428571428571429
2021-07-28,E12000005,West Midlands,5961929,2542.0,2429.4285714285716,3.0,2956.0,11939.0,3841879.0,-37.57142857142857,0.6242857142857143,-29.285714285714285,0.7071428571428571,-0.42857142857142855,9.428571428571429
2021-07-29,E12000005,West Midlands,5961929,2338.0,2353.1428571428573,6.0,3225.0,11831.0,3845104.0,-37.285714285714285,0.6271428571428572,-22.714285714285715,0.7728571428571429,5.857142857142857,7.857142857142857
2021-07-30,E12000005,West Midlands,5961929,2028.0,2280.285714285714,13.0,2944.0,12249.0,3848048.0,-37.857142857142854,0.6214285714285714,-13.571428571428571,0.8642857142857143,-5.857142857142857,8.0
2021-07-31,E12000005,West Midlands,5961929,1855.0,2258.8571428571427,11.0,3472.0,15948.0,3851520.0,-8.142857142857142,0.9185714285714286,-6.857142857142857,0.9314285714285715,-10.714285714285714,0.42857142857142855
2021-08-01,E12000005,West Midlands,5961929,1900.0,2242.0,13.0,1992.0,7031.0,3853512.0,-1.8571428571428572,0.9814285714285714,0.0,1.0,-3.0,-0.2857142857142857
2021-08-02,E12000005,West Midlands,5961929,2681.0,2255.5714285714284,6.0,2216.0,6835.0,3855728.0,-38.714285714285715,0.6128571428571428,-19.285714285714285,0.8071428571428572,4.571428571428571,7.714285714285714
2021-08-03,E12000005,West Midlands,5961929,2600.0,2277.714285714286,6.0,2498.0,8782.0,3858226.0,-36.857142857142854,0.6314285714285715,-25.714285714285715,0.7428571428571429,6.0,8.0
2021-08-04,E12000005,West Midlands,5961929,2873.0,2325.0,10.0,2915.0,12643.0,3861141.0,-37.857142857142854,0.6214285714285714,-24.857142857142858,0.7514285714285714,4.428571428571429,7.714285714285714
2021-08-05,E12000005,West Midlands,5961929,2918.0,2407.8571428571427,6.0,2784.0,13086.0,3863925.0,-38.57142857142857,0.6142857142857143,-25.571428571428573,0.7442857142857142,0.2857142857142857,9.142857142857142
2021-08-06,E12000005,West Midlands,5961929,2454.0,2468.714285714286,6.0,3165.0,13511.0,3867090.0,-38.142857142857146,0.6185714285714285,-11.714285714285714,0.8828571428571429,-2.0,7.571428571428571
2021-08-07,E12000005,West Midlands,5961929,1976.0,2486.0,13.0,3483.0,16444.0,3870573.0,-10.285714285714286,0.8971428571428571,-6.571428571428571,0.9342857142857143,-13.0,0.8571428571428571
2021-08-08,E12000005,West Midlands,5961929,2083.0,2512.1428571428573,8.0,1730.0,7340.0,3872303.0,-3.142857142857143,0.9685714285714285,-3.2857142857142856,0.9671428571428572,-5.0,0.7142857142857143
2021-08-09,E12000005,West Midlands,5961929,3144.0,2578.285714285714,5.0,1995.0,9822.0,3874298.0,-37.42857142857143,0.6257142857142857,-19.285714285714285,0.8071428571428572,4.714285714285714,7.571428571428571
2021-08-10,E12000005,West Midlands,5961929,2853.0,2614.4285714285716,8.0,2381.0,11021.0,3876679.0,-35.714285714285715,0.6428571428571428,-23.571428571428573,0.7642857142857142,7.571428571428571,7.857142857142857
2021-08-11,E12000005,West Midlands,5961929,3065.0,2641.8571428571427,12.0,3517.0,14646.0,3880196.0,-36.857142857142854,0.6314285714285715,-23.142857142857142,0.7685714285714286,2.7142857142857144,7.857142857142857
2021-08-12,E12000005,West Midlands,5961929,2940.0,2645.0,12.0,3814.0,17329.0,3884010.0,-37.0,0.63,-21.571428571428573,0.7842857142857143,7.714285714285714,7.142857142857143
2021-08-13,E12000005,West Midlands,5961929,2471.0,2647.4285714285716,18.0,3000.0,12719.0,3887010.0,-36.857142857142854,0.6314285714285715,-12.0,0.88,-1.4285714285714286,6.285714285714286
2021-08-14,E12000005,West Midlands,5961929,2326.0,2697.4285714285716,14.0,3676.0,14933.0,3890686.0,-8.714285714285714,0.9128571428571428,-3.2857142857142856,0.9671428571428572,-11.714285714285714,0.14285714285714285
2021-08-15,E12000005,West Midlands,5961929,2411.0,2744.285714285714,12.0,3033.0,9099.0,3893719.0,-2.0,0.98,0.42857142857142855,1.0042857142857142,-3.7142857142857144,-0.42857142857142855
2021-08-16,E12000005,West Midlands,5961929,3149.0,2745.0,7.0,2488.0,11226.0,3896207.0,-37.57142857142857,0.6242857142857143,-16.285714285714285,0.8371428571428572,5.142857142857143,6.857142857142857
2021-08-17,E12000005,West Midlands,5961929,3178.0,2791.4285714285716,9.0,2450.0,11069.0,3898657.0,-36.0,0.64,-25.428571428571427,0.7457142857142858,3.5714285714285716,8.0
2021-08-18,E12000005,West Midlands,5961929,3240.0,2816.4285714285716,9.0,4352.0,13413.0,3903009.0,-35.714285714285715,0.6428571428571428,-24.428571428571427,0.7557142857142858,2.857142857142857,7.571428571428571
2021-08-19,E12000005,West Midlands,5961929,3047.0,2831.714285714286,9.0,5311.0,15700.0,3908320.0,-36.285714285714285,0.6371428571428572,-21.857142857142858,0.7814285714285714,3.7142857142857144,7.714285714285714
2021-08-20,E12000005,West Midlands,5961929,2737.0,2869.714285714286,11.0,5063.0,14204.0,3913383.0,-36.0,0.64,-9.142857142857142,0.9085714285714286,-1.5714285714285714,6.0
2021-08-21,E12000005,West Midlands,5961929,2577.0,2905.5714285714284,10.0,6943.0,17908.0,3920326.0,-10.0,0.9,-8.857142857142858,0.9114285714285715,-14.428571428571429,1.4285714285714286
2021-08-22,E12000005,West Midlands,5961929,2486.0,2916.285714285714,17.0,3545.0,8958.0,3923871.0,-1.2857142857142858,0.9871428571428571,2.4285714285714284,1.0242857142857142,-3.4285714285714284,-0.14285714285714285
2021-08-23,E12000005,West Midlands,5961929,3281.0,2935.1428571428573,16.0,4136.0,10834.0,3928007.0,-37.142857142857146,0.6285714285714286,-15.714285714285714,0.8428571428571429,6.142857142857143,6.714285714285714
2021-08-24,E12000005,West Midlands,5961929,3078.0,2920.8571428571427,12.0,5202.0,11384.0,3933209.0,-35.42857142857143,0.6457142857142857,-23.571428571428573,0.7642857142857142,4.428571428571429,7.571428571428571
2021-08-25,E12000005,West Midlands,5961929,3057.0,2894.714285714286,14.0,4356.0,11823.0,3937565.0,-36.57142857142857,0.6342857142857143,-22.857142857142858,0.7714285714285715,5.0,7.428571428571429
2021-08-26,E12000005,West Midlands,5961929,2928.0,2877.714285714286,12.0,5159.0,12996.0,3942724.0,-37.0,0.63,-18.714285714285715,0.8128571428571428,10.0,6.714285714285714
2021-08-27,E12000005,West Midlands,5961929,2667.0,2867.714285714286,19.0,3750.0,11487.0,3946474.0,-37.57142857142857,0.6242857142857143,-9.142857142857142,0.9085714285714286,2.2857142857142856,5.285714285714286
2021-08-28,E12000005,West Midlands,5961929,2211.0,2815.4285714285716,17.0,3445.0,12824.0,3949919.0,-9.714285714285714,0.9028571428571428,-1.5714285714285714,0.9842857142857143,-8.142857142857142,-1.0
2021-08-29,E12000005,West Midlands,5961929,2173.0,2770.714285714286,13.0,2237.0,6910.0,3952156.0,-3.0,0.97,-3.0,0.97,6.571428571428571,-1.8571428571428572
2021-08-30,E12000005,West Midlands,5961929,2790.0,2700.5714285714284,18.0,1584.0,4705.0,3953740.0,-71.57142857142857,0.28428571428571425,-26.571428571428573,0.7342857142857142,10.0,13.0
2021-08-31,E12000005,West Midlands,5961929,3589.0,2773.5714285714284,10.0,3270.0,9696.0,3957010.0,-34.714285714285715,0.6528571428571428,-22.428571428571427,0.7757142857142857,6.571428571428571,7.714285714285714
2021-09-01,E12000005,West Midlands,5961929,3354.0,2816.0,20.0,4273.0,9903.0,3961283.0,-33.57142857142857,0.6642857142857144,-25.428571428571427,0.7457142857142858,4.0,8.0
2021-09-02,E12000005,West Midlands,5961929,3182.0,2852.285714285714,19.0,3834.0,10639.0,3965117.0,-30.714285714285715,0.6928571428571428,-24.857142857142858,0.7514285714285714,4.428571428571429,7.142857142857143
2021-09-03,E12000005,West Midlands,5961929,3165.0,2923.4285714285716,13.0,2881.0,9087.0,3967998.0,-29.428571428571427,0.7057142857142857,-15.0,0.85,-0.14285714285714285,5.714285714285714
2021-09-04,E12000005,West Midlands,5961929,2658.0,2987.285714285714,12.0,4148.0,12800.0,3972146.0,-5.571428571428571,0.9442857142857143,-12.142857142857142,0.8785714285714286,-7.142857142857143,0.14285714285714285
2021-09-05,E12000005,West Midlands,5961929,2649.0,3055.285714285714,11.0,1694.0,6199.0,3973840.0,0.5714285714285714,1.0057142857142858,-9.142857142857142,0.9085714285714286,1.2857142857142858,-0.42857142857142855
2021-09-06,E12000005,West Midlands,5961929,3700.0,3185.285714285714,10.0,1847.0,6299.0,3975687.0,-28.0,0.72,-19.571428571428573,0.8042857142857143,4.285714285714286,5.428571428571429
2021-09-07,E12000005,West Midlands,5961929,3357.0,3152.1428571428573,19.0,1908.0,6876.0,3977595.0,-25.571428571428573,0.7442857142857142,-22.142857142857142,0.7785714285714286,2.142857142857143,5.571428571428571
2021-09-08,E12000005,West Midlands,5961929,3012.0,3103.285714285714,16.0,2187.0,6247.0,3979782.0,-26.285714285714285,0.7371428571428571,-21.142857142857142,0.7885714285714286,-0.8571428571428571,5.571428571428571
2021-09-09,E12000005,West Midlands,5961929,2968.0,3072.714285714286,14.0,2394.0,8493.0,3982176.0,-26.428571428571427,0.7357142857142858,-22.571428571428573,0.7742857142857142,-4.0,6.285714285714286
2021-09-10,E12000005,West Midlands,5961929,2619.0,2994.714285714286,15.0,2170.0,6877.0,3984346.0,-25.428571428571427,0.7457142857142858,-9.428571428571429,0.9057142857142857,-3.857142857142857,4.428571428571429
2021-09-11,E12000005,West Midlands,5961929,2078.0,2911.8571428571427,11.0,2670.0,9140.0,3987016.0,-5.142857142857143,0.9485714285714286,-7.857142857142857,0.9214285714285715,-6.285714285714286,0.0
2021-09-12,E12000005,West Midlands,5961929,2082.0,2830.8571428571427,18.0,1213.0,4408.0,3988229.0,0.5714285714285714,1.0057142857142858,-6.0,0.94,-1.4285714285714286,0.14285714285714285
2021-09-13,E12000005,West Midlands,5961929,3071.0,2741.0,11.0,1567.0,5070.0,3989796.0,-26.428571428571427,0.7357142857142858,-15.0,0.85,-1.1428571428571428,5.142857142857143
2021-09-14,E12000005,West Midlands,5961929,2892.0,2674.5714285714284,15.0,2050.0,5530.0,3991846.0,-25.857142857142858,0.7414285714285714,-22.142857142857142,0.7785714285714286,-4.571428571428571,6.571428571428571
2021-09-15,E12000005,West Midlands,5961929,2787.0,2642.4285714285716,15.0,2083.0,5069.0,3993929.0,-26.571428571428573,0.7342857142857142,-18.714285714285715,0.8128571428571428,1.2857142857142858,4.714285714285714
2021-09-16,E12000005,West Midlands,5961929,2863.0,2627.4285714285716,9.0,2223.0,5914.0,3996152.0,-27.857142857142858,0.7214285714285714,-18.285714285714285,0.8171428571428572,-0.7142857142857143,4.714285714285714
2021-09-17,E12000005,West Midlands,5961929,2808.0,2654.4285714285716,18.0,1752.0,5710.0,3997904.0,-27.857142857142858,0.7214285714285714,-9.142857142857142,0.9085714285714286,-3.142857142857143,4.142857142857143
2021-09-18,E12000005,West Midlands,5961929,2625.0,2732.5714285714284,14.0,2621.0,7684.0,4000525.0,-8.428571428571429,0.9157142857142857,-5.142857142857143,0.9485714285714286,-8.0,-0.14285714285714285
2021-09-19,E12000005,West Midlands,5961929,3227.0,2896.1428571428573,6.0,1196.0,3562.0,4001721.0,-3.0,0.97,-4.714285714285714,0.9528571428571428,-3.857142857142857,0.2857142857142857
2021-09-20,E12000005,West Midlands,5961929,4198.0,3057.1428571428573,10.0,1540.0,3696.0,4003261.0,-27.428571428571427,0.7257142857142858,-14.857142857142858,0.8514285714285714,-0.2857142857142857,4.714285714285714
2021-09-21,E12000005,West Midlands,5961929,3888.0,3199.4285714285716,13.0,1725.0,4097.0,4004986.0,-25.285714285714285,0.7471428571428571,-20.142857142857142,0.7985714285714286,-2.7142857142857144,5.571428571428571
2021-09-22,E12000005,West Midlands,5961929,3757.0,3338.0,9.0,1814.0,3923.0,4006800.0,-25.0,0.75,-20.571428571428573,0.7942857142857143,-3.0,5.428571428571429
2021-09-23,E12000005,West Midlands,5961929,3770.0,3467.5714285714284,10.0,1672.0,3712.0,4008472.0,-25.571428571428573,0.7442857142857142,-19.714285714285715,0.8028571428571428,-1.7142857142857142,5.428571428571429
2021-09-24,E12000005,West Midlands,5961929,3345.0,3544.285714285714,9.0,1719.0,3768.0,4010191.0,-25.571428571428573,0.7442857142857142,-8.571428571428571,0.9142857142857143,-3.0,3.7142857142857144
2021-09-25,E12000005,West Midlands,5961929,3030.0,3602.1428571428573,15.0,1992.0,4523.0,4012183.0,-7.285714285714286,0.9271428571428572,-7.142857142857143,0.9285714285714286,-9.571428571428571,0.0
2021-09-26,E12000005,West Midlands,5961929,3390.0,3625.4285714285716,5.0,878.0,1983.0,4013061.0,-1.5714285714285714,0.9842857142857143,-2.4285714285714284,0.9757142857142858,-5.0,0.0
2021-09-27,E12000005,West Midlands,5961929,4236.0,3630.8571428571427,12.0,2106.0,2489.0,4015167.0,-27.0,0.73,-17.571428571428573,0.8242857142857143,-7.0,6.285714285714286
2021-09-28,E12000005,West Midlands,5961929,3636.0,3594.8571428571427,13.0,2575.0,2989.0,4017742.0,-25.714285714285715,0.7428571428571429,-25.0,0.75,-11.142857142857142,7.428571428571429
2021-09-29,E12000005,West Midlands,5961929,3560.0,3566.714285714286,7.0,2749.0,2740.0,4020491.0,-27.0,0.73,-23.714285714285715,0.7628571428571429,-6.571428571428571,6.0
2021-09-30,E12000005,West Midlands,5961929,3544.0,3534.4285714285716,7.0,2557.0,2881.0,4023048.0,-27.428571428571427,0.7257142857142858,-24.714285714285715,0.7528571428571429,-4.857142857142857,6.714285714285714
2021-10-01,E12000005,West Midlands,5961929,3000.0,3485.1428571428573,11.0,3334.0,2787.0,4026382.0,-26.285714285714285,0.7371428571428571,-13.857142857142858,0.8614285714285714,-2.5714285714285716,4.857142857142857
2021-10-02,E12000005,West Midlands,5961929,2787.0,3450.4285714285716,10.0,2224.0,3183.0,4028606.0,-10.428571428571429,0.8957142857142857,-21.285714285714285,0.7871428571428571,-13.714285714285714,2.857142857142857
2021-10-03,E12000005,West Midlands,5961929,3450.0,3459.0,4.0,1002.0,1869.0,4029608.0,-2.857142857142857,0.9714285714285714,-15.285714285714286,0.8471428571428572,-4.857142857142857,1.0
2021-10-04,E12000005,West Midlands,5961929,4112.0,3441.285714285714,9.0,2872.0,2283.0,4032480.0,-26.285714285714285,0.7371428571428571,-22.0,0.78,-5.714285714285714,5.714285714285714
2021-10-05,E12000005,West Midlands,5961929,3956.0,3487.0,11.0,3685.0,2574.0,4036165.0,-25.142857142857142,0.7485714285714286,-27.428571428571427,0.7257142857142858,-7.714285714285714,6.571428571428571
2021-10-06,E12000005,West Midlands,5961929,4052.0,3557.285714285714,14.0,3623.0,2325.0,4039788.0,-25.428571428571427,0.7457142857142858,-24.571428571428573,0.7542857142857142,-4.428571428571429,5.857142857142857
2021-10-07,E12000005,West Midlands,5961929,4010.0,3623.8571428571427,8.0,3738.0,2556.0,4043526.0,-25.571428571428573,0.7442857142857142,-24.142857142857142,0.7585714285714286,-3.5714285714285716,5.714285714285714
2021-10-08,E12000005,West Midlands,5961929,3478.0,3692.1428571428573,16.0,3524.0,2808.0,4047050.0,-25.0,0.75,-16.428571428571427,0.8357142857142857,-5.0,4.571428571428571
2021-10-09,E12000005,West Midlands,5961929,2987.0,3720.714285714286,10.0,2771.0,4080.0,4049821.0,-7.142857142857143,0.9285714285714286,-18.857142857142858,0.8114285714285714,-8.0,1.0
2021-10-10,E12000005,West Midlands,5961929,3524.0,3731.285714285714,7.0,1225.0,1920.0,4051046.0,-2.142857142857143,0.9785714285714285,-13.0,0.87,-2.7142857142857144,0.42857142857142855
2021-10-11,E12000005,West Midlands,5961929,4621.0,3804.0,10.0,4138.0,2050.0,4055184.0,-25.0,0.75,-22.571428571428573,0.7742857142857142,-4.571428571428571,5.428571428571429
2021-10-12,E12000005,West Midlands,5961929,4372.0,3863.4285714285716,14.0,4184.0,2265.0,4059368.0,-23.285714285714285,0.7671428571428571,-26.714285714285715,0.7328571428571429,-6.428571428571429,5.857142857142857
2021-10-13,E12000005,West Midlands,5961929,4200.0,3884.5714285714284,7.0,4301.0,1949.0,4063669.0,-24.428571428571427,0.7557142857142858,-26.0,0.74,-7.0,5.714285714285714
2021-10-14,E12000005,West Midlands,5961929,4296.0,3925.4285714285716,13.0,4417.0,2423.0,4068086.0,-24.571428571428573,0.7542857142857142,-24.714285714285715,0.7528571428571429,-5.571428571428571,5.571428571428571
2021-10-15,E12000005,West Midlands,5961929,3705.0,3957.8571428571427,14.0,3825.0,2607.0,4071911.0,-24.428571428571427,0.7557142857142858,-15.142857142857142,0.8485714285714285,-4.428571428571429,4.571428571428571
2021-10-16,E12000005,West Midlands,5961929,3251.0,3995.5714285714284,14.0,2127.0,3692.0,4074038.0,-7.428571428571429,0.9257142857142857,-16.714285714285715,0.8328571428571429,-7.0,1.0
2021-10-17,E12000005,West Midlands,5961929,3870.0,4045.0,14.0,1135.0,1653.0,4075173.0,-3.5714285714285716,0.9642857142857143,-17.285714285714285,0.8271428571428572,-7.285714285714286,1.5714285714285714
2021-10-18,E12000005,West Midlands,5961929,5053.0,4106.714285714285,12.0,4781.0,1731.0,4079954.0,-25.571428571428573,0.7442857142857142,-22.714285714285715,0.7728571428571429,-7.142857142857143,6.142857142857143
2021-10-19,E12000005,West Midlands,5961929,4649.0,4146.285714285715,12.0,4364.0,1945.0,4084318.0,-24.0,0.76,-27.0,0.73,-6.714285714285714,6.571428571428571
2021-10-20,E12000005,West Midlands,5961929,4492.0,4188.0,16.0,4652.0,2025.0,4088970.0,-25.571428571428573,0.7442857142857142,-27.428571428571427,0.7257142857142858,-8.285714285714286,7.0
2021-10-21,E12000005,West Midlands,5961929,3736.0,4108.0,9.0,4740.0,2178.0,4093710.0,-25.0,0.75,-23.857142857142858,0.7614285714285715,-2.142857142857143,5.714285714285714
2021-10-22,E12000005,West Midlands,5961929,3454.0,4072.1428571428573,14.0,4382.0,2390.0,4098092.0,-26.571428571428573,0.7342857142857142,-15.142857142857142,0.8485714285714285,-5.142857142857143,5.428571428571429
2021-10-23,E12000005,West Midlands,5961929,2840.0,4013.4285714285716,15.0,2670.0,3306.0,4100762.0,-9.571428571428571,0.9042857142857142,-12.857142857142858,0.8714285714285714,-9.857142857142858,1.0
2021-10-24,E12000005,West Midlands,5961929,2950.0,3882.0,14.0,1612.0,1456.0,4102374.0,-5.285714285714286,0.9471428571428572,-14.714285714285714,0.8528571428571429,-7.714285714285714,1.5714285714285714
2021-10-25,E12000005,West Midlands,5961929,3832.0,3707.5714285714284,14.0,1843.0,1847.0,4104217.0,-37.0,0.63,-22.428571428571427,0.7757142857142857,3.7142857142857144,6.714285714285714
2021-10-26,E12000005,West Midlands,5961929,3311.0,3516.4285714285716,23.0,3323.0,1941.0,4107540.0,-35.42857142857143,0.6457142857142857,-26.857142857142858,0.7314285714285714,2.2857142857142856,7.571428571428571
2021-10-27,E12000005,West Midlands,5961929,3824.0,3421.0,9.0,4200.0,1868.0,4111740.0,-36.57142857142857,0.6342857142857143,-25.142857142857142,0.7485714285714286,3.857142857142857,7.285714285714286
2021-10-28,E12000005,West Midlands,5961929,3567.0,3396.8571428571427,19.0,3489.0,2047.0,4115229.0,-36.857142857142854,0.6314285714285715,-25.0,0.75,4.0,7.571428571428571
2021-10-29,E12000005,West Midlands,5961929,3291.0,3373.5714285714284,13.0,3388.0,2069.0,4118617.0,-36.57142857142857,0.6342857142857143,-16.428571428571427,0.8357142857142857,-0.42857142857142855,6.714285714285714
2021-10-30,E12000005,West Midlands,5961929,2941.0,3388.0,16.0,3057.0,2586.0,4121674.0,-11.142857142857142,0.8885714285714286,-14.285714285714286,0.8571428571428571,-8.714285714285714,1.0
2021-10-31,E12000005,West Midlands,5961929,2983.0,3392.714285714286,16.0,2725.0,1438.0,4124399.0,-5.857142857142857,0.9414285714285714,-12.142857142857142,0.8785714285714286,-8.571428571428571,1.5714285714285714
2021-11-01,E12000005,West Midlands,5961929,4019.0,3419.4285714285716,13.0,4038.0,1577.0,4128437.0,-25.285714285714285,0.7471428571428571,-24.142857142857142,0.7585714285714286,-5.571428571428571,6.428571428571429
2021-11-02,E12000005,West Midlands,5961929,3096.0,3388.714285714286,17.0,4410.0,1609.0,4132847.0,-22.0,0.78,-26.428571428571427,0.7357142857142858,-4.285714285714286,6.142857142857143
2021-11-03,E12000005,West Midlands,5961929,3003.0,3271.4285714285716,8.0,4415.0,1766.0,4137262.0,-23.428571428571427,0.7657142857142858,-26.0,0.74,-5.571428571428571,6.142857142857143
2021-11-04,E12000005,West Midlands,5961929,2887.0,3174.285714285714,13.0,4837.0,1767.0,4142099.0,-24.0,0.76,-24.428571428571427,0.7557142857142858,-3.142857142857143,6.0
2021-11-05,E12000005,West Midlands,5961929,2407.0,3048.0,19.0,4300.0,1903.0,4146399.0,-23.571428571428573,0.7642857142857142,-16.571428571428573,0.8342857142857143,-3.4285714285714284,5.142857142857143
2021-11-06,E12000005,West Midlands,5961929,2464.0,2979.8571428571427,10.0,3401.0,2769.0,4149800.0,-8.428571428571429,0.9157142857142857,-17.285714285714285,0.8271428571428572,-9.285714285714286,1.8571428571428572
2021-11-07,E12000005,West Midlands,5961929,2752.0,2946.8571428571427,21.0,2786.0,1251.0,4152586.0,-4.428571428571429,0.9557142857142857,-13.571428571428571,0.8642857142857143,-3.2857142857142856,1.0
2021-11-08,E12000005,West Midlands,5961929,3789.0,2914.0,11.0,3198.0,1796.0,4155784.0,-23.714285714285715,0.7628571428571429,-23.571428571428573,0.7642857142857142,-5.428571428571429,6.142857142857143
2021-11-09,E12000005,West Midlands,5961929,3363.0,2952.1428571428573,13.0,4538.0,1919.0,4160322.0,-21.428571428571427,0.7857142857142857,-25.714285714285715,0.7428571428571429,-4.714285714285714,6.142857142857143
2021-11-10,E12000005,West Midlands,5961929,3617.0,3039.8571428571427,12.0,4550.0,2055.0,4164872.0,-23.285714285714285,0.7671428571428571,-25.428571428571427,0.7457142857142858,-5.857142857142857,6.142857142857143
2021-11-11,E12000005,West Midlands,5961929,3303.0,3099.285714285714,20.0,3630.0,2369.0,4168502.0,-23.142857142857142,0.7685714285714286,-24.285714285714285,0.7571428571428571,-3.857142857142857,6.142857142857143
2021-11-12,E12000005,West Midlands,5961929,3080.0,3195.4285714285716,12.0,3364.0,1967.0,4171866.0,-23.714285714285715,0.7628571428571429,-17.285714285714285,0.8271428571428572,-5.857142857142857,5.714285714285714
2021-11-13,E12000005,West Midlands,5961929,2588.0,3213.1428571428573,12.0,3055.0,2766.0,4174921.0,-8.0,0.92,-11.571428571428571,0.8842857142857143,-6.285714285714286,1.7142857142857142
2021-11-14,E12000005,West Midlands,5961929,3022.0,3251.714285714286,13.0,1799.0,1161.0,4176720.0,-2.7142857142857144,0.9728571428571429,-8.857142857142858,0.9114285714285715,-1.8571428571428572,1.0
2021-11-15,E12000005,West Midlands,5961929,4234.0,3315.285714285714,7.0,2465.0,1603.0,4179185.0,-23.857142857142858,0.7614285714285715,-22.857142857142858,0.7714285714285715,-4.428571428571429,6.0
2021-11-16,E12000005,West Midlands,5961929,4101.0,3420.714285714286,18.0,2396.0,1855.0,4181581.0,-21.571428571428573,0.7842857142857143,-25.714285714285715,0.7428571428571429,-5.571428571428571,6.142857142857143
2021-11-17,E12000005,West Midlands,5961929,3966.0,3470.5714285714284,7.0,3219.0,2049.0,4184800.0,-22.714285714285715,0.7728571428571429,-23.857142857142858,0.7614285714285715,-4.0,6.142857142857143
2021-11-18,E12000005,West Midlands,5961929,3777.0,3538.285714285714,11.0,2314.0,2038.0,4187114.0,-23.0,0.77,-23.428571428571427,0.7657142857142858,-2.2857142857142856,6.142857142857143
2021-11-19,E12000005,West Midlands,5961929,3510.0,3599.714285714286,14.0,2485.0,1800.0,4189599.0,-23.142857142857142,0.7685714285714286,-16.142857142857142,0.8385714285714285,-3.142857142857143,5.285714285714286
2021-11-20,E12000005,West Midlands,5961929,3022.0,3661.714285714286,12.0,2569.0,2529.0,4192168.0,-7.714285714285714,0.9228571428571428,-11.0,0.89,-5.428571428571429,1.4285714285714286
2021-11-21,E12000005,West Midlands,5961929,3170.0,3682.8571428571427,11.0,1093.0,1200.0,4193261.0,-3.857142857142857,0.9614285714285714,-8.571428571428571,0.9142857142857143,-0.7142857142857143,1.1428571428571428
2021-11-22,E12000005,West Midlands,5961929,4200.0,3678.0,16.0,1895.0,1698.0,4195156.0,-23.571428571428573,0.7642857142857142,-24.142857142857142,0.7585714285714286,-2.857142857142857,6.142857142857143
2021-11-23,E12000005,West Midlands,5961929,3800.0,3635.0,14.0,2287.0,1899.0,4197443.0,-21.714285714285715,0.7828571428571428,-26.285714285714285,0.7371428571428571,-4.428571428571429,6.285714285714286
2021-11-24,E12000005,West Midlands,5961929,3846.0,3617.8571428571427,8.0,2388.0,2233.0,4199831.0,-23.285714285714285,0.7671428571428571,-24.857142857142858,0.7514285714285714,-3.142857142857143,6.285714285714286
2021-11-25,E12000005,West Midlands,5961929,3509.0,3579.5714285714284,15.0,2444.0,2413.0,4202275.0,-23.428571428571427,0.7657142857142858,-23.142857142857142,0.7685714285714286,0.14285714285714285,6.0
2021-11-26,E12000005,West Midlands,5961929,3183.0,3532.8571428571427,17.0,1977.0,2513.0,4204252.0,-25.0,0.75,-17.285714285714285,0.8271428571428572,-2.857142857142857,6.142857142857143
2021-11-27,E12000005,West Midlands,5961929,2409.0,3445.285714285714,9.0,2251.0,3518.0,4206503.0,-11.571428571428571,0.8842857142857143,-25.428571428571427,0.7457142857142858,-14.857142857142858,4.142857142857143
2021-11-28,E12000005,West Midlands,5961929,3134.0,3440.1428571428573,8.0,1564.0,2303.0,4208067.0,-4.571428571428571,0.9542857142857143,-12.571428571428571,0.8742857142857143,-6.428571428571429,2.142857142857143
2021-11-29,E12000005,West Midlands,5961929,4409.0,3470.0,16.0,1850.0,2585.0,4209917.0,-26.285714285714285,0.7371428571428571,-25.428571428571427,0.7457142857142858,-4.714285714285714,7.571428571428571
2021-11-30,E12000005,West Midlands,5961929,4381.0,3553.0,8.0,2116.0,3068.0,4212033.0,-21.428571428571427,0.7857142857142857,-26.571428571428573,0.7342857142857142,0.8571428571428571,6.142857142857143
2021-12-01,E12000005,West Midlands,5961929,4099.0,3589.1428571428573,8.0,2144.0,3153.0,4214177.0,-23.142857142857142,0.7685714285714286,-28.285714285714285,0.7171428571428571,-3.5714285714285716,6.571428571428571
2021-12-02,E12000005,West Midlands,5961929,3779.0,3627.714285714286,8.0,1975.0,3193.0,4216152.0,-23.142857142857142,0.7685714285714286,-26.142857142857142,0.7385714285714287,0.7142857142857143,6.285714285714286
2021-12-03,E12000005,West Midlands,5961929,3586.0,3685.285714285714,13.0,2407.0,2929.0,4218559.0,-23.428571428571427,0.7657142857142858,-18.285714285714285,0.8171428571428572,-0.5714285714285714,5.714285714285714
2021-12-04,E12000005,West Midlands,5961929,3165.0,3793.285714285714,15.0,2555.0,3845.0,4221114.0,-7.428571428571429,0.9257142857142857,-12.0,0.88,-6.428571428571429,1.8571428571428572
2021-12-05,E12000005,West Midlands,5961929,3252.0,3810.1428571428573,10.0,1212.0,2129.0,4222326.0,-2.7142857142857144,0.9728571428571429,-12.857142857142858,0.8714285714285714,-1.5714285714285714,1.4285714285714286
2021-12-06,E12000005,West Midlands,5961929,4877.0,3877.0,16.0,1519.0,2362.0,4223845.0,-24.428571428571427,0.7557142857142858,-26.142857142857142,0.7385714285714287,-2.7142857142857144,6.571428571428571
2021-12-07,E12000005,West Midlands,5961929,4421.0,3882.714285714286,9.0,1649.0,2476.0,4225494.0,-21.428571428571427,0.7857142857142857,-31.285714285714285,0.6871428571428572,-7.857142857142857,7.571428571428571
2021-12-08,E12000005,West Midlands,5961929,4432.0,3930.285714285714,12.0,1658.0,2624.0,4227152.0,-22.0,0.78,-28.857142857142858,0.7114285714285714,-3.7142857142857144,7.142857142857143
2021-12-09,E12000005,West Midlands,5961929,4288.0,4003.0,18.0,2096.0,3408.0,4229248.0,-21.285714285714285,0.7871428571428571,-25.714285714285715,0.7428571428571429,1.5714285714285714,6.0
2021-12-10,E12000005,West Midlands,5961929,3896.0,4047.285714285714,9.0,2113.0,3203.0,4231361.0,-21.714285714285715,0.7828571428571428,-19.285714285714285,0.8071428571428572,0.14285714285714285,5.428571428571429
2021-12-11,E12000005,West Midlands,5961929,3361.0,4075.285714285714,8.0,2417.0,4033.0,4233778.0,-4.857142857142857,0.9514285714285714,-14.857142857142858,0.8514285714285714,-6.571428571428571,1.8571428571428572
2021-12-12,E12000005,West Midlands,5961929,3471.0,4106.571428571428,11.0,2208.0,2689.0,4235986.0,0.0,1.0,-14.285714285714286,0.8571428571428571,-1.2857142857142858,1.4285714285714286
2021-12-13,E12000005,West Midlands,5961929,5488.0,4193.857142857143,7.0,2132.0,2693.0,4238118.0,-24.142857142857142,0.7585714285714286,-28.285714285714285,0.7171428571428571,1.1428571428571428,6.857142857142857
2021-12-14,E12000005,West Midlands,5961929,5798.0,4390.571428571428,6.0,2308.0,3437.0,4240426.0,-22.142857142857142,0.7785714285714286,-29.142857142857142,0.7085714285714286,1.5714285714285714,7.0
2021-12-15,E12000005,West Midlands,5961929,6983.0,4755.0,17.0,2832.0,3550.0,4243258.0,-23.428571428571427,0.7657142857142858,-27.428571428571427,0.7257142857142858,6.714285714285714,6.714285714285714
2021-12-16,E12000005,West Midlands,5961929,6376.0,5053.285714285715,8.0,3064.0,4183.0,4246322.0,-24.142857142857142,0.7585714285714286,-27.285714285714285,0.7271428571428571,7.285714285714286,7.0
2021-12-17,E12000005,West Midlands,5961929,5873.0,5335.714285714285,13.0,3102.0,4214.0,4249424.0,-25.0,0.75,-22.285714285714285,0.7771428571428571,3.0,6.857142857142857
2021-12-18,E12000005,West Midlands,5961929,5179.0,5595.428571428572,6.0,4003.0,4519.0,4253427.0,-4.428571428571429,0.9557142857142857,-18.285714285714285,0.8171428571428572,-7.142857142857143,2.2857142857142856
2021-12-19,E12000005,West Midlands,5961929,5521.0,5888.285714285715,11.0,3116.0,3538.0,4256543.0,2.7142857142857144,1.0271428571428571,-19.142857142857142,0.8085714285714286,0.0,1.5714285714285714
2021-12-20,E12000005,West Midlands,5961929,8590.0,6331.428571428572,12.0,3417.0,4502.0,4259960.0,-36.285714285714285,0.6371428571428572,-29.428571428571427,0.7057142857142857,13.857142857142858,8.857142857142858
2021-12-21,E12000005,West Midlands,5961929,9965.0,6926.714285714285,6.0,3285.0,4761.0,4263245.0,-36.142857142857146,0.6385714285714286,-30.857142857142858,0.6914285714285715,15.142857142857142,9.285714285714286
2021-12-22,E12000005,West Midlands,5961929,11457.0,7565.857142857143,15.0,3341.0,4486.0,4266586.0,-39.285714285714285,0.6071428571428572,-28.714285714285715,0.7128571428571429,16.428571428571427,9.571428571428571
2021-12-23,E12000005,West Midlands,5961929,11646.0,8318.714285714286,5.0,2558.0,3548.0,4269144.0,-45.857142857142854,0.5414285714285715,-25.285714285714285,0.7471428571428571,24.0,10.571428571428571
2021-12-24,E12000005,West Midlands,5961929,10556.0,8987.714285714286,15.0,1018.0,1090.0,4270162.0,-61.57142857142857,0.38428571428571434,-40.714285714285715,0.5928571428571429,-7.142857142857143,15.571428571428571
2021-12-25,E12000005,West Midlands,5961929,5730.0,9066.42857142857,8.0,42.0,38.0,4270204.0,-64.42857142857143,0.35571428571428565,-75.0,0.25,-85.0,9.857142857142858
2021-12-26,E12000005,West Midlands,5961929,9256.0,9600.0,13.0,125.0,118.0,4270329.0,-35.285714285714285,0.6471428571428571,-51.0,0.49,-42.57142857142857,3.0
2021-12-27,E12000005,West Midlands,5961929,15891.0,10643.0,11.0,1722.0,1747.0,4272051.0,-77.71428571428571,0.22285714285714286,-40.857142857142854,0.5914285714285714,-6.142857142857143,18.285714285714285
2021-12-28,E12000005,West Midlands,5961929,17572.0,11729.714285714286,13.0,2296.0,2308.0,4274347.0,-74.71428571428571,0.2528571428571429,-45.57142857142857,0.5442857142857143,-2.5714285714285716,19.857142857142858
2021-12-29,E12000005,West Midlands,5961929,22524.0,13310.714285714286,14.0,3196.0,3835.0,4277543.0,-64.28571428571429,0.3571428571428571,-41.57142857142857,0.5842857142857143,1.4285714285714286,17.571428571428573
2021-12-30,E12000005,West Midlands,5961929,19850.0,14482.714285714286,18.0,3205.0,3766.0,4280748.0,-63.714285714285715,0.3628571428571429,-40.285714285714285,0.5971428571428572,1.4285714285714286,17.857142857142858
2021-12-31,E12000005,West Midlands,5961929,15642.0,15209.285714285714,18.0,1253.0,1657.0,4282001.0,-64.71428571428571,0.35285714285714287,-47.0,0.53,-12.428571428571429,16.428571428571427
2022-01-01,E12000005,West Midlands,5961929,10889.0,15946.285714285714,15.0,176.0,186.0,4282177.0,-50.42857142857143,0.49571428571428566,-60.714285714285715,0.3928571428571428,-62.714285714285715,11.0
2022-01-02,E12000005,West Midlands,5961929,15907.0,16896.428571428572,18.0,1290.0,1842.0,4283467.0,-13.571428571428571,0.8642857142857143,-32.42857142857143,0.6757142857142857,-18.714285714285715,5.142857142857143
2022-01-03,E12000005,West Midlands,5961929,20782.0,17595.14285714286,17.0,1581.0,2088.0,4285048.0,-73.28571428571429,0.2671428571428571,-54.0,0.45999999999999996,-8.714285714285714,21.142857142857142
2022-01-04,E12000005,West Midlands,5961929,25390.0,18712.0,21.0,2152.0,2967.0,4287200.0,-31.0,0.69,-43.714285714285715,0.5628571428571428,-16.857142857142858,12.428571428571429
2022-01-05,E12000005,West Midlands,5961929,21156.0,18516.571428571428,18.0,2311.0,2732.0,4289511.0,-28.714285714285715,0.7128571428571429,-42.142857142857146,0.5785714285714285,-20.857142857142858,11.571428571428571
2022-01-06,E12000005,West Midlands,5961929,18100.0,18266.571428571428,29.0,2186.0,2482.0,4291697.0,-28.142857142857142,0.7185714285714286,-44.0,0.56,-24.142857142857142,12.285714285714286
2022-01-07,E12000005,West Midlands,5961929,12231.0,17779.285714285714,26.0,2138.0,2487.0,4293835.0,-25.857142857142858,0.7414285714285714,-40.285714285714285,0.5971428571428572,-21.857142857142858,11.285714285714286
2022-01-08,E12000005,West Midlands,5961929,9232.0,17542.571428571428,23.0,2697.0,3743.0,4296532.0,-11.285714285714286,0.8871428571428571,-44.42857142857143,0.5557142857142857,-25.857142857142858,7.714285714285714
2022-01-09,E12000005,West Midlands,5961929,9519.0,16630.0,28.0,1755.0,2308.0,4298287.0,-3.857142857142857,0.9614285714285714,-37.0,0.63,-18.857142857142858,4.857142857142857
2022-01-10,E12000005,West Midlands,5961929,13583.0,15601.57142857143,21.0,1513.0,1780.0,4299800.0,-24.857142857142858,0.7514285714285714,-37.42857142857143,0.6257142857142857,-16.714285714285715,9.285714285714286
2022-01-11,E12000005,West Midlands,5961929,11915.0,13676.57142857143,25.0,1557.0,2002.0,4301357.0,-23.571428571428573,0.7642857142857142,-38.142857142857146,0.6185714285714285,-16.285714285714285,9.142857142857142
2022-01-12,E12000005,West Midlands,5961929,10718.0,12185.42857142857,15.0,1749.0,2582.0,4303106.0,-24.714285714285715,0.7528571428571429,-36.857142857142854,0.6314285714285715,-17.0,9.0
2022-01-13,E12000005,West Midlands,5961929,10297.0,11070.714285714286,29.0,1850.0,2367.0,4304956.0,-24.571428571428573,0.7542857142857142,-38.0,0.62,-15.714285714285714,9.142857142857142
2022-01-14,E12000005,West Midlands,5961929,8779.0,10577.57142857143,29.0,1870.0,2603.0,4306826.0,-23.714285714285715,0.7628571428571429,-33.42857142857143,0.6657142857142857,-16.428571428571427,8.714285714285714
2022-01-15,E12000005,West Midlands,5961929,8069.0,10411.42857142857,30.0,2187.0,3525.0,4309013.0,-9.285714285714286,0.9071428571428571,-34.285714285714285,0.6571428571428571,-17.857142857142858,4.714285714285714
2022-01-16,E12000005,West Midlands,5961929,10537.0,10556.857142857143,27.0,1445.0,2250.0,4310458.0,-2.7142857142857144,0.9728571428571429,-33.285714285714285,0.6671428571428571,-17.285714285714285,3.2857142857142856
2022-01-17,E12000005,West Midlands,5961929,13962.0,10611.0,36.0,1528.0,2340.0,4311986.0,-24.142857142857142,0.7585714285714286,-33.42857142857143,0.6657142857142857,-14.428571428571429,7.714285714285714
2022-01-18,E12000005,West Midlands,5961929,12259.0,10660.142857142857,24.0,1519.0,2666.0,4313505.0,-23.0,0.77,-34.142857142857146,0.6585714285714286,-15.285714285714286,8.571428571428571
2022-01-19,E12000005,West Midlands,5961929,11599.0,10786.0,29.0,1498.0,2388.0,4315003.0,-23.857142857142858,0.7614285714285715,-32.285714285714285,0.6771428571428572,-14.571428571428571,8.428571428571429
2022-01-20,E12000005,West Midlands,5961929,10047.0,10750.285714285714,25.0,1645.0,2717.0,4316648.0,-24.0,0.76,-32.42857142857143,0.6757142857142857,-12.857142857142858,8.428571428571429
2022-01-21,E12000005,West Midlands,5961929,8796.0,10752.714285714286,28.0,1755.0,3147.0,4318403.0,-23.0,0.77,-27.714285714285715,0.7228571428571429,-14.285714285714286,8.142857142857142
2022-01-22,E12000005,West Midlands,5961929,8015.0,10745.0,27.0,1720.0,3643.0,4320123.0,-7.0,0.9299999999999999,-26.285714285714285,0.7371428571428571,-14.0,4.0
2022-01-23,E12000005,West Midlands,5961929,10140.0,10688.285714285714,28.0,935.0,2550.0,4321058.0,-3.5714285714285716,0.9642857142857143,-27.285714285714285,0.7271428571428571,-16.0,3.0
2022-01-24,E12000005,West Midlands,5961929,12238.0,10442.0,24.0,1202.0,2480.0,4322260.0,-23.571428571428573,0.7642857142857142,-30.142857142857142,0.6985714285714286,-14.142857142857142,7.714285714285714
2022-01-25,E12000005,West Midlands,5961929,10830.0,10237.857142857143,24.0,1319.0,2533.0,4323579.0,-22.428571428571427,0.7757142857142857,-31.142857142857142,0.6885714285714286,-12.714285714285714,8.0
2022-01-26,E12000005,West Midlands,5961929,10040.0,10015.142857142857,26.0,1314.0,2312.0,4324893.0,-23.714285714285715,0.7628571428571429,-30.428571428571427,0.6957142857142857,-11.571428571428571,7.857142857142857
2022-01-27,E12000005,West Midlands,5961929,8697.0,9822.285714285714,28.0,1628.0,2501.0,4326521.0,-23.428571428571427,0.7657142857142858,-31.0,0.69,-9.714285714285714,7.714285714285714
2022-01-28,E12000005,West Midlands,5961929,7310.0,9610.0,24.0,1735.0,3412.0,4328256.0,-22.285714285714285,0.7771428571428571,-25.0,0.75,-9.571428571428571,7.142857142857143
2022-01-29,E12000005,West Midlands,5961929,6230.0,9355.0,32.0,1554.0,3421.0,4329810.0,-6.428571428571429,0.9357142857142857,-23.714285714285715,0.7628571428571429,-10.428571428571429,3.0
2022-01-30,E12000005,West Midlands,5961929,7735.0,9011.42857142857,24.0,1044.0,2341.0,4330854.0,-2.142857142857143,0.9785714285714285,-21.285714285714285,0.7871428571428571,-7.714285714285714,2.0
2022-01-31,E12000005,West Midlands,5961929,8835.0,8525.285714285714,25.0,1144.0,2260.0,4331998.0,-23.142857142857142,0.7685714285714286,-28.428571428571427,0.7157142857142857,-11.142857142857142,7.142857142857143
2022-02-01,E12000005,West Midlands,5961929,7795.0,8091.714285714285,29.0,1045.0,2920.0,4333043.0,-21.0,0.79,-28.285714285714285,0.7171428571428571,-9.571428571428571,7.0
2022-02-02,E12000005,West Midlands,5961929,7106.0,7672.571428571428,33.0,1092.0,2789.0,4334135.0,-21.857142857142858,0.7814285714285714,-28.142857142857142,0.7185714285714286,-9.285714285714286,7.142857142857143
2022-02-03,E12000005,West Midlands,5961929,6321.0,7333.142857142857,19.0,1188.0,2899.0,4335323.0,-22.0,0.78,-28.142857142857142,0.7185714285714286,-7.714285714285714,6.857142857142857
2022-02-04,E12000005,West Midlands,5961929,4876.0,6985.428571428572,21.0,850.0,2239.0,4336173.0,-21.428571428571427,0.7857142857142857,-23.285714285714285,0.7671428571428571,-9.428571428571429,6.857142857142857
2022-02-05,E12000005,West Midlands,5961929,3935.0,6657.571428571428,21.0,1040.0,2495.0,4337213.0,-7.285714285714286,0.9271428571428572,-23.857142857142858,0.7614285714285715,-12.714285714285714,3.142857142857143
2022-02-06,E12000005,West Midlands,5961929,4701.0,6224.142857142857,34.0,452.0,1216.0,4337665.0,-3.2857142857142856,0.9671428571428572,-23.285714285714285,0.7671428571428571,-12.571428571428571,2.7142857142857144
2022-02-07,E12000005,West Midlands,5961929,5852.0,5798.0,16.0,767.0,2198.0,4338432.0,-21.285714285714285,0.7871428571428571,-26.142857142857142,0.7385714285714287,-10.285714285714286,6.285714285714286
2022-02-08,E12000005,West Midlands,5961929,5022.0,5401.857142857143,25.0,823.0,2410.0,4339255.0,-20.285714285714285,0.7971428571428572,-27.571428571428573,0.7242857142857142,-8.0,6.285714285714286
2022-02-09,E12000005,West Midlands,5961929,4547.0,5036.285714285715,16.0,945.0,2210.0,4340200.0,-21.857142857142858,0.7814285714285714,-26.714285714285715,0.7328571428571429,-9.714285714285714,6.428571428571429
2022-02-10,E12000005,West Midlands,5961929,3533.0,4638.0,17.0,936.0,2314.0,4341136.0,-21.857142857142858,0.7814285714285714,-25.571428571428573,0.7442857142857142,-7.142857142857143,6.285714285714286
2022-02-11,E12000005,West Midlands,5961929,3185.0,4396.428571428572,18.0,955.0,2234.0,4342091.0,-21.142857142857142,0.7885714285714286,-19.142857142857142,0.8085714285714286,-6.428571428571429,6.142857142857143
2022-02-12,E12000005,West Midlands,5961929,2519.0,4194.142857142857,14.0,1136.0,2518.0,4343227.0,-7.0,0.9299999999999999,-21.285714285714285,0.7871428571428571,-11.0,2.857142857142857
2022-02-13,E12000005,West Midlands,5961929,3114.0,3967.4285714285716,15.0,406.0,1028.0,4343633.0,-4.0,0.96,-23.714285714285715,0.7628571428571429,-14.285714285714286,3.0
2022-02-14,E12000005,West Midlands,5961929,3922.0,3691.714285714286,15.0,646.0,1717.0,4344279.0,-22.142857142857142,0.7785714285714286,-24.285714285714285,0.7571428571428571,-1.8571428571428572,6.428571428571429
2022-02-15,E12000005,West Midlands,5961929,3604.0,3489.1428571428573,9.0,662.0,1708.0,4344941.0,-21.0,0.79,-26.714285714285715,0.7328571428571429,-11.428571428571429,6.714285714285714
2022-02-16,E12000005,West Midlands,5961929,3423.0,3328.5714285714284,18.0,709.0,2105.0,4345650.0,-21.428571428571427,0.7857142857142857,-25.142857142857142,0.7485714285714286,-9.714285714285714,6.857142857142857
2022-02-17,E12000005,West Midlands,5961929,2925.0,3241.714285714286,21.0,763.0,2063.0,4346413.0,-21.428571428571427,0.7857142857142857,-22.285714285714285,0.7771428571428571,-5.857142857142857,6.142857142857143
2022-02-18,E12000005,West Midlands,5961929,2326.0,3119.0,18.0,719.0,1682.0,4347132.0,-27.0,0.73,-39.857142857142854,0.6014285714285714,-24.142857142857142,10.857142857142858
2022-02-19,E12000005,West Midlands,5961929,1901.0,3030.714285714286,19.0,832.0,1698.0,4347964.0,-8.142857142857142,0.9185714285714286,-23.714285714285715,0.7628571428571429,-17.714285714285715,3.5714285714285716
2022-02-20,E12000005,West Midlands,5961929,2113.0,2887.714285714286,17.0,413.0,1049.0,4348377.0,-5.571428571428571,0.9442857142857143,-25.571428571428573,0.7442857142857142,-18.285714285714285,3.142857142857143
2022-02-21,E12000005,West Midlands,5961929,2625.0,2702.4285714285716,15.0,635.0,1267.0,4349012.0,-34.0,0.6599999999999999,-30.428571428571427,0.6957142857142857,-8.142857142857142,8.428571428571429
2022-02-22,E12000005,West Midlands,5961929,2212.0,2503.5714285714284,12.0,621.0,1284.0,4349633.0,-31.428571428571427,0.6857142857142857,-27.428571428571427,0.7257142857142858,-2.2857142857142856,7.142857142857143
2022-02-23,E12000005,West Midlands,5961929,2192.0,2327.714285714286,15.0,701.0,1280.0,4350334.0,-32.57142857142857,0.6742857142857144,-26.0,0.74,-2.142857142857143,7.0
2022-02-24,E12000005,West Midlands,5961929,1863.0,2176.0,15.0,819.0,1489.0,4351153.0,-33.0,0.6699999999999999,-27.285714285714285,0.7271428571428571,-3.2857142857142856,7.428571428571429
2022-02-25,E12000005,West Midlands,5961929,1682.0,2084.0,14.0,624.0,1326.0,4351777.0,-32.57142857142857,0.6742857142857144,-19.714285714285715,0.8028571428571428,-2.2857142857142856,6.142857142857143
2022-02-26,E12000005,West Midlands,5961929,1489.0,2025.142857142857,11.0,646.0,1729.0,4352423.0,-7.428571428571429,0.9257142857142857,-18.571428571428573,0.8142857142857143,-9.428571428571429,1.0
2022-02-27,E12000005,West Midlands,5961929,1860.0,1989.0,13.0,274.0,839.0,4352697.0,-1.5714285714285714,0.9842857142857143,-12.571428571428571,0.8742857142857143,-4.571428571428571,0.0
2022-02-28,E12000005,West Midlands,5961929,2719.0,2002.4285714285713,15.0,586.0,1426.0,4353283.0,-22.0,0.78,-26.285714285714285,0.7371428571428571,-10.0,6.0
2022-03-01,E12000005,West Midlands,5961929,2565.0,2052.8571428571427,12.0,554.0,1456.0,4353837.0,-19.142857142857142,0.8085714285714286,-27.0,0.73,-9.0,5.571428571428571
2022-03-02,E12000005,West Midlands,5961929,2607.0,2112.1428571428573,9.0,513.0,1463.0,4354350.0,-21.285714285714285,0.7871428571428571,-29.428571428571427,0.7057142857142857,-14.285714285714286,6.285714285714286
2022-03-03,E12000005,West Midlands,5961929,2403.0,2189.285714285714,13.0,782.0,2116.0,4355132.0,-21.0,0.79,-28.428571428571427,0.7157142857142857,-10.714285714285714,6.142857142857143
2022-03-04,E12000005,West Midlands,5961929,2400.0,2291.8571428571427,9.0,605.0,1607.0,4355737.0,-20.571428571428573,0.7942857142857143,-23.571428571428573,0.7642857142857142,-8.571428571428571,5.285714285714286
2022-03-05,E12000005,West Midlands,5961929,2151.0,2386.4285714285716,16.0,487.0,1607.0,4356224.0,-6.571428571428571,0.9342857142857143,-20.428571428571427,0.7957142857142857,-9.142857142857142,1.2857142857142858
2022-03-06,E12000005,West Midlands,5961929,2769.0,2516.285714285714,14.0,229.0,803.0,4356453.0,-1.8571428571428572,0.9814285714285714,-18.857142857142858,0.8114285714285714,-8.285714285714286,0.7142857142857143
2022-03-07,E12000005,West Midlands,5961929,3891.0,2683.714285714286,9.0,427.0,1293.0,4356880.0,-20.857142857142858,0.7914285714285714,-26.571428571428573,0.7342857142857142,-10.428571428571429,5.285714285714286
2022-03-08,E12000005,West Midlands,5961929,4056.0,2896.714285714286,13.0,491.0,1464.0,4357371.0,-19.285714285714285,0.8071428571428572,-28.571428571428573,0.7142857142857142,-10.714285714285714,5.285714285714286
2022-03-09,E12000005,West Midlands,5961929,4138.0,3115.4285714285716,14.0,593.0,1401.0,4357964.0,-20.285714285714285,0.7971428571428572,-28.857142857142858,0.7114285714285714,-12.142857142857142,5.428571428571429
2022-03-10,E12000005,West Midlands,5961929,4282.0,3383.8571428571427,18.0,549.0,1610.0,4358513.0,-20.714285714285715,0.7928571428571428,-28.857142857142858,0.7114285714285714,-10.857142857142858,5.428571428571429
2022-03-11,E12000005,West Midlands,5961929,4094.0,3625.8571428571427,11.0,492.0,1306.0,4359005.0,-21.571428571428573,0.7842857142857143,-25.714285714285715,0.7428571428571429,-15.571428571428571,6.285714285714286
2022-03-12,E12000005,West Midlands,5961929,3818.0,3864.0,19.0,590.0,1712.0,4359595.0,-6.571428571428571,0.9342857142857143,-24.142857142857142,0.7585714285714286,-12.0,1.7142857142857142
2022-03-13,E12000005,West Midlands,5961929,4865.0,4163.428571428572,11.0,252.0,956.0,4359847.0,-3.4285714285714284,0.9657142857142857,-21.571428571428573,0.7842857142857143,-12.142857142857142,1.2857142857142858
2022-03-14,E12000005,West Midlands,5961929,6362.0,4516.428571428572,12.0,404.0,1482.0,4360251.0,-21.0,0.79,-27.142857142857142,0.7285714285714286,-11.0,5.285714285714286
2022-03-15,E12000005,West Midlands,5961929,6103.0,4808.857142857143,15.0,375.0,1178.0,4360626.0,-19.428571428571427,0.8057142857142857,-27.142857142857142,0.7285714285714286,-11.142857142857142,5.428571428571429
2022-03-16,E12000005,West Midlands,5961929,6058.0,5083.142857142857,15.0,402.0,1136.0,4361028.0,-21.428571428571427,0.7857142857142857,-31.428571428571427,0.6857142857142857,-17.714285714285715,6.857142857142857
2022-03-17,E12000005,West Midlands,5961929,5847.0,5306.714285714285,15.0,477.0,1559.0,4361505.0,-21.285714285714285,0.7871428571428571,-28.285714285714285,0.7171428571428571,-8.285714285714286,5.714285714285714
2022-03-18,E12000005,West Midlands,5961929,5199.0,5464.571428571428,16.0,493.0,1625.0,4361998.0,-22.285714285714285,0.7771428571428571,-21.142857142857142,0.7885714285714286,-9.0,5.142857142857143
2022-03-19,E12000005,West Midlands,5961929,4952.0,5626.571428571428,14.0,539.0,1611.0,4362537.0,-8.857142857142858,0.9114285714285715,-17.285714285714285,0.8271428571428572,-10.857142857142858,0.7142857142857143
2022-03-20,E12000005,West Midlands,5961929,5857.0,5768.285714285715,20.0,222.0,771.0,4362759.0,-4.857142857142857,0.9514285714285714,-12.142857142857142,0.8785714285714286,-7.857142857142857,0.0
2022-03-21,E12000005,West Midlands,5961929,8026.0,6006.0,20.0,428.0,1203.0,4363187.0,-21.714285714285715,0.7828571428571428,-27.285714285714285,0.7271428571428571,-12.285714285714286,6.0
2022-03-22,E12000005,West Midlands,5961929,7540.0,6211.285714285715,15.0,287.0,862.0,4363474.0,-20.142857142857142,0.7985714285714286,-28.571428571428573,0.7142857142857142,-9.285714285714286,5.571428571428571
2022-03-23,E12000005,West Midlands,5961929,7222.0,6377.571428571428,17.0,404.0,1289.0,4363878.0,-21.714285714285715,0.7828571428571428,-28.0,0.72,-8.857142857142858,5.285714285714286
2022-03-24,E12000005,West Midlands,5961929,6397.0,6456.142857142857,18.0,483.0,1217.0,4364361.0,-22.142857142857142,0.7785714285714286,-27.142857142857142,0.7285714285714286,-5.857142857142857,5.285714285714286
2022-03-25,E12000005,West Midlands,5961929,5683.0,6525.285714285715,21.0,384.0,1548.0,4364745.0,-22.857142857142858,0.7714285714285715,-20.285714285714285,0.7971428571428572,-4.285714285714286,4.285714285714286
2022-03-26,E12000005,West Midlands,5961929,4992.0,6531.0,23.0,475.0,1552.0,4365220.0,-8.428571428571429,0.9157142857142857,-14.857142857142858,0.8514285714285714,-6.857142857142857,-0.5714285714285714
2022-03-27,E12000005,West Midlands,5961929,5814.0,6524.857142857143,15.0,173.0,668.0,4365393.0,-3.857142857142857,0.9614285714285714,-6.857142857142857,0.9314285714285715,-5.428571428571429,-1.0
2022-03-28,E12000005,West Midlands,5961929,7616.0,6466.285714285715,20.0,303.0,977.0,4365696.0,-22.285714285714285,0.7771428571428571,-25.428571428571427,0.7457142857142858,-9.428571428571429,5.285714285714286
2022-03-29,E12000005,West Midlands,5961929,6789.0,6359.0,18.0,323.0,1101.0,4366019.0,-20.428571428571427,0.7957142857142857,-29.142857142857142,0.7085714285714286,-11.142857142857142,5.857142857142857
2022-03-30,E12000005,West Midlands,5961929,6161.0,6207.428571428572,17.0,368.0,1224.0,4366387.0,-21.714285714285715,0.7828571428571428,-31.428571428571427,0.6857142857142857,-14.714285714285714,6.571428571428571
2022-03-31,E12000005,West Midlands,5961929,4427.0,5926.0,19.0,366.0,1168.0,4366753.0,-22.0,0.78,-30.0,0.7,-10.142857142857142,6.142857142857143
2020-09-01,E12000003,Yorkshire and The Humber,5526350,269.0,180.0,1.0,0.0,0.0,0.0,-39.125,0.60875,-28.8,0.712,-6.75,7.375
2020-09-02,E12000003,Yorkshire and The Humber,5526350,384.0,217.28571428571428,3.0,0.0,0.0,0.0,-37.875,0.6212500000000001,-34.6,0.6539999999999999,-14.0,8.75
2020-09-03,E12000003,Yorkshire and The Humber,5526350,337.0,237.57142857142858,1.0,0.0,0.0,0.0,-37.625,0.62375,-32.8,0.672,-12.6,8.25
2020-09-04,E12000003,Yorkshire and The Humber,5526350,308.0,258.57142857142856,1.0,0.0,0.0,0.0,-36.375,0.63625,-28.4,0.716,-17.6,6.75
2020-09-05,E12000003,Yorkshire and The Humber,5526350,315.0,278.85714285714283,3.0,0.0,0.0,0.0,-7.8,0.922,-23.0,0.77,-19.833333333333332,2.125
2020-09-06,E12000003,Yorkshire and The Humber,5526350,308.0,302.2857142857143,0.0,0.0,0.0,0.0,-6.666666666666667,0.9333333333333333,-28.5,0.7150000000000001,-17.6,1.5714285714285714
2020-09-07,E12000003,Yorkshire and The Humber,5526350,539.0,351.42857142857144,1.0,0.0,0.0,0.0,-37.375,0.62625,-31.2,0.688,-13.25,7.5
2020-09-08,E12000003,Yorkshire and The Humber,5526350,388.0,368.42857142857144,1.0,0.0,0.0,0.0,-35.75,0.6425000000000001,-29.8,0.702,-10.5,7.375
2020-09-09,E12000003,Yorkshire and The Humber,5526350,397.0,370.2857142857143,3.0,0.0,0.0,0.0,-34.375,0.65625,-29.4,0.706,-13.4,6.875
2020-09-10,E12000003,Yorkshire and The Humber,5526350,470.0,389.2857142857143,2.0,0.0,0.0,0.0,-34.25,0.6575,-30.0,0.7,-15.8,6.625
2020-09-11,E12000003,Yorkshire and The Humber,5526350,391.0,401.14285714285717,2.0,0.0,0.0,0.0,-33.25,0.6675,-17.5,0.825,-15.25,5.75
2020-09-12,E12000003,Yorkshire and The Humber,5526350,317.0,401.42857142857144,3.0,0.0,0.0,0.0,-8.625,0.9137500000000001,-14.0,0.86,-19.125,1.75
2020-09-13,E12000003,Yorkshire and The Humber,5526350,303.0,400.7142857142857,3.0,0.0,0.0,0.0,-6.875,0.93125,-5.5,0.945,-11.25,0.2857142857142857
2020-09-14,E12000003,Yorkshire and The Humber,5526350,395.0,380.14285714285717,3.0,0.0,0.0,0.0,-31.25,0.6875,-15.375,0.84625,-8.75,5.5
2020-09-15,E12000003,Yorkshire and The Humber,5526350,426.0,385.57142857142856,2.0,0.0,0.0,0.0,-31.0,0.69,-16.25,0.8375,-8.5,6.25
2020-09-16,E12000003,Yorkshire and The Humber,5526350,552.0,407.7142857142857,2.0,0.0,0.0,0.0,-31.625,0.6837500000000001,-22.0,0.78,-14.0,7.125
2020-09-17,E12000003,Yorkshire and The Humber,5526350,585.0,424.14285714285717,3.0,0.0,0.0,0.0,-31.375,0.68625,-21.875,0.78125,-11.5,6.25
2020-09-18,E12000003,Yorkshire and The Humber,5526350,562.0,448.57142857142856,3.0,0.0,0.0,0.0,-30.0,0.7,-17.75,0.8225,-15.625,5.75
2020-09-19,E12000003,Yorkshire and The Humber,5526350,567.0,484.2857142857143,3.0,0.0,0.0,0.0,-9.0,0.91,-16.5,0.835,-19.75,2.625
2020-09-20,E12000003,Yorkshire and The Humber,5526350,674.0,537.2857142857143,6.0,0.0,0.0,0.0,-7.125,0.92875,-12.0,0.88,-14.875,1.7142857142857142
2020-09-21,E12000003,Yorkshire and The Humber,5526350,622.0,569.7142857142857,4.0,0.0,0.0,0.0,-31.75,0.6825,-19.5,0.8049999999999999,-10.0,6.125
2020-09-22,E12000003,Yorkshire and The Humber,5526350,722.0,612.0,4.0,0.0,0.0,0.0,-30.875,0.6912499999999999,-21.25,0.7875,-12.375,6.75
2020-09-23,E12000003,Yorkshire and The Humber,5526350,734.0,638.0,3.0,0.0,0.0,0.0,-31.25,0.6875,-30.875,0.6912499999999999,-22.0,9.125
2020-09-24,E12000003,Yorkshire and The Humber,5526350,936.0,688.1428571428571,4.0,0.0,0.0,0.0,-30.0,0.7,-29.875,0.7012499999999999,-19.25,8.25
2020-09-25,E12000003,Yorkshire and The Humber,5526350,810.0,723.5714285714286,1.0,0.0,0.0,0.0,-29.375,0.70625,-27.375,0.7262500000000001,-22.5,8.375
2020-09-26,E12000003,Yorkshire and The Humber,5526350,833.0,761.5714285714286,3.0,0.0,0.0,0.0,-8.0,0.92,-27.0,0.73,-23.625,4.875
2020-09-27,E12000003,Yorkshire and The Humber,5526350,1031.0,812.5714285714286,4.0,0.0,0.0,0.0,-6.0,0.94,-20.625,0.79375,-18.25,3.0
2020-09-28,E12000003,Yorkshire and The Humber,5526350,1461.0,932.4285714285714,1.0,0.0,0.0,0.0,-27.375,0.7262500000000001,-23.75,0.7625,-12.125,7.125
2020-09-29,E12000003,Yorkshire and The Humber,5526350,1398.0,1029.0,3.0,0.0,0.0,0.0,-27.25,0.7275,-23.375,0.76625,-11.875,7.25
2020-09-30,E12000003,Yorkshire and The Humber,5526350,1809.0,1182.5714285714287,4.0,0.0,0.0,0.0,-28.875,0.7112499999999999,-28.125,0.71875,-17.0,8.5
2020-10-01,E12000003,Yorkshire and The Humber,5526350,2165.0,1358.142857142857,6.0,0.0,0.0,0.0,-26.0,0.74,-25.25,0.7475,-15.125,7.375
2020-10-02,E12000003,Yorkshire and The Humber,5526350,2226.0,1560.4285714285713,8.0,0.0,0.0,0.0,-25.125,0.74875,-20.5,0.795,-19.875,7.5
2020-10-03,E12000003,Yorkshire and The Humber,5526350,1689.0,1682.7142857142858,7.0,0.0,0.0,0.0,-10.625,0.89375,-31.375,0.68625,-28.5,6.125
2020-10-04,E12000003,Yorkshire and The Humber,5526350,1690.0,1776.857142857143,6.0,0.0,0.0,0.0,-5.75,0.9425,-18.875,0.81125,-18.375,3.25
2020-10-05,E12000003,Yorkshire and The Humber,5526350,2298.0,1896.4285714285713,10.0,0.0,0.0,0.0,-27.625,0.72375,-20.5,0.795,-16.625,7.5
2020-10-06,E12000003,Yorkshire and The Humber,5526350,2446.0,2046.142857142857,9.0,0.0,0.0,0.0,-27.625,0.72375,-23.5,0.765,-17.375,8.0
2020-10-07,E12000003,Yorkshire and The Humber,5526350,2686.0,2171.4285714285716,13.0,0.0,0.0,0.0,-26.875,0.73125,-23.5,0.765,-16.75,7.5
2020-10-08,E12000003,Yorkshire and The Humber,5526350,2456.0,2213.0,10.0,0.0,0.0,0.0,-27.125,0.72875,-29.25,0.7075,-19.875,8.625
2020-10-09,E12000003,Yorkshire and The Humber,5526350,1885.0,2164.285714285714,12.0,0.0,0.0,0.0,-25.75,0.7424999999999999,-24.875,0.75125,-21.375,7.875
2020-10-10,E12000003,Yorkshire and The Humber,5526350,1948.0,2201.285714285714,14.0,0.0,0.0,0.0,-6.25,0.9375,-26.0,0.74,-23.625,5.0
2020-10-11,E12000003,Yorkshire and The Humber,5526350,1642.0,2194.4285714285716,12.0,0.0,0.0,0.0,-5.0,0.95,-22.75,0.7725,-19.875,3.125
2020-10-12,E12000003,Yorkshire and The Humber,5526350,2777.0,2262.8571428571427,13.0,0.0,0.0,0.0,-27.875,0.72125,-26.625,0.73375,-21.25,8.375
2020-10-13,E12000003,Yorkshire and The Humber,5526350,2567.0,2280.1428571428573,11.0,0.0,0.0,0.0,-27.5,0.725,-27.625,0.72375,-20.75,9.25
2020-10-14,E12000003,Yorkshire and The Humber,5526350,2808.0,2297.5714285714284,15.0,0.0,0.0,0.0,-26.875,0.73125,-27.25,0.7275,-20.25,9.125
2020-10-15,E12000003,Yorkshire and The Humber,5526350,2535.0,2308.8571428571427,13.0,0.0,0.0,0.0,-26.625,0.73375,-30.0,0.7,-20.125,9.25
2020-10-16,E12000003,Yorkshire and The Humber,5526350,2468.0,2392.1428571428573,19.0,0.0,0.0,0.0,-25.25,0.7475,-25.625,0.74375,-21.75,8.75
2020-10-17,E12000003,Yorkshire and The Humber,5526350,2379.0,2453.714285714286,31.0,0.0,0.0,0.0,-7.5,0.925,-30.75,0.6925,-26.125,5.75
2020-10-18,E12000003,Yorkshire and The Humber,5526350,2224.0,2536.8571428571427,21.0,0.0,0.0,0.0,-7.0,0.9299999999999999,-28.5,0.7150000000000001,-22.5,4.125
2020-10-19,E12000003,Yorkshire and The Humber,5526350,3870.0,2693.0,31.0,0.0,0.0,0.0,-27.875,0.72125,-26.375,0.7362500000000001,-19.125,8.75
2020-10-20,E12000003,Yorkshire and The Humber,5526350,3616.0,2842.8571428571427,35.0,0.0,0.0,0.0,-27.5,0.725,-26.875,0.73125,-18.625,9.0
2020-10-21,E12000003,Yorkshire and The Humber,5526350,3532.0,2946.285714285714,40.0,0.0,0.0,0.0,-27.875,0.72125,-29.0,0.71,-22.125,9.875
2020-10-22,E12000003,Yorkshire and The Humber,5526350,3341.0,3061.4285714285716,26.0,0.0,0.0,0.0,-27.0,0.73,-28.25,0.7175,-19.0,9.25
2020-10-23,E12000003,Yorkshire and The Humber,5526350,3016.0,3139.714285714286,32.0,0.0,0.0,0.0,-27.75,0.7224999999999999,-27.375,0.7262500000000001,-20.375,9.5
2020-10-24,E12000003,Yorkshire and The Humber,5526350,2287.0,3126.5714285714284,27.0,0.0,0.0,0.0,-10.25,0.8975,-33.875,0.66125,-29.75,6.75
2020-10-25,E12000003,Yorkshire and The Humber,5526350,2186.0,3121.1428571428573,33.0,0.0,0.0,0.0,-6.875,0.93125,-23.125,0.76875,-17.125,3.875
2020-10-26,E12000003,Yorkshire and The Humber,5526350,3877.0,3122.1428571428573,41.0,0.0,0.0,0.0,-39.875,0.6012500000000001,-31.875,0.68125,-13.75,11.0
2020-10-27,E12000003,Yorkshire and The Humber,5526350,3621.0,3122.8571428571427,36.0,0.0,0.0,0.0,-40.25,0.5974999999999999,-34.625,0.65375,-14.625,12.125
2020-10-28,E12000003,Yorkshire and The Humber,5526350,3662.0,3141.4285714285716,37.0,0.0,0.0,0.0,-38.625,0.61375,-30.625,0.69375,-10.875,10.875
2020-10-29,E12000003,Yorkshire and The Humber,5526350,3499.0,3164.0,42.0,0.0,0.0,0.0,-39.875,0.6012500000000001,-39.0,0.61,-16.5,12.375
2020-10-30,E12000003,Yorkshire and The Humber,5526350,3509.0,3234.4285714285716,46.0,0.0,0.0,0.0,-37.375,0.62625,-30.125,0.69875,-16.5,10.875
2020-10-31,E12000003,Yorkshire and The Humber,5526350,2659.0,3287.5714285714284,55.0,0.0,0.0,0.0,-11.375,0.88625,-36.25,0.6375,-31.5,7.125
2020-11-01,E12000003,Yorkshire and The Humber,5526350,2873.0,3385.714285714286,49.0,0.0,0.0,0.0,-8.0,0.92,-32.5,0.675,-20.625,4.75
2020-11-02,E12000003,Yorkshire and The Humber,5526350,4739.0,3508.8571428571427,48.0,0.0,0.0,0.0,-27.75,0.7224999999999999,-28.5,0.7150000000000001,-9.375,8.875
2020-11-03,E12000003,Yorkshire and The Humber,5526350,4027.0,3566.8571428571427,66.0,0.0,0.0,0.0,-26.875,0.73125,-27.25,0.7275,-5.625,8.625
2020-11-04,E12000003,Yorkshire and The Humber,5526350,3562.0,3552.5714285714284,47.0,0.0,0.0,0.0,-25.875,0.74125,-24.125,0.75875,-1.75,7.75
2020-11-05,E12000003,Yorkshire and The Humber,5526350,3649.0,3574.0,60.0,0.0,0.0,0.0,-34.75,0.6525000000000001,-44.0,0.56,-55.375,14.375
2020-11-06,E12000003,Yorkshire and The Humber,5526350,3700.0,3601.285714285714,68.0,0.0,0.0,0.0,-35.25,0.6475,-45.5,0.5449999999999999,-56.625,15.625
2020-11-07,E12000003,Yorkshire and The Humber,5526350,2872.0,3631.714285714286,77.0,0.0,0.0,0.0,-29.875,0.7012499999999999,-56.125,0.43875,-63.5,13.125
2020-11-08,E12000003,Yorkshire and The Humber,5526350,2940.0,3641.285714285714,69.0,0.0,0.0,0.0,-29.125,0.70875,-52.0,0.48,-61.625,10.25
2020-11-09,E12000003,Yorkshire and The Humber,5526350,4566.0,3616.5714285714284,89.0,0.0,0.0,0.0,-35.875,0.64125,-43.625,0.56375,-49.25,13.875
2020-11-10,E12000003,Yorkshire and The Humber,5526350,3823.0,3587.4285714285716,62.0,0.0,0.0,0.0,-35.875,0.64125,-41.125,0.58875,-49.0,14.0
2020-11-11,E12000003,Yorkshire and The Humber,5526350,3790.0,3620.0,56.0,0.0,0.0,0.0,-36.375,0.63625,-42.5,0.575,-50.625,14.625
2020-11-12,E12000003,Yorkshire and The Humber,5526350,3250.0,3563.0,77.0,0.0,0.0,0.0,-35.875,0.64125,-42.75,0.5725,-49.375,14.5
2020-11-13,E12000003,Yorkshire and The Humber,5526350,3132.0,3481.8571428571427,68.0,0.0,0.0,0.0,-35.75,0.6425000000000001,-43.75,0.5625,-51.5,15.75
2020-11-14,E12000003,Yorkshire and The Humber,5526350,2543.0,3434.8571428571427,70.0,0.0,0.0,0.0,-30.625,0.69375,-56.75,0.4325,-59.875,13.125
2020-11-15,E12000003,Yorkshire and The Humber,5526350,2122.0,3318.0,75.0,0.0,0.0,0.0,-29.125,0.70875,-52.0,0.48,-58.375,9.875
2020-11-16,E12000003,Yorkshire and The Humber,5526350,3339.0,3142.714285714286,51.0,0.0,0.0,0.0,-35.875,0.64125,-42.375,0.5762499999999999,-47.375,13.75
2020-11-17,E12000003,Yorkshire and The Humber,5526350,3121.0,3042.4285714285716,56.0,0.0,0.0,0.0,-35.875,0.64125,-41.0,0.5900000000000001,-47.0,14.0
2020-11-18,E12000003,Yorkshire and The Humber,5526350,2621.0,2875.4285714285716,83.0,0.0,0.0,0.0,-35.875,0.64125,-43.125,0.56875,-49.5,14.875
2020-11-19,E12000003,Yorkshire and The Humber,5526350,2135.0,2716.1428571428573,79.0,0.0,0.0,0.0,-35.625,0.64375,-43.75,0.5625,-48.125,14.375
2020-11-20,E12000003,Yorkshire and The Humber,5526350,1974.0,2550.714285714286,65.0,0.0,0.0,0.0,-35.5,0.645,-44.75,0.5525,-51.375,16.0
2020-11-21,E12000003,Yorkshire and The Humber,5526350,1395.0,2386.714285714286,70.0,0.0,0.0,0.0,-28.125,0.71875,-52.125,0.47875,-57.375,12.375
2020-11-22,E12000003,Yorkshire and The Humber,5526350,1383.0,2281.1428571428573,71.0,0.0,0.0,0.0,-26.875,0.73125,-47.125,0.52875,-54.5,9.0
2020-11-23,E12000003,Yorkshire and The Humber,5526350,2095.0,2103.4285714285716,75.0,0.0,0.0,0.0,-34.875,0.65125,-41.75,0.5825,-44.5,13.25
2020-11-24,E12000003,Yorkshire and The Humber,5526350,1794.0,1913.857142857143,76.0,0.0,0.0,0.0,-34.625,0.65375,-41.625,0.58375,-46.0,13.75
2020-11-25,E12000003,Yorkshire and The Humber,5526350,1644.0,1774.2857142857142,62.0,0.0,0.0,0.0,-34.5,0.655,-43.0,0.5700000000000001,-47.25,14.5
2020-11-26,E12000003,Yorkshire and The Humber,5526350,1428.0,1673.2857142857142,61.0,0.0,0.0,0.0,-34.125,0.65875,-42.375,0.5762499999999999,-46.0,13.875
2020-11-27,E12000003,Yorkshire and The Humber,5526350,1324.0,1580.4285714285713,67.0,0.0,0.0,0.0,-33.875,0.66125,-41.0,0.5900000000000001,-46.375,14.5
2020-11-28,E12000003,Yorkshire and The Humber,5526350,1100.0,1538.2857142857142,69.0,0.0,0.0,0.0,-26.875,0.73125,-52.875,0.47124999999999995,-55.5,11.875
2020-11-29,E12000003,Yorkshire and The Humber,5526350,1058.0,1491.857142857143,53.0,0.0,0.0,0.0,-25.25,0.7475,-49.0,0.51,-53.25,9.125
2020-11-30,E12000003,Yorkshire and The Humber,5526350,1716.0,1437.7142857142858,53.0,0.0,0.0,0.0,-32.75,0.6725,-40.625,0.59375,-39.75,12.75
2020-12-01,E12000003,Yorkshire and The Humber,5526350,1508.0,1396.857142857143,35.0,0.0,0.0,0.0,-31.375,0.68625,-38.0,0.62,-40.625,12.625
2020-12-02,E12000003,Yorkshire and The Humber,5526350,1362.0,1356.5714285714287,55.0,0.0,0.0,0.0,-27.5,0.725,-32.625,0.6737500000000001,-26.75,11.375
2020-12-03,E12000003,Yorkshire and The Humber,5526350,1179.0,1321.0,65.0,0.0,0.0,0.0,-28.0,0.72,-36.25,0.6375,-28.75,11.875
2020-12-04,E12000003,Yorkshire and The Humber,5526350,1060.0,1283.2857142857142,72.0,0.0,0.0,0.0,-28.625,0.71375,-35.375,0.64625,-34.625,13.0
2020-12-05,E12000003,Yorkshire and The Humber,5526350,892.0,1253.5714285714287,44.0,0.0,0.0,0.0,-13.875,0.86125,-32.5,0.675,-34.75,8.25
2020-12-06,E12000003,Yorkshire and The Humber,5526350,874.0,1227.2857142857142,63.0,0.0,0.0,0.0,-15.0,0.85,-34.375,0.65625,-36.25,6.75
2020-12-07,E12000003,Yorkshire and The Humber,5526350,1433.0,1186.857142857143,50.0,0.0,0.0,0.0,-29.125,0.70875,-30.5,0.6950000000000001,-22.75,10.125
2020-12-08,E12000003,Yorkshire and The Humber,5526350,1365.0,1166.4285714285713,48.0,375.0,1.0,375.0,-27.125,0.72875,-31.375,0.68625,-26.25,10.625
2020-12-09,E12000003,Yorkshire and The Humber,5526350,1368.0,1167.2857142857142,53.0,648.0,4.0,1023.0,-27.5,0.725,-31.0,0.69,-28.5,10.625
2020-12-10,E12000003,Yorkshire and The Humber,5526350,1233.0,1175.0,54.0,570.0,6.0,1593.0,-27.875,0.72125,-33.375,0.66625,-28.5,11.125
2020-12-11,E12000003,Yorkshire and The Humber,5526350,1243.0,1201.142857142857,56.0,545.0,4.0,2138.0,-27.25,0.7275,-32.125,0.67875,-33.625,11.5
2020-12-12,E12000003,Yorkshire and The Humber,5526350,958.0,1210.5714285714287,43.0,323.0,1.0,2461.0,-13.5,0.865,-34.375,0.65625,-38.375,8.25
2020-12-13,E12000003,Yorkshire and The Humber,5526350,1039.0,1234.142857142857,48.0,44.0,1.0,2505.0,-17.25,0.8275,-40.875,0.59125,-42.375,7.625
2020-12-14,E12000003,Yorkshire and The Humber,5526350,1750.0,1279.4285714285713,44.0,498.0,11.0,3003.0,-28.125,0.71875,-30.125,0.69875,-23.25,9.875
2020-12-15,E12000003,Yorkshire and The Humber,5526350,1506.0,1299.5714285714287,46.0,6673.0,11.0,9676.0,-27.75,0.7224999999999999,-29.875,0.7012499999999999,-23.75,10.0
2020-12-16,E12000003,Yorkshire and The Humber,5526350,1240.0,1281.2857142857142,38.0,8606.0,10.0,18282.0,-27.875,0.72125,-33.125,0.66875,-29.0,11.25
2020-12-17,E12000003,Yorkshire and The Humber,5526350,1197.0,1276.142857142857,55.0,7774.0,13.0,26056.0,-27.625,0.72375,-31.125,0.68875,-24.25,10.5
2020-12-18,E12000003,Yorkshire and The Humber,5526350,1470.0,1308.5714285714287,52.0,4606.0,8.0,30662.0,-31.625,0.6837500000000001,-32.125,0.67875,-30.625,12.75
2020-12-19,E12000003,Yorkshire and The Humber,5526350,1025.0,1318.142857142857,39.0,4869.0,0.0,35531.0,-13.0,0.87,-28.375,0.71625,-36.75,7.75
2020-12-20,E12000003,Yorkshire and The Humber,5526350,1440.0,1375.4285714285713,42.0,4831.0,0.0,40362.0,-10.0,0.9,-28.0,0.72,-34.125,5.875
2020-12-21,E12000003,Yorkshire and The Humber,5526350,2022.0,1414.2857142857142,41.0,6501.0,5.0,46863.0,-42.875,0.57125,-34.75,0.6525000000000001,-16.375,13.125
2020-12-22,E12000003,Yorkshire and The Humber,5526350,1910.0,1472.0,46.0,14767.0,3.0,61630.0,-43.75,0.5625,-32.625,0.6737500000000001,-13.25,12.75
2020-12-23,E12000003,Yorkshire and The Humber,5526350,1663.0,1532.4285714285713,45.0,12716.0,2.0,74346.0,-47.875,0.52125,-37.25,0.6275,-17.375,14.875
2020-12-24,E12000003,Yorkshire and The Humber,5526350,1278.0,1544.0,38.0,4489.0,0.0,78835.0,-61.0,0.39,-46.375,0.53625,-29.5,18.5
2020-12-25,E12000003,Yorkshire and The Humber,5526350,602.0,1420.0,42.0,5.0,1.0,78840.0,-83.625,0.16374999999999995,-77.875,0.22124999999999995,-93.375,24.375
2020-12-26,E12000003,Yorkshire and The Humber,5526350,1688.0,1514.7142857142858,47.0,11.0,0.0,78851.0,-51.375,0.48624999999999996,-66.5,0.33499999999999996,-75.625,12.875
2020-12-27,E12000003,Yorkshire and The Humber,5526350,1994.0,1593.857142857143,57.0,108.0,0.0,78959.0,-25.75,0.7424999999999999,-40.875,0.59125,-46.0,7.75
2020-12-28,E12000003,Yorkshire and The Humber,5526350,2155.0,1612.857142857143,51.0,130.0,0.0,79089.0,-73.25,0.26749999999999996,-55.75,0.4425,-35.125,22.75
2020-12-29,E12000003,Yorkshire and The Humber,5526350,3285.0,1809.2857142857142,47.0,1746.0,57.0,80835.0,-63.0,0.37,-48.25,0.5175000000000001,-31.25,20.25
2020-12-30,E12000003,Yorkshire and The Humber,5526350,3010.0,2001.7142857142858,33.0,8150.0,67.0,88985.0,-61.125,0.38875000000000004,-46.625,0.53375,-28.375,19.875
2020-12-31,E12000003,Yorkshire and The Humber,5526350,2213.0,2135.285714285714,40.0,7205.0,113.0,96190.0,-63.375,0.36624999999999996,-53.75,0.4625,-37.875,20.5
2021-01-01,E12000003,Yorkshire and The Humber,5526350,1520.0,2266.4285714285716,57.0,1954.0,10.0,98144.0,-81.875,0.18125000000000002,-77.75,0.22250000000000003,-81.25,29.375
2021-01-02,E12000003,Yorkshire and The Humber,5526350,2791.0,2424.0,52.0,1580.0,216.0,99724.0,-33.625,0.6637500000000001,-53.0,0.47,-57.5,13.75
2021-01-03,E12000003,Yorkshire and The Humber,5526350,2500.0,2496.285714285714,44.0,400.0,174.0,100124.0,-24.375,0.75625,-50.125,0.49875,-55.0,10.125
2021-01-04,E12000003,Yorkshire and The Humber,5526350,3576.0,2699.285714285714,40.0,1877.0,501.0,102001.0,-37.5,0.625,-46.375,0.53625,-38.875,14.75
2021-01-05,E12000003,Yorkshire and The Humber,5526350,2908.0,2645.4285714285716,47.0,4523.0,5366.0,106524.0,-40.5,0.595,-51.875,0.48124999999999996,-54.5,16.875
2021-01-06,E12000003,Yorkshire and The Humber,5526350,2653.0,2594.4285714285716,54.0,8369.0,8596.0,114893.0,-41.875,0.58125,-51.5,0.485,-60.25,17.75
2021-01-07,E12000003,Yorkshire and The Humber,5526350,2506.0,2636.285714285714,50.0,22716.0,6815.0,137609.0,-42.25,0.5775,-53.625,0.46375,-59.625,17.875
2021-01-08,E12000003,Yorkshire and The Humber,5526350,2157.0,2727.285714285714,46.0,24768.0,3939.0,162377.0,-42.375,0.5762499999999999,-53.875,0.46125000000000005,-63.75,19.5
2021-01-09,E12000003,Yorkshire and The Humber,5526350,1891.0,2598.714285714286,45.0,21706.0,3958.0,184083.0,-31.375,0.68625,-56.25,0.4375,-66.875,14.0
2021-01-10,E12000003,Yorkshire and The Humber,5526350,1798.0,2498.4285714285716,55.0,8966.0,3166.0,193049.0,-30.375,0.69625,-56.25,0.4375,-67.375,10.75
2021-01-11,E12000003,Yorkshire and The Humber,5526350,2933.0,2406.5714285714284,48.0,8953.0,2150.0,202002.0,-41.625,0.58375,-52.375,0.47624999999999995,-57.0,16.75
2021-01-12,E12000003,Yorkshire and The Humber,5526350,2590.0,2361.1428571428573,57.0,19812.0,1617.0,221814.0,-42.75,0.5725,-49.875,0.50125,-57.0,16.875
2021-01-13,E12000003,Yorkshire and The Humber,5526350,2311.0,2312.285714285714,64.0,28709.0,209.0,250523.0,-43.25,0.5675,-53.875,0.46125000000000005,-60.625,17.25
2021-01-14,E12000003,Yorkshire and The Humber,5526350,1236.0,2130.8571428571427,38.0,20548.0,184.0,271071.0,-48.125,0.51875,-56.5,0.43500000000000005,-67.125,19.625
2021-01-15,E12000003,Yorkshire and The Humber,5526350,2015.0,2110.5714285714284,63.0,25491.0,74.0,296562.0,-47.375,0.52625,-54.25,0.4575,-64.5,19.25
2021-01-16,E12000003,Yorkshire and The Humber,5526350,1732.0,2087.8571428571427,76.0,27731.0,178.0,324293.0,-34.125,0.65875,-59.375,0.40625,-68.75,14.0
2021-01-17,E12000003,Yorkshire and The Humber,5526350,1675.0,2070.285714285714,59.0,10153.0,50.0,334446.0,-30.5,0.6950000000000001,-51.375,0.48624999999999996,-65.5,9.875
2021-01-18,E12000003,Yorkshire and The Humber,5526350,2596.0,2022.142857142857,48.0,12696.0,32.0,347142.0,-42.875,0.57125,-50.75,0.49250000000000005,-56.625,15.625
2021-01-19,E12000003,Yorkshire and The Humber,5526350,2334.0,1985.5714285714287,76.0,22973.0,56.0,370115.0,-44.125,0.5587500000000001,-53.375,0.46625000000000005,-60.375,17.0
2021-01-20,E12000003,Yorkshire and The Humber,5526350,2165.0,1964.7142857142858,55.0,27696.0,138.0,397811.0,-44.125,0.5587500000000001,-53.875,0.46125000000000005,-61.875,17.625
2021-01-21,E12000003,Yorkshire and The Humber,5526350,1875.0,2056.0,67.0,31344.0,60.0,429155.0,-43.625,0.56375,-53.375,0.46625000000000005,-60.125,17.375
2021-01-22,E12000003,Yorkshire and The Humber,5526350,1700.0,2011.0,51.0,41627.0,96.0,470782.0,-42.375,0.5762499999999999,-49.75,0.5025,-59.625,17.5
2021-01-23,E12000003,Yorkshire and The Humber,5526350,1378.0,1960.4285714285713,56.0,48075.0,37.0,518857.0,-31.625,0.6837500000000001,-54.625,0.45375,-65.5,12.875
2021-01-24,E12000003,Yorkshire and The Humber,5526350,1355.0,1914.7142857142858,57.0,12047.0,10.0,530904.0,-31.0,0.69,-54.75,0.4525,-66.25,10.125
2021-01-25,E12000003,Yorkshire and The Humber,5526350,2040.0,1835.2857142857142,52.0,15837.0,25.0,546741.0,-42.875,0.57125,-50.0,0.5,-55.75,15.75
2021-01-26,E12000003,Yorkshire and The Humber,5526350,1796.0,1758.4285714285713,56.0,22188.0,23.0,568929.0,-43.625,0.56375,-51.75,0.48250000000000004,-58.0,16.625
2021-01-27,E12000003,Yorkshire and The Humber,5526350,1857.0,1714.4285714285713,60.0,23998.0,24.0,592927.0,-42.625,0.57375,-49.375,0.50625,-57.5,16.625
2021-01-28,E12000003,Yorkshire and The Humber,5526350,1634.0,1680.0,57.0,29250.0,63.0,622177.0,-43.5,0.565,-53.375,0.46625000000000005,-60.125,17.375
2021-01-29,E12000003,Yorkshire and The Humber,5526350,1529.0,1655.5714285714287,48.0,42568.0,304.0,664745.0,-42.125,0.57875,-49.375,0.50625,-58.625,17.375
2021-01-30,E12000003,Yorkshire and The Humber,5526350,1287.0,1642.5714285714287,64.0,46654.0,370.0,711399.0,-30.875,0.6912499999999999,-54.0,0.45999999999999996,-63.75,12.5
2021-01-31,E12000003,Yorkshire and The Humber,5526350,1286.0,1632.7142857142858,56.0,22413.0,470.0,733812.0,-28.5,0.7150000000000001,-49.25,0.5075000000000001,-62.625,9.375
2021-02-01,E12000003,Yorkshire and The Humber,5526350,1764.0,1593.2857142857142,58.0,19600.0,159.0,753412.0,-42.0,0.5800000000000001,-45.75,0.5425,-53.25,14.875
2021-02-02,E12000003,Yorkshire and The Humber,5526350,1057.0,1487.7142857142858,50.0,20962.0,163.0,774374.0,-48.625,0.5137499999999999,-54.625,0.45375,-64.25,19.0
2021-02-03,E12000003,Yorkshire and The Humber,5526350,1807.0,1480.5714285714287,59.0,37432.0,696.0,811806.0,-42.25,0.5775,-50.25,0.49750000000000005,-57.25,16.5
2021-02-04,E12000003,Yorkshire and The Humber,5526350,1604.0,1476.2857142857142,55.0,35379.0,905.0,847185.0,-42.0,0.5800000000000001,-50.75,0.49250000000000005,-56.5,16.125
2021-02-05,E12000003,Yorkshire and The Humber,5526350,1419.0,1460.5714285714287,50.0,34940.0,179.0,882125.0,-41.25,0.5875,-50.25,0.49750000000000005,-58.0,16.75
2021-02-06,E12000003,Yorkshire and The Humber,5526350,1150.0,1441.0,35.0,47809.0,54.0,929934.0,-30.875,0.6912499999999999,-61.375,0.38625,-68.125,14.0
2021-02-07,E12000003,Yorkshire and The Humber,5526350,1174.0,1425.0,32.0,18160.0,40.0,948094.0,-30.625,0.69375,-58.625,0.41374999999999995,-67.125,10.5
2021-02-08,E12000003,Yorkshire and The Humber,5526350,1430.0,1377.2857142857142,39.0,20198.0,56.0,968292.0,-45.125,0.5487500000000001,-53.5,0.46499999999999997,-60.75,17.0
2021-02-09,E12000003,Yorkshire and The Humber,5526350,1371.0,1422.142857142857,33.0,27042.0,739.0,995334.0,-44.625,0.55375,-51.0,0.49,-58.625,16.875
2021-02-10,E12000003,Yorkshire and The Humber,5526350,1296.0,1349.142857142857,52.0,37048.0,1585.0,1032382.0,-42.875,0.57125,-50.75,0.49250000000000005,-57.125,16.875
2021-02-11,E12000003,Yorkshire and The Humber,5526350,1271.0,1301.5714285714287,52.0,40688.0,1311.0,1073070.0,-41.875,0.58125,-48.625,0.5137499999999999,-55.125,16.25
2021-02-12,E12000003,Yorkshire and The Humber,5526350,1232.0,1274.857142857143,46.0,43341.0,750.0,1116411.0,-41.625,0.58375,-49.875,0.50125,-56.625,17.5
2021-02-13,E12000003,Yorkshire and The Humber,5526350,956.0,1247.142857142857,49.0,47280.0,550.0,1163691.0,-30.5,0.6950000000000001,-54.125,0.45875,-61.625,12.625
2021-02-14,E12000003,Yorkshire and The Humber,5526350,998.0,1222.0,41.0,11967.0,197.0,1175658.0,-30.375,0.69625,-56.125,0.43875,-63.875,10.625
2021-02-15,E12000003,Yorkshire and The Humber,5526350,1446.0,1224.2857142857142,37.0,14674.0,331.0,1190332.0,-46.875,0.53125,-46.875,0.53125,-49.875,15.5
2021-02-16,E12000003,Yorkshire and The Humber,5526350,1405.0,1229.142857142857,29.0,32763.0,787.0,1223095.0,-47.0,0.53,-46.25,0.5375,-50.375,16.0
2021-02-17,E12000003,Yorkshire and The Humber,5526350,1358.0,1238.0,36.0,45323.0,768.0,1268418.0,-46.5,0.5349999999999999,-45.875,0.54125,-50.75,16.25
2021-02-18,E12000003,Yorkshire and The Humber,5526350,1371.0,1252.2857142857142,34.0,33480.0,778.0,1301898.0,-46.875,0.53125,-48.875,0.51125,-52.875,17.25
2021-02-19,E12000003,Yorkshire and The Humber,5526350,1259.0,1256.142857142857,29.0,30923.0,590.0,1332821.0,-46.25,0.5375,-50.25,0.49750000000000005,-55.125,18.0
2021-02-20,E12000003,Yorkshire and The Humber,5526350,989.0,1260.857142857143,30.0,31713.0,401.0,1364534.0,-28.125,0.71875,-52.625,0.47375,-60.25,11.75
2021-02-21,E12000003,Yorkshire and The Humber,5526350,968.0,1256.5714285714287,40.0,8574.0,161.0,1373108.0,-26.5,0.735,-47.5,0.525,-59.375,9.0
2021-02-22,E12000003,Yorkshire and The Humber,5526350,1269.0,1231.2857142857142,19.0,10193.0,227.0,1383301.0,-41.0,0.5900000000000001,-47.75,0.5225,-51.125,15.0
2021-02-23,E12000003,Yorkshire and The Humber,5526350,1149.0,1194.7142857142858,28.0,24435.0,1025.0,1407736.0,-41.25,0.5875,-47.375,0.52625,-51.375,15.25
2021-02-24,E12000003,Yorkshire and The Humber,5526350,1095.0,1157.142857142857,23.0,38450.0,1626.0,1446186.0,-40.625,0.59375,-46.0,0.54,-51.75,15.625
2021-02-25,E12000003,Yorkshire and The Humber,5526350,971.0,1100.0,21.0,36320.0,1392.0,1482506.0,-40.75,0.5925,-46.375,0.53625,-49.75,15.375
2021-02-26,E12000003,Yorkshire and The Humber,5526350,876.0,1045.2857142857142,18.0,41750.0,1165.0,1524256.0,-39.75,0.6025,-44.125,0.5587500000000001,-49.875,15.375
2021-02-27,E12000003,Yorkshire and The Humber,5526350,637.0,995.0,22.0,37587.0,568.0,1561843.0,-25.0,0.75,-45.875,0.54125,-54.875,10.25
2021-02-28,E12000003,Yorkshire and The Humber,5526350,598.0,942.1428571428571,28.0,12069.0,168.0,1573912.0,-23.5,0.765,-39.75,0.6025,-52.625,7.75
2021-03-01,E12000003,Yorkshire and The Humber,5526350,1008.0,904.8571428571429,18.0,11816.0,493.0,1585728.0,-40.375,0.59625,-46.375,0.53625,-47.875,14.625
2021-03-02,E12000003,Yorkshire and The Humber,5526350,956.0,877.2857142857143,15.0,14355.0,536.0,1600083.0,-40.0,0.6,-47.0,0.53,-49.875,15.0
2021-03-03,E12000003,Yorkshire and The Humber,5526350,895.0,848.7142857142857,18.0,21609.0,2344.0,1621692.0,-40.0,0.6,-46.375,0.53625,-51.375,15.25
2021-03-04,E12000003,Yorkshire and The Humber,5526350,793.0,823.2857142857143,14.0,31644.0,2507.0,1653336.0,-40.0,0.6,-47.875,0.52125,-51.25,15.375
2021-03-05,E12000003,Yorkshire and The Humber,5526350,799.0,812.2857142857143,18.0,33723.0,2843.0,1687059.0,-38.75,0.6125,-44.625,0.55375,-51.875,15.875
2021-03-06,E12000003,Yorkshire and The Humber,5526350,681.0,818.5714285714286,17.0,44227.0,2145.0,1731286.0,-24.75,0.7525,-48.125,0.51875,-56.0,10.875
2021-03-07,E12000003,Yorkshire and The Humber,5526350,575.0,815.2857142857143,13.0,13314.0,259.0,1744600.0,-23.125,0.76875,-42.75,0.5725,-54.25,8.0
2021-03-08,E12000003,Yorkshire and The Humber,5526350,1012.0,815.8571428571429,21.0,18013.0,821.0,1762613.0,-37.125,0.6287499999999999,-41.875,0.58125,-46.25,13.0
2021-03-09,E12000003,Yorkshire and The Humber,5526350,1003.0,822.5714285714286,19.0,20315.0,2598.0,1782928.0,-36.375,0.63625,-38.25,0.6174999999999999,-46.0,12.375
2021-03-10,E12000003,Yorkshire and The Humber,5526350,969.0,833.1428571428571,12.0,17366.0,8508.0,1800294.0,-36.75,0.6325000000000001,-45.5,0.5449999999999999,-52.125,14.25
2021-03-11,E12000003,Yorkshire and The Humber,5526350,926.0,852.1428571428571,21.0,12279.0,5810.0,1812573.0,-35.75,0.6425000000000001,-42.625,0.57375,-49.75,13.75
2021-03-12,E12000003,Yorkshire and The Humber,5526350,886.0,864.5714285714286,12.0,30155.0,12362.0,1842728.0,-34.5,0.655,-41.25,0.5875,-50.25,13.75
2021-03-13,E12000003,Yorkshire and The Humber,5526350,687.0,865.4285714285714,8.0,59500.0,5444.0,1902228.0,-23.875,0.76125,-48.375,0.51625,-54.625,10.625
2021-03-14,E12000003,Yorkshire and The Humber,5526350,689.0,881.7142857142857,14.0,25100.0,999.0,1927328.0,-14.875,0.8512500000000001,-42.0,0.5800000000000001,-56.125,7.125
2021-03-15,E12000003,Yorkshire and The Humber,5526350,1043.0,886.1428571428571,18.0,34418.0,2896.0,1961746.0,-35.25,0.6475,-37.375,0.62625,-44.75,11.75
2021-03-16,E12000003,Yorkshire and The Humber,5526350,939.0,877.0,8.0,37268.0,8155.0,1999014.0,-35.625,0.64375,-39.125,0.60875,-46.375,12.5
2021-03-17,E12000003,Yorkshire and The Humber,5526350,959.0,875.5714285714286,6.0,39546.0,8444.0,2038560.0,-34.625,0.65375,-37.125,0.6287499999999999,-46.375,12.5
2021-03-18,E12000003,Yorkshire and The Humber,5526350,908.0,873.0,10.0,46425.0,10207.0,2084985.0,-34.625,0.65375,-39.625,0.60375,-48.375,13.25
2021-03-19,E12000003,Yorkshire and The Humber,5526350,912.0,876.7142857142857,7.0,51212.0,9786.0,2136197.0,-33.375,0.66625,-39.25,0.6074999999999999,-50.375,13.875
2021-03-20,E12000003,Yorkshire and The Humber,5526350,716.0,880.8571428571429,6.0,72253.0,6285.0,2208450.0,-21.75,0.7825,-43.375,0.5662499999999999,-54.625,10.25
2021-03-21,E12000003,Yorkshire and The Humber,5526350,841.0,902.5714285714286,16.0,26614.0,1809.0,2235064.0,-20.75,0.7925,-40.375,0.59625,-53.0,7.875
2021-03-22,E12000003,Yorkshire and The Humber,5526350,1139.0,916.2857142857143,7.0,19494.0,5378.0,2254558.0,-33.625,0.6637500000000001,-36.0,0.64,-42.25,11.5
2021-03-23,E12000003,Yorkshire and The Humber,5526350,1002.0,925.2857142857143,6.0,24454.0,12446.0,2279012.0,-34.125,0.65875,-38.25,0.6174999999999999,-44.625,12.25
2021-03-24,E12000003,Yorkshire and The Humber,5526350,1032.0,935.7142857142857,7.0,27047.0,22176.0,2306059.0,-33.75,0.6625,-36.375,0.63625,-45.0,12.125
2021-03-25,E12000003,Yorkshire and The Humber,5526350,927.0,938.4285714285714,2.0,32501.0,21703.0,2338560.0,-33.625,0.6637500000000001,-37.875,0.6212500000000001,-44.625,12.375
2021-03-26,E12000003,Yorkshire and The Humber,5526350,767.0,917.7142857142857,9.0,36365.0,25027.0,2374925.0,-33.375,0.66625,-41.25,0.5875,-48.25,13.75
2021-03-27,E12000003,Yorkshire and The Humber,5526350,633.0,905.8571428571429,4.0,40983.0,32840.0,2415908.0,-21.875,0.78125,-46.75,0.5325,-53.0,10.0
2021-03-28,E12000003,Yorkshire and The Humber,5526350,847.0,906.7142857142857,4.0,23441.0,12040.0,2439349.0,-22.125,0.77875,-48.125,0.51875,-55.75,8.75
2021-03-29,E12000003,Yorkshire and The Humber,5526350,628.0,833.7142857142857,5.0,18645.0,13557.0,2457994.0,-38.5,0.615,-34.5,0.655,-37.75,11.5
2021-03-30,E12000003,Yorkshire and The Humber,5526350,656.0,784.2857142857143,6.0,16951.0,24842.0,2474945.0,-38.875,0.6112500000000001,-30.5,0.6950000000000001,-38.125,10.5
2021-03-31,E12000003,Yorkshire and The Humber,5526350,672.0,732.8571428571429,7.0,18440.0,41124.0,2493385.0,-38.75,0.6125,-30.875,0.6912499999999999,-37.875,11.375
2021-04-01,E12000003,Yorkshire and The Humber,5526350,602.0,686.4285714285714,6.0,13652.0,40688.0,2507037.0,-39.625,0.60375,-35.875,0.64125,-36.125,11.75
2021-04-02,E12000003,Yorkshire and The Humber,5526350,481.0,645.5714285714286,2.0,9120.0,15457.0,2516157.0,-66.125,0.33875,-47.875,0.52125,-48.25,20.125
2021-04-03,E12000003,Yorkshire and The Humber,5526350,472.0,622.5714285714286,4.0,7447.0,11649.0,2523604.0,-28.125,0.71875,-41.625,0.58375,-54.0,8.875
2021-04-04,E12000003,Yorkshire and The Humber,5526350,461.0,567.4285714285714,6.0,5195.0,2662.0,2528799.0,-24.75,0.7525,-33.125,0.66875,-70.125,5.625
2021-04-05,E12000003,Yorkshire and The Humber,5526350,528.0,553.1428571428571,2.0,2614.0,3590.0,2531413.0,-73.125,0.26875000000000004,-56.875,0.43125,-44.875,21.625
2021-04-06,E12000003,Yorkshire and The Humber,5526350,521.0,533.8571428571429,7.0,5886.0,15983.0,2537299.0,-43.5,0.565,-39.25,0.6074999999999999,-40.5,13.25
2021-04-07,E12000003,Yorkshire and The Humber,5526350,581.0,520.8571428571429,5.0,7380.0,31278.0,2544679.0,-42.5,0.575,-39.125,0.60875,-42.625,13.625
2021-04-08,E12000003,Yorkshire and The Humber,5526350,535.0,511.2857142857143,6.0,7487.0,36794.0,2552166.0,-41.625,0.58375,-39.25,0.6074999999999999,-43.5,13.5
2021-04-09,E12000003,Yorkshire and The Humber,5526350,494.0,513.1428571428571,3.0,7636.0,37068.0,2559802.0,-40.75,0.5925,-38.625,0.61375,-46.25,14.0
2021-04-10,E12000003,Yorkshire and The Humber,5526350,449.0,509.85714285714283,6.0,11877.0,47117.0,2571679.0,-20.375,0.79625,-41.375,0.5862499999999999,-54.25,8.625
2021-04-11,E12000003,Yorkshire and The Humber,5526350,397.0,500.7142857142857,7.0,3858.0,14114.0,2575537.0,-19.0,0.81,-38.125,0.61875,-52.125,7.125
2021-04-12,E12000003,Yorkshire and The Humber,5526350,488.0,495.0,9.0,1717.0,14637.0,2577254.0,-33.125,0.66875,-20.125,0.79875,-13.0,7.75
2021-04-13,E12000003,Yorkshire and The Humber,5526350,390.0,476.2857142857143,6.0,3602.0,19529.0,2580856.0,-33.0,0.6699999999999999,-18.75,0.8125,-17.375,8.5
2021-04-14,E12000003,Yorkshire and The Humber,5526350,365.0,445.42857142857144,0.0,5384.0,30012.0,2586240.0,-33.0,0.6699999999999999,-18.875,0.81125,-19.125,8.75
2021-04-15,E12000003,Yorkshire and The Humber,5526350,361.0,420.57142857142856,5.0,8967.0,34697.0,2595207.0,-31.75,0.6825,-19.0,0.81,-18.75,8.625
2021-04-16,E12000003,Yorkshire and The Humber,5526350,394.0,406.2857142857143,4.0,9303.0,41447.0,2604510.0,-31.25,0.6875,-16.25,0.8375,-24.375,8.25
2021-04-17,E12000003,Yorkshire and The Humber,5526350,241.0,376.57142857142856,8.0,14544.0,45727.0,2619054.0,-16.5,0.835,-14.5,0.855,-30.5,4.375
2021-04-18,E12000003,Yorkshire and The Humber,5526350,343.0,368.85714285714283,1.0,6847.0,14974.0,2625901.0,-14.625,0.85375,-7.125,0.92875,-26.625,2.75
2021-04-19,E12000003,Yorkshire and The Humber,5526350,419.0,359.0,2.0,6760.0,14627.0,2632661.0,-28.5,0.7150000000000001,-18.125,0.81875,-20.375,7.25
2021-04-20,E12000003,Yorkshire and The Humber,5526350,413.0,362.2857142857143,4.0,6748.0,23986.0,2639409.0,-27.625,0.72375,-17.125,0.82875,-21.25,7.75
2021-04-21,E12000003,Yorkshire and The Humber,5526350,397.0,366.85714285714283,6.0,10150.0,34925.0,2649559.0,-27.75,0.7224999999999999,-22.0,0.78,-24.125,8.375
2021-04-22,E12000003,Yorkshire and The Humber,5526350,399.0,372.2857142857143,3.0,8730.0,30985.0,2658289.0,-26.125,0.73875,-21.0,0.79,-21.0,7.375
2021-04-23,E12000003,Yorkshire and The Humber,5526350,316.0,361.14285714285717,1.0,10104.0,37171.0,2668393.0,-25.75,0.7424999999999999,-16.375,0.8362499999999999,-23.75,7.0
2021-04-24,E12000003,Yorkshire and The Humber,5526350,247.0,362.0,0.0,12158.0,50443.0,2680551.0,-14.0,0.86,-15.5,0.845,-28.625,3.75
2021-04-25,E12000003,Yorkshire and The Humber,5526350,309.0,357.14285714285717,2.0,5855.0,19687.0,2686406.0,-13.875,0.86125,-14.375,0.85625,-25.875,3.0
2021-04-26,E12000003,Yorkshire and The Humber,5526350,417.0,356.85714285714283,2.0,4272.0,18836.0,2690678.0,-26.25,0.7375,-20.125,0.79875,-20.5,7.375
2021-04-27,E12000003,Yorkshire and The Humber,5526350,321.0,343.7142857142857,2.0,8327.0,33772.0,2699005.0,-26.875,0.73125,-25.125,0.74875,-26.625,8.75
2021-04-28,E12000003,Yorkshire and The Humber,5526350,439.0,349.7142857142857,0.0,10356.0,38990.0,2709361.0,-26.5,0.735,-23.0,0.77,-23.125,8.5
2021-04-29,E12000003,Yorkshire and The Humber,5526350,395.0,349.14285714285717,3.0,10353.0,40104.0,2719714.0,-26.25,0.7375,-24.875,0.75125,-25.25,8.75
2021-04-30,E12000003,Yorkshire and The Humber,5526350,314.0,348.85714285714283,2.0,9320.0,37078.0,2729034.0,-25.875,0.74125,-18.625,0.81375,-24.875,7.875
2021-05-01,E12000003,Yorkshire and The Humber,5526350,249.0,349.14285714285717,2.0,10968.0,30912.0,2740002.0,-16.125,0.83875,-17.625,0.82375,-27.5,4.75
2021-05-02,E12000003,Yorkshire and The Humber,5526350,218.0,336.14285714285717,3.0,5941.0,9272.0,2745943.0,-16.25,0.8375,-10.125,0.8987499999999999,-21.125,2.75
2021-05-03,E12000003,Yorkshire and The Humber,5526350,347.0,326.14285714285717,1.0,5738.0,7532.0,2751681.0,-71.625,0.28374999999999995,-45.25,0.5475,-30.125,19.75
2021-05-04,E12000003,Yorkshire and The Humber,5526350,377.0,334.14285714285717,1.0,7265.0,17547.0,2758946.0,-27.375,0.7262500000000001,-27.375,0.7262500000000001,-29.5,9.0
2021-05-05,E12000003,Yorkshire and The Humber,5526350,397.0,328.14285714285717,5.0,9162.0,31378.0,2768108.0,-26.125,0.73875,-22.875,0.77125,-24.5,8.375
2021-05-06,E12000003,Yorkshire and The Humber,5526350,307.0,315.57142857142856,0.0,9103.0,42758.0,2777211.0,-25.75,0.7424999999999999,-23.375,0.76625,-24.375,8.125
2021-05-07,E12000003,Yorkshire and The Humber,5526350,298.0,313.2857142857143,2.0,9184.0,40795.0,2786395.0,-24.25,0.7575000000000001,-20.375,0.79625,-27.5,7.875
2021-05-08,E12000003,Yorkshire and The Humber,5526350,239.0,311.85714285714283,5.0,14203.0,41646.0,2800598.0,-18.125,0.81875,-38.25,0.6174999999999999,-42.875,8.5
2021-05-09,E12000003,Yorkshire and The Humber,5526350,302.0,323.85714285714283,2.0,6994.0,14238.0,2807592.0,-12.375,0.87625,-17.625,0.82375,-26.875,3.875
2021-05-10,E12000003,Yorkshire and The Humber,5526350,382.0,328.85714285714283,0.0,6428.0,14164.0,2814020.0,-25.5,0.745,-22.0,0.78,-23.125,7.875
2021-05-11,E12000003,Yorkshire and The Humber,5526350,302.0,318.14285714285717,2.0,10969.0,26564.0,2824989.0,-25.0,0.75,-22.125,0.77875,-23.0,8.25
2021-05-12,E12000003,Yorkshire and The Humber,5526350,329.0,308.42857142857144,5.0,15393.0,32680.0,2840382.0,-25.625,0.74375,-20.375,0.79625,-20.75,7.75
2021-05-13,E12000003,Yorkshire and The Humber,5526350,285.0,305.2857142857143,0.0,17762.0,31647.0,2858144.0,-25.5,0.745,-20.375,0.79625,-21.0,7.625
2021-05-14,E12000003,Yorkshire and The Humber,5526350,216.0,293.57142857142856,0.0,17354.0,32935.0,2875498.0,-24.625,0.75375,-19.5,0.8049999999999999,-25.75,7.75
2021-05-15,E12000003,Yorkshire and The Humber,5526350,192.0,286.85714285714283,1.0,23385.0,39373.0,2898883.0,-14.875,0.8512500000000001,-21.125,0.7887500000000001,-31.625,5.5
2021-05-16,E12000003,Yorkshire and The Humber,5526350,249.0,279.2857142857143,2.0,8045.0,13025.0,2906928.0,-12.125,0.87875,-17.5,0.825,-27.625,3.75
2021-05-17,E12000003,Yorkshire and The Humber,5526350,347.0,274.2857142857143,1.0,7946.0,17247.0,2914874.0,-24.125,0.75875,-15.0,0.85,-11.25,6.375
2021-05-18,E12000003,Yorkshire and The Humber,5526350,336.0,279.14285714285717,0.0,13222.0,26959.0,2928096.0,-24.0,0.76,-15.5,0.845,-11.125,6.375
2021-05-19,E12000003,Yorkshire and The Humber,5526350,379.0,286.2857142857143,1.0,26098.0,29154.0,2954194.0,-23.875,0.76125,-16.5,0.835,-12.5,6.75
2021-05-20,E12000003,Yorkshire and The Humber,5526350,271.0,284.2857142857143,0.0,25123.0,35065.0,2979317.0,-24.25,0.7575000000000001,-25.375,0.7462500000000001,-17.375,7.75
2021-05-21,E12000003,Yorkshire and The Humber,5526350,308.0,297.42857142857144,0.0,17763.0,33230.0,2997080.0,-23.75,0.7625,-18.5,0.815,-18.5,6.75
2021-05-22,E12000003,Yorkshire and The Humber,5526350,232.0,303.14285714285717,0.0,15160.0,57124.0,3012240.0,-9.875,0.90125,-14.25,0.8575,-17.75,2.25
2021-05-23,E12000003,Yorkshire and The Humber,5526350,256.0,304.14285714285717,0.0,8842.0,17142.0,3021082.0,-10.0,0.9,-11.0,0.89,-14.875,1.75
2021-05-24,E12000003,Yorkshire and The Humber,5526350,333.0,302.14285714285717,3.0,6545.0,23326.0,3027627.0,-24.875,0.75125,-19.125,0.80875,-12.0,6.5
2021-05-25,E12000003,Yorkshire and The Humber,5526350,335.0,302.0,0.0,13647.0,31447.0,3041274.0,-24.5,0.755,-23.25,0.7675,-13.75,7.5
2021-05-26,E12000003,Yorkshire and The Humber,5526350,362.0,299.57142857142856,2.0,18007.0,35200.0,3059281.0,-24.375,0.75625,-23.5,0.765,-13.25,7.375
2021-05-27,E12000003,Yorkshire and The Humber,5526350,351.0,311.0,0.0,20267.0,34884.0,3079548.0,-23.0,0.77,-17.0,0.83,-4.375,5.75
2021-05-28,E12000003,Yorkshire and The Humber,5526350,311.0,311.42857142857144,1.0,17755.0,29884.0,3097303.0,-23.875,0.76125,-8.375,0.91625,-4.875,4.625
2021-05-29,E12000003,Yorkshire and The Humber,5526350,254.0,314.57142857142856,0.0,14456.0,41546.0,3111759.0,-12.0,0.88,-0.875,0.99125,-10.25,0.0
2021-05-30,E12000003,Yorkshire and The Humber,5526350,310.0,322.2857142857143,2.0,9087.0,15683.0,3120846.0,-8.625,0.9137500000000001,10.75,1.1075,8.5,-1.875
2021-05-31,E12000003,Yorkshire and The Humber,5526350,323.0,320.85714285714283,0.0,5378.0,12717.0,3126224.0,-70.625,0.29374999999999996,-21.0,0.79,8.0,12.0
2021-06-01,E12000003,Yorkshire and The Humber,5526350,483.0,342.0,0.0,5227.0,23251.0,3131451.0,-39.25,0.6074999999999999,-8.875,0.91125,10.0,6.375
2021-06-02,E12000003,Yorkshire and The Humber,5526350,451.0,354.7142857142857,2.0,11957.0,26295.0,3143408.0,-38.25,0.6174999999999999,-11.625,0.88375,6.875,7.25
2021-06-03,E12000003,Yorkshire and The Humber,5526350,529.0,380.14285714285717,1.0,11615.0,33154.0,3155023.0,-37.25,0.6275,-14.625,0.85375,5.5,7.25
2021-06-04,E12000003,Yorkshire and The Humber,5526350,521.0,410.14285714285717,0.0,13246.0,30995.0,3168269.0,-35.875,0.64125,-13.0,0.87,-3.125,6.5
2021-06-05,E12000003,Yorkshire and The Humber,5526350,454.0,438.7142857142857,0.0,20800.0,48207.0,3189069.0,-8.625,0.9137500000000001,-4.5,0.955,-14.0,0.75
2021-06-06,E12000003,Yorkshire and The Humber,5526350,498.0,465.57142857142856,0.0,9710.0,24920.0,3198779.0,-7.375,0.92625,-6.125,0.93875,-7.875,0.5
2021-06-07,E12000003,Yorkshire and The Humber,5526350,737.0,524.7142857142857,0.0,7706.0,19157.0,3206485.0,-24.375,0.75625,-17.5,0.825,-4.5,6.0
2021-06-08,E12000003,Yorkshire and The Humber,5526350,709.0,557.0,2.0,7914.0,25109.0,3214399.0,-22.875,0.77125,-15.375,0.84625,-1.5,5.625
2021-06-09,E12000003,Yorkshire and The Humber,5526350,745.0,599.0,0.0,13565.0,27935.0,3227964.0,-22.625,0.7737499999999999,-15.375,0.84625,-2.875,6.0
2021-06-10,E12000003,Yorkshire and The Humber,5526350,699.0,623.2857142857143,0.0,15023.0,26661.0,3242987.0,-22.125,0.77875,-18.0,0.8200000000000001,-3.625,5.875
2021-06-11,E12000003,Yorkshire and The Humber,5526350,678.0,645.7142857142857,2.0,16766.0,25666.0,3259753.0,-21.25,0.7875,-12.75,0.8725,-7.25,4.75
2021-06-12,E12000003,Yorkshire and The Humber,5526350,565.0,661.5714285714286,1.0,23114.0,30714.0,3282867.0,-7.375,0.92625,-5.875,0.94125,-13.625,1.0
2021-06-13,E12000003,Yorkshire and The Humber,5526350,613.0,678.0,2.0,10793.0,17505.0,3293660.0,-5.5,0.945,1.75,1.0175,-12.5,-0.25
2021-06-14,E12000003,Yorkshire and The Humber,5526350,953.0,708.8571428571429,1.0,8284.0,15599.0,3301944.0,-24.5,0.755,-17.75,0.8225,-6.375,5.875
2021-06-15,E12000003,Yorkshire and The Humber,5526350,874.0,732.4285714285714,2.0,11164.0,15092.0,3313108.0,-22.375,0.77625,-16.875,0.83125,-2.5,5.625
2021-06-16,E12000003,Yorkshire and The Humber,5526350,1015.0,771.0,0.0,13899.0,19102.0,3327007.0,-23.25,0.7675,-15.125,0.84875,-3.5,5.625
2021-06-17,E12000003,Yorkshire and The Humber,5526350,1053.0,821.5714285714286,0.0,17185.0,15647.0,3344192.0,-23.625,0.76375,-21.875,0.78125,-7.625,6.625
2021-06-18,E12000003,Yorkshire and The Humber,5526350,1062.0,876.4285714285714,0.0,17207.0,13550.0,3361399.0,-22.75,0.7725,-17.75,0.8225,-13.875,5.875
2021-06-19,E12000003,Yorkshire and The Humber,5526350,839.0,915.5714285714286,3.0,23739.0,21794.0,3385138.0,-8.875,0.91125,-12.75,0.8725,-12.5,1.5
2021-06-20,E12000003,Yorkshire and The Humber,5526350,963.0,965.5714285714286,5.0,12143.0,7693.0,3397281.0,-5.25,0.9475,-8.875,0.91125,-5.875,0.125
2021-06-21,E12000003,Yorkshire and The Humber,5526350,1509.0,1045.0,0.0,10235.0,7781.0,3407516.0,-24.875,0.75125,-21.25,0.7875,-8.5,6.75
2021-06-22,E12000003,Yorkshire and The Humber,5526350,1606.0,1149.5714285714287,1.0,12108.0,11426.0,3419624.0,-23.375,0.76625,-19.0,0.81,-5.0,6.125
2021-06-23,E12000003,Yorkshire and The Humber,5526350,1839.0,1267.2857142857142,0.0,14079.0,12543.0,3433703.0,-23.75,0.7625,-17.25,0.8275,-5.375,6.375
2021-06-24,E12000003,Yorkshire and The Humber,5526350,1857.0,1382.142857142857,2.0,17993.0,11863.0,3451696.0,-24.0,0.76,-19.625,0.80375,-5.625,6.625
2021-06-25,E12000003,Yorkshire and The Humber,5526350,1841.0,1493.4285714285713,0.0,14988.0,12392.0,3466684.0,-24.5,0.755,-17.5,0.825,-10.5,6.375
2021-06-26,E12000003,Yorkshire and The Humber,5526350,1605.0,1602.857142857143,1.0,19939.0,23801.0,3486623.0,-8.5,0.915,-7.875,0.92125,-11.375,1.25
2021-06-27,E12000003,Yorkshire and The Humber,5526350,1949.0,1743.7142857142858,5.0,9740.0,10238.0,3496363.0,-6.875,0.93125,-7.875,0.92125,-7.125,0.5
2021-06-28,E12000003,Yorkshire and The Humber,5526350,2909.0,1943.7142857142858,1.0,7958.0,9836.0,3504321.0,-25.5,0.745,-18.125,0.81875,-4.75,5.875
2021-06-29,E12000003,Yorkshire and The Humber,5526350,2882.0,2126.0,5.0,8905.0,9466.0,3513226.0,-25.75,0.7424999999999999,-22.625,0.7737499999999999,-7.5,5.875
2021-06-30,E12000003,Yorkshire and The Humber,5526350,2938.0,2283.0,2.0,11537.0,12531.0,3524763.0,-25.5,0.745,-22.75,0.7725,-5.625,5.75
2021-07-01,E12000003,Yorkshire and The Humber,5526350,2957.0,2440.1428571428573,3.0,10470.0,13457.0,3535233.0,-24.875,0.75125,-19.875,0.80125,-3.375,6.75
2021-07-02,E12000003,Yorkshire and The Humber,5526350,2656.0,2556.5714285714284,0.0,9429.0,11875.0,3544662.0,-23.875,0.76125,-13.5,0.865,-8.875,5.875
2021-07-03,E12000003,Yorkshire and The Humber,5526350,2479.0,2681.4285714285716,3.0,11171.0,17670.0,3555833.0,-9.625,0.90375,-16.0,0.84,-17.25,2.5
2021-07-04,E12000003,Yorkshire and The Humber,5526350,2828.0,2807.0,1.0,4860.0,7981.0,3560693.0,-7.625,0.92375,-6.75,0.9325,-9.0,1.5
2021-07-05,E12000003,Yorkshire and The Humber,5526350,3943.0,2954.714285714286,2.0,5531.0,9772.0,3566224.0,-26.25,0.7375,-19.75,0.8025,-5.75,7.125
2021-07-06,E12000003,Yorkshire and The Humber,5526350,4153.0,3136.285714285714,1.0,6175.0,9889.0,3572399.0,-25.875,0.74125,-23.125,0.76875,-7.0,7.875
2021-07-07,E12000003,Yorkshire and The Humber,5526350,4616.0,3376.0,4.0,5980.0,13522.0,3578379.0,-26.0,0.74,-22.625,0.7737499999999999,-7.0,7.375
2021-07-08,E12000003,Yorkshire and The Humber,5526350,3749.0,3489.1428571428573,3.0,7102.0,11752.0,3585481.0,-26.375,0.7362500000000001,-19.0,0.81,-4.5,7.25
2021-07-09,E12000003,Yorkshire and The Humber,5526350,3641.0,3629.8571428571427,2.0,6874.0,16262.0,3592355.0,-25.25,0.7475,-13.25,0.8674999999999999,-8.5,6.125
2021-07-10,E12000003,Yorkshire and The Humber,5526350,3157.0,3726.714285714286,4.0,7867.0,20187.0,3600222.0,-9.25,0.9075,-12.375,0.87625,-14.0,2.625
2021-07-11,E12000003,Yorkshire and The Humber,5526350,3387.0,3806.5714285714284,2.0,2775.0,7696.0,3602997.0,-4.375,0.95625,-7.0,0.9299999999999999,-7.375,-0.375
2021-07-12,E12000003,Yorkshire and The Humber,5526350,5039.0,3963.1428571428573,4.0,2936.0,7023.0,3605933.0,-30.75,0.6925,-23.625,0.76375,-12.0,8.75
2021-07-13,E12000003,Yorkshire and The Humber,5526350,5310.0,4128.428571428572,2.0,3329.0,10934.0,3609262.0,-27.375,0.7262500000000001,-21.5,0.785,-4.5,7.625
2021-07-14,E12000003,Yorkshire and The Humber,5526350,5924.0,4315.285714285715,6.0,4815.0,15002.0,3614077.0,-27.125,0.72875,-20.25,0.7975,-2.625,7.25
2021-07-15,E12000003,Yorkshire and The Humber,5526350,6416.0,4696.285714285715,7.0,4374.0,15033.0,3618451.0,-27.25,0.7275,-19.875,0.80125,-1.75,7.25
2021-07-16,E12000003,Yorkshire and The Humber,5526350,5818.0,5007.285714285715,7.0,4727.0,13934.0,3623178.0,-26.625,0.73375,-13.75,0.8625,-7.0,5.875
2021-07-17,E12000003,Yorkshire and The Humber,5526350,3912.0,5115.142857142857,4.0,5741.0,17950.0,3628919.0,-10.75,0.8925,-8.0,0.92,-17.125,1.625
2021-07-18,E12000003,Yorkshire and The Humber,5526350,3856.0,5182.142857142857,10.0,2342.0,8083.0,3631261.0,-7.625,0.92375,2.875,1.02875,-7.125,0.25
2021-07-19,E12000003,Yorkshire and The Humber,5526350,5244.0,5211.428571428572,10.0,2297.0,7482.0,3633558.0,-29.125,0.70875,-17.125,0.82875,1.0,6.75
2021-07-20,E12000003,Yorkshire and The Humber,5526350,4237.0,5058.142857142857,9.0,2704.0,9785.0,3636262.0,-29.375,0.70625,-17.0,0.83,0.5,7.375
2021-07-21,E12000003,Yorkshire and The Humber,5526350,3711.0,4742.0,7.0,3553.0,12537.0,3639815.0,-29.375,0.70625,-18.75,0.8125,1.625,7.125
2021-07-22,E12000003,Yorkshire and The Humber,5526350,3245.0,4289.0,7.0,3610.0,13603.0,3643425.0,-29.625,0.70375,-18.0,0.8200000000000001,2.25,7.125
2021-07-23,E12000003,Yorkshire and The Humber,5526350,2781.0,3855.1428571428573,7.0,3191.0,11918.0,3646616.0,-29.625,0.70375,-11.625,0.88375,-3.625,6.0
2021-07-24,E12000003,Yorkshire and The Humber,5526350,2368.0,3634.5714285714284,9.0,3635.0,17948.0,3650251.0,-8.75,0.9125,-5.625,0.94375,-10.625,0.875
2021-07-25,E12000003,Yorkshire and The Humber,5526350,2224.0,3401.4285714285716,12.0,2183.0,6651.0,3652434.0,-4.5,0.955,-1.5,0.985,-0.875,0.125
2021-07-26,E12000003,Yorkshire and The Humber,5526350,3285.0,3121.5714285714284,11.0,2089.0,6779.0,3654523.0,-36.5,0.635,-14.375,0.85625,6.375,6.875
2021-07-27,E12000003,Yorkshire and The Humber,5526350,3192.0,2972.285714285714,13.0,2199.0,8525.0,3656722.0,-35.625,0.64375,-19.75,0.8025,5.75,8.125
2021-07-28,E12000003,Yorkshire and The Humber,5526350,3265.0,2908.5714285714284,11.0,2737.0,10943.0,3659459.0,-36.375,0.63625,-22.0,0.78,3.375,8.75
2021-07-29,E12000003,Yorkshire and The Humber,5526350,3234.0,2907.0,9.0,3570.0,13018.0,3663029.0,-35.875,0.64125,-18.125,0.81875,6.125,7.75
2021-07-30,E12000003,Yorkshire and The Humber,5526350,2788.0,2908.0,9.0,2755.0,11320.0,3665784.0,-36.25,0.6375,-18.375,0.81625,-5.25,8.125
2021-07-31,E12000003,Yorkshire and The Humber,5526350,2327.0,2902.1428571428573,11.0,3458.0,19562.0,3669242.0,-9.125,0.90875,-6.875,0.93125,-7.375,1.125
2021-08-01,E12000003,Yorkshire and The Humber,5526350,2305.0,2913.714285714286,5.0,1539.0,8020.0,3670781.0,-7.0,0.9299999999999999,-3.625,0.96375,0.625,0.125
2021-08-02,E12000003,Yorkshire and The Humber,5526350,3348.0,2922.714285714286,6.0,2029.0,7651.0,3672810.0,-37.75,0.6225,-13.5,0.865,10.25,6.625
2021-08-03,E12000003,Yorkshire and The Humber,5526350,3276.0,2934.714285714286,6.0,2316.0,8393.0,3675126.0,-37.375,0.62625,-15.0,0.85,10.375,7.25
2021-08-04,E12000003,Yorkshire and The Humber,5526350,3608.0,2983.714285714286,9.0,2793.0,12398.0,3677919.0,-37.375,0.62625,-16.0,0.84,7.875,7.75
2021-08-05,E12000003,Yorkshire and The Humber,5526350,3363.0,3002.1428571428573,18.0,2481.0,11795.0,3680400.0,-37.25,0.6275,-19.25,0.8075,6.25,8.125
2021-08-06,E12000003,Yorkshire and The Humber,5526350,3064.0,3041.5714285714284,13.0,2208.0,11183.0,3682608.0,-36.75,0.6325000000000001,-16.75,0.8325,-4.25,7.875
2021-08-07,E12000003,Yorkshire and The Humber,5526350,2428.0,3056.0,14.0,3368.0,18466.0,3685976.0,-10.875,0.89125,-5.25,0.9475,-9.125,1.125
2021-08-08,E12000003,Yorkshire and The Humber,5526350,2371.0,3065.4285714285716,12.0,1569.0,8682.0,3687545.0,-7.25,0.9275,-5.625,0.94375,-2.0,0.75
2021-08-09,E12000003,Yorkshire and The Humber,5526350,3450.0,3080.0,10.0,1950.0,8509.0,3689495.0,-37.25,0.6275,-13.625,0.86375,9.375,6.625
2021-08-10,E12000003,Yorkshire and The Humber,5526350,3349.0,3090.4285714285716,18.0,2237.0,9022.0,3691732.0,-36.75,0.6325000000000001,-14.0,0.86,12.0,7.0
2021-08-11,E12000003,Yorkshire and The Humber,5526350,3208.0,3033.285714285714,14.0,3430.0,11757.0,3695162.0,-36.75,0.6325000000000001,-13.375,0.86625,9.0,7.0
2021-08-12,E12000003,Yorkshire and The Humber,5526350,3142.0,3001.714285714286,15.0,3366.0,13659.0,3698528.0,-36.5,0.635,-11.75,0.8825000000000001,10.5,6.375
2021-08-13,E12000003,Yorkshire and The Humber,5526350,2934.0,2983.1428571428573,20.0,2788.0,12406.0,3701316.0,-36.0,0.64,-6.625,0.93375,1.375,5.75
2021-08-14,E12000003,Yorkshire and The Humber,5526350,2400.0,2979.1428571428573,14.0,4189.0,16403.0,3705505.0,-10.75,0.8925,-0.875,0.99125,-8.75,0.125
2021-08-15,E12000003,Yorkshire and The Humber,5526350,2466.0,2992.714285714286,9.0,2188.0,8928.0,3707693.0,-6.75,0.9325,1.5,1.015,0.875,-0.125
2021-08-16,E12000003,Yorkshire and The Humber,5526350,3359.0,2979.714285714286,11.0,2196.0,8354.0,3709889.0,-37.0,0.63,-13.25,0.8674999999999999,9.75,6.5
2021-08-17,E12000003,Yorkshire and The Humber,5526350,2989.0,2928.285714285714,9.0,2609.0,9473.0,3712498.0,-37.125,0.6287499999999999,-18.375,0.81625,10.0,7.625
2021-08-18,E12000003,Yorkshire and The Humber,5526350,3256.0,2935.1428571428573,13.0,4406.0,13344.0,3716904.0,-35.375,0.64625,-13.25,0.8674999999999999,9.875,7.0
2021-08-19,E12000003,Yorkshire and The Humber,5526350,3088.0,2927.4285714285716,10.0,4147.0,13440.0,3721051.0,-35.375,0.64625,-13.5,0.865,7.125,7.125
2021-08-20,E12000003,Yorkshire and The Humber,5526350,2661.0,2888.4285714285716,12.0,4155.0,12685.0,3725206.0,-34.75,0.6525000000000001,-6.125,0.93875,0.75,5.625
2021-08-21,E12000003,Yorkshire and The Humber,5526350,2309.0,2875.4285714285716,9.0,5957.0,17885.0,3731163.0,-10.5,0.895,-3.5,0.965,-10.25,1.375
2021-08-22,E12000003,Yorkshire and The Humber,5526350,2473.0,2876.4285714285716,10.0,2683.0,8605.0,3733846.0,-5.375,0.94625,-0.875,0.99125,-0.5,0.0
2021-08-23,E12000003,Yorkshire and The Humber,5526350,3446.0,2888.8571428571427,15.0,2816.0,8786.0,3736662.0,-36.125,0.6387499999999999,-10.0,0.9,11.5,6.0
2021-08-24,E12000003,Yorkshire and The Humber,5526350,3053.0,2898.0,13.0,3964.0,9242.0,3740626.0,-36.25,0.6375,-12.625,0.87375,10.75,6.75
2021-08-25,E12000003,Yorkshire and The Humber,5526350,2901.0,2847.285714285714,5.0,4457.0,11128.0,3745083.0,-35.875,0.64125,-12.0,0.88,10.5,6.75
2021-08-26,E12000003,Yorkshire and The Humber,5526350,2794.0,2805.285714285714,9.0,4307.0,11078.0,3749390.0,-36.125,0.6387499999999999,-12.5,0.875,11.25,6.75
2021-08-27,E12000003,Yorkshire and The Humber,5526350,2647.0,2803.285714285714,23.0,3777.0,10762.0,3753167.0,-36.625,0.63375,-6.25,0.9375,4.625,5.375
2021-08-28,E12000003,Yorkshire and The Humber,5526350,2249.0,2794.714285714286,12.0,3574.0,10918.0,3756741.0,-10.125,0.8987499999999999,9.0,1.09,-3.25,-1.0
2021-08-29,E12000003,Yorkshire and The Humber,5526350,2281.0,2767.285714285714,17.0,1563.0,5768.0,3758304.0,-7.0,0.9299999999999999,5.25,1.0525,11.25,-1.5
2021-08-30,E12000003,Yorkshire and The Humber,5526350,2983.0,2701.1428571428573,10.0,1092.0,3965.0,3759396.0,-70.125,0.29874999999999996,-26.75,0.7324999999999999,9.875,12.875
2021-08-31,E12000003,Yorkshire and The Humber,5526350,3839.0,2813.4285714285716,15.0,2943.0,8457.0,3762339.0,-36.125,0.6387499999999999,-16.125,0.83875,10.875,7.125
2021-09-01,E12000003,Yorkshire and The Humber,5526350,3404.0,2885.285714285714,18.0,3209.0,9584.0,3765548.0,-33.5,0.665,-18.375,0.81625,6.375,7.5
2021-09-02,E12000003,Yorkshire and The Humber,5526350,3261.0,2952.0,13.0,3025.0,9143.0,3768573.0,-32.0,0.6799999999999999,-19.625,0.80375,6.25,7.0
2021-09-03,E12000003,Yorkshire and The Humber,5526350,3242.0,3037.0,17.0,2971.0,9099.0,3771544.0,-30.625,0.69375,-13.0,0.87,-0.625,5.5
2021-09-04,E12000003,Yorkshire and The Humber,5526350,2593.0,3086.1428571428573,22.0,3469.0,11293.0,3775013.0,-8.375,0.91625,-5.25,0.9475,-5.875,0.625
2021-09-05,E12000003,Yorkshire and The Humber,5526350,2665.0,3141.0,18.0,1469.0,5743.0,3776482.0,-3.5,0.965,0.75,1.0075,3.125,-0.75
2021-09-06,E12000003,Yorkshire and The Humber,5526350,3825.0,3261.285714285714,17.0,1698.0,5381.0,3778180.0,-28.875,0.7112499999999999,-10.375,0.89625,5.875,5.0
2021-09-07,E12000003,Yorkshire and The Humber,5526350,3296.0,3183.714285714286,12.0,1614.0,4882.0,3779794.0,-27.875,0.72125,-10.0,0.9,7.875,5.25
2021-09-08,E12000003,Yorkshire and The Humber,5526350,3047.0,3132.714285714286,15.0,2232.0,7891.0,3782026.0,-26.5,0.735,-10.0,0.9,5.125,5.125
2021-09-09,E12000003,Yorkshire and The Humber,5526350,2664.0,3047.4285714285716,22.0,2068.0,8238.0,3784094.0,-25.875,0.74125,-14.625,0.85375,0.125,5.625
2021-09-10,E12000003,Yorkshire and The Humber,5526350,2456.0,2935.1428571428573,20.0,2101.0,7126.0,3786195.0,-24.5,0.755,-5.125,0.94875,-2.875,4.125
2021-09-11,E12000003,Yorkshire and The Humber,5526350,1966.0,2845.5714285714284,9.0,2509.0,9236.0,3788704.0,-7.375,0.92625,2.25,1.0225,-5.25,0.375
2021-09-12,E12000003,Yorkshire and The Humber,5526350,2069.0,2760.4285714285716,17.0,1041.0,3705.0,3789745.0,-5.25,0.9475,-1.25,0.9875,0.875,-0.25
2021-09-13,E12000003,Yorkshire and The Humber,5526350,2950.0,2635.4285714285716,10.0,1235.0,3889.0,3790980.0,-26.75,0.7324999999999999,-9.25,0.9075,0.625,4.875
2021-09-14,E12000003,Yorkshire and The Humber,5526350,2481.0,2519.0,13.0,1472.0,4574.0,3792452.0,-27.625,0.72375,-16.75,0.8325,-3.625,6.5
2021-09-15,E12000003,Yorkshire and The Humber,5526350,2420.0,2429.4285714285716,10.0,1759.0,5465.0,3794211.0,-26.375,0.7362500000000001,-11.5,0.885,1.625,5.0
2021-09-16,E12000003,Yorkshire and The Humber,5526350,2605.0,2421.0,16.0,1609.0,5887.0,3795820.0,-27.25,0.7275,-12.0,0.88,0.75,4.25
2021-09-17,E12000003,Yorkshire and The Humber,5526350,2665.0,2450.8571428571427,15.0,1627.0,5525.0,3797447.0,-26.625,0.73375,-5.875,0.94125,-1.375,3.5
2021-09-18,E12000003,Yorkshire and The Humber,5526350,2504.0,2527.714285714286,9.0,2059.0,5698.0,3799506.0,-9.5,0.905,5.0,1.05,-4.5,-0.125
2021-09-19,E12000003,Yorkshire and The Humber,5526350,2990.0,2659.285714285714,15.0,1133.0,3591.0,3800639.0,-7.25,0.9275,-4.625,0.95375,-2.0,0.0
2021-09-20,E12000003,Yorkshire and The Humber,5526350,4012.0,2811.0,17.0,1642.0,3165.0,3802281.0,-27.375,0.7262500000000001,-9.375,0.90625,2.25,4.25
2021-09-21,E12000003,Yorkshire and The Humber,5526350,3823.0,3002.714285714286,12.0,1239.0,2794.0,3803520.0,-26.75,0.7324999999999999,-11.75,0.8825000000000001,1.875,4.625
2021-09-22,E12000003,Yorkshire and The Humber,5526350,3742.0,3191.5714285714284,12.0,1473.0,3378.0,3804993.0,-24.75,0.7525,-12.625,0.87375,0.125,5.125
2021-09-23,E12000003,Yorkshire and The Humber,5526350,3481.0,3316.714285714286,12.0,1904.0,4114.0,3806897.0,-24.375,0.75625,-13.0,0.87,-1.125,5.0
2021-09-24,E12000003,Yorkshire and The Humber,5526350,3088.0,3377.1428571428573,15.0,1908.0,3441.0,3808805.0,-24.25,0.7575000000000001,-2.875,0.97125,-1.875,3.625
2021-09-25,E12000003,Yorkshire and The Humber,5526350,2851.0,3426.714285714286,15.0,1274.0,4323.0,3810079.0,-9.125,0.90875,-0.875,0.99125,-7.25,0.125
2021-09-26,E12000003,Yorkshire and The Humber,5526350,3249.0,3463.714285714286,6.0,853.0,2410.0,3810932.0,-5.75,0.9425,1.0,1.01,-0.75,-0.125
2021-09-27,E12000003,Yorkshire and The Humber,5526350,4118.0,3478.8571428571427,6.0,2462.0,2414.0,3813394.0,-26.625,0.73375,-13.875,0.86125,-6.625,5.75
2021-09-28,E12000003,Yorkshire and The Humber,5526350,3592.0,3445.8571428571427,6.0,2696.0,2378.0,3816090.0,-26.0,0.74,-12.125,0.87875,-3.875,5.75
2021-09-29,E12000003,Yorkshire and The Humber,5526350,3622.0,3428.714285714286,13.0,3551.0,2958.0,3819641.0,-26.125,0.73875,-15.625,0.84375,-3.5,5.375
2021-09-30,E12000003,Yorkshire and The Humber,5526350,3173.0,3384.714285714286,14.0,3385.0,3079.0,3823026.0,-26.25,0.7375,-18.875,0.81125,-5.25,6.25
2021-10-01,E12000003,Yorkshire and The Humber,5526350,2884.0,3355.5714285714284,12.0,2817.0,2692.0,3825843.0,-24.75,0.7525,-10.0,0.9,-4.125,4.625
2021-10-02,E12000003,Yorkshire and The Humber,5526350,2549.0,3312.4285714285716,5.0,1483.0,2792.0,3827326.0,-11.375,0.88625,-10.375,0.89625,-10.125,2.25
2021-10-03,E12000003,Yorkshire and The Humber,5526350,3128.0,3295.1428571428573,14.0,978.0,1579.0,3828304.0,-7.125,0.92875,-10.0,0.9,-1.5,0.875
2021-10-04,E12000003,Yorkshire and The Humber,5526350,4277.0,3317.8571428571427,7.0,2749.0,2190.0,3831053.0,-25.875,0.74125,-15.0,0.85,-3.375,5.0
2021-10-05,E12000003,Yorkshire and The Humber,5526350,3748.0,3340.1428571428573,8.0,2492.0,1944.0,3833545.0,-26.75,0.7324999999999999,-20.125,0.79875,-6.5,6.375
2021-10-06,E12000003,Yorkshire and The Humber,5526350,3934.0,3384.714285714286,5.0,2894.0,2438.0,3836439.0,-25.125,0.74875,-17.375,0.82625,-2.875,5.375
2021-10-07,E12000003,Yorkshire and The Humber,5526350,3829.0,3478.4285714285716,15.0,3774.0,2501.0,3840213.0,-24.625,0.75375,-16.0,0.84,-2.125,4.875
2021-10-08,E12000003,Yorkshire and The Humber,5526350,3456.0,3560.1428571428573,20.0,2868.0,2264.0,3843081.0,-24.125,0.75875,-6.5,0.935,-3.125,3.5
2021-10-09,E12000003,Yorkshire and The Humber,5526350,3173.0,3649.285714285714,17.0,1427.0,3003.0,3844508.0,-9.125,0.90875,-0.25,0.9975,-5.5,0.5
2021-10-10,E12000003,Yorkshire and The Humber,5526350,3582.0,3714.1428571428573,15.0,908.0,1704.0,3845416.0,-7.25,0.9275,-3.875,0.96125,-0.875,0.125
2021-10-11,E12000003,Yorkshire and The Humber,5526350,4942.0,3809.1428571428573,15.0,2897.0,2060.0,3848313.0,-25.25,0.7475,-13.75,0.8625,-3.5,4.75
2021-10-12,E12000003,Yorkshire and The Humber,5526350,4339.0,3893.5714285714284,13.0,4076.0,1812.0,3852389.0,-24.75,0.7525,-16.125,0.83875,-5.5,5.375
2021-10-13,E12000003,Yorkshire and The Humber,5526350,4242.0,3937.5714285714284,19.0,4543.0,2206.0,3856932.0,-24.5,0.755,-15.375,0.84625,-4.875,5.25
2021-10-14,E12000003,Yorkshire and The Humber,5526350,4020.0,3964.8571428571427,17.0,4313.0,2334.0,3861245.0,-23.625,0.76375,-16.75,0.8325,-4.125,5.0
2021-10-15,E12000003,Yorkshire and The Humber,5526350,3503.0,3971.5714285714284,17.0,4102.0,2224.0,3865347.0,-23.25,0.7675,-5.75,0.9425,-3.375,3.875
2021-10-16,E12000003,Yorkshire and The Humber,5526350,3107.0,3962.1428571428573,20.0,1264.0,2744.0,3866611.0,-9.5,0.905,-4.5,0.955,-6.875,1.0
2021-10-17,E12000003,Yorkshire and The Humber,5526350,3417.0,3938.5714285714284,13.0,700.0,1461.0,3867311.0,-8.25,0.9175,-10.25,0.8975,-5.75,1.375
2021-10-18,E12000003,Yorkshire and The Humber,5526350,4564.0,3884.5714285714284,9.0,4193.0,1775.0,3871504.0,-25.625,0.74375,-17.0,0.83,-6.75,5.5
2021-10-19,E12000003,Yorkshire and The Humber,5526350,4076.0,3847.0,7.0,3744.0,1634.0,3875248.0,-25.625,0.74375,-19.75,0.8025,-5.875,6.125
2021-10-20,E12000003,Yorkshire and The Humber,5526350,4152.0,3834.1428571428573,24.0,4134.0,2164.0,3879382.0,-25.375,0.7462500000000001,-20.125,0.79875,-5.5,6.25
2021-10-21,E12000003,Yorkshire and The Humber,5526350,3656.0,3782.1428571428573,16.0,4396.0,1978.0,3883778.0,-24.375,0.75625,-18.375,0.81625,-2.75,5.375
2021-10-22,E12000003,Yorkshire and The Humber,5526350,3099.0,3724.4285714285716,19.0,3639.0,1925.0,3887417.0,-24.75,0.7525,-11.125,0.88875,-4.375,5.125
2021-10-23,E12000003,Yorkshire and The Humber,5526350,2772.0,3676.5714285714284,19.0,1499.0,2682.0,3888916.0,-10.125,0.8987499999999999,-9.75,0.9025,-7.125,0.875
2021-10-24,E12000003,Yorkshire and The Humber,5526350,3010.0,3618.4285714285716,16.0,1237.0,1429.0,3890153.0,-8.625,0.9137500000000001,-11.25,0.8875,-2.375,1.125
2021-10-25,E12000003,Yorkshire and The Humber,5526350,3837.0,3514.5714285714284,18.0,2628.0,1393.0,3892781.0,-36.625,0.63375,-15.625,0.84375,7.625,6.125
2021-10-26,E12000003,Yorkshire and The Humber,5526350,3543.0,3438.4285714285716,10.0,2427.0,1472.0,3895208.0,-35.625,0.64375,-18.875,0.81125,7.25,6.875
2021-10-27,E12000003,Yorkshire and The Humber,5526350,3554.0,3353.0,22.0,3116.0,1686.0,3898324.0,-35.5,0.645,-16.875,0.83125,7.375,6.875
2021-10-28,E12000003,Yorkshire and The Humber,5526350,3596.0,3344.4285714285716,20.0,2676.0,1816.0,3901000.0,-35.5,0.645,-17.125,0.82875,8.875,6.375
2021-10-29,E12000003,Yorkshire and The Humber,5526350,3522.0,3404.8571428571427,16.0,2690.0,1753.0,3903690.0,-35.125,0.6487499999999999,-11.75,0.8825000000000001,3.25,6.0
2021-10-30,E12000003,Yorkshire and The Humber,5526350,2874.0,3419.4285714285716,21.0,2078.0,1912.0,3905768.0,-12.0,0.88,-9.0,0.91,-6.75,1.125
2021-10-31,E12000003,Yorkshire and The Humber,5526350,2895.0,3403.0,19.0,1568.0,1135.0,3907336.0,-10.0,0.9,-11.625,0.88375,-10.125,1.625
2021-11-01,E12000003,Yorkshire and The Humber,5526350,3818.0,3400.285714285714,20.0,3021.0,1256.0,3910357.0,-25.375,0.7462500000000001,-19.5,0.8049999999999999,-6.75,6.375
2021-11-02,E12000003,Yorkshire and The Humber,5526350,3188.0,3349.5714285714284,17.0,4474.0,1356.0,3914831.0,-23.25,0.7675,-17.875,0.82125,-2.375,5.75
2021-11-03,E12000003,Yorkshire and The Humber,5526350,3086.0,3282.714285714286,16.0,4487.0,1815.0,3919318.0,-23.375,0.76625,-21.125,0.7887500000000001,-5.625,6.125
2021-11-04,E12000003,Yorkshire and The Humber,5526350,2821.0,3172.0,25.0,4992.0,1547.0,3924310.0,-22.625,0.7737499999999999,-20.125,0.79875,-5.125,5.875
2021-11-05,E12000003,Yorkshire and The Humber,5526350,2400.0,3011.714285714286,13.0,3690.0,1573.0,3928000.0,-22.5,0.775,-13.125,0.86875,-4.0,4.75
2021-11-06,E12000003,Yorkshire and The Humber,5526350,2156.0,2909.1428571428573,21.0,2554.0,2349.0,3930554.0,-9.875,0.90125,-13.75,0.8625,-9.625,2.25
2021-11-07,E12000003,Yorkshire and The Humber,5526350,2367.0,2833.714285714286,19.0,1821.0,940.0,3932375.0,-8.0,0.92,-12.125,0.87875,-2.125,1.0
2021-11-08,E12000003,Yorkshire and The Humber,5526350,3372.0,2770.0,7.0,3467.0,1350.0,3935842.0,-23.25,0.7675,-17.25,0.8275,-4.625,5.375
2021-11-09,E12000003,Yorkshire and The Humber,5526350,3264.0,2780.8571428571427,19.0,3667.0,1514.0,3939509.0,-22.5,0.775,-17.5,0.825,-4.0,5.75
2021-11-10,E12000003,Yorkshire and The Humber,5526350,3193.0,2796.1428571428573,12.0,3231.0,1915.0,3942740.0,-22.75,0.7725,-18.5,0.815,-4.5,5.75
2021-11-11,E12000003,Yorkshire and The Humber,5526350,3107.0,2837.0,13.0,3614.0,1883.0,3946354.0,-22.0,0.78,-19.125,0.80875,-3.625,5.5
2021-11-12,E12000003,Yorkshire and The Humber,5526350,2972.0,2918.714285714286,21.0,3171.0,1653.0,3949525.0,-22.5,0.775,-14.125,0.85875,-7.25,5.375
2021-11-13,E12000003,Yorkshire and The Humber,5526350,2493.0,2966.8571428571427,18.0,2491.0,2294.0,3952016.0,-9.75,0.9025,-12.0,0.88,-6.875,2.0
2021-11-14,E12000003,Yorkshire and The Humber,5526350,2842.0,3034.714285714286,15.0,1511.0,1046.0,3953527.0,-7.25,0.9275,-5.0,0.95,-1.375,0.875
2021-11-15,E12000003,Yorkshire and The Humber,5526350,3841.0,3101.714285714286,15.0,2500.0,1389.0,3956027.0,-23.25,0.7675,-17.75,0.8225,-4.625,5.5
2021-11-16,E12000003,Yorkshire and The Humber,5526350,3320.0,3109.714285714286,15.0,2556.0,1296.0,3958583.0,-22.625,0.7737499999999999,-19.375,0.80625,-4.5,5.75
2021-11-17,E12000003,Yorkshire and The Humber,5526350,3381.0,3136.5714285714284,11.0,3646.0,1847.0,3962229.0,-22.25,0.7775,-18.625,0.81375,-3.5,5.5
2021-11-18,E12000003,Yorkshire and The Humber,5526350,3151.0,3142.8571428571427,17.0,2180.0,1503.0,3964409.0,-21.875,0.78125,-17.25,0.8275,-1.875,5.25
2021-11-19,E12000003,Yorkshire and The Humber,5526350,2808.0,3119.4285714285716,14.0,2525.0,1707.0,3966934.0,-22.25,0.7775,-8.75,0.9125,-0.375,4.875
2021-11-20,E12000003,Yorkshire and The Humber,5526350,2369.0,3101.714285714286,7.0,1840.0,2108.0,3968774.0,-10.0,0.9,-6.5,0.935,-4.125,1.875
2021-11-21,E12000003,Yorkshire and The Humber,5526350,2463.0,3047.5714285714284,13.0,1418.0,1072.0,3970192.0,-8.625,0.9137500000000001,-8.0,0.92,-1.875,1.125
2021-11-22,E12000003,Yorkshire and The Humber,5526350,3436.0,2989.714285714286,9.0,2254.0,1117.0,3972446.0,-23.25,0.7675,-16.25,0.8375,-2.375,5.625
2021-11-23,E12000003,Yorkshire and The Humber,5526350,3256.0,2980.5714285714284,13.0,2106.0,1587.0,3974552.0,-22.375,0.77625,-17.5,0.825,-2.75,5.625
2021-11-24,E12000003,Yorkshire and The Humber,5526350,3133.0,2945.1428571428573,18.0,2457.0,1905.0,3977009.0,-22.375,0.77625,-17.875,0.82125,-2.875,5.75
2021-11-25,E12000003,Yorkshire and The Humber,5526350,2832.0,2899.5714285714284,15.0,2245.0,1936.0,3979254.0,-22.5,0.775,-18.125,0.81875,0.375,5.375
2021-11-26,E12000003,Yorkshire and The Humber,5526350,2567.0,2865.1428571428573,12.0,1809.0,2023.0,3981063.0,-23.125,0.76875,-11.625,0.88375,0.5,5.375
2021-11-27,E12000003,Yorkshire and The Humber,5526350,1852.0,2791.285714285714,6.0,1826.0,3289.0,3982889.0,-15.0,0.85,-25.375,0.7462500000000001,-16.5,4.75
2021-11-28,E12000003,Yorkshire and The Humber,5526350,2469.0,2792.1428571428573,10.0,1275.0,1900.0,3984164.0,-9.375,0.90625,-14.375,0.85625,-5.25,2.625
2021-11-29,E12000003,Yorkshire and The Humber,5526350,3659.0,2824.0,18.0,1759.0,1650.0,3985923.0,-25.75,0.7424999999999999,-18.875,0.81125,-2.875,6.875
2021-11-30,E12000003,Yorkshire and The Humber,5526350,3559.0,2867.285714285714,10.0,2478.0,2156.0,3988401.0,-22.875,0.77125,-17.875,0.82125,2.625,5.875
2021-12-01,E12000003,Yorkshire and The Humber,5526350,3421.0,2908.4285714285716,7.0,2047.0,2763.0,3990448.0,-23.125,0.76875,-20.25,0.7975,-1.75,6.125
2021-12-02,E12000003,Yorkshire and The Humber,5526350,3015.0,2934.5714285714284,6.0,1697.0,2540.0,3992145.0,-22.75,0.7725,-20.0,0.8,-1.75,6.125
2021-12-03,E12000003,Yorkshire and The Humber,5526350,2713.0,2955.4285714285716,17.0,1679.0,2392.0,3993824.0,-22.75,0.7725,-11.0,0.89,-1.5,5.5
2021-12-04,E12000003,Yorkshire and The Humber,5526350,2254.0,3012.8571428571427,13.0,2132.0,3625.0,3995956.0,-10.375,0.89625,-6.875,0.93125,-6.375,2.0
2021-12-05,E12000003,Yorkshire and The Humber,5526350,2540.0,3023.0,10.0,1361.0,1903.0,3997317.0,-8.25,0.9175,-10.375,0.89625,0.125,1.25
2021-12-06,E12000003,Yorkshire and The Humber,5526350,3475.0,2996.714285714286,11.0,1170.0,1811.0,3998487.0,-25.0,0.75,-19.75,0.8025,-1.25,6.25
2021-12-07,E12000003,Yorkshire and The Humber,5526350,3115.0,2933.285714285714,13.0,1604.0,2077.0,4000091.0,-22.75,0.7725,-22.375,0.77625,-5.625,6.875
2021-12-08,E12000003,Yorkshire and The Humber,5526350,3258.0,2910.0,14.0,1437.0,2400.0,4001528.0,-22.0,0.78,-22.0,0.78,-4.5,6.625
2021-12-09,E12000003,Yorkshire and The Humber,5526350,3093.0,2921.1428571428573,7.0,1681.0,2835.0,4003209.0,-21.0,0.79,-17.125,0.82875,2.5,5.25
2021-12-10,E12000003,Yorkshire and The Humber,5526350,2672.0,2915.285714285714,7.0,1729.0,2790.0,4004938.0,-20.75,0.7925,-10.125,0.8987499999999999,0.375,4.875
2021-12-11,E12000003,Yorkshire and The Humber,5526350,2487.0,2948.5714285714284,7.0,1872.0,3244.0,4006810.0,-8.125,0.91875,-5.75,0.9425,-4.875,1.875
2021-12-12,E12000003,Yorkshire and The Humber,5526350,2785.0,2983.5714285714284,12.0,1877.0,2884.0,4008687.0,-4.75,0.9525,-6.625,0.93375,2.25,1.25
2021-12-13,E12000003,Yorkshire and The Humber,5526350,4150.0,3080.0,11.0,1746.0,2542.0,4010433.0,-23.875,0.76125,-19.0,0.81,1.0,6.375
2021-12-14,E12000003,Yorkshire and The Humber,5526350,4811.0,3322.285714285714,8.0,1770.0,2921.0,4012203.0,-22.875,0.77125,-19.5,0.8049999999999999,2.75,6.375
2021-12-15,E12000003,Yorkshire and The Humber,5526350,5714.0,3673.1428571428573,6.0,2208.0,3167.0,4014411.0,-22.625,0.7737499999999999,-18.25,0.8175,6.0,6.125
2021-12-16,E12000003,Yorkshire and The Humber,5526350,5195.0,3973.4285714285716,9.0,2278.0,3447.0,4016689.0,-22.5,0.775,-19.25,0.8075,5.125,6.0
2021-12-17,E12000003,Yorkshire and The Humber,5526350,4617.0,4251.285714285715,13.0,2234.0,3302.0,4018923.0,-24.125,0.75875,-16.25,0.8375,0.625,6.375
2021-12-18,E12000003,Yorkshire and The Humber,5526350,4431.0,4529.0,2.0,3107.0,4112.0,4022030.0,-8.125,0.91875,-12.0,0.88,-7.5,2.375
2021-12-19,E12000003,Yorkshire and The Humber,5526350,4755.0,4810.428571428572,7.0,2779.0,3633.0,4024809.0,-4.5,0.955,-13.0,0.87,1.0,1.625
2021-12-20,E12000003,Yorkshire and The Humber,5526350,7542.0,5295.0,9.0,3549.0,4475.0,4028358.0,-35.5,0.645,-20.0,0.8,14.5,8.125
2021-12-21,E12000003,Yorkshire and The Humber,5526350,8970.0,5889.142857142857,5.0,3222.0,4499.0,4031580.0,-36.5,0.635,-22.375,0.77625,14.125,8.625
2021-12-22,E12000003,Yorkshire and The Humber,5526350,10539.0,6578.428571428572,10.0,3096.0,3979.0,4034676.0,-39.0,0.61,-24.625,0.75375,14.75,9.125
2021-12-23,E12000003,Yorkshire and The Humber,5526350,10874.0,7389.714285714285,7.0,2686.0,3234.0,4037362.0,-43.875,0.56125,-24.375,0.75625,17.875,9.75
2021-12-24,E12000003,Yorkshire and The Humber,5526350,9806.0,8131.0,11.0,633.0,894.0,4037995.0,-58.375,0.41625,-38.125,0.61875,-8.375,15.0
2021-12-25,E12000003,Yorkshire and The Humber,5526350,5095.0,8225.857142857143,17.0,27.0,35.0,4038022.0,-65.375,0.34624999999999995,-76.0,0.24,-85.625,10.0
2021-12-26,E12000003,Yorkshire and The Humber,5526350,8953.0,8825.57142857143,14.0,183.0,293.0,4038205.0,-38.625,0.61375,-60.375,0.39625,-44.375,3.75
2021-12-27,E12000003,Yorkshire and The Humber,5526350,13982.0,9745.57142857143,12.0,1365.0,1608.0,4039570.0,-75.75,0.24250000000000005,-43.25,0.5675,-5.625,17.0
2021-12-28,E12000003,Yorkshire and The Humber,5526350,16954.0,10886.142857142857,9.0,1836.0,2570.0,4041406.0,-74.0,0.26,-45.875,0.54125,-3.25,18.625
2021-12-29,E12000003,Yorkshire and The Humber,5526350,23103.0,12681.0,5.0,2712.0,3269.0,4044118.0,-61.875,0.38125,-38.75,0.6125,-2.0,16.75
2021-12-30,E12000003,Yorkshire and The Humber,5526350,20306.0,14028.42857142857,13.0,2617.0,3302.0,4046735.0,-60.875,0.39125,-35.375,0.64625,-0.625,16.0
2021-12-31,E12000003,Yorkshire and The Humber,5526350,16529.0,14988.857142857143,12.0,934.0,1299.0,4047669.0,-61.0,0.39,-41.625,0.58375,-11.5,15.75
2022-01-01,E12000003,Yorkshire and The Humber,5526350,11159.0,15855.142857142857,15.0,177.0,231.0,4047846.0,-51.75,0.48250000000000004,-60.125,0.39875000000000005,-60.75,11.0
2022-01-02,E12000003,Yorkshire and The Humber,5526350,16482.0,16930.714285714286,11.0,1057.0,1438.0,4048903.0,-17.75,0.8225,-29.0,0.71,-15.75,5.0
2022-01-03,E12000003,Yorkshire and The Humber,5526350,23052.0,18226.428571428572,14.0,1118.0,1328.0,4050021.0,-71.875,0.28125,-50.125,0.49875,-10.5,20.0
2022-01-04,E12000003,Yorkshire and The Humber,5526350,26930.0,19651.571428571428,14.0,1789.0,2788.0,4051810.0,-32.625,0.6737500000000001,-34.875,0.65125,-16.875,11.375
2022-01-05,E12000003,Yorkshire and The Humber,5526350,22116.0,19510.571428571428,16.0,1926.0,2766.0,4053736.0,-28.875,0.7112499999999999,-33.875,0.66125,-21.25,11.125
2022-01-06,E12000003,Yorkshire and The Humber,5526350,16946.0,19030.571428571428,20.0,1583.0,2012.0,4055319.0,-28.125,0.71875,-36.5,0.635,-25.625,11.625
2022-01-07,E12000003,Yorkshire and The Humber,5526350,12170.0,18407.85714285714,32.0,1670.0,2398.0,4056989.0,-25.75,0.7424999999999999,-33.25,0.6675,-25.0,11.5
2022-01-08,E12000003,Yorkshire and The Humber,5526350,9357.0,18150.428571428572,21.0,3040.0,3875.0,4060029.0,-13.625,0.86375,-38.625,0.61375,-28.0,7.875
2022-01-09,E12000003,Yorkshire and The Humber,5526350,9602.0,17167.571428571428,26.0,2261.0,2627.0,4062290.0,-10.125,0.8987499999999999,-32.0,0.6799999999999999,-19.75,5.125
2022-01-10,E12000003,Yorkshire and The Humber,5526350,13611.0,15818.857142857143,27.0,1188.0,1737.0,4063478.0,-25.125,0.74875,-30.125,0.69875,-18.0,8.75
2022-01-11,E12000003,Yorkshire and The Humber,5526350,11819.0,13660.142857142857,28.0,1640.0,1843.0,4065118.0,-25.125,0.74875,-29.75,0.7025,-16.625,8.625
2022-01-12,E12000003,Yorkshire and The Humber,5526350,10408.0,11987.57142857143,24.0,1608.0,2447.0,4066726.0,-25.0,0.75,-28.25,0.7175,-16.625,8.625
2022-01-13,E12000003,Yorkshire and The Humber,5526350,9744.0,10958.714285714286,25.0,1210.0,1913.0,4067936.0,-24.125,0.75875,-28.625,0.71375,-16.375,8.5
2022-01-14,E12000003,Yorkshire and The Humber,5526350,8430.0,10424.42857142857,22.0,1590.0,1941.0,4069526.0,-22.375,0.77625,-25.625,0.74375,-17.0,8.375
2022-01-15,E12000003,Yorkshire and The Humber,5526350,7401.0,10145.0,28.0,2673.0,3460.0,4072199.0,-11.125,0.88875,-30.0,0.7,-19.5,5.0
2022-01-16,E12000003,Yorkshire and The Humber,5526350,9191.0,10086.285714285714,31.0,1556.0,2455.0,4073755.0,-9.25,0.9075,-27.125,0.72875,-15.875,3.125
2022-01-17,E12000003,Yorkshire and The Humber,5526350,12290.0,9897.57142857143,33.0,1209.0,1671.0,4074964.0,-24.125,0.75875,-25.375,0.7462500000000001,-15.625,7.125
2022-01-18,E12000003,Yorkshire and The Humber,5526350,10913.0,9768.142857142857,28.0,1537.0,2001.0,4076501.0,-24.0,0.76,-24.25,0.7575000000000001,-15.5,7.5
2022-01-19,E12000003,Yorkshire and The Humber,5526350,10000.0,9709.857142857143,28.0,1667.0,2578.0,4078168.0,-23.5,0.765,-23.375,0.76625,-14.0,7.625
2022-01-20,E12000003,Yorkshire and The Humber,5526350,8563.0,9541.142857142857,24.0,1292.0,2502.0,4079460.0,-23.0,0.77,-24.125,0.75875,-14.625,7.625
2022-01-21,E12000003,Yorkshire and The Humber,5526350,7647.0,9429.285714285714,38.0,1485.0,2449.0,4080945.0,-21.5,0.785,-18.375,0.81625,-13.75,7.375
2022-01-22,E12000003,Yorkshire and The Humber,5526350,6837.0,9348.714285714286,25.0,1534.0,3160.0,4082479.0,-9.125,0.90875,-17.0,0.83,-13.875,3.625
2022-01-23,E12000003,Yorkshire and The Humber,5526350,8638.0,9269.714285714286,31.0,956.0,2462.0,4083435.0,-8.625,0.9137500000000001,-20.25,0.7975,-15.25,3.125
2022-01-24,E12000003,Yorkshire and The Humber,5526350,10546.0,9020.57142857143,27.0,987.0,1737.0,4084422.0,-23.0,0.77,-21.0,0.79,-15.5,7.25
2022-01-25,E12000003,Yorkshire and The Humber,5526350,8816.0,8721.0,25.0,1046.0,1699.0,4085468.0,-23.125,0.76875,-22.0,0.78,-14.125,7.375
2022-01-26,E12000003,Yorkshire and The Humber,5526350,8462.0,8501.285714285714,32.0,1250.0,2515.0,4086718.0,-22.875,0.77125,-20.75,0.7925,-12.75,7.25
2022-01-27,E12000003,Yorkshire and The Humber,5526350,7558.0,8357.714285714286,35.0,1499.0,2387.0,4088217.0,-22.5,0.775,-20.375,0.79625,-10.875,6.75
2022-01-28,E12000003,Yorkshire and The Humber,5526350,6314.0,8167.285714285715,29.0,1320.0,2453.0,4089537.0,-21.125,0.7887500000000001,-16.25,0.8375,-10.375,6.625
2022-01-29,E12000003,Yorkshire and The Humber,5526350,5249.0,7940.428571428572,28.0,1466.0,3211.0,4091003.0,-10.125,0.8987499999999999,-14.375,0.85625,-11.375,3.375
2022-01-30,E12000003,Yorkshire and The Humber,5526350,6247.0,7598.857142857143,20.0,1021.0,2248.0,4092024.0,-8.125,0.91875,-12.375,0.87625,-7.0,2.125
2022-01-31,E12000003,Yorkshire and The Humber,5526350,7537.0,7169.0,31.0,1011.0,1971.0,4093035.0,-22.5,0.775,-19.5,0.8049999999999999,-11.0,6.5
2022-02-01,E12000003,Yorkshire and The Humber,5526350,6446.0,6830.428571428572,16.0,945.0,1937.0,4093980.0,-21.75,0.7825,-19.0,0.81,-10.0,6.375
2022-02-02,E12000003,Yorkshire and The Humber,5526350,6101.0,6493.142857142857,20.0,840.0,2159.0,4094820.0,-21.625,0.78375,-17.5,0.825,-9.875,6.5
2022-02-03,E12000003,Yorkshire and The Humber,5526350,5155.0,6149.857142857143,13.0,950.0,2392.0,4095770.0,-21.375,0.78625,-18.625,0.81375,-9.75,6.375
2022-02-04,E12000003,Yorkshire and The Humber,5526350,4229.0,5852.0,15.0,1007.0,2438.0,4096777.0,-20.375,0.79625,-14.125,0.85875,-11.625,6.5
2022-02-05,E12000003,Yorkshire and The Humber,5526350,3436.0,5593.0,23.0,956.0,2201.0,4097733.0,-9.25,0.9075,-14.25,0.8575,-13.25,3.5
2022-02-06,E12000003,Yorkshire and The Humber,5526350,3881.0,5255.0,19.0,497.0,1421.0,4098230.0,-8.0,0.92,-17.625,0.82375,-13.25,3.0
2022-02-07,E12000003,Yorkshire and The Humber,5526350,4789.0,4862.428571428572,15.0,644.0,1562.0,4098874.0,-21.5,0.785,-17.0,0.83,-10.375,6.125
2022-02-08,E12000003,Yorkshire and The Humber,5526350,4182.0,4539.0,19.0,727.0,1900.0,4099601.0,-21.375,0.78625,-16.75,0.8325,-9.125,5.875
2022-02-09,E12000003,Yorkshire and The Humber,5526350,3889.0,4223.0,15.0,797.0,2131.0,4100398.0,-21.125,0.7887500000000001,-16.0,0.84,-8.25,5.5
2022-02-10,E12000003,Yorkshire and The Humber,5526350,3081.0,3926.714285714286,19.0,800.0,1850.0,4101198.0,-21.25,0.7875,-17.375,0.82625,-8.25,5.75
2022-02-11,E12000003,Yorkshire and The Humber,5526350,2517.0,3682.1428571428573,17.0,957.0,2663.0,4102155.0,-20.375,0.79625,-11.125,0.88875,-6.875,5.375
2022-02-12,E12000003,Yorkshire and The Humber,5526350,2130.0,3495.5714285714284,15.0,1012.0,2100.0,4103167.0,-9.625,0.90375,-15.0,0.85,-13.0,3.375
2022-02-13,E12000003,Yorkshire and The Humber,5526350,2503.0,3298.714285714286,16.0,455.0,1001.0,4103622.0,-9.125,0.90875,-17.375,0.82625,-10.125,2.75
2022-02-14,E12000003,Yorkshire and The Humber,5526350,3217.0,3074.1428571428573,29.0,606.0,1809.0,4104228.0,-25.75,0.7424999999999999,-18.125,0.81875,-3.25,6.625
2022-02-15,E12000003,Yorkshire and The Humber,5526350,2995.0,2904.5714285714284,15.0,737.0,1980.0,4104965.0,-25.0,0.75,-15.375,0.84625,-5.875,6.125
2022-02-16,E12000003,Yorkshire and The Humber,5526350,2844.0,2755.285714285714,14.0,849.0,2225.0,4105814.0,-25.125,0.74875,-18.0,0.8200000000000001,-10.625,7.25
2022-02-17,E12000003,Yorkshire and The Humber,5526350,2495.0,2671.5714285714284,11.0,817.0,2669.0,4106631.0,-24.5,0.755,-18.0,0.8200000000000001,-5.875,6.125
2022-02-18,E12000003,Yorkshire and The Humber,5526350,2093.0,2611.0,13.0,706.0,2084.0,4107337.0,-26.5,0.735,-29.625,0.70375,-21.0,9.875
2022-02-19,E12000003,Yorkshire and The Humber,5526350,1679.0,2546.5714285714284,17.0,670.0,1705.0,4108007.0,-11.375,0.88625,-19.5,0.8049999999999999,-19.875,4.125
2022-02-20,E12000003,Yorkshire and The Humber,5526350,1930.0,2464.714285714286,20.0,388.0,927.0,4108395.0,-10.625,0.89375,-26.0,0.74,-20.375,3.625
2022-02-21,E12000003,Yorkshire and The Humber,5526350,2396.0,2347.4285714285716,8.0,603.0,1494.0,4108998.0,-29.5,0.7050000000000001,-21.5,0.785,-5.625,7.125
2022-02-22,E12000003,Yorkshire and The Humber,5526350,2020.0,2208.1428571428573,9.0,535.0,1365.0,4109533.0,-28.25,0.7175,-18.375,0.81625,-1.375,6.0
2022-02-23,E12000003,Yorkshire and The Humber,5526350,1805.0,2059.714285714286,8.0,656.0,1655.0,4110189.0,-28.0,0.72,-17.75,0.8225,-0.875,6.0
2022-02-24,E12000003,Yorkshire and The Humber,5526350,1615.0,1934.0,16.0,628.0,1358.0,4110817.0,-28.0,0.72,-22.5,0.775,-6.25,6.875
2022-02-25,E12000003,Yorkshire and The Humber,5526350,1421.0,1838.0,11.0,505.0,1231.0,4111322.0,-27.0,0.73,-11.5,0.885,-2.5,5.375
2022-02-26,E12000003,Yorkshire and The Humber,5526350,1270.0,1779.5714285714287,16.0,641.0,1489.0,4111963.0,-9.125,0.90875,-9.875,0.90125,-7.25,1.125
2022-02-27,E12000003,Yorkshire and The Humber,5526350,1612.0,1734.142857142857,11.0,371.0,1194.0,4112334.0,-6.25,0.9375,-9.5,0.905,-2.25,0.0
2022-02-28,E12000003,Yorkshire and The Humber,5526350,2255.0,1714.0,10.0,522.0,1525.0,4112856.0,-21.5,0.785,-19.5,0.8049999999999999,-10.125,5.375
2022-03-01,E12000003,Yorkshire and The Humber,5526350,2325.0,1757.5714285714287,12.0,612.0,1694.0,4113468.0,-19.875,0.80125,-18.25,0.8175,-8.25,4.875
2022-03-02,E12000003,Yorkshire and The Humber,5526350,2388.0,1840.857142857143,5.0,512.0,1459.0,4113980.0,-20.125,0.79875,-22.625,0.7737499999999999,-12.875,5.75
2022-03-03,E12000003,Yorkshire and The Humber,5526350,2228.0,1928.4285714285713,14.0,448.0,1425.0,4114428.0,-19.625,0.80375,-21.625,0.78375,-9.75,5.25
2022-03-04,E12000003,Yorkshire and The Humber,5526350,2053.0,2018.7142857142858,10.0,498.0,1564.0,4114926.0,-19.5,0.8049999999999999,-19.75,0.8025,-12.0,5.75
2022-03-05,E12000003,Yorkshire and The Humber,5526350,1899.0,2108.5714285714284,8.0,586.0,1494.0,4115512.0,-8.5,0.915,-17.25,0.8275,-10.25,1.75
2022-03-06,E12000003,Yorkshire and The Humber,5526350,2429.0,2225.285714285714,13.0,296.0,807.0,4115808.0,-6.0,0.94,-13.0,0.87,-2.75,0.125
2022-03-07,E12000003,Yorkshire and The Humber,5526350,3590.0,2416.0,11.0,397.0,1203.0,4116205.0,-20.25,0.7975,-20.625,0.79375,-12.0,5.0
2022-03-08,E12000003,Yorkshire and The Humber,5526350,3721.0,2615.4285714285716,12.0,353.0,993.0,4116558.0,-19.5,0.8049999999999999,-21.25,0.7875,-8.875,4.75
2022-03-09,E12000003,Yorkshire and The Humber,5526350,3853.0,2824.714285714286,11.0,437.0,1460.0,4116995.0,-19.5,0.8049999999999999,-22.375,0.77625,-11.625,4.875
2022-03-10,E12000003,Yorkshire and The Humber,5526350,3711.0,3036.5714285714284,9.0,462.0,1425.0,4117457.0,-18.875,0.81125,-23.25,0.7675,-10.75,4.75
2022-03-11,E12000003,Yorkshire and The Humber,5526350,3638.0,3263.0,5.0,487.0,1217.0,4117944.0,-19.25,0.8075,-20.375,0.79625,-13.5,5.25
2022-03-12,E12000003,Yorkshire and The Humber,5526350,3449.0,3484.4285714285716,20.0,532.0,1607.0,4118476.0,-8.625,0.9137500000000001,-19.0,0.81,-12.125,1.625
2022-03-13,E12000003,Yorkshire and The Humber,5526350,4312.0,3753.4285714285716,9.0,255.0,770.0,4118731.0,-7.625,0.92375,-20.25,0.7975,-9.5,0.875
2022-03-14,E12000003,Yorkshire and The Humber,5526350,5644.0,4046.8571428571427,15.0,414.0,1298.0,4119145.0,-20.25,0.7975,-19.875,0.80125,-11.25,4.625
2022-03-15,E12000003,Yorkshire and The Humber,5526350,5465.0,4296.0,8.0,406.0,1156.0,4119551.0,-19.375,0.80625,-21.875,0.78125,-9.75,4.625
2022-03-16,E12000003,Yorkshire and The Humber,5526350,5584.0,4543.285714285715,17.0,514.0,1496.0,4120065.0,-20.375,0.79625,-25.125,0.74875,-15.25,5.875
2022-03-17,E12000003,Yorkshire and The Humber,5526350,5211.0,4757.571428571428,13.0,361.0,1196.0,4120426.0,-19.875,0.80125,-23.375,0.76625,-7.625,4.75
2022-03-18,E12000003,Yorkshire and The Humber,5526350,4897.0,4937.428571428572,22.0,430.0,1407.0,4120856.0,-20.5,0.795,-17.25,0.8275,-8.25,4.375
2022-03-19,E12000003,Yorkshire and The Humber,5526350,4410.0,5074.714285714285,18.0,402.0,1518.0,4121258.0,-10.125,0.8987499999999999,-13.5,0.865,-7.625,0.625
2022-03-20,E12000003,Yorkshire and The Humber,5526350,5415.0,5232.285714285715,24.0,271.0,855.0,4121529.0,-9.5,0.905,-17.25,0.8275,-5.5,0.25
2022-03-21,E12000003,Yorkshire and The Humber,5526350,7374.0,5479.428571428572,17.0,345.0,1118.0,4121874.0,-21.5,0.785,-22.375,0.77625,-10.75,5.0
2022-03-22,E12000003,Yorkshire and The Humber,5526350,6910.0,5685.857142857143,16.0,311.0,980.0,4122185.0,-20.75,0.7925,-22.25,0.7775,-8.875,4.75
2022-03-23,E12000003,Yorkshire and The Humber,5526350,6606.0,5831.857142857143,12.0,402.0,1395.0,4122587.0,-20.75,0.7925,-21.125,0.7887500000000001,-7.5,4.75
2022-03-24,E12000003,Yorkshire and The Humber,5526350,5873.0,5926.428571428572,19.0,386.0,933.0,4122973.0,-21.0,0.79,-22.25,0.7775,-5.75,4.625
2022-03-25,E12000003,Yorkshire and The Humber,5526350,5105.0,5956.142857142857,14.0,367.0,1280.0,4123340.0,-21.125,0.7887500000000001,-14.25,0.8575,-4.875,3.875
2022-03-26,E12000003,Yorkshire and The Humber,5526350,4393.0,5953.714285714285,20.0,443.0,1552.0,4123783.0,-9.75,0.9025,-11.125,0.88875,-4.875,-0.625
2022-03-27,E12000003,Yorkshire and The Humber,5526350,5150.0,5915.857142857143,11.0,222.0,753.0,4124005.0,-8.0,0.92,-9.75,0.9025,-1.5,-1.25
2022-03-28,E12000003,Yorkshire and The Humber,5526350,7278.0,5902.142857142857,22.0,286.0,1165.0,4124291.0,-22.125,0.77875,-22.0,0.78,-11.0,5.25
2022-03-29,E12000003,Yorkshire and The Humber,5526350,6005.0,5772.857142857143,24.0,275.0,1096.0,4124566.0,-21.25,0.7875,-23.875,0.76125,-11.375,5.625
2022-03-30,E12000003,Yorkshire and The Humber,5526350,5695.0,5642.714285714285,19.0,349.0,1376.0,4124915.0,-22.0,0.78,-29.125,0.70875,-16.5,6.75
2022-03-31,E12000003,Yorkshire and The Humber,5526350,4179.0,5400.714285714285,28.0,428.0,1205.0,4125343.0,-21.375,0.78625,-27.875,0.72125,-12.75,6.125
