date,area_name,cases_7d,pred
2020-09-01,East Midlands,91.0,1386.269779559505
2020-09-02,East Midlands,113.57142857142856,1452.590805770125
2020-09-03,East Midlands,136.0,1463.9170452408491
2020-09-04,East Midlands,148.71428571428572,1526.5781770202193
2020-09-05,East Midlands,165.28571428571428,2328.951117068579
2020-09-06,East Midlands,176.28571428571428,2646.076295474394
2020-09-07,East Midlands,213.8571428571429,1793.7670502089597
2020-09-08,East Midlands,236.57142857142856,1840.345462813782
2020-09-09,East Midlands,236.7142857142857,1936.6294796121526
2020-09-10,East Midlands,232.0,1942.6816763055108
2020-09-11,East Midlands,237.14285714285717,2025.3973192957867
2020-09-12,East Midlands,234.57142857142856,3016.1920657533096
2020-09-13,East Midlands,232.42857142857144,3380.078603933471
2020-09-14,East Midlands,211.57142857142856,2554.946322763234
2020-09-15,East Midlands,196.42857142857144,2636.8732597817425
2020-09-16,East Midlands,195.8571428571429,2694.9533890317794
2020-09-17,East Midlands,201.57142857142856,2757.476898663419
2020-09-18,East Midlands,207.0,2866.1616042164715
2020-09-19,East Midlands,222.0,4084.1480074068413
2020-09-20,East Midlands,242.42857142857144,4577.828173854644
2020-09-21,East Midlands,254.8571428571429,3446.120210601892
2020-09-22,East Midlands,263.0,3596.891582630502
2020-09-23,East Midlands,269.7142857142857,3724.405914627515
2020-09-24,East Midlands,281.42857142857144,3827.0712435856285
2020-09-25,East Midlands,291.57142857142856,4001.4171771955
2020-09-26,East Midlands,301.7142857142857,5613.113560811404
2020-09-27,East Midlands,321.1428571428572,6270.807415386204
2020-09-28,East Midlands,360.2857142857143,4971.571406245787
2020-09-29,East Midlands,408.8571428571428,5144.616664078806
2020-09-30,East Midlands,492.7142857142857,5243.528887773568
2020-10-01,East Midlands,597.0,5565.714110187076
2020-10-02,East Midlands,723.4285714285714,5707.155651180787
2020-10-03,East Midlands,824.1428571428571,7599.394319660532
2020-10-04,East Midlands,935.0,8623.543470426395
2020-10-05,East Midlands,1080.0,6797.882247679465
2020-10-06,East Midlands,1209.857142857143,7060.500934390924
2020-10-07,East Midlands,1330.571428571429,7492.088698284374
2020-10-08,East Midlands,1457.7142857142858,7566.44619715037
2020-10-09,East Midlands,1492.0,7989.535492682303
2020-10-10,East Midlands,1509.857142857143,10903.3795283054
2020-10-11,East Midlands,1501.142857142857,12119.030171082106
2020-10-12,East Midlands,1531.428571428571,9392.945755352262
2020-10-13,East Midlands,1542.142857142857,9746.542487932704
2020-10-14,East Midlands,1555.2857142857142,10195.496773894462
2020-10-15,East Midlands,1482.857142857143,10424.034579595667
2020-10-16,East Midlands,1461.857142857143,10839.782935871814
2020-10-17,East Midlands,1471.571428571429,14562.893151879181
2020-10-18,East Midlands,1469.142857142857,15769.253225462699
2020-10-19,East Midlands,1556.428571428571,11285.826052221855
2020-10-20,East Midlands,1634.428571428571,11485.816130863863
2020-10-21,East Midlands,1680.2857142857142,11594.445216691745
2020-10-22,East Midlands,1780.2857142857142,11832.135026300008
2020-10-23,East Midlands,1859.0,11739.246867196747
2020-10-24,East Midlands,1895.857142857143,16911.76964943218
2020-10-25,East Midlands,1952.0,19057.75928087199
2020-10-26,East Midlands,1949.571428571429,12732.290397565153
2020-10-27,East Midlands,1940.142857142857,12679.66710991291
2020-10-28,East Midlands,1944.2857142857144,13018.20447977451
2020-10-29,East Midlands,1940.571428571429,12758.49222467016
2020-10-30,East Midlands,1973.0,12906.356642962352
2020-10-31,East Midlands,1980.2857142857144,19034.78554737155
2020-11-01,East Midlands,1945.2857142857144,21042.18858211055
2020-11-02,East Midlands,2074.5714285714284,16990.621334304386
2020-11-03,East Midlands,2120.0,17452.38812268145
2020-11-04,East Midlands,2121.285714285714,18144.075548165052
2020-11-05,East Midlands,2137.0,16187.274982528941
2020-11-06,East Midlands,2173.285714285714,16044.907712898292
2020-11-07,East Midlands,2209.5714285714284,18007.92370763158
2020-11-08,East Midlands,2324.285714285714,18508.49896853875
2020-11-09,East Midlands,2287.428571428572,16285.869854475406
2020-11-10,East Midlands,2330.428571428572,16143.28123281769
2020-11-11,East Midlands,2402.5714285714284,16314.23434004849
2020-11-12,East Midlands,2398.0,16121.872716499853
2020-11-13,East Midlands,2374.714285714286,15907.381525176068
2020-11-14,East Midlands,2367.285714285714,17797.9271358012
2020-11-15,East Midlands,2277.5714285714284,18238.078569732756
2020-11-16,East Midlands,2217.1428571428573,16154.676427190905
2020-11-17,East Midlands,2138.0,16045.973129362801
2020-11-18,East Midlands,2019.857142857143,16021.197968008632
2020-11-19,East Midlands,1922.2857142857144,15827.547221688654
2020-11-20,East Midlands,1825.571428571429,15620.79639182801
2020-11-21,East Midlands,1736.2857142857142,17958.652629008757
2020-11-22,East Midlands,1680.2857142857142,18676.21435666247
2020-11-23,East Midlands,1543.857142857143,15961.732925012375
2020-11-24,East Midlands,1449.0,15874.206825516128
2020-11-25,East Midlands,1376.857142857143,15988.680639608603
2020-11-26,East Midlands,1329.571428571429,15787.467928388935
2020-11-27,East Midlands,1276.142857142857,15657.331762025844
2020-11-28,East Midlands,1245.142857142857,17953.937071449545
2020-11-29,East Midlands,1213.2857142857142,18685.405677174807
2020-11-30,East Midlands,1185.428571428571,15902.00301075886
2020-12-01,East Midlands,1157.142857142857,16109.463414358168
2020-12-02,East Midlands,1145.571428571429,16881.341878685584
2020-12-03,East Midlands,1156.0,16503.94362820905
2020-12-04,East Midlands,1151.428571428571,16132.757454045457
2020-12-05,East Midlands,1148.571428571429,20437.71651076441
2020-12-06,East Midlands,1170.857142857143,20794.46442714071
2020-12-07,East Midlands,1189.571428571429,16945.19147544551
2020-12-08,East Midlands,1209.857142857143,17152.208336898326
2020-12-09,East Midlands,1229.571428571429,17164.992986013465
2020-12-10,East Midlands,1257.142857142857,16735.450380233953
2020-12-11,East Midlands,1307.142857142857,16624.279564205757
2020-12-12,East Midlands,1330.857142857143,20573.172616354008
2020-12-13,East Midlands,1344.2857142857142,20444.901120194158
2020-12-14,East Midlands,1411.857142857143,16687.841842147594
2020-12-15,East Midlands,1461.2857142857142,16523.85279940088
2020-12-16,East Midlands,1503.428571428571,16471.662917937687
2020-12-17,East Midlands,1539.571428571429,16052.257162775522
2020-12-18,East Midlands,1579.142857142857,14815.992751246527
2020-12-19,East Midlands,1626.0,19646.52770043203
2020-12-20,East Midlands,1719.142857142857,20881.891865836085
2020-12-21,East Midlands,1770.2857142857142,12443.948114923305
2020-12-22,East Midlands,1818.857142857143,11549.971433724053
2020-12-23,East Midlands,1867.142857142857,10276.245115811102
2020-12-24,East Midlands,1831.4285714285716,7074.368942480375
2020-12-25,East Midlands,1686.857142857143,2603.251533355812
2020-12-26,East Midlands,1762.7142857142858,7876.1616895802945
2020-12-27,East Midlands,1867.4285714285716,11490.006038262469
2020-12-28,East Midlands,1884.142857142857,3696.747919412346
2020-12-29,East Midlands,2162.1428571428573,4715.964775340393
2020-12-30,East Midlands,2395.0,4634.612299792587
2020-12-31,East Midlands,2618.285714285714,3666.5642629015438
2021-01-01,East Midlands,2759.1428571428573,1716.7304285949454
2021-01-02,East Midlands,2987.0,6126.8458216221015
2021-01-03,East Midlands,3075.8571428571427,6861.203433311787
2021-01-04,East Midlands,3340.428571428572,5319.305931078803
2021-01-05,East Midlands,3275.0,4905.60937569841
2021-01-06,East Midlands,3219.428571428572,4723.309776047749
2021-01-07,East Midlands,3222.0,4447.001055027332
2021-01-08,East Midlands,3390.285714285714,4286.089389026777
2021-01-09,East Midlands,3233.1428571428573,5128.580273412496
2021-01-10,East Midlands,3113.0,5200.03970140533
2021-01-11,East Midlands,3004.714285714286,3951.414461250517
2021-01-12,East Midlands,2967.1428571428573,3723.8597543160977
2021-01-13,East Midlands,2911.1428571428573,3541.185288608898
2021-01-14,East Midlands,2887.0,3215.9693597162736
2021-01-15,East Midlands,2876.5714285714284,3110.180647038204
2021-01-16,East Midlands,2837.285714285714,3749.8984040705573
2021-01-17,East Midlands,2826.285714285714,3885.68396942814
2021-01-18,East Midlands,2783.0,2896.7384860954876
2021-01-19,East Midlands,2775.8571428571427,2714.977384034999
2021-01-20,East Midlands,2758.1428571428573,2584.6515588709904
2021-01-21,East Midlands,2728.428571428572,2465.8267373286103
2021-01-22,East Midlands,2666.5714285714284,2403.6697071028134
2021-01-23,East Midlands,2621.0,2887.606006468285
2021-01-24,East Midlands,2493.285714285714,2708.853805832947
2021-01-25,East Midlands,2320.714285714286,1848.0303040040187
2021-01-26,East Midlands,2190.714285714286,1953.540586069451
2021-01-27,East Midlands,2123.428571428572,1954.357834707701
2021-01-28,East Midlands,2064.285714285714,1845.3751774635352
2021-01-29,East Midlands,2000.7142857142856,1796.775003177447
2021-01-30,East Midlands,1960.571428571429,2136.5938154684577
2021-01-31,East Midlands,1983.2857142857144,2235.087486293699
2021-02-01,East Midlands,1983.4285714285716,1633.0946052755853
2021-02-02,East Midlands,1915.7142857142856,1538.4678864860282
2021-02-03,East Midlands,1846.7142857142856,1506.8520460267557
2021-02-04,East Midlands,1772.857142857143,1421.6252923420552
2021-02-05,East Midlands,1711.0,1379.4206758758262
2021-02-06,East Midlands,1660.857142857143,1661.0868645050284
2021-02-07,East Midlands,1621.571428571429,1650.4446088008558
2021-02-08,East Midlands,1562.2857142857142,1157.9243324083932
2021-02-09,East Midlands,1493.2857142857142,1110.1510637601305
2021-02-10,East Midlands,1425.142857142857,1112.2242204252434
2021-02-11,East Midlands,1378.857142857143,1067.290245760167
2021-02-12,East Midlands,1355.571428571429,1026.8546450290178
2021-02-13,East Midlands,1324.2857142857142,1254.0742509323584
2021-02-14,East Midlands,1295.7142857142858,1270.8715292793954
2021-02-15,East Midlands,1301.0,863.5301279857423
2021-02-16,East Midlands,1290.7142857142858,821.6763569014289
2021-02-17,East Midlands,1291.0,785.6399318122997
2021-02-18,East Midlands,1269.142857142857,741.6962408789896
2021-02-19,East Midlands,1244.7142857142858,707.8215582983926
2021-02-20,East Midlands,1227.7142857142858,958.2009688833718
2021-02-21,East Midlands,1223.142857142857,992.0119084331083
2021-02-22,East Midlands,1175.857142857143,719.1348962744081
2021-02-23,East Midlands,1155.2857142857142,692.1905803495115
2021-02-24,East Midlands,1109.142857142857,674.7004089993358
2021-02-25,East Midlands,1050.2857142857142,637.8742472222687
2021-02-26,East Midlands,985.5714285714286,621.9401531518341
2021-02-27,East Midlands,944.7142857142856,786.0386897822816
2021-02-28,East Midlands,887.0,820.7309368884794
2021-03-01,East Midlands,798.4285714285714,581.1041589320458
2021-03-02,East Midlands,727.5714285714286,557.9449182636143
2021-03-03,East Midlands,674.4285714285714,535.8004231222186
2021-03-04,East Midlands,642.1428571428571,512.5679254598289
2021-03-05,East Midlands,632.2857142857143,502.09025298764266
2021-03-06,East Midlands,619.8571428571429,630.5068183155885
2021-03-07,East Midlands,614.2857142857143,659.0553574584168
2021-03-08,East Midlands,600.7142857142857,494.7765976350564
2021-03-09,East Midlands,590.4285714285714,482.5073805768726
2021-03-10,East Midlands,583.4285714285714,466.64476223269
2021-03-11,East Midlands,578.7142857142857,452.22924297117834
2021-03-12,East Midlands,565.2857142857143,449.86474186789604
2021-03-13,East Midlands,558.0,529.6543737894585
2021-03-14,East Midlands,548.0,602.651073982335
2021-03-15,East Midlands,536.4285714285714,430.9914073976906
2021-03-16,East Midlands,534.0,414.75013044369723
2021-03-17,East Midlands,533.5714285714286,410.7386652181105
2021-03-18,East Midlands,536.0,393.88480733974995
2021-03-19,East Midlands,529.5714285714286,386.2992206822754
2021-03-20,East Midlands,532.4285714285714,462.1629346700131
2021-03-21,East Midlands,545.1428571428571,482.71363894031305
2021-03-22,East Midlands,537.2857142857143,370.9254917081005
2021-03-23,East Midlands,530.4285714285714,357.5635703582157
2021-03-24,East Midlands,534.5714285714286,353.9338892342967
2021-03-25,East Midlands,526.5714285714286,341.7910454841691
2021-03-26,East Midlands,516.5714285714286,332.837922857665
2021-03-27,East Midlands,510.8571428571428,393.17192494627744
2021-03-28,East Midlands,509.4285714285714,405.72027917599246
2021-03-29,East Midlands,485.1428571428572,304.8711154225206
2021-03-30,East Midlands,454.57142857142856,294.4015354459217
2021-03-31,East Midlands,420.7142857142857,286.41370291123553
2021-04-01,East Midlands,393.8571428571428,270.11327337296177
2021-04-02,East Midlands,372.7142857142857,135.94229684144972
2021-04-03,East Midlands,356.85714285714283,285.1381649823696
2021-04-04,East Midlands,321.42857142857144,304.2871566867686
2021-04-05,East Midlands,300.0,96.13709234716966
2021-04-06,East Midlands,297.85714285714283,184.2915935919632
2021-04-07,East Midlands,285.7142857142857,181.39113386607525
2021-04-08,East Midlands,280.1428571428572,174.9273626216386
2021-04-09,East Midlands,278.85714285714283,170.56573791401956
2021-04-10,East Midlands,268.57142857142856,234.44272947181818
2021-04-11,East Midlands,266.7142857142857,247.18249301758863
2021-04-12,East Midlands,266.7142857142857,178.98355733848666
2021-04-13,East Midlands,250.57142857142856,171.57008249010855
2021-04-14,East Midlands,239.7142857142857,165.88221348250786
2021-04-15,East Midlands,223.57142857142856,161.9144778933155
2021-04-16,East Midlands,211.42857142857144,158.7864008274764
2021-04-17,East Midlands,200.8571428571429,208.98545317768878
2021-04-18,East Midlands,202.42857142857144,220.25156579093266
2021-04-19,East Midlands,196.8571428571429,173.5347222406442
2021-04-20,East Midlands,194.57142857142856,170.76281041497126
2021-04-21,East Midlands,192.14285714285717,167.84843830652426
2021-04-22,East Midlands,188.57142857142856,166.40534513046714
2021-04-23,East Midlands,183.28571428571428,166.78178912339578
2021-04-24,East Midlands,182.28571428571428,197.67534723792105
2021-04-25,East Midlands,173.57142857142858,203.974292935339
2021-04-26,East Midlands,170.71428571428572,164.2421434613096
2021-04-27,East Midlands,164.71428571428572,159.66118915991117
2021-04-28,East Midlands,162.28571428571428,157.33372679300618
2021-04-29,East Midlands,162.42857142857142,154.36581069482548
2021-04-30,East Midlands,157.42857142857142,154.68361195462128
2021-05-01,East Midlands,156.0,180.084686526482
2021-05-02,East Midlands,156.14285714285714,187.21814582165968
2021-05-03,East Midlands,156.71428571428572,56.83767371338525
2021-05-04,East Midlands,165.85714285714286,135.2911602299635
2021-05-05,East Midlands,175.57142857142858,136.23151674697763
2021-05-06,East Midlands,187.57142857142856,134.05340442484064
2021-05-07,East Midlands,198.14285714285717,135.56834162037217
2021-05-08,East Midlands,201.7142857142857,149.3959066169826
2021-05-09,East Midlands,209.57142857142856,166.88837868631677
2021-05-10,East Midlands,217.14285714285717,132.11716555918042
2021-05-11,East Midlands,206.0,130.2614583796084
2021-05-12,East Midlands,190.57142857142856,128.89170649992658
2021-05-13,East Midlands,175.85714285714286,123.9710339288463
2021-05-14,East Midlands,169.71428571428572,125.83565406474445
2021-05-15,East Midlands,166.57142857142858,146.2523323613789
2021-05-16,East Midlands,156.85714285714286,157.6933229924161
2021-05-17,East Midlands,146.14285714285714,127.8353682386622
2021-05-18,East Midlands,144.28571428571428,125.663946348139
2021-05-19,East Midlands,149.57142857142858,125.04761210714233
2021-05-20,East Midlands,152.71428571428572,121.66447951213377
2021-05-21,East Midlands,151.42857142857142,120.62118380785948
2021-05-22,East Midlands,153.42857142857142,146.13495107752667
2021-05-23,East Midlands,153.28571428571428,153.74245414190585
2021-05-24,East Midlands,158.85714285714286,121.2063585706689
2021-05-25,East Midlands,164.28571428571428,120.45915509258673
2021-05-26,East Midlands,166.57142857142858,119.65471228050384
2021-05-27,East Midlands,168.85714285714286,118.77636536917244
2021-05-28,East Midlands,177.42857142857142,116.15653265588489
2021-05-29,East Midlands,180.8571428571429,137.74823540102145
2021-05-30,East Midlands,182.8571428571429,145.9305644567888
2021-05-31,East Midlands,178.85714285714286,43.23438561711834
2021-06-01,East Midlands,190.7142857142857,83.33544246447515
2021-06-02,East Midlands,201.28571428571428,82.01603902062564
2021-06-03,East Midlands,212.42857142857144,79.49987646732839
2021-06-04,East Midlands,223.14285714285717,78.87925382017035
2021-06-05,East Midlands,233.57142857142856,114.60251346163912
2021-06-06,East Midlands,251.42857142857144,121.69103860041632
2021-06-07,East Midlands,287.1428571428572,95.29829940407404
2021-06-08,East Midlands,304.7142857142857,95.28654499543399
2021-06-09,East Midlands,323.2857142857143,94.09908871278276
2021-06-10,East Midlands,334.0,92.63635111419036
2021-06-11,East Midlands,347.42857142857144,93.16446331564404
2021-06-12,East Midlands,362.7142857142857,114.03837896151366
2021-06-13,East Midlands,369.57142857142856,119.647985382247
2021-06-14,East Midlands,379.7142857142857,92.80839574963015
2021-06-15,East Midlands,404.8571428571428,93.32800679766375
2021-06-16,East Midlands,426.57142857142856,91.31912239448305
2021-06-17,East Midlands,451.57142857142856,89.38538095526475
2021-06-18,East Midlands,481.1428571428572,88.10032524203437
2021-06-19,East Midlands,496.1428571428572,110.26279605612744
2021-06-20,East Midlands,518.2857142857143,117.82008548209747
2021-06-21,East Midlands,557.4285714285714,89.88640065126712
2021-06-22,East Midlands,598.8571428571429,89.21392896348057
2021-06-23,East Midlands,646.8571428571429,88.346832173387
2021-06-24,East Midlands,696.1428571428571,86.02781450323234
2021-06-25,East Midlands,751.1428571428571,85.65289625707935
2021-06-26,East Midlands,820.4285714285714,107.4487888734747
2021-06-27,East Midlands,898.4285714285714,113.0430934648449
2021-06-28,East Midlands,1014.8571428571428,84.97965805893197
2021-06-29,East Midlands,1124.571428571429,83.70781954808277
2021-06-30,East Midlands,1224.7142857142858,83.95388845738557
2021-07-01,East Midlands,1343.2857142857142,82.13779952276273
2021-07-02,East Midlands,1437.2857142857142,82.23913201308076
2021-07-03,East Midlands,1517.2857142857142,101.97716904491905
2021-07-04,East Midlands,1609.142857142857,106.52836708274805
2021-07-05,East Midlands,1715.2857142857142,81.7654593487053
2021-07-06,East Midlands,1828.857142857143,80.7298014184124
2021-07-07,East Midlands,1960.2857142857144,79.49469066706142
2021-07-08,East Midlands,2046.2857142857144,77.79027330262973
2021-07-09,East Midlands,2139.285714285714,77.68327847917352
2021-07-10,East Midlands,2217.1428571428573,97.26992573663092
2021-07-11,East Midlands,2287.714285714286,105.36854512009388
2021-07-12,East Midlands,2441.285714285714,70.97999512036039
2021-07-13,East Midlands,2596.285714285714,72.38313630057688
2021-07-14,East Midlands,2814.714285714286,71.29852759534313
2021-07-15,East Midlands,3131.428571428572,68.8874968708213
2021-07-16,East Midlands,3405.5714285714284,67.71663944831229
2021-07-17,East Midlands,3533.8571428571427,87.52949336702294
2021-07-18,East Midlands,3614.428571428572,94.02473815568239
2021-07-19,East Midlands,3656.714285714286,65.57747827053973
2021-07-20,East Midlands,3570.1428571428573,63.436541283445735
2021-07-21,East Midlands,3366.428571428572,62.19746680716471
2021-07-22,East Midlands,3045.0,59.661687930513025
2021-07-23,East Midlands,2731.8571428571427,57.43920118840404
2021-07-24,East Midlands,2558.1428571428573,80.25403547675018
2021-07-25,East Midlands,2413.0,86.26030938951108
2021-07-26,East Midlands,2223.428571428572,55.24075137499315
2021-07-27,East Midlands,2160.5714285714284,53.331548921977586
2021-07-28,East Midlands,2162.0,51.96810596268635
2021-07-29,East Midlands,2179.0,49.38384027030907
2021-07-30,East Midlands,2196.1428571428573,47.46117409834089
2021-07-31,East Midlands,2217.8571428571427,70.00599957910877
2021-08-01,East Midlands,2226.714285714286,73.46992636375509
2021-08-02,East Midlands,2250.8571428571427,46.04389540502549
2021-08-03,East Midlands,2281.714285714286,44.69502013570703
2021-08-04,East Midlands,2313.428571428572,43.670921837590846
2021-08-05,East Midlands,2364.0,41.45113596410038
2021-08-06,East Midlands,2412.0,40.271268128018285
2021-08-07,East Midlands,2421.428571428572,58.612848525579395
2021-08-08,East Midlands,2448.1428571428573,61.69653850272709
2021-08-09,East Midlands,2482.285714285714,39.84074840736364
2021-08-10,East Midlands,2478.8571428571427,38.80045352084667
2021-08-11,East Midlands,2460.5714285714284,37.471933792552605
2021-08-12,East Midlands,2464.285714285714,35.8548166518541
2021-08-13,East Midlands,2443.714285714286,34.73899867989492
2021-08-14,East Midlands,2471.5714285714284,50.41568863471549
2021-08-15,East Midlands,2494.714285714286,53.49722383011681
2021-08-16,East Midlands,2532.8571428571427,34.14551939398878
2021-08-17,East Midlands,2555.714285714286,32.80753028222043
2021-08-18,East Midlands,2577.5714285714284,32.84951936223641
2021-08-19,East Midlands,2555.5714285714284,31.33239943728785
2021-08-20,East Midlands,2567.428571428572,30.463208008229984
2021-08-21,East Midlands,2599.8571428571427,42.842112015854646
2021-08-22,East Midlands,2627.8571428571427,46.16290091191026
2021-08-23,East Midlands,2632.285714285714,30.46335654459271
2021-08-24,East Midlands,2626.1428571428573,29.32285517947343
2021-08-25,East Midlands,2618.5714285714284,28.845839390622793
2021-08-26,East Midlands,2621.8571428571427,27.605295982180326
2021-08-27,East Midlands,2627.714285714286,26.828300684362084
2021-08-28,East Midlands,2564.0,37.842570419918395
2021-08-29,East Midlands,2506.8571428571427,40.15483271990904
2021-08-30,East Midlands,2419.714285714286,11.831826950062421
2021-08-31,East Midlands,2498.285714285714,25.144257852640646
2021-09-01,East Midlands,2529.428571428572,25.571443085554268
2021-09-02,East Midlands,2558.1428571428573,25.446109641447055
2021-09-03,East Midlands,2600.1428571428573,25.706319746632477
2021-09-04,East Midlands,2659.714285714286,33.622507444995485
2021-09-05,East Midlands,2728.714285714286,36.10205629090158
2021-09-06,East Midlands,2871.285714285714,26.353844681782792
2021-09-07,East Midlands,2824.0,26.05911545907604
2021-09-08,East Midlands,2773.285714285714,25.915468749164294
2021-09-09,East Midlands,2734.0,25.193424379985327
2021-09-10,East Midlands,2650.1428571428573,25.340697184632784
2021-09-11,East Midlands,2571.8571428571427,32.3375278853864
2021-09-12,East Midlands,2528.714285714286,34.088720279836366
2021-09-13,East Midlands,2438.285714285714,25.535341024660905
2021-09-14,East Midlands,2368.285714285714,24.555000103717283
2021-09-15,East Midlands,2331.714285714286,24.616351556676367
2021-09-16,East Midlands,2310.8571428571427,23.676294362177707
2021-09-17,East Midlands,2338.428571428572,23.31784618329973
2021-09-18,East Midlands,2405.5714285714284,29.964352997616388
2021-09-19,East Midlands,2510.1428571428573,31.043982928191323
2021-09-20,East Midlands,2652.285714285714,23.551283741099496
2021-09-21,East Midlands,2830.714285714286,23.42327393337494
2021-09-22,East Midlands,2973.428571428572,23.81895147681483
2021-09-23,East Midlands,3086.8571428571427,23.18500469976578
2021-09-24,East Midlands,3173.1428571428573,23.003259142571768
2021-09-25,East Midlands,3219.714285714286,28.343255292465333
2021-09-26,East Midlands,3191.1428571428573,30.078502576204404
2021-09-27,East Midlands,3197.428571428572,22.796607076484865
2021-09-28,East Midlands,3172.1428571428573,22.342840885263204
2021-09-29,East Midlands,3154.1428571428573,21.96515386983906
2021-09-30,East Midlands,3137.5714285714284,21.35248322923558
2021-10-01,East Midlands,3130.428571428572,21.246877874556525
2021-10-02,East Midlands,3115.428571428572,25.9411450349324
2021-10-03,East Midlands,3191.5714285714284,27.9273324328514
2021-10-04,East Midlands,3223.714285714286,21.396753603415508
2021-10-05,East Midlands,3246.5714285714284,20.83412835503954
2021-10-06,East Midlands,3302.428571428572,20.835136792777963
2021-10-07,East Midlands,3364.0,20.4806615668068
2021-10-08,East Midlands,3428.1428571428573,20.391774245776745
2021-10-09,East Midlands,3504.285714285714,25.397759859823815
2021-10-10,East Midlands,3524.285714285714,26.341383825197195
2021-10-11,East Midlands,3596.714285714286,20.610123242317957
2021-10-12,East Midlands,3638.571428571429,20.238606516022674
2021-10-13,East Midlands,3669.285714285714,20.2216539898287
2021-10-14,East Midlands,3687.571428571429,19.796850036418007
2021-10-15,East Midlands,3663.142857142857,19.458569758375223
2021-10-16,East Midlands,3604.714285714286,23.797765815594328
2021-10-17,East Midlands,3572.285714285714,24.739670601774424
2021-10-18,East Midlands,3484.0,17.752078674257987
2021-10-19,East Midlands,3423.428571428572,17.29516657846886
2021-10-20,East Midlands,3382.0,16.94130184624749
2021-10-21,East Midlands,3322.714285714286,16.549262644767147
2021-10-22,East Midlands,3279.8571428571427,15.976944273734
2021-10-23,East Midlands,3314.428571428572,21.128345286680638
2021-10-24,East Midlands,3271.0,22.157870077217872
2021-10-25,East Midlands,3240.714285714286,15.27940800040514
2021-10-26,East Midlands,3172.0,15.064120155959287
2021-10-27,East Midlands,3094.5714285714284,14.718845513782147
2021-10-28,East Midlands,3054.1428571428573,14.138054282787294
2021-10-29,East Midlands,3045.1428571428573,13.809059388012933
2021-10-30,East Midlands,2972.714285714286,18.68834687521086
2021-10-31,East Midlands,2920.5714285714284,19.66790528704719
2021-11-01,East Midlands,2846.285714285714,15.620546375208944
2021-11-02,East Midlands,2782.1428571428573,15.743344962087775
2021-11-03,East Midlands,2708.5714285714284,15.564452389926277
2021-11-04,East Midlands,2635.1428571428573,15.174968856356527
2021-11-05,East Midlands,2555.285714285714,14.959185824472343
2021-11-06,East Midlands,2522.0,18.211107708875428
2021-11-07,East Midlands,2520.714285714286,19.290660870319783
2021-11-08,East Midlands,2545.8571428571427,15.422295087967063
2021-11-09,East Midlands,2651.8571428571427,15.294654740523484
2021-11-10,East Midlands,2758.5714285714284,15.15284162820303
2021-11-11,East Midlands,2847.5714285714284,14.948264823153714
2021-11-12,East Midlands,2948.1428571428573,14.766535238602323
2021-11-13,East Midlands,2995.714285714286,17.915986277807864
2021-11-14,East Midlands,3033.714285714286,18.97554432967308
2021-11-15,East Midlands,3077.714285714286,14.99632242552619
2021-11-16,East Midlands,3106.0,14.936244105553286
2021-11-17,East Midlands,3123.8571428571427,14.915105445770559
2021-11-18,East Midlands,3158.0,14.639950159588624
2021-11-19,East Midlands,3165.8571428571427,14.467416357600985
2021-11-20,East Midlands,3192.8571428571427,17.323565035145837
2021-11-21,East Midlands,3212.8571428571427,18.329764650551734
2021-11-22,East Midlands,3224.428571428572,14.631065859056243
2021-11-23,East Midlands,3230.428571428572,14.620187452954346
2021-11-24,East Midlands,3238.1428571428573,14.472935946286091
2021-11-25,East Midlands,3224.0,14.197319436329112
2021-11-26,East Midlands,3204.0,13.869392132270507
2021-11-27,East Midlands,3184.8571428571427,16.792210474133448
2021-11-28,East Midlands,3194.428571428572,17.984627320982252
2021-11-29,East Midlands,3228.428571428572,13.857507150825564
2021-11-30,East Midlands,3288.1428571428573,14.266471308726073
2021-12-01,East Midlands,3379.0,14.046543315311714
2021-12-02,East Midlands,3480.8571428571427,13.821855500592173
2021-12-03,East Midlands,3561.0,13.635071718906739
2021-12-04,East Midlands,3639.285714285714,16.628933793833717
2021-12-05,East Midlands,3670.428571428572,17.7569985750666
2021-12-06,East Midlands,3698.142857142857,13.775285603351326
2021-12-07,East Midlands,3679.0,13.986750263957711
2021-12-08,East Midlands,3673.571428571429,13.986435698821582
2021-12-09,East Midlands,3675.428571428572,13.897862543686179
2021-12-10,East Midlands,3694.0,13.752277407778498
2021-12-11,East Midlands,3739.857142857143,17.095584156509695
2021-12-12,East Midlands,3795.428571428572,18.20185135202502
2021-12-13,East Midlands,3970.428571428572,13.834913910096958
2021-12-14,East Midlands,4290.571428571428,13.669761481076439
2021-12-15,East Midlands,4742.142857142857,13.593535443235286
2021-12-16,East Midlands,5123.142857142857,13.23769973536246
2021-12-17,East Midlands,5453.428571428572,13.031077499703633
2021-12-18,East Midlands,5745.428571428572,16.594085674272954
2021-12-19,East Midlands,6049.142857142857,18.24534231604794
2021-12-20,East Midlands,6456.714285714285,11.46151132051394
2021-12-21,East Midlands,6965.571428571428,10.886948816465976
2021-12-22,East Midlands,7421.428571428572,10.006535282864059
2021-12-23,East Midlands,8006.571428571428,8.57435181183892
2021-12-24,East Midlands,8486.857142857143,5.944970144241682
2021-12-25,East Midlands,8427.285714285714,4.629323747777037
2021-12-26,East Midlands,8786.142857142857,8.047490264908626
2021-12-27,East Midlands,9479.57142857143,2.783369980921113
2021-12-28,East Midlands,10252.857142857143,2.7824304166473155
2021-12-29,East Midlands,11590.714285714286,3.7116699230059256
2021-12-30,East Midlands,12489.142857142857,3.460579458845756
2021-12-31,East Midlands,13044.857142857143,3.120366376099549
2022-01-01,East Midlands,13567.857142857143,3.9107995834523
2022-01-02,East Midlands,14229.142857142857,6.602867591137694
2022-01-03,East Midlands,14698.285714285714,2.0630503102570716
2022-01-04,East Midlands,15399.42857142857,4.546200705430917
2022-01-05,East Midlands,14747.714285714286,4.638453460692663
2022-01-06,East Midlands,14124.42857142857,4.523012141004905
2022-01-07,East Midlands,13490.42857142857,4.592210696649266
2022-01-08,East Midlands,13213.142857142857,5.62165415196532
2022-01-09,East Midlands,12381.0,6.143549343183355
2022-01-10,East Midlands,11444.857142857143,4.821661321963493
2022-01-11,East Midlands,9787.285714285714,4.739103550068157
2022-01-12,East Midlands,8662.0,4.7091168713192975
2022-01-13,East Midlands,7850.285714285715,4.6255782195021355
2022-01-14,East Midlands,7517.571428571428,4.63574269159577
2022-01-15,East Midlands,7357.428571428572,5.567115684842339
2022-01-16,East Midlands,7380.714285714285,5.958904085735462
2022-01-17,East Midlands,7349.0,4.683521798757557
2022-01-18,East Midlands,7407.714285714285,4.602256607983071
2022-01-19,East Midlands,7519.285714285715,4.585171663957026
2022-01-20,East Midlands,7566.571428571428,4.509970064578131
2022-01-21,East Midlands,7607.285714285715,4.532147493481577
2022-01-22,East Midlands,7631.714285714285,5.454618313461161
2022-01-23,East Midlands,7711.571428571428,5.773542864875447
2022-01-24,East Midlands,7653.142857142857,4.587944332652779
2022-01-25,East Midlands,7522.857142857143,4.514480195133273
2022-01-26,East Midlands,7501.428571428572,4.4892708712357186
2022-01-27,East Midlands,7445.857142857143,4.426829869240242
2022-01-28,East Midlands,7374.142857142857,4.452997333054392
2022-01-29,East Midlands,7321.571428571428,5.350793888740474
2022-01-30,East Midlands,7136.142857142857,5.672165455496995
2022-01-31,East Midlands,6892.428571428572,4.508540606996077
2022-02-01,East Midlands,6671.142857142857,4.502073079777156
2022-02-02,East Midlands,6416.571428571428,4.46684167006733
2022-02-03,East Midlands,6174.142857142857,4.440320722019695
2022-02-04,East Midlands,5910.0,4.4231178944809475
2022-02-05,East Midlands,5631.0,5.272466827052853
2022-02-06,East Midlands,5316.428571428572,5.526394531760043
2022-02-07,East Midlands,4965.285714285715,4.4831678510107675
2022-02-08,East Midlands,4695.857142857143,4.4344614566683775
2022-02-09,East Midlands,4392.714285714285,4.406504574224179
2022-02-10,East Midlands,4126.857142857143,4.341055608782677
2022-02-11,East Midlands,3902.285714285714,4.326906467245134
2022-02-12,East Midlands,3747.571428571429,5.111607477761931
2022-02-13,East Midlands,3509.714285714286,5.3929667113910265
2022-02-14,East Midlands,3238.428571428572,3.8324571040356563
2022-02-15,East Midlands,3022.8571428571427,3.724208347736564
2022-02-16,East Midlands,2865.5714285714284,3.6687679881572883
2022-02-17,East Midlands,2776.1428571428573,3.5630895057458463
2022-02-18,East Midlands,2728.1428571428573,3.3037170839633485
2022-02-19,East Midlands,2691.1428571428573,4.5044846706966135
2022-02-20,East Midlands,2680.428571428572,4.782736547609846
2022-02-21,East Midlands,2610.8571428571427,3.75422247957476
2022-02-22,East Midlands,2485.285714285714,3.792512406582708
2022-02-23,East Midlands,2361.285714285714,3.764765666772902
2022-02-24,East Midlands,2213.285714285714,3.6762066398042044
2022-02-25,East Midlands,2088.5714285714284,3.687327331440154
2022-02-26,East Midlands,1982.571428571429,4.560482219558501
2022-02-27,East Midlands,1888.142857142857,4.8665861396452526
2022-02-28,East Midlands,1859.857142857143,3.8654660584612177
2022-03-01,East Midlands,1920.571428571429,3.884968455751154
2022-03-02,East Midlands,1982.0,3.8239091239494782
2022-03-03,East Midlands,2103.714285714286,3.811855979290309
2022-03-04,East Midlands,2230.714285714286,3.7854628816583697
2022-03-05,East Midlands,2373.0,4.5173926433310845
2022-03-06,East Midlands,2546.714285714286,4.79060218561272
2022-03-07,East Midlands,2760.8571428571427,3.903076809908419
2022-03-08,East Midlands,3009.0,3.90534344695259
2022-03-09,East Midlands,3272.1428571428573,3.900135746801066
2022-03-10,East Midlands,3523.285714285714,3.8515363214700296
2022-03-11,East Midlands,3763.857142857143,3.77761715388092
2022-03-12,East Midlands,4003.285714285714,4.496862216554305
2022-03-13,East Midlands,4254.285714285715,4.728237659078629
2022-03-14,East Midlands,4570.428571428572,3.92195808093201
2022-03-15,East Midlands,4783.714285714285,3.886047981300373
2022-03-16,East Midlands,4990.571428571428,3.8497050113065105
2022-03-17,East Midlands,5128.714285714285,3.8072121354554516
2022-03-18,East Midlands,5235.857142857143,3.752317600945418
2022-03-19,East Midlands,5280.571428571428,4.420765458257578
2022-03-20,East Midlands,5369.857142857143,4.660276837623016
2022-03-21,East Midlands,5503.0,3.846794301579412
2022-03-22,East Midlands,5590.714285714285,3.8404740189211624
2022-03-23,East Midlands,5667.714285714285,3.808838113894736
2022-03-24,East Midlands,5733.857142857143,3.760359791611152
2022-03-25,East Midlands,5768.0,3.7046660019173543
2022-03-26,East Midlands,5759.571428571428,4.4449877009031855
2022-03-27,East Midlands,5693.142857142857,4.716143307249466
2022-03-28,East Midlands,5611.857142857143,3.8398593754463333
2022-03-29,East Midlands,5483.714285714285,3.8176132457756218
2022-03-30,East Midlands,5325.142857142857,3.779719297277763
2022-03-31,East Midlands,5038.857142857143,3.7074752441363317
2020-09-01,East of England,103.28571428571428,1296.1289008984895
2020-09-02,East of England,115.0,1340.5113806703464
2020-09-03,East of England,119.71428571428572,1353.0894099912646
2020-09-04,East of England,122.57142857142856,1420.5521816802875
2020-09-05,East of England,125.14285714285714,2250.5194356922198
2020-09-06,East of England,124.0,2565.409440945543
2020-09-07,East of England,131.57142857142858,1667.1261589986025
2020-09-08,East of England,137.28571428571428,1710.873252228835
2020-09-09,East of England,130.42857142857142,1807.8161563963545
2020-09-10,East of England,131.71428571428572,1818.9686046692536
2020-09-11,East of England,133.0,1894.250138187798
2020-09-12,East of England,131.14285714285714,2952.6880962542687
2020-09-13,East of England,128.0,3376.9603436430407
2020-09-14,East of England,126.57142857142856,2405.0810552860826
2020-09-15,East of England,123.85714285714286,2468.255033480114
2020-09-16,East of England,125.71428571428572,2549.463612974782
2020-09-17,East of England,123.0,2590.5287732607253
2020-09-18,East of England,134.57142857142858,2696.2648751830184
2020-09-19,East of England,143.42857142857142,4026.057650117325
2020-09-20,East of England,158.42857142857142,4576.446404175746
2020-09-21,East of England,161.42857142857142,3230.4753407148396
2020-09-22,East of England,171.14285714285714,3351.8452820579128
2020-09-23,East of England,179.0,3521.8516431219887
2020-09-24,East of England,190.28571428571428,3602.52006654135
2020-09-25,East of England,191.0,3726.116996767352
2020-09-26,East of England,194.0,5460.215332973088
2020-09-27,East of England,200.7142857142857,6153.114757518811
2020-09-28,East of England,221.28571428571428,4652.124367825384
2020-09-29,East of England,237.8571428571429,4779.697722389552
2020-09-30,East of England,262.0,4959.483315925173
2020-10-01,East of England,281.42857142857144,5255.426206827421
2020-10-02,East of England,310.85714285714283,5385.30848938663
2020-10-03,East of England,339.1428571428572,7552.50024174784
2020-10-04,East of England,360.57142857142856,8346.137086964063
2020-10-05,East of England,393.0,6459.6707529714595
2020-10-06,East of England,426.57142857142856,6671.068928019322
2020-10-07,East of England,453.2857142857143,7099.570815056328
2020-10-08,East of England,484.4285714285714,7181.417850028221
2020-10-09,East of England,505.4285714285714,7611.048715061424
2020-10-10,East of England,501.1428571428572,10842.062289972782
2020-10-11,East of England,503.8571428571428,12340.639805984825
2020-10-12,East of England,528.5714285714286,9150.419572265168
2020-10-13,East of England,552.1428571428571,9494.7703412667
2020-10-14,East of England,570.8571428571429,10044.029227578547
2020-10-15,East of England,609.5714285714286,10264.185735927935
2020-10-16,East of England,622.7142857142857,10819.94908133622
2020-10-17,East of England,647.8571428571429,15157.123440188163
2020-10-18,East of England,677.4285714285714,16705.737245265824
2020-10-19,East of England,726.4285714285714,12675.260662770857
2020-10-20,East of England,779.4285714285714,13049.71266386585
2020-10-21,East of England,832.4285714285714,13415.59280536705
2020-10-22,East of England,853.8571428571429,13910.531976505508
2020-10-23,East of England,903.1428571428572,14165.316930303137
2020-10-24,East of England,915.7142857142856,20152.26444746897
2020-10-25,East of England,914.2857142857144,22567.525943480243
2020-10-26,East of England,928.8571428571428,13837.453510271242
2020-10-27,East of England,905.1428571428572,13632.593035570946
2020-10-28,East of England,901.2857142857144,13986.670888539695
2020-10-29,East of England,899.0,13571.710428880404
2020-10-30,East of England,898.0,13973.54049573743
2020-10-31,East of England,917.0,22891.40037603329
2020-11-01,East of England,925.7142857142856,25965.28065952085
2020-11-02,East of England,959.8571428571428,19391.866036815434
2020-11-03,East of England,991.5714285714286,20146.399225215617
2020-11-04,East of England,995.5714285714286,21425.081657093753
2020-11-05,East of England,1016.4285714285714,18933.268031835472
2020-11-06,East of England,1034.2857142857142,18994.02197866436
2020-11-07,East of England,1074.7142857142858,22807.143859963315
2020-11-08,East of England,1140.0,23340.549308621066
2020-11-09,East of England,1201.7142857142858,19790.23942447944
2020-11-10,East of England,1246.142857142857,19669.184325051287
2020-11-11,East of England,1328.0,19917.37935774012
2020-11-12,East of England,1364.7142857142858,19893.784916702214
2020-11-13,East of England,1400.7142857142858,19979.658781440146
2020-11-14,East of England,1400.142857142857,23422.95645006996
2020-11-15,East of England,1376.428571428571,23875.452583014256
2020-11-16,East of England,1346.142857142857,20391.220174444272
2020-11-17,East of England,1326.428571428571,20305.813667738053
2020-11-18,East of England,1275.142857142857,20580.66810922322
2020-11-19,East of England,1247.857142857143,20160.601702458785
2020-11-20,East of England,1205.2857142857142,20145.19618221594
2020-11-21,East of England,1175.7142857142858,24253.982787511824
2020-11-22,East of England,1159.2857142857142,25072.242997207977
2020-11-23,East of England,1108.142857142857,20641.048079723212
2020-11-24,East of England,1067.571428571429,20505.7982731324
2020-11-25,East of England,1060.142857142857,20889.14830063242
2020-11-26,East of England,1037.7142857142858,20473.78867579153
2020-11-27,East of England,1046.857142857143,20107.928319394254
2020-11-28,East of England,1048.2857142857142,25083.003931134223
2020-11-29,East of England,1043.0,25439.906213466456
2020-11-30,East of England,1082.7142857142858,20901.446966500716
2020-12-01,East of England,1118.7142857142858,21220.393958538785
2020-12-02,East of England,1153.142857142857,22910.697371665556
2020-12-03,East of England,1197.7142857142858,22427.222382110907
2020-12-04,East of England,1234.2857142857142,22352.878775563506
2020-12-05,East of England,1290.857142857143,30889.993956292466
2020-12-06,East of England,1368.2857142857142,31708.444007640726
2020-12-07,East of England,1466.571428571429,23585.60092215673
2020-12-08,East of England,1582.571428571429,24122.99919691645
2020-12-09,East of England,1700.2857142857142,24141.49851461798
2020-12-10,East of England,1841.7142857142856,23706.20798211211
2020-12-11,East of England,2030.7142857142856,23676.33805399891
2020-12-12,East of England,2181.1428571428573,32049.991760601108
2020-12-13,East of England,2391.5714285714284,32485.103641105823
2020-12-14,East of England,2715.714285714286,23978.180357305377
2020-12-15,East of England,3043.1428571428573,23721.7475170922
2020-12-16,East of England,3399.8571428571427,23535.01151299956
2020-12-17,East of England,3734.857142857143,22708.249477313875
2020-12-18,East of England,4089.714285714286,21522.46636227913
2020-12-19,East of England,4259.571428571428,29756.241090170486
2020-12-20,East of England,4529.857142857143,29832.782366902367
2020-12-21,East of England,4861.428571428572,16684.12259525311
2020-12-22,East of England,5155.285714285715,15305.480811301333
2020-12-23,East of England,5326.0,13757.662372886583
2020-12-24,East of England,5285.285714285715,9319.64670534778
2020-12-25,East of England,4794.285714285715,3275.9039647956884
2020-12-26,East of England,5136.142857142857,9936.277532739625
2020-12-27,East of England,5419.142857142857,15131.354814366718
2020-12-28,East of England,5312.428571428572,4616.224559279491
2020-12-29,East of England,6004.142857142857,6068.769240837408
2020-12-30,East of England,6421.428571428572,5801.858079443588
2020-12-31,East of England,6735.714285714285,4915.641010613515
2021-01-01,East of England,7070.714285714285,2281.010050277133
2021-01-02,East of England,7293.0,8563.037083046202
2021-01-03,East of England,7286.428571428572,9586.420141673823
2021-01-04,East of England,7783.714285714285,6695.747385450619
2021-01-05,East of England,7221.714285714285,6232.120644127816
2021-01-06,East of England,6864.571428571428,6068.116976306567
2021-01-07,East of England,6767.571428571428,5678.06346524608
2021-01-08,East of England,6941.571428571428,5500.134393209252
2021-01-09,East of England,6476.571428571428,7175.247950181985
2021-01-10,East of England,6076.285714285715,7149.253414228432
2021-01-11,East of England,5607.714285714285,4983.249981209365
2021-01-12,East of England,5315.857142857143,4650.891053372473
2021-01-13,East of England,5119.714285714285,4455.7605634146
2021-01-14,East of England,4946.428571428572,4083.9633654377785
2021-01-15,East of England,4837.0,4000.049987248581
2021-01-16,East of England,4682.428571428572,5075.976329513288
2021-01-17,East of England,4579.0,5301.160228406303
2021-01-18,East of England,4362.857142857143,3609.827893074379
2021-01-19,East of England,4187.857142857143,3372.26212200836
2021-01-20,East of England,4006.571428571429,3266.8379132619407
2021-01-21,East of England,3818.857142857143,3105.8730700647207
2021-01-22,East of England,3621.428571428572,3029.7236187976823
2021-01-23,East of England,3516.714285714286,4023.458714766323
2021-01-24,East of England,3336.0,3755.224912224564
2021-01-25,East of England,3121.5714285714284,2591.5452276759775
2021-01-26,East of England,2954.714285714286,2530.8967727108115
2021-01-27,East of England,2789.0,2498.67313030249
2021-01-28,East of England,2660.285714285714,2334.378774467989
2021-01-29,East of England,2518.714285714286,2298.915407979475
2021-01-30,East of England,2421.1428571428573,2953.1568093371584
2021-01-31,East of England,2380.714285714286,3016.988713923994
2021-02-01,East of England,2231.8571428571427,2073.4272968567284
2021-02-02,East of England,2100.8571428571427,1953.4633170077816
2021-02-03,East of England,1996.0,1899.7849736412734
2021-02-04,East of England,1876.857142857143,1788.874973393461
2021-02-05,East of England,1779.0,1759.66804496901
2021-02-06,East of England,1699.2857142857142,2352.8448867001766
2021-02-07,East of England,1617.571428571429,2161.0562589071674
2021-02-08,East of England,1483.0,1399.1780612443292
2021-02-09,East of England,1365.0,1373.2183244894945
2021-02-10,East of England,1282.7142857142858,1393.2286385163893
2021-02-11,East of England,1202.0,1331.3967944518508
2021-02-12,East of England,1132.428571428571,1307.3393371533439
2021-02-13,East of England,1087.7142857142858,1741.056783348278
2021-02-14,East of England,1048.428571428571,1715.616277617261
2021-02-15,East of England,1035.428571428571,1097.5721869676108
2021-02-16,East of England,1011.7142857142856,1041.3310088003936
2021-02-17,East of England,957.4285714285714,1009.073235435739
2021-02-18,East of England,935.4285714285714,945.1649177835063
2021-02-19,East of England,898.0,920.0280423832971
2021-02-20,East of England,883.5714285714286,1345.0121172480794
2021-02-21,East of England,870.2857142857143,1365.711610662644
2021-02-22,East of England,828.4285714285714,915.805761925607
2021-02-23,East of England,808.4285714285714,874.894353391296
2021-02-24,East of England,770.2857142857143,860.7632595532585
2021-02-25,East of England,721.8571428571429,816.3263498787775
2021-02-26,East of England,689.1428571428571,801.6123971595086
2021-02-27,East of England,642.0,1110.1733829858783
2021-02-28,East of England,607.1428571428571,1127.5789839947377
2021-03-01,East of England,557.2857142857143,750.0089101652765
2021-03-02,East of England,510.57142857142856,715.7817898686957
2021-03-03,East of England,487.4285714285714,697.039978127817
2021-03-04,East of England,465.4285714285714,661.7886272111534
2021-03-05,East of England,447.1428571428572,656.7930408400384
2021-03-06,East of England,438.57142857142856,890.904531846058
2021-03-07,East of England,429.7142857142857,916.4611564419994
2021-03-08,East of England,425.2857142857143,640.5306355147966
2021-03-09,East of England,404.7142857142857,624.7853143470819
2021-03-10,East of England,397.1428571428572,603.4348823375628
2021-03-11,East of England,392.7142857142857,588.5462967628631
2021-03-12,East of England,392.2857142857143,588.1036829069317
2021-03-13,East of England,395.7142857142857,743.6500642060067
2021-03-14,East of England,399.1428571428572,843.6593983819384
2021-03-15,East of England,395.8571428571428,561.1958778209748
2021-03-16,East of England,390.4285714285714,539.7760663227709
2021-03-17,East of England,396.8571428571428,539.4500112135445
2021-03-18,East of England,391.0,513.4771265636249
2021-03-19,East of England,387.2857142857143,513.8390547405027
2021-03-20,East of England,379.8571428571428,655.9443734113315
2021-03-21,East of England,398.1428571428572,674.5464498490204
2021-03-22,East of England,396.4285714285714,489.0204644696303
2021-03-23,East of England,389.4285714285714,474.36789200119273
2021-03-24,East of England,392.2857142857143,468.0080516407178
2021-03-25,East of England,395.2857142857143,451.6147546905947
2021-03-26,East of England,386.4285714285714,441.51760585098936
2021-03-27,East of England,386.4285714285714,564.8948093471832
2021-03-28,East of England,372.7142857142857,568.3826483224877
2021-03-29,East of England,342.2857142857143,363.5601922675182
2021-03-30,East of England,327.2857142857143,348.5560754843857
2021-03-31,East of England,297.0,335.46568528107457
2021-04-01,East of England,281.85714285714283,316.48326321607755
2021-04-02,East of England,267.42857142857144,162.94945047752182
2021-04-03,East of England,255.57142857142856,386.81062496913444
2021-04-04,East of England,227.8571428571429,408.6364943618064
2021-04-05,East of England,215.7142857142857,118.35579144779405
2021-04-06,East of England,218.8571428571429,238.78248240505593
2021-04-07,East of England,211.0,231.21191184761744
2021-04-08,East of England,202.28571428571428,224.55897825554618
2021-04-09,East of England,205.14285714285717,221.7500932499246
2021-04-10,East of England,205.8571428571429,316.0568139073265
2021-04-11,East of England,212.28571428571428,334.57948069028606
2021-04-12,East of England,222.57142857142856,246.95636414605005
2021-04-13,East of England,209.28571428571428,244.43551473847717
2021-04-14,East of England,207.28571428571428,241.66017502223787
2021-04-15,East of England,198.42857142857144,236.57653068759606
2021-04-16,East of England,189.8571428571429,236.32460872729465
2021-04-17,East of England,181.57142857142856,306.34743894800954
2021-04-18,East of England,182.42857142857144,321.1717145656793
2021-04-19,East of England,176.0,237.11984525472909
2021-04-20,East of England,181.8571428571429,231.69545681851295
2021-04-21,East of England,182.0,229.2468192468859
2021-04-22,East of England,188.14285714285717,227.42726524637987
2021-04-23,East of England,188.42857142857144,227.16899919676754
2021-04-24,East of England,189.14285714285717,287.1040872361425
2021-04-25,East of England,187.7142857142857,293.3711656630317
2021-04-26,East of England,190.57142857142856,223.67726024145114
2021-04-27,East of England,185.14285714285717,219.87573214717165
2021-04-28,East of England,178.28571428571428,217.41520044581222
2021-04-29,East of England,174.42857142857142,212.57654636007146
2021-04-30,East of England,168.14285714285714,212.06846077637624
2021-05-01,East of England,166.42857142857142,261.62813219422026
2021-05-02,East of England,157.85714285714286,268.47954449705173
2021-05-03,East of England,149.85714285714286,76.4613447379633
2021-05-04,East of England,158.42857142857142,186.3954721307587
2021-05-05,East of England,162.0,187.84561831116378
2021-05-06,East of England,158.57142857142858,183.78170623251523
2021-05-07,East of England,158.85714285714286,187.38382367950356
2021-05-08,East of England,157.85714285714286,221.28901425268032
2021-05-09,East of England,168.0,244.9622493024996
2021-05-10,East of England,175.85714285714286,182.91387166120677
2021-05-11,East of England,168.28571428571428,181.55807542826338
2021-05-12,East of England,168.28571428571428,178.9979372210016
2021-05-13,East of England,169.85714285714286,170.87276884527634
2021-05-14,East of England,169.0,173.79275948911422
2021-05-15,East of England,166.57142857142858,212.8506224536913
2021-05-16,East of England,156.0,228.78037647910372
2021-05-17,East of England,155.85714285714286,173.82000826638986
2021-05-18,East of England,159.0,172.00518661523378
2021-05-19,East of England,163.42857142857142,171.73037722823122
2021-05-20,East of England,163.28571428571428,167.4776504389441
2021-05-21,East of England,167.14285714285714,166.2176061750592
2021-05-22,East of England,174.0,213.06718309895177
2021-05-23,East of England,177.28571428571428,222.58893921076532
2021-05-24,East of England,173.71428571428572,166.30474694925417
2021-05-25,East of England,177.14285714285714,165.84351051668514
2021-05-26,East of England,179.42857142857142,164.78806689952503
2021-05-27,East of England,184.0,162.63871403831328
2021-05-28,East of England,191.7142857142857,159.28861860693684
2021-05-29,East of England,192.8571428571429,199.93270538683177
2021-05-30,East of England,191.57142857142856,215.25662145525487
2021-05-31,East of England,189.57142857142856,57.25575539224513
2021-06-01,East of England,196.0,115.59340677902502
2021-06-02,East of England,204.0,113.15170663141048
2021-06-03,East of England,215.7142857142857,110.4121947508641
2021-06-04,East of England,226.42857142857144,107.71019138261835
2021-06-05,East of England,237.57142857142856,166.49937056880418
2021-06-06,East of England,256.42857142857144,180.40878910531146
2021-06-07,East of England,280.2857142857143,131.3885442721261
2021-06-08,East of England,300.85714285714283,131.53097715419025
2021-06-09,East of England,307.42857142857144,130.3837235380229
2021-06-10,East of England,310.57142857142856,128.83389630775795
2021-06-11,East of England,318.57142857142856,128.6686593012002
2021-06-12,East of England,328.42857142857144,164.7367602236287
2021-06-13,East of England,335.1428571428572,177.66240477989442
2021-06-14,East of England,348.0,128.39574116523343
2021-06-15,East of England,354.7142857142857,129.51191138170591
2021-06-16,East of England,371.1428571428572,127.10800365378147
2021-06-17,East of England,394.8571428571428,123.5356128264657
2021-06-18,East of England,410.8571428571428,121.31068789776467
2021-06-19,East of England,417.2857142857143,158.75309706852883
2021-06-20,East of England,431.7142857142857,171.8763185617201
2021-06-21,East of England,463.0,123.61467377388703
2021-06-22,East of England,502.0,124.27214069188796
2021-06-23,East of England,556.1428571428571,123.43130897700603
2021-06-24,East of England,606.7142857142857,121.59980059386815
2021-06-25,East of England,657.8571428571429,120.27029743139681
2021-06-26,East of England,724.1428571428571,156.57150013219697
2021-06-27,East of England,802.2857142857143,165.7708610946482
2021-06-28,East of England,912.8571428571428,119.67715821783275
2021-06-29,East of England,1013.4285714285714,117.20166011343521
2021-06-30,East of England,1112.571428571429,116.79590437365705
2021-07-01,East of England,1231.0,116.58638023482075
2021-07-02,East of England,1340.428571428571,115.65628550143326
2021-07-03,East of England,1448.857142857143,149.38096454742302
2021-07-04,East of England,1553.7142857142858,159.51184106316325
2021-07-05,East of England,1680.7142857142858,116.03039126963994
2021-07-06,East of England,1818.857142857143,114.1804637743261
2021-07-07,East of England,1971.142857142857,113.60654067598163
2021-07-08,East of England,2068.285714285714,110.21117390367846
2021-07-09,East of England,2169.0,110.39316144402267
2021-07-10,East of England,2220.428571428572,142.83370655337743
2021-07-11,East of England,2304.5714285714284,159.33334456046538
2021-07-12,East of England,2451.8571428571427,105.70541781601894
2021-07-13,East of England,2648.0,108.34471267897361
2021-07-14,East of England,2957.0,107.51006466007526
2021-07-15,East of England,3408.714285714286,104.54062805735745
2021-07-16,East of England,3763.857142857143,103.07276703412883
2021-07-17,East of England,3972.0,135.52690887342487
2021-07-18,East of England,4100.714285714285,145.69120472850534
2021-07-19,East of England,4201.142857142857,98.5016974756629
2021-07-20,East of England,4160.714285714285,95.0125421520242
2021-07-21,East of England,3918.571428571429,91.95519692981259
2021-07-22,East of England,3526.714285714286,87.11909146182388
2021-07-23,East of England,3176.714285714286,82.63482248060515
2021-07-24,East of England,2974.5714285714284,120.7738988874936
2021-07-25,East of England,2782.714285714286,131.1885755808278
2021-07-26,East of England,2553.1428571428573,79.18372622656022
2021-07-27,East of England,2408.5714285714284,76.7474818942238
2021-07-28,East of England,2348.0,74.67578970988245
2021-07-29,East of England,2300.1428571428573,72.16373763263549
2021-07-30,East of England,2285.285714285714,68.99245026614446
2021-07-31,East of England,2277.8571428571427,104.18226377247059
2021-08-01,East of England,2266.0,112.59067536417326
2021-08-02,East of England,2280.8571428571427,67.19722904343706
2021-08-03,East of England,2307.285714285714,65.02342687590729
2021-08-04,East of England,2331.428571428572,63.47380748841224
2021-08-05,East of England,2376.714285714286,60.776070750046514
2021-08-06,East of England,2400.1428571428573,58.53882982019605
2021-08-07,East of England,2404.0,87.6690046735057
2021-08-08,East of England,2426.1428571428573,95.64284392389844
2021-08-09,East of England,2448.5714285714284,56.92021318497967
2021-08-10,East of England,2431.428571428572,55.94025513362033
2021-08-11,East of England,2428.5714285714284,54.122458539581054
2021-08-12,East of England,2430.8571428571427,51.81245157705371
2021-08-13,East of England,2442.714285714286,50.45836933071303
2021-08-14,East of England,2455.1428571428573,75.40541403539157
2021-08-15,East of England,2468.5714285714284,81.902755435415
2021-08-16,East of England,2492.1428571428573,48.860550814909175
2021-08-17,East of England,2522.8571428571427,47.2608119173777
2021-08-18,East of England,2539.0,47.372998145619924
2021-08-19,East of England,2545.428571428572,45.462217290549525
2021-08-20,East of England,2542.428571428572,43.884844506216794
2021-08-21,East of England,2559.428571428572,64.84360118481337
2021-08-22,East of England,2579.285714285714,71.28356414589244
2021-08-23,East of England,2580.0,43.11813031138418
2021-08-24,East of England,2564.428571428572,41.68139152391392
2021-08-25,East of England,2529.428571428572,40.42121484025274
2021-08-26,East of England,2496.285714285714,38.672100797116144
2021-08-27,East of England,2489.428571428572,36.73091353637619
2021-08-28,East of England,2464.714285714286,55.49676848169166
2021-08-29,East of England,2422.428571428572,61.02730675827239
2021-08-30,East of England,2356.285714285714,16.078405361361504
2021-08-31,East of England,2455.285714285714,34.2852018076229
2021-09-01,East of England,2529.428571428572,35.277432933149136
2021-09-02,East of England,2600.0,35.23690893434914
2021-09-03,East of England,2671.1428571428573,35.28098348834961
2021-09-04,East of England,2735.285714285714,48.845404645782345
2021-09-05,East of England,2806.0,53.619739129351004
2021-09-06,East of England,2946.0,36.52227400370357
2021-09-07,East of England,2895.1428571428573,36.523520586589186
2021-09-08,East of England,2801.0,36.406681806536795
2021-09-09,East of England,2702.5714285714284,35.773185010984136
2021-09-10,East of England,2589.1428571428573,35.6314078623704
2021-09-11,East of England,2492.285714285714,46.18017594628844
2021-09-12,East of England,2426.714285714286,50.49427270458492
2021-09-13,East of England,2319.428571428572,35.581143964885946
2021-09-14,East of England,2224.0,34.25962062177451
2021-09-15,East of England,2206.5714285714284,34.41778993602827
2021-09-16,East of England,2190.285714285714,33.234696880597234
2021-09-17,East of England,2211.0,32.61486837883468
2021-09-18,East of England,2259.1428571428573,42.831210254953064
2021-09-19,East of England,2347.1428571428573,46.282304727541884
2021-09-20,East of England,2460.714285714286,32.788628489358494
2021-09-21,East of England,2605.428571428572,32.84572901700312
2021-09-22,East of England,2691.5714285714284,33.42024141104841
2021-09-23,East of England,2773.0,32.76081694075063
2021-09-24,East of England,2844.1428571428573,32.14338233872871
2021-09-25,East of England,2900.0,40.858526007461855
2021-09-26,East of England,2974.0,44.3781461506503
2021-09-27,East of England,3039.428571428572,31.82466933110269
2021-09-28,East of England,3068.714285714286,31.376085418693368
2021-09-29,East of England,3101.1428571428573,30.82812452136237
2021-09-30,East of England,3096.428571428572,30.340395097026924
2021-10-01,East of England,3077.0,29.83423990258204
2021-10-02,East of England,3063.0,37.45973328147902
2021-10-03,East of England,3082.8571428571427,41.37100857475413
2021-10-04,East of England,3147.8571428571427,30.048690393104405
2021-10-05,East of England,3163.428571428572,29.433371747386342
2021-10-06,East of England,3258.0,29.544738521966853
2021-10-07,East of England,3406.714285714286,29.178972851224867
2021-10-08,East of England,3525.5714285714284,28.643069839966945
2021-10-09,East of England,3647.571428571429,36.69825514194301
2021-10-10,East of England,3757.714285714286,39.07386314539876
2021-10-11,East of England,3893.857142857143,28.982996872526474
2021-10-12,East of England,4035.0,28.978873550828922
2021-10-13,East of England,4171.142857142857,28.726437046975565
2021-10-14,East of England,4269.714285714285,28.239344800033635
2021-10-15,East of England,4350.714285714285,27.86622915699944
2021-10-16,East of England,4395.428571428572,35.17199077934543
2021-10-17,East of England,4498.571428571428,37.55260597346483
2021-10-18,East of England,4589.0,27.453755991031294
2021-10-19,East of England,4716.142857142857,27.228855070300323
2021-10-20,East of England,4788.857142857143,26.894710508039363
2021-10-21,East of England,4787.428571428572,26.513228214326105
2021-10-22,East of England,4796.285714285715,25.624258196370143
2021-10-23,East of England,4797.714285714285,32.92723609713221
2021-10-24,East of England,4659.428571428572,34.92402003313341
2021-10-25,East of England,4510.285714285715,21.861889374586315
2021-10-26,East of England,4335.428571428572,21.43623194898549
2021-10-27,East of England,4190.857142857143,20.69385286845639
2021-10-28,East of England,4118.714285714285,19.792788949240737
2021-10-29,East of England,4115.714285714285,19.155704832469606
2021-10-30,East of England,4094.428571428572,27.946510178293444
2021-10-31,East of England,4084.857142857143,29.904450663662857
2021-11-01,East of England,4014.857142857143,22.357254067434145
2021-11-02,East of England,3934.285714285714,22.844192665141748
2021-11-03,East of England,3795.0,22.618817985787164
2021-11-04,East of England,3670.428571428572,22.175607800816188
2021-11-05,East of England,3471.428571428572,21.813104408624053
2021-11-06,East of England,3357.5714285714284,27.203585970225234
2021-11-07,East of England,3241.428571428572,29.044325824601845
2021-11-08,East of England,3194.428571428572,21.996667859634574
2021-11-09,East of England,3246.285714285714,22.113864651113897
2021-11-10,East of England,3353.1428571428573,21.88036351003859
2021-11-11,East of England,3471.5714285714284,21.602949895156993
2021-11-12,East of England,3609.571428571429,21.054644012782735
2021-11-13,East of England,3700.714285714286,26.032288005063915
2021-11-14,East of England,3814.142857142857,27.854782503963648
2021-11-15,East of England,3936.857142857143,21.187936607696017
2021-11-16,East of England,3996.285714285714,21.356557129532884
2021-11-17,East of England,4048.714285714286,21.24764882047873
2021-11-18,East of England,4081.428571428572,20.943454681210977
2021-11-19,East of England,4102.0,20.399015761128506
2021-11-20,East of England,4156.428571428572,25.297181387401576
2021-11-21,East of England,4181.857142857143,26.94683911073937
2021-11-22,East of England,4200.571428571428,20.451907092939866
2021-11-23,East of England,4261.142857142857,20.557971544684676
2021-11-24,East of England,4308.714285714285,20.443998850813152
2021-11-25,East of England,4328.571428571428,20.089089880121538
2021-11-26,East of England,4366.714285714285,19.16280443339115
2021-11-27,East of England,4358.285714285715,24.248831098822492
2021-11-28,East of England,4426.428571428572,26.4368337037611
2021-11-29,East of England,4526.571428571428,19.64118937885812
2021-11-30,East of England,4673.285714285715,19.865218361436316
2021-12-01,East of England,4820.142857142857,19.683846170368163
2021-12-02,East of England,4946.428571428572,19.338916306818835
2021-12-03,East of England,5054.142857142857,18.81646776659548
2021-12-04,East of England,5112.571428571428,23.674358492000565
2021-12-05,East of England,5099.142857142857,25.264176680017677
2021-12-06,East of England,5141.0,19.01602412568743
2021-12-07,East of England,5133.285714285715,19.262702270781844
2021-12-08,East of England,5153.428571428572,19.343626199033693
2021-12-09,East of England,5263.142857142857,19.192010713991042
2021-12-10,East of England,5366.857142857143,18.783396613429012
2021-12-11,East of England,5571.714285714285,23.810258579609414
2021-12-12,East of England,5805.857142857143,25.90582140450035
2021-12-13,East of England,6245.571428571428,18.62795934448579
2021-12-14,East of England,6981.571428571428,18.43800222155001
2021-12-15,East of England,7834.428571428572,18.24118592993664
2021-12-16,East of England,8586.857142857143,17.82128562842587
2021-12-17,East of England,9243.285714285714,17.34981865284667
2021-12-18,East of England,9846.714285714286,22.842511947714055
2021-12-19,East of England,10417.142857142857,25.305370164091297
2021-12-20,East of England,11165.714285714286,14.736085493984552
2021-12-21,East of England,11826.57142857143,14.024387826915758
2021-12-22,East of England,12458.57142857143,12.960862090145852
2021-12-23,East of England,13156.42857142857,11.378398463692443
2021-12-24,East of England,13673.857142857143,7.979774912653278
2021-12-25,East of England,13289.0,6.284253733804885
2021-12-26,East of England,13473.142857142857,11.352092207108608
2021-12-27,East of England,13978.714285714286,3.659654467060315
2021-12-28,East of England,14385.42857142857,3.6301216549734736
2021-12-29,East of England,15475.285714285714,4.974980556117841
2021-12-30,East of England,16007.714285714286,4.688309322544223
2021-12-31,East of England,16253.42857142857,4.202345623772902
2022-01-01,East of England,16636.0,5.476091055024461
2022-01-02,East of England,17103.428571428572,9.350985195458783
2022-01-03,East of England,17161.0,2.618743800937056
2022-01-04,East of England,17653.0,5.980066267209786
2022-01-05,East of England,16567.571428571428,6.241479698151355
2022-01-06,East of England,15730.142857142857,6.255941434209469
2022-01-07,East of England,14898.142857142857,6.345482123511756
2022-01-08,East of England,14608.714285714286,7.841458076728145
2022-01-09,East of England,13690.714285714286,8.679477614391374
2022-01-10,East of England,12630.714285714286,6.397077596588826
2022-01-11,East of England,10870.142857142857,6.273012085975069
2022-01-12,East of England,9794.57142857143,6.243334340133332
2022-01-13,East of England,9035.0,6.140806555865432
2022-01-14,East of England,8784.857142857143,6.178774572889817
2022-01-15,East of England,8752.0,7.695000580491492
2022-01-16,East of England,8991.42857142857,8.302367338431269
2022-01-17,East of England,9263.714285714286,6.146835573492401
2022-01-18,East of England,9544.285714285714,6.051109444444628
2022-01-19,East of England,9903.714285714286,5.997155483887735
2022-01-20,East of England,10101.57142857143,5.926080550847021
2022-01-21,East of England,10340.142857142857,5.952146133515677
2022-01-22,East of England,10526.714285714286,7.449099650659967
2022-01-23,East of England,10691.285714285714,7.907390317221859
2022-01-24,East of England,10744.42857142857,5.946502254900075
2022-01-25,East of England,10738.57142857143,5.8429021164432875
2022-01-26,East of England,10692.857142857143,5.810488373407899
2022-01-27,East of England,10686.142857142857,5.7704928968230735
2022-01-28,East of England,10583.142857142857,5.751598919733771
2022-01-29,East of England,10497.857142857143,7.1583512306163435
2022-01-30,East of England,10327.285714285714,7.761771993128832
2022-01-31,East of England,9995.57142857143,5.810184710868092
2022-02-01,East of England,9712.285714285714,5.7929285623184334
2022-02-02,East of England,9438.285714285714,5.776599482702285
2022-02-03,East of England,9138.857142857143,5.693714257328933
2022-02-04,East of England,8826.142857142857,5.65489547183858
2022-02-05,East of England,8460.285714285714,7.026405139573939
2022-02-06,East of England,8004.142857142857,7.454507869347134
2022-02-07,East of England,7554.714285714285,5.741341116675514
2022-02-08,East of England,7148.0,5.696251145084752
2022-02-09,East of England,6730.285714285715,5.62650923595079
2022-02-10,East of England,6328.428571428572,5.565688637514835
2022-02-11,East of England,6007.714285714285,5.499900823565569
2022-02-12,East of England,5724.714285714285,6.8068821270886195
2022-02-13,East of England,5365.714285714285,7.223462837566874
2022-02-14,East of England,4979.0,4.736358430091663
2022-02-15,East of England,4720.0,4.59627042759689
2022-02-16,East of England,4540.142857142857,4.542695326164439
2022-02-17,East of England,4422.571428571428,4.38665635552405
2022-02-18,East of England,4264.0,3.785665829294669
2022-02-19,East of England,4300.857142857143,5.83218105119805
2022-02-20,East of England,4338.857142857143,6.261466066550947
2022-02-21,East of England,4257.142857142857,4.704870402057462
2022-02-22,East of England,4074.571428571429,4.772792516681391
2022-02-23,East of England,3851.428571428572,4.763288574603376
2022-02-24,East of England,3638.285714285714,4.681192371612302
2022-02-25,East of England,3510.5714285714284,4.664722191639341
2022-02-26,East of England,3281.1428571428573,5.858391652794583
2022-02-27,East of England,3100.285714285714,6.354864800440161
2022-02-28,East of England,3037.1428571428573,4.833269004017643
2022-03-01,East of England,3123.5714285714284,4.7536152104713025
2022-03-02,East of England,3273.0,4.727339785492799
2022-03-03,East of England,3483.285714285714,4.675274375818783
2022-03-04,East of England,3744.142857142857,4.636513957261308
2022-03-05,East of England,3997.285714285714,5.6747258153810485
2022-03-06,East of England,4331.285714285715,6.1439901055691335
2022-03-07,East of England,4785.142857142857,4.726389221724528
2022-03-08,East of England,5199.428571428572,4.7305470569904955
2022-03-09,East of England,5659.285714285715,4.700110131142213
2022-03-10,East of England,6107.714285714285,4.643027378742327
2022-03-11,East of England,6524.428571428572,4.556382789330376
2022-03-12,East of England,6955.285714285715,5.594696087198141
2022-03-13,East of England,7437.571428571428,5.9841961983262975
2022-03-14,East of England,7929.142857142857,4.665519991543711
2022-03-15,East of England,8316.285714285714,4.6416718944239825
2022-03-16,East of England,8639.857142857143,4.586791736311091
2022-03-17,East of England,8853.857142857143,4.55013741839598
2022-03-18,East of England,8962.0,4.435184702821051
2022-03-19,East of England,8957.285714285714,5.40180641216858
2022-03-20,East of England,8931.285714285714,5.756146767150271
2022-03-21,East of England,8983.285714285714,4.517614455894993
2022-03-22,East of England,8991.142857142857,4.515089177841624
2022-03-23,East of England,8938.142857142857,4.477498727742146
2022-03-24,East of England,8872.42857142857,4.408193901163043
2022-03-25,East of England,8784.42857142857,4.320866399839487
2022-03-26,East of England,8683.285714285714,5.296368374268963
2022-03-27,East of England,8494.57142857143,5.705806934502841
2022-03-28,East of England,8257.857142857143,4.39466787096679
2022-03-29,East of England,7979.0,4.38281887295654
2022-03-30,East of England,7643.428571428572,4.3711005694678935
2022-03-31,East of England,7239.571428571428,4.303511284171412
2020-09-01,London,203.42857142857144,2432.34360600729
2020-09-02,London,228.8571428571429,2544.9574759295383
2020-09-03,London,245.42857142857144,2554.7382608506473
2020-09-04,London,264.85714285714283,2744.239630910044
2020-09-05,London,283.7142857142857,4976.079579104055
2020-09-06,London,294.7142857142857,5773.127331184402
2020-09-07,London,330.0,3336.2924495054276
2020-09-08,London,335.0,3347.8791413252234
2020-09-09,London,335.57142857142856,3595.979531974393
2020-09-10,London,342.57142857142856,3642.4372591997985
2020-09-11,London,339.1428571428572,3852.412445749293
2020-09-12,London,333.57142857142856,6815.451133295488
2020-09-13,London,319.7142857142857,8025.207832101319
2020-09-14,London,296.85714285714283,5289.891297913049
2020-09-15,London,285.57142857142856,5312.6455830337
2020-09-16,London,278.0,5542.109434406216
2020-09-17,London,268.1428571428572,5680.801278366072
2020-09-18,London,275.42857142857144,6061.194125345757
2020-09-19,London,291.1428571428572,9993.472427644861
2020-09-20,London,334.42857142857144,11593.456271898396
2020-09-21,London,353.0,7550.125069815471
2020-09-22,London,389.1428571428572,7706.936531169588
2020-09-23,London,441.1428571428572,8194.117843321847
2020-09-24,London,480.2857142857143,8244.590449607627
2020-09-25,London,511.8571428571428,8784.214951924521
2020-09-26,London,541.8571428571429,14453.787645497663
2020-09-27,London,559.0,16286.058919139072
2020-09-28,London,603.2857142857143,11242.859816363316
2020-09-29,London,629.0,11527.805206869905
2020-09-30,London,678.7142857142857,11816.313049266684
2020-10-01,London,746.4285714285714,12596.333457420835
2020-10-02,London,808.2857142857143,12983.319283659634
2020-10-03,London,843.7142857142857,20672.551671169596
2020-10-04,London,886.4285714285714,23131.514691548702
2020-10-05,London,965.5714285714286,16416.648169506916
2020-10-06,London,1031.7142857142858,16507.06463095925
2020-10-07,London,1091.571428571429,17550.63283874783
2020-10-08,London,1149.428571428571,17692.248283551544
2020-10-09,London,1195.428571428571,19201.728662564896
2020-10-10,London,1207.0,30689.820502774757
2020-10-11,London,1194.2857142857142,34919.81579994609
2020-10-12,London,1236.0,23671.34567576053
2020-10-13,London,1274.857142857143,24180.430784062108
2020-10-14,London,1305.2857142857142,25659.59219367151
2020-10-15,London,1342.2857142857142,26336.265765035183
2020-10-16,London,1388.428571428571,28045.689674234294
2020-10-17,London,1422.142857142857,43276.98802855338
2020-10-18,London,1502.571428571429,48072.5462623789
2020-10-19,London,1612.428571428571,32375.923105610414
2020-10-20,London,1740.428571428571,32787.68977256905
2020-10-21,London,1845.857142857143,33181.7568927366
2020-10-22,London,1911.571428571429,34226.720598181804
2020-10-23,London,1962.7142857142856,35365.766569392166
2020-10-24,London,2011.4285714285716,56780.002379120924
2020-10-25,London,2010.571428571429,63248.80287404019
2020-10-26,London,2039.4285714285716,36020.410719403146
2020-10-27,London,2007.2857142857144,34733.54122790175
2020-10-28,London,1953.0,35737.148259882684
2020-10-29,London,1928.7142857142856,34533.18256622369
2020-10-30,London,1907.571428571429,36331.684767391984
2020-10-31,London,1899.7142857142856,64248.40755133021
2020-11-01,London,1888.857142857143,72647.19325358125
2020-11-02,London,1946.571428571429,48462.923901104106
2020-11-03,London,1953.857142857143,49580.29749373903
2020-11-04,London,1966.4285714285716,51722.33040175013
2020-11-05,London,1978.571428571429,43726.68776252461
2020-11-06,London,2014.2857142857144,44004.92157181263
2020-11-07,London,2052.0,58242.089782322866
2020-11-08,London,2132.8571428571427,57856.64864412144
2020-11-09,London,2156.1428571428573,43600.437623573795
2020-11-10,London,2243.8571428571427,42689.54785873853
2020-11-11,London,2369.1428571428573,42674.98818238571
2020-11-12,London,2479.8571428571427,40943.47547068714
2020-11-13,London,2565.428571428572,41741.62895358384
2020-11-14,London,2607.285714285714,53093.93536266868
2020-11-15,London,2612.714285714286,52936.57343256066
2020-11-16,London,2611.1428571428573,40213.669141555285
2020-11-17,London,2585.5714285714284,39162.4996260588
2020-11-18,London,2518.0,38943.553512297505
2020-11-19,London,2421.1428571428573,37167.34646544753
2020-11-20,London,2336.5714285714284,37699.88528359618
2020-11-21,London,2272.8571428571427,50048.85285308929
2020-11-22,London,2226.8571428571427,49955.672789817
2020-11-23,London,2128.714285714286,36952.69742094032
2020-11-24,London,2069.0,35138.96533024505
2020-11-25,London,2037.142857142857,35514.889913041545
2020-11-26,London,2020.0,33827.973737864275
2020-11-27,London,2031.7142857142856,33509.18806077395
2020-11-28,London,2051.714285714286,45648.409448486185
2020-11-29,London,2074.8571428571427,44809.52689337768
2020-11-30,London,2116.285714285714,33207.83112642387
2020-12-01,London,2160.5714285714284,32860.55512491948
2020-12-02,London,2242.5714285714284,35831.02903631674
2020-12-03,London,2299.0,33939.23762704166
2020-12-04,London,2403.285714285714,34468.32619090831
2020-12-05,London,2492.285714285714,51714.3958121329
2020-12-06,London,2603.0,53148.80986057992
2020-12-07,London,2750.0,34547.9762134419
2020-12-08,London,2931.428571428572,34248.68031092563
2020-12-09,London,3163.285714285714,33993.562705083175
2020-12-10,London,3533.714285714286,32548.289455625785
2020-12-11,London,3901.428571428572,32870.11049181031
2020-12-12,London,4254.571428571428,48353.275541695
2020-12-13,London,4701.142857142857,49181.19665276547
2020-12-14,London,5371.0,30876.157704535253
2020-12-15,London,6116.0,30355.380488662413
2020-12-16,London,6930.714285714285,28165.49675603863
2020-12-17,London,7678.857142857143,25981.84204712871
2020-12-18,London,8459.42857142857,23827.411985624098
2020-12-19,London,8822.142857142857,38013.22261675874
2020-12-20,London,9323.142857142857,35239.64982370605
2020-12-21,London,10045.57142857143,17459.509003143336
2020-12-22,London,10702.0,15357.888494142184
2020-12-23,London,11040.142857142857,14252.9669262501
2020-12-24,London,10936.857142857143,10510.162585162896
2020-12-25,London,9995.57142857143,4060.0594425574714
2020-12-26,London,10680.857142857143,13631.871152585083
2020-12-27,London,11293.142857142857,19417.922849459595
2020-12-28,London,10919.57142857143,5626.484011751294
2020-12-29,London,11876.142857142857,7156.147293659048
2020-12-30,London,12608.42857142857,6792.684540080633
2020-12-31,London,13047.42857142857,5790.576393251828
2021-01-01,London,13401.142857142857,3102.342028836713
2021-01-02,London,13666.285714285714,10481.463641494134
2021-01-03,London,13671.0,11671.199243840558
2021-01-04,London,14638.42857142857,6623.415841602884
2021-01-05,London,13871.285714285714,5866.5414944761005
2021-01-06,London,13332.285714285714,5619.422760331498
2021-01-07,London,13287.57142857143,5246.121877565041
2021-01-08,London,13842.0,5031.382813217905
2021-01-09,London,13130.42857142857,7782.381093885995
2021-01-10,London,12308.142857142857,7626.919512982617
2021-01-11,London,11478.42857142857,4399.60792129798
2021-01-12,London,10790.714285714286,3994.6572703529887
2021-01-13,London,10165.714285714286,3721.2952549606516
2021-01-14,London,9709.142857142857,3369.658095905713
2021-01-15,London,9370.142857142857,3313.4619111561296
2021-01-16,London,8991.714285714286,4988.856886318797
2021-01-17,London,8689.142857142857,5117.424042082305
2021-01-18,London,8213.714285714286,2871.0228938145883
2021-01-19,London,7804.0,2599.5036429953648
2021-01-20,London,7356.428571428572,2486.1848977820214
2021-01-21,London,6897.285714285715,2315.781189316898
2021-01-22,London,6517.714285714285,2338.7627085279246
2021-01-23,London,6224.571428571428,3529.074873600836
2021-01-24,London,5892.571428571428,3282.8937372738474
2021-01-25,London,5405.142857142857,1982.097166586217
2021-01-26,London,4988.0,1799.29385861738
2021-01-27,London,4693.285714285715,1722.7999667133515
2021-01-28,London,4411.571428571428,1607.7005620148636
2021-01-29,London,4091.285714285714,1582.3220923801268
2021-01-30,London,3870.714285714286,2307.1085520490033
2021-01-31,London,3740.571428571429,2329.368523646135
2021-02-01,London,3493.714285714286,1343.2033449299995
2021-02-02,London,3311.8571428571427,1253.4222847710037
2021-02-03,London,3092.5714285714284,1201.5576914393077
2021-02-04,London,2887.714285714286,1123.388986800896
2021-02-05,London,2700.285714285714,1106.3109765070703
2021-02-06,London,2539.714285714286,1657.3953275762592
2021-02-07,London,2410.428571428572,1518.8519526638681
2021-02-08,London,2193.8571428571427,891.9085065751982
2021-02-09,London,2005.857142857143,830.6441576525029
2021-02-10,London,1833.857142857143,816.9682504978947
2021-02-11,London,1683.428571428571,763.7860043590056
2021-02-12,London,1559.0,752.1422356146859
2021-02-13,London,1459.857142857143,1126.744523650102
2021-02-14,London,1393.0,1123.975846832961
2021-02-15,London,1331.142857142857,612.1820672469289
2021-02-16,London,1263.428571428571,570.1172191708329
2021-02-17,London,1199.7142857142858,545.8068972069783
2021-02-18,London,1151.0,509.27402984330377
2021-02-19,London,1114.571428571429,501.1671829201996
2021-02-20,London,1104.0,807.1465616649011
2021-02-21,London,1082.2857142857142,809.2575354627064
2021-02-22,London,1027.857142857143,470.0308800185952
2021-02-23,London,988.8571428571428,441.1256227903855
2021-02-24,London,936.5714285714286,424.4951952151286
2021-02-25,London,868.1428571428571,399.1505511851953
2021-02-26,London,808.4285714285714,393.95398910525375
2021-02-27,London,766.2857142857143,606.6961000089905
2021-02-28,London,728.5714285714286,593.0399450939667
2021-03-01,London,661.4285714285714,348.3981458896425
2021-03-02,London,621.5714285714286,319.4888366531291
2021-03-03,London,597.7142857142857,307.4370443543921
2021-03-04,London,579.0,289.07453152533685
2021-03-05,London,560.8571428571429,292.07110075475174
2021-03-06,London,544.8571428571429,433.50191132852314
2021-03-07,London,534.2857142857143,436.10242240810476
2021-03-08,London,535.0,265.32857603974844
2021-03-09,London,526.1428571428571,256.39069233828087
2021-03-10,London,518.8571428571429,248.10446228574975
2021-03-11,London,510.0,235.09350643010885
2021-03-12,London,511.8571428571428,237.98319970343502
2021-03-13,London,507.1428571428572,330.67543467250044
2021-03-14,London,499.57142857142856,353.36499446770614
2021-03-15,London,504.7142857142857,215.9973390624665
2021-03-16,London,491.2857142857143,200.51127391912573
2021-03-17,London,481.57142857142856,198.63795159959705
2021-03-18,London,483.4285714285714,184.83146210217652
2021-03-19,London,472.57142857142856,187.2179440750114
2021-03-20,London,473.1428571428572,259.07121907387364
2021-03-21,London,488.4285714285714,265.4050302613252
2021-03-22,London,479.2857142857143,170.05484985035733
2021-03-23,London,474.57142857142856,158.23695647271236
2021-03-24,London,497.2857142857143,156.92034313758612
2021-03-25,London,495.2857142857143,146.35735077262848
2021-03-26,London,496.0,145.29660838185842
2021-03-27,London,486.7142857142857,204.0862475434723
2021-03-28,London,494.0,197.31211846897898
2021-03-29,London,476.1428571428572,131.4602226845943
2021-03-30,London,461.1428571428572,125.04612326669732
2021-03-31,London,416.2857142857143,121.53792566965217
2021-04-01,London,401.8571428571428,108.42213274502778
2021-04-02,London,375.2857142857143,56.95295159962858
2021-04-03,London,365.2857142857143,136.99257249194412
2021-04-04,London,321.1428571428572,141.45768428571887
2021-04-05,London,297.42857142857144,40.71198935046224
2021-04-06,London,293.85714285714283,71.31146977038357
2021-04-07,London,301.0,70.26326325500688
2021-04-08,London,295.2857142857143,66.06230157901443
2021-04-09,London,310.2857142857143,66.74274468804511
2021-04-10,London,316.1428571428572,103.66078057804702
2021-04-11,London,329.1428571428572,107.89685139460659
2021-04-12,London,342.1428571428572,61.561033795065086
2021-04-13,London,334.1428571428572,56.730649284266455
2021-04-14,London,323.1428571428572,54.73770347048005
2021-04-15,London,321.85714285714283,52.88953681989821
2021-04-16,London,315.57142857142856,52.340587911546706
2021-04-17,London,306.7142857142857,84.97352101721602
2021-04-18,London,318.57142857142856,88.01512151628745
2021-04-19,London,324.57142857142856,57.48118423234977
2021-04-20,London,335.1428571428572,55.20711462977648
2021-04-21,London,348.57142857142856,54.07434652603743
2021-04-22,London,349.42857142857144,53.04903561522617
2021-04-23,London,337.7142857142857,53.10882941635442
2021-04-24,London,340.0,73.76683762910112
2021-04-25,London,323.7142857142857,74.64096523766233
2021-04-26,London,313.7142857142857,50.68391423466527
2021-04-27,London,300.7142857142857,47.932046929935375
2021-04-28,London,289.0,47.02301356819284
2021-04-29,London,273.1428571428572,45.33612256353791
2021-04-30,London,271.7142857142857,46.227934494986265
2021-05-01,London,263.1428571428572,62.31295406832761
2021-05-02,London,249.14285714285717,63.7873447955466
2021-05-03,London,238.42857142857144,17.5608048581114
2021-05-04,London,242.7142857142857,38.505773673588116
2021-05-05,London,239.28571428571428,38.4980395909378
2021-05-06,London,251.28571428571428,36.48918713069328
2021-05-07,London,250.8571428571429,37.88671246675713
2021-05-08,London,251.42857142857144,50.25197021564314
2021-05-09,London,266.2857142857143,53.52713256823039
2021-05-10,London,282.2857142857143,35.134651210775324
2021-05-11,London,279.7142857142857,34.52300898105773
2021-05-12,London,272.57142857142856,33.34820282060572
2021-05-13,London,267.2857142857143,30.40025199495659
2021-05-14,London,269.2857142857143,32.10440749166826
2021-05-15,London,269.7142857142857,43.27341285923428
2021-05-16,London,260.7142857142857,45.49219658517449
2021-05-17,London,257.57142857142856,30.775131342450937
2021-05-18,London,262.0,29.72691847092015
2021-05-19,London,280.1428571428572,29.798818901896542
2021-05-20,London,289.57142857142856,28.896361003232666
2021-05-21,London,292.7142857142857,29.043871311678405
2021-05-22,London,300.57142857142856,40.51823914626745
2021-05-23,London,308.7142857142857,41.83789410551939
2021-05-24,London,314.42857142857144,27.89876069895548
2021-05-25,London,328.0,27.002760384672328
2021-05-26,London,345.85714285714283,27.104639125834293
2021-05-27,London,373.1428571428572,26.806658721525707
2021-05-28,London,395.57142857142856,26.556159856969522
2021-05-29,London,415.1428571428572,36.93882785426196
2021-05-30,London,432.2857142857143,38.21897902743144
2021-05-31,London,451.57142857142856,10.28341627415684
2021-06-01,London,492.8571428571428,18.697612575956494
2021-06-02,London,539.8571428571429,18.54103531851194
2021-06-03,London,579.5714285714286,17.66878400816872
2021-06-04,London,618.5714285714286,17.559132107138
2021-06-05,London,648.8571428571429,30.41236033467473
2021-06-06,London,686.8571428571429,32.078188214159404
2021-06-07,London,758.5714285714286,20.468206705844885
2021-06-08,London,813.1428571428571,20.21002247141818
2021-06-09,London,850.7142857142857,19.9879404477436
2021-06-10,London,879.1428571428571,19.801057838252227
2021-06-11,London,912.7142857142856,19.985220489918614
2021-06-12,London,937.5714285714286,28.693932981430432
2021-06-13,London,951.8571428571428,29.959643202443765
2021-06-14,London,979.1428571428572,19.46545328114012
2021-06-15,London,1008.5714285714286,19.25104342008219
2021-06-16,London,1020.8571428571428,18.739814866237662
2021-06-17,London,1064.142857142857,17.921056624987045
2021-06-18,London,1078.428571428571,18.036553590197855
2021-06-19,London,1100.142857142857,26.37083451953451
2021-06-20,London,1129.2857142857142,28.149011194311324
2021-06-21,London,1193.0,17.77955258388981
2021-06-22,London,1262.428571428571,17.555053817441575
2021-06-23,London,1377.857142857143,17.361867115246305
2021-06-24,London,1472.0,16.90126575836703
2021-06-25,London,1617.571428571429,17.034457831951308
2021-06-26,London,1731.7142857142858,24.827906374196584
2021-06-27,London,1863.0,25.921250890881485
2021-06-28,London,2037.142857142857,16.538849845639945
2021-06-29,London,2209.8571428571427,15.745987393917654
2021-06-30,London,2368.714285714286,15.804821130932464
2021-07-01,London,2531.428571428572,15.630711251883499
2021-07-02,London,2658.0,15.750697182856669
2021-07-03,London,2795.1428571428573,22.96391998754349
2021-07-04,London,2902.1428571428573,23.97601862867523
2021-07-05,London,3043.5714285714284,15.577126877799845
2021-07-06,London,3190.5714285714284,14.864490580336456
2021-07-07,London,3393.428571428572,14.67696079422854
2021-07-08,London,3478.0,14.259589010982442
2021-07-09,London,3579.5714285714284,14.351790384287249
2021-07-10,London,3660.714285714286,20.983108871272083
2021-07-11,London,3752.714285714286,22.92694808483879
2021-07-12,London,3910.714285714286,13.42931979850386
2021-07-13,London,4094.285714285714,13.443804944243805
2021-07-14,London,4390.142857142857,13.252072575419033
2021-07-15,London,4979.857142857143,12.850774908736934
2021-07-16,London,5477.428571428572,12.91585791512917
2021-07-17,London,5739.0,19.178728704759802
2021-07-18,London,5916.142857142857,20.229399823220948
2021-07-19,London,6083.142857142857,11.970374481214852
2021-07-20,London,6061.714285714285,11.070194443952513
2021-07-21,London,5806.142857142857,11.255787078925085
2021-07-22,London,5305.571428571428,10.64420263164372
2021-07-23,London,4848.0,10.441652980679384
2021-07-24,London,4567.428571428572,16.628199735988918
2021-07-25,London,4333.0,17.508103861015034
2021-07-26,London,4033.714285714286,9.450382351274708
2021-07-27,London,3854.714285714286,9.006652668843607
2021-07-28,London,3737.428571428572,8.766780546208773
2021-07-29,London,3678.571428571429,8.54636664021724
2021-07-30,London,3596.1428571428573,8.176049703786932
2021-07-31,London,3532.285714285714,13.988466459100831
2021-08-01,London,3506.714285714286,14.907162251436445
2021-08-02,London,3498.8571428571427,7.796409352902528
2021-08-03,London,3516.8571428571427,7.416055174262572
2021-08-04,London,3564.0,7.207723010321525
2021-08-05,London,3619.428571428572,6.868623537674269
2021-08-06,London,3672.142857142857,6.824934379340656
2021-08-07,London,3721.142857142857,11.39329804890736
2021-08-08,London,3751.714285714286,12.251766513369764
2021-08-09,London,3735.857142857143,6.331300861772311
2021-08-10,London,3721.0,6.144166591694763
2021-08-11,London,3732.142857142857,5.971384394401736
2021-08-12,London,3693.285714285714,5.690646759525359
2021-08-13,London,3698.571428571429,5.655578823045481
2021-08-14,London,3689.142857142857,9.67620351161506
2021-08-15,London,3666.714285714286,10.312077037360716
2021-08-16,London,3673.857142857143,5.275777604048126
2021-08-17,London,3659.142857142857,5.008570552309048
2021-08-18,London,3578.0,5.1791706498688965
2021-08-19,London,3522.5714285714284,4.852652017132762
2021-08-20,London,3437.5714285714284,4.827988864648183
2021-08-21,London,3406.285714285714,8.008938898545964
2021-08-22,London,3401.0,8.728224490612755
2021-08-23,London,3362.428571428572,4.618064026704921
2021-08-24,London,3318.0,4.400985845352337
2021-08-25,London,3278.714285714286,4.283729200814361
2021-08-26,London,3223.8571428571427,4.0902039980064515
2021-08-27,London,3220.5714285714284,3.9875047960860566
2021-08-28,London,3209.0,6.654031094535912
2021-08-29,London,3146.5714285714284,7.242611882322738
2021-08-30,London,3034.5714285714284,1.9292368651975709
2021-08-31,London,3076.8571428571427,3.5210999988133693
2021-09-01,London,3098.0,3.7158219402191017
2021-09-02,London,3178.8571428571427,3.6452195759659416
2021-09-03,London,3234.0,3.716802004323971
2021-09-04,London,3249.714285714286,5.76847318786072
2021-09-05,London,3309.5714285714284,6.238884696987941
2021-09-06,London,3455.1428571428573,3.724495923875449
2021-09-07,London,3405.428571428572,3.665467900325452
2021-09-08,London,3339.428571428572,3.6132402057348147
2021-09-09,London,3196.0,3.567591378016968
2021-09-10,London,3059.0,3.5905052792980614
2021-09-11,London,2983.1428571428573,5.313516427086673
2021-09-12,London,2891.5714285714284,5.680569517116526
2021-09-13,London,2744.1428571428573,3.5534985483966763
2021-09-14,London,2627.0,3.3205621742947193
2021-09-15,London,2523.428571428572,3.3890921958183
2021-09-16,London,2471.285714285714,3.233812635554402
2021-09-17,London,2449.1428571428573,3.19302639049185
2021-09-18,London,2440.285714285714,4.75884777834659
2021-09-19,London,2485.285714285714,5.010921634194455
2021-09-20,London,2530.714285714286,3.1702576293454365
2021-09-21,London,2577.285714285714,3.1251015218753695
2021-09-22,London,2631.714285714286,3.1964637493487404
2021-09-23,London,2682.0,3.1174695924498286
2021-09-24,London,2684.8571428571427,3.0935003042249316
2021-09-25,London,2709.428571428572,4.4540938354240085
2021-09-26,London,2735.0,4.69788010143569
2021-09-27,London,2784.0,2.9975958095174864
2021-09-28,London,2766.1428571428573,2.9066508907181907
2021-09-29,London,2760.285714285714,2.9214816527737293
2021-09-30,London,2739.714285714286,2.843815638598587
2021-10-01,London,2710.285714285714,2.81721347116705
2021-10-02,London,2691.0,3.9688674453028403
2021-10-03,London,2693.285714285714,4.268040817681006
2021-10-04,London,2670.714285714286,2.8009857867729853
2021-10-05,London,2711.1428571428573,2.721368434120572
2021-10-06,London,2715.8571428571427,2.738959272482169
2021-10-07,London,2761.8571428571427,2.7178848961624746
2021-10-08,London,2829.428571428572,2.6559959003258933
2021-10-09,London,2870.428571428572,3.8243563261416647
2021-10-10,London,2900.5714285714284,3.985268797156492
2021-10-11,London,2975.714285714286,2.6619340361849018
2021-10-12,London,3018.8571428571427,2.6380215298737255
2021-10-13,London,3120.0,2.617642625874349
2021-10-14,London,3191.0,2.6017834644841367
2021-10-15,London,3279.428571428572,2.5470091849215195
2021-10-16,London,3324.714285714286,3.570171984769096
2021-10-17,London,3407.1428571428573,3.7581723714081923
2021-10-18,London,3504.285714285714,2.466395639367676
2021-10-19,London,3651.285714285714,2.4392632177070364
2021-10-20,London,3764.285714285714,2.4163954876495994
2021-10-21,London,3835.857142857143,2.397701447015913
2021-10-22,London,3864.714285714286,2.30300034889498
2021-10-23,London,3877.714285714286,3.3263313274495743
2021-10-24,London,3802.857142857143,3.460281081538834
2021-10-25,London,3725.428571428572,2.0083124358967583
2021-10-26,London,3590.428571428572,1.9639650889372648
2021-10-27,London,3503.714285714286,1.9610677969880206
2021-10-28,London,3453.285714285714,1.8905704581284957
2021-10-29,London,3442.714285714286,1.7877906717492795
2021-10-30,London,3444.714285714286,2.8613374650065375
2021-10-31,London,3467.8571428571427,2.970981611886045
2021-11-01,London,3452.285714285714,2.0258820207003274
2021-11-02,London,3444.285714285714,2.041789198510415
2021-11-03,London,3377.714285714286,2.0293657602488167
2021-11-04,London,3300.285714285714,1.9869308244029256
2021-11-05,London,3204.8571428571427,1.9453324840730808
2021-11-06,London,3151.428571428572,2.6919991565517756
2021-11-07,London,3124.714285714286,2.829686568760169
2021-11-08,London,3135.428571428572,1.977154356193461
2021-11-09,London,3214.285714285714,1.965281101978979
2021-11-10,London,3334.714285714286,1.9566452427436347
2021-11-11,London,3456.1428571428573,1.9514092283971964
2021-11-12,London,3585.0,1.8867499392806697
2021-11-13,London,3684.714285714286,2.6047222885920545
2021-11-14,London,3748.857142857143,2.6765447355718432
2021-11-15,London,3914.0,1.8895280711797364
2021-11-16,London,3977.714285714286,1.909767186216336
2021-11-17,London,4030.428571428572,1.9045593503166574
2021-11-18,London,4112.428571428572,1.9026143406684692
2021-11-19,London,4149.428571428572,1.8133646206919425
2021-11-20,London,4216.285714285715,2.5034302483794644
2021-11-21,London,4297.571428571428,2.5721096007298097
2021-11-22,London,4334.571428571428,1.8160068476916935
2021-11-23,London,4453.857142857143,1.8354367188535738
2021-11-24,London,4582.428571428572,1.8304614246309776
2021-11-25,London,4680.428571428572,1.7991903782669252
2021-11-26,London,4775.571428571428,1.6817917881871831
2021-11-27,London,4865.714285714285,2.3624064546608134
2021-11-28,London,4944.571428571428,2.4831865798597144
2021-11-29,London,5151.571428571428,1.735176683513345
2021-11-30,London,5372.0,1.7537096628946676
2021-12-01,London,5607.571428571428,1.7203333656047468
2021-12-02,London,5798.142857142857,1.715687623235984
2021-12-03,London,6010.0,1.6587803897242752
2021-12-04,London,6152.714285714285,2.318180596032001
2021-12-05,London,6315.428571428572,2.3869519111641333
2021-12-06,London,6558.142857142857,1.6678597509619961
2021-12-07,London,6879.857142857143,1.657780833068938
2021-12-08,London,7305.714285714285,1.6779346256330379
2021-12-09,London,7850.142857142857,1.676251340058544
2021-12-10,London,8438.857142857143,1.624113574314768
2021-12-11,London,9089.42857142857,2.291692853504717
2021-12-12,London,10051.857142857143,2.3967790811071565
2021-12-13,London,12093.142857142857,1.5417886510630503
2021-12-14,London,15019.42857142857,1.4712000947914528
2021-12-15,London,18016.42857142857,1.4266258005790973
2021-12-16,London,20833.571428571428,1.3581947413444984
2021-12-17,London,23255.14285714286,1.3143631435157765
2021-12-18,London,25408.285714285717,1.9987200953113757
2021-12-19,London,26886.714285714286,2.1523429035547523
2021-12-20,London,28290.285714285717,1.0522344881711774
2021-12-21,London,28915.0,0.9720170975037994
2021-12-22,London,29079.85714285714,0.8956786865122688
2021-12-23,London,29225.285714285717,0.7825888531687026
2021-12-24,London,28787.714285714286,0.6005748424502593
2021-12-25,London,26818.285714285717,0.4857638580556849
2021-12-26,London,26267.14285714286,0.9830516058052277
2021-12-27,London,25609.0,0.29757139143845535
2021-12-28,London,24787.85714285714,0.29548590573701594
2021-12-29,London,25467.85714285714,0.39260323971533945
2021-12-30,London,25235.42857142857,0.36200937445818365
2021-12-31,London,24963.42857142857,0.34454999993618696
2022-01-01,London,25314.14285714286,0.5109931563150162
2022-01-02,London,25765.285714285717,0.7952083835018355
2022-01-03,London,25607.14285714286,0.22351719295320693
2022-01-04,London,26164.85714285714,0.4154662742884913
2022-01-05,London,24495.85714285714,0.43846131648284714
2022-01-06,London,23460.285714285717,0.42941366950124316
2022-01-07,London,22457.714285714286,0.4455107413406007
2022-01-08,London,22250.0,0.6498574626759104
2022-01-09,London,20853.42857142857,0.7149416623964121
2022-01-10,London,19377.85714285714,0.44788015952296056
2022-01-11,London,16852.85714285714,0.4334743882888023
2022-01-12,London,15095.142857142857,0.4350918384881348
2022-01-13,London,13613.142857142857,0.422710460193248
2022-01-14,London,12946.42857142857,0.4254310229139494
2022-01-15,London,12569.42857142857,0.614442134688498
2022-01-16,London,12442.857142857143,0.6548411097278252
2022-01-17,London,12228.0,0.4254144839210798
2022-01-18,London,12150.0,0.4059318538982693
2022-01-19,London,12161.714285714286,0.4080032750242307
2022-01-20,London,12190.57142857143,0.4041714702733805
2022-01-21,London,12219.142857142857,0.40102582542759513
2022-01-22,London,12234.42857142857,0.5773835935885898
2022-01-23,London,12248.285714285714,0.6016775023491668
2022-01-24,London,12146.57142857143,0.401904456581137
2022-01-25,London,12056.714285714286,0.39123204871894685
2022-01-26,London,12065.285714285714,0.38756890200990124
2022-01-27,London,12001.57142857143,0.38457431909758305
2022-01-28,London,11886.57142857143,0.38869449545444407
2022-01-29,London,11755.857142857143,0.5498891409118152
2022-01-30,London,11540.857142857143,0.5740815647585723
2022-01-31,London,11189.42857142857,0.3863340038663578
2022-02-01,London,10878.857142857143,0.3833566691913285
2022-02-02,London,10540.142857142857,0.38103056271019003
2022-02-03,London,10203.57142857143,0.37935919569744714
2022-02-04,London,9865.57142857143,0.3721389684803485
2022-02-05,London,9540.57142857143,0.52006103890658
2022-02-06,London,9145.0,0.5419131503745115
2022-02-07,London,8727.42857142857,0.3747779505678283
2022-02-08,London,8343.714285714286,0.3662402502939883
2022-02-09,London,7927.571428571428,0.3640162943818584
2022-02-10,London,7532.285714285715,0.3564103698643982
2022-02-11,London,7211.428571428572,0.3548275400427902
2022-02-12,London,6910.428571428572,0.4958938725949378
2022-02-13,London,6527.428571428572,0.5105282618152291
2022-02-14,London,6103.0,0.3023093715756498
2022-02-15,London,5730.714285714285,0.29033770243618345
2022-02-16,London,5481.714285714285,0.28436630301627014
2022-02-17,London,5315.857142857143,0.278958100626654
2022-02-18,London,5046.285714285715,0.24331323967631438
2022-02-19,London,5057.428571428572,0.41899261432160956
2022-02-20,London,5090.571428571428,0.44044077765992146
2022-02-21,London,4999.571428571428,0.29725494918994094
2022-02-22,London,4837.142857142857,0.29958018754079835
2022-02-23,London,4566.571428571428,0.3027808982266035
2022-02-24,London,4305.571428571428,0.2970178786536621
2022-02-25,London,4256.142857142857,0.2962219908944878
2022-02-26,London,4004.714285714286,0.41797508181574333
2022-02-27,London,3801.714285714286,0.4423285313930464
2022-02-28,London,3722.571428571429,0.3020140301109167
2022-03-01,London,3747.857142857143,0.2709069879418229
2022-03-02,London,3894.428571428572,0.2867150160142792
2022-03-03,London,4103.285714285715,0.26658458970576093
2022-03-04,London,4323.857142857143,0.2825038495344851
2022-03-05,London,4546.428571428572,0.38913591580387524
2022-03-06,London,4805.714285714285,0.4153072215296206
2022-03-07,London,5110.285714285715,0.2863795214380642
2022-03-08,London,5452.285714285715,0.2851194031385721
2022-03-09,London,5810.142857142857,0.2843455060439617
2022-03-10,London,6153.0,0.2840582615241132
2022-03-11,London,6468.571428571428,0.2751870354072535
2022-03-12,London,6762.428571428572,0.379208375391196
2022-03-13,London,7075.714285714285,0.3951286310678096
2022-03-14,London,7488.857142857143,0.28255882741176086
2022-03-15,London,7795.0,0.2817953989902392
2022-03-16,London,8021.571428571428,0.27697630453831323
2022-03-17,London,8203.857142857143,0.2766875810835711
2022-03-18,London,8335.142857142857,0.2680888270911071
2022-03-19,London,8381.142857142857,0.3692721698314197
2022-03-20,London,8441.42857142857,0.38483353465371206
2022-03-21,London,8577.857142857143,0.2752714811254272
2022-03-22,London,8672.857142857143,0.274562476367773
2022-03-23,London,8730.142857142857,0.2742817448662765
2022-03-24,London,8720.0,0.27010972168034747
2022-03-25,London,8695.714285714286,0.26172140583430087
2022-03-26,London,8657.0,0.3605143177408572
2022-03-27,London,8551.142857142857,0.37566132174427613
2022-03-28,London,8354.857142857143,0.26426625179729973
2022-03-29,London,8120.0,0.26311858065719235
2022-03-30,London,7867.857142857143,0.2624043624661224
2022-03-31,London,7471.428571428572,0.26213618533755995
2020-09-01,North East,79.85714285714286,770.6284997693331
2020-09-02,North East,87.85714285714286,786.4611730046004
2020-09-03,North East,107.85714285714286,798.5792283066668
2020-09-04,North East,123.57142857142856,825.1212218561604
2020-09-05,North East,146.42857142857142,1176.4967756924373
2020-09-06,North East,162.0,1263.7520050902922
2020-09-07,North East,177.71428571428572,917.941459855289
2020-09-08,North East,193.8571428571429,933.4128897270549
2020-09-09,North East,209.8571428571429,977.181832949956
2020-09-10,North East,214.42857142857144,973.1204174958553
2020-09-11,North East,217.7142857142857,1011.2306027258618
2020-09-12,North East,205.57142857142856,1432.2565481506035
2020-09-13,North East,201.57142857142856,1587.7413761300368
2020-09-14,North East,201.14285714285717,1227.825164863501
2020-09-15,North East,206.42857142857144,1260.3088366393079
2020-09-16,North East,219.0,1270.5107896135976
2020-09-17,North East,238.0,1303.2223872190618
2020-09-18,North East,276.2857142857143,1325.4335823995311
2020-09-19,North East,316.85714285714283,1787.7741484886158
2020-09-20,North East,380.8571428571428,1943.4319387694877
2020-09-21,North East,439.8571428571428,1529.4074619102537
2020-09-22,North East,480.2857142857143,1564.035968681551
2020-09-23,North East,525.7142857142857,1591.3857706631113
2020-09-24,North East,576.7142857142857,1637.641184994558
2020-09-25,North East,597.2857142857143,1703.541868580964
2020-09-26,North East,646.5714285714286,2268.286180720571
2020-09-27,North East,657.2857142857143,2533.647433322879
2020-09-28,North East,710.5714285714286,2035.9270831519802
2020-09-29,North East,783.0,2080.6585563890385
2020-09-30,North East,828.7142857142857,2090.015719316678
2020-10-01,North East,896.1428571428571,2200.6116112338077
2020-10-02,North East,983.8571428571428,2280.180919628367
2020-10-03,North East,1040.571428571429,2778.361023590336
2020-10-04,North East,1119.0,3100.0495239877673
2020-10-05,North East,1176.2857142857142,2514.2549761673354
2020-10-06,North East,1233.2857142857142,2599.2088324831097
2020-10-07,North East,1308.0,2687.0915464002755
2020-10-08,North East,1335.142857142857,2721.9881424272476
2020-10-09,North East,1329.428571428571,2824.8338529735843
2020-10-10,North East,1282.428571428571,3685.3209994077106
2020-10-11,North East,1243.7142857142858,4003.965825412956
2020-10-12,North East,1245.571428571429,3215.6261548038256
2020-10-13,North East,1225.2857142857142,3226.3933213934833
2020-10-14,North East,1214.0,3395.802929434058
2020-10-15,North East,1183.428571428571,3423.231637546025
2020-10-16,North East,1169.2857142857142,3578.351977681293
2020-10-17,North East,1164.0,4520.178623176583
2020-10-18,North East,1148.571428571429,4836.601752852373
2020-10-19,North East,1151.428571428571,4026.7829199355324
2020-10-20,North East,1171.571428571429,4085.9876361223673
2020-10-21,North East,1186.2857142857142,4211.363790573556
2020-10-22,North East,1195.0,4260.846954715649
2020-10-23,North East,1189.428571428571,4312.677602072405
2020-10-24,North East,1197.428571428571,5469.251754727001
2020-10-25,North East,1200.857142857143,6033.858314183546
2020-10-26,North East,1187.857142857143,4027.9424265091334
2020-10-27,North East,1150.571428571429,4001.0060565811477
2020-10-28,North East,1103.7142857142858,4026.903169798173
2020-10-29,North East,1089.428571428571,3897.441854910851
2020-10-30,North East,1114.142857142857,4002.9709629154927
2020-10-31,North East,1116.7142857142858,5830.696266483031
2020-11-01,North East,1137.857142857143,6446.199330556154
2020-11-02,North East,1189.2857142857142,5287.7087389659
2020-11-03,North East,1236.7142857142858,5448.90355227585
2020-11-04,North East,1271.428571428571,5713.239656983637
2020-11-05,North East,1323.142857142857,5001.831184816512
2020-11-06,North East,1360.428571428571,4958.171581370649
2020-11-07,North East,1427.7142857142858,5406.339393307792
2020-11-08,North East,1472.0,5539.608657547239
2020-11-09,North East,1528.2857142857142,5011.453898316379
2020-11-10,North East,1567.0,4940.239315304574
2020-11-11,North East,1632.0,4981.724957042762
2020-11-12,North East,1640.0,4900.9129488624585
2020-11-13,North East,1649.0,4871.120704287478
2020-11-14,North East,1608.0,5324.6958476539185
2020-11-15,North East,1571.142857142857,5497.133792992534
2020-11-16,North East,1500.2857142857142,4924.310717552527
2020-11-17,North East,1456.857142857143,4880.354579979075
2020-11-18,North East,1383.0,4892.927617652303
2020-11-19,North East,1308.857142857143,4802.327223640846
2020-11-20,North East,1224.7142857142858,4772.026681200826
2020-11-21,North East,1169.857142857143,5284.176911738887
2020-11-22,North East,1109.2857142857142,5482.125275115162
2020-11-23,North East,1023.0,4875.480636036181
2020-11-24,North East,932.5714285714286,4849.346207431165
2020-11-25,North East,854.2857142857143,4928.884980372134
2020-11-26,North East,809.5714285714286,4838.204968543454
2020-11-27,North East,766.2857142857143,4729.114667403193
2020-11-28,North East,740.5714285714286,5313.666311871157
2020-11-29,North East,716.0,5467.554830864772
2020-11-30,North East,686.0,4929.805229401871
2020-12-01,North East,656.2857142857143,4997.6765984450885
2020-12-02,North East,632.2857142857143,5315.7711564220035
2020-12-03,North East,615.2857142857143,5234.7612790301
2020-12-04,North East,602.2857142857143,5166.2836599626435
2020-12-05,North East,590.7142857142857,6218.998639363338
2020-12-06,North East,598.4285714285714,6197.394520127431
2020-12-07,North East,597.2857142857143,5388.031904523439
2020-12-08,North East,607.8571428571429,5537.9251244118595
2020-12-09,North East,607.7142857142857,5554.947512178415
2020-12-10,North East,614.5714285714286,5470.200923040743
2020-12-11,North East,629.0,5492.570549327317
2020-12-12,North East,641.4285714285714,6518.468380230494
2020-12-13,North East,650.4285714285714,6511.034212998288
2020-12-14,North East,672.0,5637.142531265306
2020-12-15,North East,697.1428571428571,5645.472539332938
2020-12-16,North East,722.7142857142857,5665.302954208163
2020-12-17,North East,724.5714285714286,5605.338542118715
2020-12-18,North East,742.7142857142857,5219.195832429252
2020-12-19,North East,758.0,6527.161088123647
2020-12-20,North East,785.1428571428571,6901.400342435989
2020-12-21,North East,801.4285714285714,4505.304301607169
2020-12-22,North East,840.2857142857143,4235.202379048067
2020-12-23,North East,878.2857142857143,3823.3040537717757
2020-12-24,North East,897.2857142857143,2722.7003061053683
2020-12-25,North East,829.5714285714286,1244.265556880215
2020-12-26,North East,882.7142857142857,2901.561196661541
2020-12-27,North East,960.0,4221.181016272634
2020-12-28,North East,1020.5714285714286,1483.3417602496102
2020-12-29,North East,1208.0,1905.037527323219
2020-12-30,North East,1383.428571428571,1877.2219446321876
2020-12-31,North East,1498.142857142857,1530.4344941864229
2021-01-01,North East,1591.571428571429,727.4483976545287
2021-01-02,North East,1708.7142857142858,2207.407093878145
2021-01-03,North East,1767.142857142857,2649.7512104837115
2021-01-04,North East,1893.2857142857144,2187.1316815703176
2021-01-05,North East,1791.571428571429,2040.7718058886378
2021-01-06,North East,1679.7142857142858,1967.4925584409937
2021-01-07,North East,1668.7142857142858,1874.3745115017139
2021-01-08,North East,1699.0,1749.2688408257297
2021-01-09,North East,1587.428571428571,2077.378003210378
2021-01-10,North East,1497.428571428571,2190.819510276946
2021-01-11,North East,1411.142857142857,1749.446970582184
2021-01-12,North East,1367.0,1645.247696827471
2021-01-13,North East,1352.2857142857142,1610.2267653700815
2021-01-14,North East,1316.428571428571,1440.8535230624136
2021-01-15,North East,1325.142857142857,1446.088315190842
2021-01-16,North East,1326.7142857142858,1671.866148419947
2021-01-17,North East,1310.2857142857142,1783.540677723313
2021-01-18,North East,1291.857142857143,1390.7791997860973
2021-01-19,North East,1266.857142857143,1309.4329751423275
2021-01-20,North East,1253.857142857143,1284.6405416038333
2021-01-21,North East,1234.571428571429,1219.468849261145
2021-01-22,North East,1199.142857142857,1212.9211214329673
2021-01-23,North East,1158.142857142857,1435.0280389715374
2021-01-24,North East,1124.571428571429,1482.9647796701724
2021-01-25,North East,1067.857142857143,1143.5743793995077
2021-01-26,North East,1040.2857142857142,1091.7045995407982
2021-01-27,North East,991.4285714285714,1076.9842629649104
2021-01-28,North East,967.5714285714286,1008.0639709357362
2021-01-29,North East,954.2857142857144,998.1469302639453
2021-01-30,North East,958.0,1200.6217736868432
2021-01-31,North East,961.0,1255.4062804819562
2021-02-01,North East,936.2857142857144,964.7049026278227
2021-02-02,North East,905.7142857142856,881.1965069507581
2021-02-03,North East,889.5714285714286,889.362599971508
2021-02-04,North East,872.2857142857143,857.3497576585493
2021-02-05,North East,844.0,831.8816360365264
2021-02-06,North East,817.2857142857143,970.2422552145102
2021-02-07,North East,794.5714285714286,995.8293175503201
2021-02-08,North East,758.7142857142857,756.6622253006778
2021-02-09,North East,733.0,733.5184509197906
2021-02-10,North East,707.8571428571429,709.7352402220471
2021-02-11,North East,683.5714285714286,698.0657060880502
2021-02-12,North East,666.1428571428571,680.0822995939394
2021-02-13,North East,654.1428571428571,806.4669714370485
2021-02-14,North East,638.0,824.4599458768679
2021-02-15,North East,632.7142857142857,595.062024993181
2021-02-16,North East,636.8571428571429,577.259241210834
2021-02-17,North East,621.5714285714286,557.909082418867
2021-02-18,North East,609.5714285714286,524.3150560503858
2021-02-19,North East,593.5714285714286,509.7436266665164
2021-02-20,North East,571.5714285714286,674.5993598169995
2021-02-21,North East,561.1428571428571,707.2895942767448
2021-02-22,North East,535.4285714285714,537.6277414880344
2021-02-23,North East,488.1428571428572,519.8577702269151
2021-02-24,North East,464.7142857142857,512.4741139323748
2021-02-25,North East,446.2857142857143,493.10582692216485
2021-02-26,North East,433.2857142857143,487.46285333743094
2021-02-27,North East,423.8571428571428,608.2505636629945
2021-02-28,North East,401.57142857142856,637.2929537091371
2021-03-01,North East,378.8571428571428,476.97963232475945
2021-03-02,North East,369.0,460.36063988155274
2021-03-03,North East,355.42857142857144,450.70626851901386
2021-03-04,North East,332.57142857142856,435.08561438848346
2021-03-05,North East,319.0,435.14192500498837
2021-03-06,North East,313.1428571428572,531.642751573511
2021-03-07,North East,307.2857142857143,572.5551582384439
2021-03-08,North East,298.7142857142857,439.7946105654186
2021-03-09,North East,305.57142857142856,433.8994187544904
2021-03-10,North East,303.0,430.2421019882526
2021-03-11,North East,303.42857142857144,419.6337658513186
2021-03-12,North East,305.0,422.27941461722753
2021-03-13,North East,307.85714285714283,492.67810505262327
2021-03-14,North East,306.7142857142857,582.0759567120543
2021-03-15,North East,303.85714285714283,421.81235823761256
2021-03-16,North East,293.7142857142857,410.2130338691835
2021-03-17,North East,291.42857142857144,411.37182372244195
2021-03-18,North East,285.7142857142857,400.81556541400175
2021-03-19,North East,280.0,396.3183239711439
2021-03-20,North East,272.85714285714283,468.5121812150959
2021-03-21,North East,285.2857142857143,500.14326771788825
2021-03-22,North East,286.42857142857144,396.73962947070225
2021-03-23,North East,266.0,385.7598658205253
2021-03-24,North East,243.8571428571429,387.30570627816013
2021-03-25,North East,238.8571428571429,374.2674853064865
2021-03-26,North East,231.57142857142856,370.187715080249
2021-03-27,North East,231.14285714285717,436.03884604777846
2021-03-28,North East,227.57142857142856,457.31934731212726
2021-03-29,North East,212.8571428571429,326.67225118483503
2021-03-30,North East,215.57142857142856,317.86790640954064
2021-03-31,North East,225.7142857142857,309.41936985697413
2021-04-01,North East,215.42857142857144,296.78917500833813
2021-04-02,North East,200.7142857142857,156.46484409204618
2021-04-03,North East,185.0,335.99292134215693
2021-04-04,North East,160.71428571428572,352.9643921218756
2021-04-05,North East,146.57142857142858,120.00125551850655
2021-04-06,North East,140.57142857142858,229.56859099750022
2021-04-07,North East,125.57142857142856,227.23003068197903
2021-04-08,North East,117.42857142857144,220.00417191397787
2021-04-09,North East,116.85714285714286,219.68829067210217
2021-04-10,North East,113.42857142857144,294.6214569273045
2021-04-11,North East,114.85714285714286,312.25288171526034
2021-04-12,North East,109.0,258.3550295446085
2021-04-13,North East,97.85714285714286,254.405846469947
2021-04-14,North East,93.85714285714286,253.20115518436532
2021-04-15,North East,89.85714285714286,251.75216843348858
2021-04-16,North East,89.42857142857143,251.8537625590114
2021-04-17,North East,87.0,297.03007745688063
2021-04-18,North East,84.28571428571429,321.73223493143803
2021-04-19,North East,85.85714285714286,264.97490152770524
2021-04-20,North East,88.42857142857143,263.7217338967318
2021-04-21,North East,90.28571428571428,262.9879233927204
2021-04-22,North East,87.71428571428571,263.3022376295623
2021-04-23,North East,85.28571428571429,264.7726482426477
2021-04-24,North East,84.42857142857143,306.87199850902596
2021-04-25,North East,83.85714285714286,327.6792625672142
2021-04-26,North East,85.14285714285714,271.71546639829273
2021-04-27,North East,88.42857142857143,267.8834142501215
2021-04-28,North East,84.71428571428571,270.4417319542069
2021-04-29,North East,87.0,264.9683074119272
2021-04-30,North East,86.0,266.0754272817909
2021-05-01,North East,85.71428571428571,309.2756759827722
2021-05-02,North East,81.0,320.1855438502868
2021-05-03,North East,74.71428571428571,103.79543699446279
2021-05-04,North East,76.42857142857143,245.17777077188728
2021-05-05,North East,77.85714285714286,251.5549311250763
2021-05-06,North East,79.85714285714286,249.25155172481496
2021-05-07,North East,80.71428571428571,254.2477214513529
2021-05-08,North East,82.71428571428571,282.62123307385417
2021-05-09,North East,88.71428571428571,311.83250228682283
2021-05-10,North East,88.71428571428571,262.7769997118062
2021-05-11,North East,86.0,261.77008618256576
2021-05-12,North East,83.71428571428571,261.1448647066436
2021-05-13,North East,82.0,257.8066293349217
2021-05-14,North East,80.42857142857143,260.872217007842
2021-05-15,North East,77.42857142857143,302.2607003879626
2021-05-16,North East,74.0,320.3386345453744
2021-05-17,North East,78.85714285714286,275.9416643616057
2021-05-18,North East,77.85714285714286,274.5140510821396
2021-05-19,North East,77.85714285714286,277.6262472363934
2021-05-20,North East,76.14285714285714,271.74048474352514
2021-05-21,North East,76.14285714285714,275.8616728319783
2021-05-22,North East,76.71428571428571,330.3016712670219
2021-05-23,North East,77.85714285714286,348.96976376984145
2021-05-24,North East,75.14285714285714,290.5556691114195
2021-05-25,North East,75.85714285714286,289.3869501822441
2021-05-26,North East,78.28571428571429,292.0574742069096
2021-05-27,North East,81.85714285714286,294.1302361578494
2021-05-28,North East,87.14285714285714,294.9704193117157
2021-05-29,North East,93.57142857142856,344.3489272232121
2021-05-30,North East,93.57142857142856,368.7776792695596
2021-05-31,North East,95.42857142857144,116.65215039522978
2021-06-01,North East,100.85714285714286,224.32977431024133
2021-06-02,North East,109.71428571428572,224.07102394469277
2021-06-03,North East,128.0,218.07489849131696
2021-06-04,North East,140.71428571428572,221.7940541295106
2021-06-05,North East,148.85714285714286,311.62913208919394
2021-06-06,North East,168.14285714285714,336.80534865041096
2021-06-07,North East,197.42857142857144,275.13932374566195
2021-06-08,North East,223.42857142857144,277.23259400598334
2021-06-09,North East,254.42857142857144,280.4915401504556
2021-06-10,North East,280.2857142857143,276.63506241767965
2021-06-11,North East,311.0,283.8621507482305
2021-06-12,North East,342.1428571428572,343.0143811468354
2021-06-13,North East,371.2857142857143,364.5229469111212
2021-06-14,North East,425.1428571428572,295.8713604831759
2021-06-15,North East,475.1428571428572,299.4500966824857
2021-06-16,North East,516.4285714285714,299.8892660310887
2021-06-17,North East,569.0,293.7393907688746
2021-06-18,North East,615.2857142857143,303.39402161985856
2021-06-19,North East,652.2857142857143,359.8573601411437
2021-06-20,North East,690.5714285714286,394.6012202080411
2021-06-21,North East,751.2857142857143,312.3685983485808
2021-06-22,North East,828.0,315.41456615437966
2021-06-23,North East,927.1428571428572,315.1767340334989
2021-06-24,North East,1017.2857142857144,311.71104705533776
2021-06-25,North East,1133.857142857143,308.897132466452
2021-06-26,North East,1239.2857142857142,377.25482174944705
2021-06-27,North East,1374.2857142857142,407.4856954774542
2021-06-28,North East,1550.857142857143,324.6680425070527
2021-06-29,North East,1727.428571428571,316.0403994155924
2021-06-30,North East,1898.0,318.29607781153555
2021-07-01,North East,2071.0,316.07623209250033
2021-07-02,North East,2183.428571428572,321.56185549204906
2021-07-03,North East,2316.5714285714284,391.46423484623114
2021-07-04,North East,2435.8571428571427,414.6351157808257
2021-07-05,North East,2596.8571428571427,329.5541795626826
2021-07-06,North East,2761.1428571428573,318.72029317762355
2021-07-07,North East,2938.428571428572,327.63256309702757
2021-07-08,North East,3032.285714285714,314.527921041765
2021-07-09,North East,3147.714285714286,322.78367645688604
2021-07-10,North East,3230.5714285714284,399.5109612806215
2021-07-11,North East,3296.285714285714,431.4669014788609
2021-07-12,North East,3380.8571428571427,302.1893791212489
2021-07-13,North East,3464.0,318.40794466095906
2021-07-14,North East,3540.714285714286,317.0853169095554
2021-07-15,North East,3736.142857142857,309.7713548307964
2021-07-16,North East,3852.0,312.2557676479962
2021-07-17,North East,3822.857142857143,388.17342419849115
2021-07-18,North East,3757.571428571429,410.26275126199795
2021-07-19,North East,3672.857142857143,291.378837289836
2021-07-20,North East,3449.1428571428573,282.6014144768679
2021-07-21,North East,3138.0,276.0365080662759
2021-07-22,North East,2747.0,267.46405975573185
2021-07-23,North East,2416.428571428572,267.34279257484883
2021-07-24,North East,2229.428571428572,366.66685251204785
2021-07-25,North East,2056.8571428571427,401.30191755093756
2021-07-26,North East,1807.571428571429,267.0351834122787
2021-07-27,North East,1653.7142857142858,260.7588346408496
2021-07-28,North East,1552.428571428571,257.7811246564411
2021-07-29,North East,1463.142857142857,248.6134529885623
2021-07-30,North East,1397.0,246.80804020252464
2021-07-31,North East,1328.7142857142858,341.6743820858826
2021-08-01,North East,1276.857142857143,370.1525030891315
2021-08-02,North East,1204.857142857143,247.3619317082135
2021-08-03,North East,1162.857142857143,240.3659654982709
2021-08-04,North East,1148.428571428571,237.83917813821012
2021-08-05,North East,1148.7142857142858,227.2576947279785
2021-08-06,North East,1133.7142857142858,227.51336207390398
2021-08-07,North East,1135.428571428571,321.78304417193783
2021-08-08,North East,1134.428571428571,346.6567723038033
2021-08-09,North East,1139.857142857143,236.16583248841096
2021-08-10,North East,1129.571428571429,229.69496592339206
2021-08-11,North East,1108.428571428571,226.44272726123947
2021-08-12,North East,1084.857142857143,222.13984893468754
2021-08-13,North East,1086.7142857142858,221.89677387025736
2021-08-14,North East,1092.571428571429,309.77599690487745
2021-08-15,North East,1092.857142857143,328.05781159027026
2021-08-16,North East,1104.428571428571,223.7260754399584
2021-08-17,North East,1117.571428571429,215.81743856183536
2021-08-18,North East,1130.2857142857142,219.84061704098417
2021-08-19,North East,1150.571428571429,210.79522391423157
2021-08-20,North East,1158.857142857143,211.37690577328766
2021-08-21,North East,1170.2857142857142,284.79420577002173
2021-08-22,North East,1198.142857142857,315.8715712260848
2021-08-23,North East,1212.571428571429,215.73433483880368
2021-08-24,North East,1235.7142857142858,208.55062373958157
2021-08-25,North East,1254.0,206.59084046704055
2021-08-26,North East,1265.428571428571,197.3735025584308
2021-08-27,North East,1272.857142857143,196.47291244805973
2021-08-28,North East,1269.7142857142858,274.8675839591896
2021-08-29,North East,1254.571428571429,295.49463345846516
2021-08-30,North East,1241.571428571429,92.59941647890956
2021-08-31,North East,1285.428571428571,185.80842320028646
2021-09-01,North East,1322.2857142857142,192.43355473386436
2021-09-02,North East,1359.428571428571,191.82802407588645
2021-09-03,North East,1410.0,196.4363843320757
2021-09-04,North East,1456.571428571429,259.6128980043064
2021-09-05,North East,1509.142857142857,283.59324958281763
2021-09-06,North East,1589.7142857142858,210.67827651541393
2021-09-07,North East,1592.7142857142858,211.05653905494884
2021-09-08,North East,1586.0,212.0627687718129
2021-09-09,North East,1577.7142857142858,209.31815124805138
2021-09-10,North East,1544.571428571429,213.7446177310006
2021-09-11,North East,1507.142857142857,269.6382555216308
2021-09-12,North East,1464.2857142857142,288.25072090373203
2021-09-13,North East,1396.857142857143,221.974699454531
2021-09-14,North East,1323.0,217.37903779120538
2021-09-15,North East,1283.7142857142858,218.97874687340973
2021-09-16,North East,1254.428571428571,212.58782712666385
2021-09-17,North East,1239.7142857142858,214.34888611001568
2021-09-18,North East,1240.857142857143,266.95392004990055
2021-09-19,North East,1277.0,285.89693269962737
2021-09-20,North East,1315.142857142857,222.63568054919222
2021-09-21,North East,1382.571428571429,221.10820507626534
2021-09-22,North East,1398.7142857142858,227.46613205786383
2021-09-23,North East,1424.0,223.48494685921915
2021-09-24,North East,1434.0,226.88200692573494
2021-09-25,North East,1448.428571428571,278.1522314043672
2021-09-26,North East,1440.142857142857,296.28122586073295
2021-09-27,North East,1419.0,232.60449153824175
2021-09-28,North East,1370.428571428571,231.4075209879155
2021-09-29,North East,1345.857142857143,231.05486857595164
2021-09-30,North East,1300.7142857142858,227.23609061617768
2021-10-01,North East,1278.7142857142858,230.73140799852638
2021-10-02,North East,1249.571428571429,277.59728607262304
2021-10-03,North East,1249.428571428571,297.1715318969315
2021-10-04,North East,1284.857142857143,237.15847138093088
2021-10-05,North East,1320.7142857142858,229.69539364768593
2021-10-06,North East,1360.142857142857,238.0088831468545
2021-10-07,North East,1409.142857142857,235.72479821532067
2021-10-08,North East,1462.7142857142858,239.39727173756035
2021-10-09,North East,1504.142857142857,289.55088286523585
2021-10-10,North East,1555.571428571429,309.35880554601977
2021-10-11,North East,1612.7142857142858,250.10664846678077
2021-10-12,North East,1663.142857142857,247.02444487180958
2021-10-13,North East,1717.857142857143,250.90418212146201
2021-10-14,North East,1753.857142857143,246.91346057946015
2021-10-15,North East,1774.857142857143,251.8294659770635
2021-10-16,North East,1804.7142857142856,299.2325747332083
2021-10-17,North East,1825.0,320.2637909661966
2021-10-18,North East,1866.0,259.34901088346106
2021-10-19,North East,1895.857142857143,256.05782857181066
2021-10-20,North East,1939.7142857142856,258.2254556298056
2021-10-21,North East,1953.857142857143,256.41525721819227
2021-10-22,North East,1972.2857142857144,254.06099717393346
2021-10-23,North East,1968.4285714285716,303.26084035122756
2021-10-24,North East,1952.571428571429,321.9644693879696
2021-10-25,North East,1905.0,222.93593632920275
2021-10-26,North East,1882.857142857143,216.4373702256952
2021-10-27,North East,1854.142857142857,212.58693904179356
2021-10-28,North East,1869.571428571429,206.48250000626027
2021-10-29,North East,1899.2857142857144,204.9140010703167
2021-10-30,North East,1912.857142857143,277.4375831418687
2021-10-31,North East,1929.4285714285716,293.72641361242034
2021-11-01,North East,1935.0,244.19055620870816
2021-11-02,North East,1899.0,248.45780965900465
2021-11-03,North East,1840.571428571429,248.79227279421008
2021-11-04,North East,1760.7142857142858,247.55570061166304
2021-11-05,North East,1666.142857142857,249.98463816077316
2021-11-06,North East,1615.142857142857,291.35496366406085
2021-11-07,North East,1551.571428571429,309.9015990387129
2021-11-08,North East,1500.428571428571,258.40580932534505
2021-11-09,North East,1483.571428571429,259.10751511536205
2021-11-10,North East,1486.7142857142858,261.672194237639
2021-11-11,North East,1501.857142857143,257.6228879424417
2021-11-12,North East,1518.142857142857,259.1752103374845
2021-11-13,North East,1523.2857142857142,305.1653885537971
2021-11-14,North East,1514.7142857142858,324.73902045286053
2021-11-15,North East,1501.857142857143,267.99292778261037
2021-11-16,North East,1499.428571428571,270.34079727473414
2021-11-17,North East,1514.7142857142858,272.11881365919913
2021-11-18,North East,1522.857142857143,269.17204380982207
2021-11-19,North East,1520.2857142857142,271.3232261134175
2021-11-20,North East,1520.142857142857,320.35177827455783
2021-11-21,North East,1524.7142857142858,337.7819740329985
2021-11-22,North East,1540.7142857142858,282.2471855205399
2021-11-23,North East,1550.0,282.16112619941015
2021-11-24,North East,1531.428571428571,284.93177365749034
2021-11-25,North East,1517.428571428571,279.5617806120955
2021-11-26,North East,1501.142857142857,271.6432237468271
2021-11-27,North East,1440.2857142857142,300.1966068164895
2021-11-28,North East,1466.7142857142858,335.9246242195046
2021-11-29,North East,1458.7142857142858,275.0412401908182
2021-11-30,North East,1468.7142857142858,281.59023048968925
2021-12-01,North East,1481.571428571429,282.88195021929323
2021-12-02,North East,1484.571428571429,275.3845810502306
2021-12-03,North East,1491.2857142857142,279.9226333413109
2021-12-04,North East,1542.2857142857142,329.44148500701755
2021-12-05,North East,1511.142857142857,350.02773801071396
2021-12-06,North East,1507.857142857143,289.813301343807
2021-12-07,North East,1473.142857142857,291.1135748739641
2021-12-08,North East,1474.142857142857,298.0942258059617
2021-12-09,North East,1491.7142857142858,298.68441784904934
2021-12-10,North East,1494.2857142857142,301.31326820809346
2021-12-11,North East,1509.142857142857,357.11996366584697
2021-12-12,North East,1528.0,382.19636519552694
2021-12-13,North East,1568.428571428571,310.4876772083203
2021-12-14,North East,1645.428571428571,310.8568901603609
2021-12-15,North East,1710.7142857142858,313.368518452277
2021-12-16,North East,1759.142857142857,307.3976491363507
2021-12-17,North East,1830.2857142857144,306.42871020522875
2021-12-18,North East,1902.2857142857144,374.2501403337381
2021-12-19,North East,1973.2857142857144,410.3609498616238
2021-12-20,North East,2091.285714285714,272.11508601937027
2021-12-21,North East,2277.285714285714,259.16162224422897
2021-12-22,North East,2560.5714285714284,246.04612276251797
2021-12-23,North East,2913.1428571428573,216.62268398151093
2021-12-24,North East,3231.714285714286,160.1883559478721
2021-12-25,North East,3292.285714285714,140.09725568807235
2021-12-26,North East,3606.714285714286,223.91519824791717
2021-12-27,North East,4074.714285714286,81.79902304134848
2021-12-28,North East,4717.857142857143,78.9691869126703
2021-12-29,North East,5723.142857142857,104.70800401963272
2021-12-30,North East,6641.0,98.90806502202997
2021-12-31,North East,7440.857142857143,92.07205675870453
2022-01-01,North East,8022.285714285715,106.62075522779023
2022-01-02,North East,8798.857142857143,172.07398425625374
2022-01-03,North East,9856.285714285714,57.063953541402945
2022-01-04,North East,11179.42857142857,121.68460928768872
2022-01-05,North East,11687.142857142857,127.65637752480454
2022-01-06,North East,11785.57142857143,125.50247460886992
2022-01-07,North East,11621.57142857143,129.38356526221898
2022-01-08,North East,11583.857142857143,151.32329813154865
2022-01-09,North East,11101.285714285714,163.25257620046324
2022-01-10,North East,10368.142857142857,135.12608219351952
2022-01-11,North East,8991.0,132.81012966345776
2022-01-12,North East,7814.142857142857,133.4106551611889
2022-01-13,North East,6991.428571428572,131.6723050755594
2022-01-14,North East,6516.857142857143,136.07334514885778
2022-01-15,North East,6306.571428571428,159.094994389595
2022-01-16,North East,6222.428571428572,167.4438006280008
2022-01-17,North East,6056.0,137.7920769149358
2022-01-18,North East,5888.571428571428,136.87604592615938
2022-01-19,North East,5784.857142857143,137.60316551020128
2022-01-20,North East,5666.857142857143,136.18115000953185
2022-01-21,North East,5541.285714285715,139.8263684669751
2022-01-22,North East,5406.571428571428,164.18041297916363
2022-01-23,North East,5255.285714285715,174.807506612512
2022-01-24,North East,4980.428571428572,144.85307375212895
2022-01-25,North East,4763.142857142857,143.15113254691053
2022-01-26,North East,4556.571428571428,143.98292426252334
2022-01-27,North East,4372.285714285715,142.56241294403205
2022-01-28,North East,4173.285714285715,146.34277902556516
2022-01-29,North East,3993.285714285714,167.39315571110455
2022-01-30,North East,3800.0,179.92463165643832
2022-01-31,North East,3568.5714285714284,150.95863313021937
2022-02-01,North East,3367.714285714286,150.64928934703875
2022-02-02,North East,3165.714285714286,153.62008435329116
2022-02-03,North East,3003.8571428571427,152.4797486368825
2022-02-04,North East,2882.714285714286,154.9537447725353
2022-02-05,North East,2786.1428571428573,175.208815183735
2022-02-06,North East,2605.1428571428573,187.28869265122577
2022-02-07,North East,2406.285714285714,160.05973762343916
2022-02-08,North East,2228.5714285714284,158.72030474234586
2022-02-09,North East,2078.5714285714284,160.10667049773636
2022-02-10,North East,1930.7142857142856,159.32273198647212
2022-02-11,North East,1825.7142857142856,163.7176824283061
2022-02-12,North East,1749.7142857142858,189.50248609020153
2022-02-13,North East,1664.571428571429,199.66050681198155
2022-02-14,North East,1566.7142857142858,167.69731306470936
2022-02-15,North East,1470.571428571429,167.78836836580243
2022-02-16,North East,1410.857142857143,168.75135729931847
2022-02-17,North East,1371.142857142857,169.30689308061082
2022-02-18,North East,1316.142857142857,165.74851277392128
2022-02-19,North East,1269.857142857143,197.9564163002905
2022-02-20,North East,1207.2857142857142,204.00638700642958
2022-02-21,North East,1119.428571428571,151.05850634750655
2022-02-22,North East,1040.857142857143,148.14398524385405
2022-02-23,North East,962.8571428571428,146.66220543668618
2022-02-24,North East,894.1428571428571,141.27942898708864
2022-02-25,North East,850.4285714285714,141.84196505534752
2022-02-26,North East,832.0,187.72670287360705
2022-02-27,North East,826.8571428571429,204.44394008658492
2022-02-28,North East,837.7142857142857,170.444692947176
2022-03-01,North East,859.5714285714286,172.52723144508258
2022-03-02,North East,883.5714285714286,173.19120588506493
2022-03-03,North East,926.1428571428572,173.3291151167348
2022-03-04,North East,959.4285714285714,175.968574208481
2022-03-05,North East,975.4285714285714,202.52849327289007
2022-03-06,North East,1020.4285714285714,218.71924224581957
2022-03-07,North East,1087.0,186.1740716746586
2022-03-08,North East,1174.2857142857142,185.64736914706253
2022-03-09,North East,1254.428571428571,189.15305417107274
2022-03-10,North East,1340.0,188.22368748199
2022-03-11,North East,1439.142857142857,190.9980875191639
2022-03-12,North East,1557.0,218.2860141657958
2022-03-13,North East,1681.0,231.19382557628623
2022-03-14,North East,1854.2857142857144,199.02887472379587
2022-03-15,North East,1987.4285714285716,199.92463403074632
2022-03-16,North East,2135.5714285714284,200.5040397148153
2022-03-17,North East,2241.428571428572,199.77893148942377
2022-03-18,North East,2326.285714285714,201.4730384399413
2022-03-19,North East,2393.0,229.7930466374491
2022-03-20,North East,2500.714285714286,242.57271092727203
2022-03-21,North East,2638.285714285714,210.15915523841974
2022-03-22,North East,2786.8571428571427,210.89480953259005
2022-03-23,North East,2889.714285714286,213.01906465308906
2022-03-24,North East,2975.714285714286,210.54543743337337
2022-03-25,North East,3035.428571428572,212.1277897295921
2022-03-26,North East,3081.1428571428573,246.8106328278768
2022-03-27,North East,3082.8571428571427,263.88186878561913
2022-03-28,North East,3110.714285714286,221.24621141945607
2022-03-29,North East,3063.428571428572,222.39520193226235
2022-03-30,North East,3024.8571428571427,223.64256562484601
2022-03-31,North East,2924.1428571428573,222.11030016960638
2020-09-01,North West,310.57142857142856,1894.9431246636675
2020-09-02,North West,367.4285714285714,1947.6776828079248
2020-09-03,North West,417.4285714285714,2030.6258503783783
2020-09-04,North West,458.8571428571428,2110.37392043429
2020-09-05,North West,501.2857142857143,3139.931855528647
2020-09-06,North West,547.1428571428571,3485.9962813290012
2020-09-07,North West,649.0,2447.215443845652
2020-09-08,North West,708.8571428571429,2521.1363055700767
2020-09-09,North West,732.2857142857143,2651.7850863904027
2020-09-10,North West,772.0,2701.054626027558
2020-09-11,North West,805.2857142857143,2782.642855326884
2020-09-12,North West,837.4285714285714,4191.43987858271
2020-09-13,North West,843.4285714285714,4721.840593690212
2020-09-14,North West,855.2857142857143,3569.457615107669
2020-09-15,North West,885.0,3668.1039827369345
2020-09-16,North West,972.2857142857144,3738.449700176505
2020-09-17,North West,1043.142857142857,3854.199519391142
2020-09-18,North West,1119.571428571429,4014.038756659231
2020-09-19,North West,1227.7142857142858,5753.689651600706
2020-09-20,North West,1364.428571428571,6536.706353325662
2020-09-21,North West,1426.142857142857,4858.870502324363
2020-09-22,North West,1556.142857142857,4979.086703311616
2020-09-23,North West,1659.0,5183.9575545787675
2020-09-24,North West,1777.7142857142858,5349.375217916803
2020-09-25,North West,1898.0,5610.515760713613
2020-09-26,North West,1973.571428571429,7990.755626176128
2020-09-27,North West,2073.285714285714,8996.44652634266
2020-09-28,North West,2291.428571428572,6962.388508331145
2020-09-29,North West,2468.5714285714284,7183.709212647922
2020-09-30,North West,2685.428571428572,7297.348929378089
2020-10-01,North West,2887.714285714286,7854.944429110427
2020-10-02,North West,3059.428571428572,8131.144529588474
2020-10-03,North West,3191.285714285714,10621.989041343133
2020-10-04,North West,3287.0,12305.369444170376
2020-10-05,North West,3484.428571428572,9585.095829040343
2020-10-06,North West,3679.428571428572,9731.014156204867
2020-10-07,North West,3783.428571428572,10296.171210129882
2020-10-08,North West,3879.857142857143,10625.46699543703
2020-10-09,North West,3927.0,10981.47274658257
2020-10-10,North West,3927.571428571429,15286.6093821345
2020-10-11,North West,3932.714285714286,17159.077513878965
2020-10-12,North West,3991.571428571429,13093.10622260147
2020-10-13,North West,3954.857142857143,13540.643680166275
2020-10-14,North West,3967.571428571429,14060.098379303568
2020-10-15,North West,3949.857142857143,14442.614257575256
2020-10-16,North West,3972.285714285714,14966.012345607143
2020-10-17,North West,4066.857142857143,20043.66698722057
2020-10-18,North West,4105.285714285715,21905.107498384332
2020-10-19,North West,4306.285714285715,17062.143036095866
2020-10-20,North West,4499.714285714285,17302.856180129365
2020-10-21,North West,4656.285714285715,17776.411360129823
2020-10-22,North West,4748.142857142857,18078.982987506057
2020-10-23,North West,4832.0,18113.633410073566
2020-10-24,North West,4803.142857142857,24409.717015825965
2020-10-25,North West,4814.428571428572,26857.51097998645
2020-10-26,North West,4729.0,17519.967780052633
2020-10-27,North West,4629.428571428572,17273.151027378684
2020-10-28,North West,4499.857142857143,17493.181086923643
2020-10-29,North West,4464.714285714285,17026.306811577844
2020-10-30,North West,4450.857142857143,17273.49714832416
2020-10-31,North West,4416.142857142857,26701.463557546314
2020-11-01,North West,4386.714285714285,28630.959192384227
2020-11-02,North West,4441.571428571428,22951.141462646596
2020-11-03,North West,4372.857142857143,23719.925917020406
2020-11-04,North West,4296.714285714285,24673.177354898555
2020-11-05,North West,4206.571428571428,22293.505275543946
2020-11-06,North West,4132.714285714285,21830.11188453576
2020-11-07,North West,4085.428571428572,24810.11166181447
2020-11-08,North West,4100.857142857143,25253.368909625366
2020-11-09,North West,3929.142857142857,22606.21571603324
2020-11-10,North West,3852.0,22418.21507241378
2020-11-11,North West,3824.571428571429,22542.756551692622
2020-11-12,North West,3753.428571428572,22309.933884660863
2020-11-13,North West,3661.0,22197.44899785325
2020-11-14,North West,3596.714285714286,24944.346258836238
2020-11-15,North West,3442.5714285714284,25393.615832889573
2020-11-16,North West,3247.285714285714,22584.50129289061
2020-11-17,North West,3122.714285714286,22426.294516249614
2020-11-18,North West,2929.285714285714,22332.642030595765
2020-11-19,North West,2750.5714285714284,22274.73900568756
2020-11-20,North West,2570.8571428571427,21890.008325448543
2020-11-21,North West,2426.428571428572,24947.172890776135
2020-11-22,North West,2319.0,26100.876852075187
2020-11-23,North West,2144.714285714286,22547.375869191234
2020-11-24,North West,1972.7142857142856,22496.92560305758
2020-11-25,North West,1863.4285714285716,22599.2222086148
2020-11-26,North West,1774.0,22434.000571782606
2020-11-27,North West,1695.428571428571,21971.13412951919
2020-11-28,North West,1663.142857142857,25455.335526726405
2020-11-29,North West,1616.7142857142858,26490.639503672923
2020-11-30,North West,1570.571428571429,22833.717563981954
2020-12-01,North West,1548.7142857142858,23106.70148877908
2020-12-02,North West,1494.0,24619.04484782489
2020-12-03,North West,1462.142857142857,24374.904343197784
2020-12-04,North West,1463.7142857142858,24149.483938170888
2020-12-05,North West,1441.428571428571,30993.749581772685
2020-12-06,North West,1453.571428571429,31706.182165721944
2020-12-07,North West,1449.142857142857,25476.666951714276
2020-12-08,North West,1426.857142857143,25675.709627246648
2020-12-09,North West,1446.571428571429,25900.429000235443
2020-12-10,North West,1486.2857142857142,25655.46908382532
2020-12-11,North West,1512.428571428571,25376.3168935478
2020-12-12,North West,1548.0,31981.32807116791
2020-12-13,North West,1576.428571428571,31874.81761134282
2020-12-14,North West,1637.428571428571,26032.687363548015
2020-12-15,North West,1719.857142857143,26027.563296594206
2020-12-16,North West,1783.2857142857142,25921.746707583414
2020-12-17,North West,1830.571428571429,25589.64000135547
2020-12-18,North West,1899.857142857143,23920.94505260323
2020-12-19,North West,1963.142857142857,31743.861746776973
2020-12-20,North West,2053.1428571428573,33397.26756111687
2020-12-21,North West,2173.1428571428573,20432.66097619878
2020-12-22,North West,2274.8571428571427,19268.901557076762
2020-12-23,North West,2397.714285714286,17298.21737748041
2020-12-24,North West,2447.8571428571427,12159.832433263417
2020-12-25,North West,2274.428571428572,4894.718756108022
2020-12-26,North West,2418.285714285714,13167.032786476804
2020-12-27,North West,2645.1428571428573,18844.35421573452
2020-12-28,North West,2723.5714285714284,6092.147758399474
2020-12-29,North West,3282.1428571428573,7955.383803485616
2020-12-30,North West,3804.571428571429,7759.565046094156
2020-12-31,North West,4236.428571428572,6191.339477604145
2021-01-01,North West,4520.428571428572,2883.260623470392
2021-01-02,North West,5142.714285714285,9710.913585228262
2021-01-03,North West,5590.714285714285,11130.775534558554
2021-01-04,North West,6271.428571428572,8646.578905670209
2021-01-05,North West,6443.142857142857,8002.556881192951
2021-01-06,North West,6478.0,7645.322430573277
2021-01-07,North West,6617.428571428572,7190.907245183743
2021-01-08,North West,7028.285714285715,6843.031622400576
2021-01-09,North West,6746.285714285715,8238.17834513924
2021-01-10,North West,6550.571428571428,8384.698774510895
2021-01-11,North West,6441.857142857143,6384.111962948175
2021-01-12,North West,6240.285714285715,5976.0838868269475
2021-01-13,North West,6058.142857142857,5657.98110870061
2021-01-14,North West,5912.428571428572,5310.196072140365
2021-01-15,North West,5769.142857142857,5065.648519151391
2021-01-16,North West,5617.571428571428,6159.157762670918
2021-01-17,North West,5411.0,6335.410662427508
2021-01-18,North West,5121.0,4674.23595526327
2021-01-19,North West,4935.571428571428,4349.735049092817
2021-01-20,North West,4787.857142857143,4185.9803643584
2021-01-21,North West,4596.428571428572,3976.6785216420762
2021-01-22,North West,4453.0,3859.7753715865915
2021-01-23,North West,4266.428571428572,4572.007897619704
2021-01-24,North West,4105.428571428572,4697.776597681222
2021-01-25,North West,3876.285714285714,3506.460782922581
2021-01-26,North West,3635.571428571429,3309.0689186858667
2021-01-27,North West,3479.5714285714284,3243.9718368125646
2021-01-28,North West,3366.714285714286,3055.1907013228497
2021-01-29,North West,3255.1428571428573,2958.2075244817947
2021-01-30,North West,3193.714285714286,3613.470660667318
2021-01-31,North West,3120.1428571428573,3680.002731875803
2021-02-01,North West,2986.714285714286,2741.3958638863714
2021-02-02,North West,2886.0,2534.2146586082463
2021-02-03,North West,2787.428571428572,2503.6378929795565
2021-02-04,North West,2716.285714285714,2383.3063427947945
2021-02-05,North West,2599.5714285714284,2311.2222712506823
2021-02-06,North West,2531.5714285714284,2828.4755904920626
2021-02-07,North West,2461.8571428571427,2843.159787216689
2021-02-08,North West,2367.285714285714,2087.7083051422346
2021-02-09,North West,2262.285714285714,1996.3472136347752
2021-02-10,North West,2150.0,1945.738693057598
2021-02-11,North West,2049.714285714286,1857.3607193110752
2021-02-12,North West,1999.7142857142856,1782.6642767946405
2021-02-13,North West,1927.7142857142856,2174.164909648317
2021-02-14,North West,1871.7142857142856,2178.1769542167494
2021-02-15,North West,1857.142857142857,1494.9608547619582
2021-02-16,North West,1828.142857142857,1420.49045111617
2021-02-17,North West,1798.571428571429,1369.188532296057
2021-02-18,North West,1752.428571428571,1284.6522758417636
2021-02-19,North West,1706.428571428571,1228.6698496261836
2021-02-20,North West,1693.857142857143,1657.6378020966204
2021-02-21,North West,1675.857142857143,1727.5481418702575
2021-02-22,North West,1603.571428571429,1255.1349729731596
2021-02-23,North West,1522.7142857142858,1188.9090828189753
2021-02-24,North West,1463.142857142857,1154.525194260481
2021-02-25,North West,1410.571428571429,1110.2565766503592
2021-02-26,North West,1331.7142857142858,1081.699708511597
2021-02-27,North West,1251.142857142857,1381.158620590085
2021-02-28,North West,1166.7142857142858,1418.1900587678426
2021-03-01,North West,1050.428571428571,1025.5863613697568
2021-03-02,North West,986.4285714285714,975.7676299101033
2021-03-03,North West,917.4285714285714,941.0711771571843
2021-03-04,North West,856.0,901.514848931073
2021-03-05,North West,826.2857142857143,879.141281870655
2021-03-06,North West,820.1428571428571,1117.491490402773
2021-03-07,North West,814.1428571428571,1141.8580392772913
2021-03-08,North West,809.4285714285714,858.9421145478126
2021-03-09,North West,809.7142857142857,837.9662606195316
2021-03-10,North West,817.2857142857143,816.9852969094392
2021-03-11,North West,804.2857142857143,794.5912978837622
2021-03-12,North West,806.0,785.0294012838583
2021-03-13,North West,804.1428571428571,931.6915179545518
2021-03-14,North West,808.5714285714286,1064.963992720521
2021-03-15,North West,794.2857142857143,761.2690513816813
2021-03-16,North West,776.1428571428571,732.5040484432008
2021-03-17,North West,766.1428571428571,722.0804324861425
2021-03-18,North West,763.2857142857143,697.9689115038069
2021-03-19,North West,746.0,681.1130482458072
2021-03-20,North West,738.7142857142857,814.3071951758136
2021-03-21,North West,758.5714285714286,849.3481631884275
2021-03-22,North West,747.4285714285714,656.0281807512622
2021-03-23,North West,737.4285714285714,630.0228092153314
2021-03-24,North West,726.4285714285714,620.5387075676375
2021-03-25,North West,725.0,601.2857448952144
2021-03-26,North West,715.8571428571429,584.430225719836
2021-03-27,North West,705.0,703.1821278042441
2021-03-28,North West,693.4285714285714,699.9427217092529
2021-03-29,North West,647.2857142857143,535.4487101664186
2021-03-30,North West,608.8571428571429,518.8012922085429
2021-03-31,North West,572.0,504.53648277221055
2021-04-01,North West,530.4285714285714,481.0961293852896
2021-04-02,North West,495.1428571428572,228.2889575137927
2021-04-03,North West,467.1428571428572,515.3868353216076
2021-04-04,North West,412.0,532.4741749076159
2021-04-05,North West,393.57142857142856,170.7646162658738
2021-04-06,North West,381.57142857142856,331.00560537376765
2021-04-07,North West,367.0,323.4080642396343
2021-04-08,North West,356.1428571428572,311.87441607194324
2021-04-09,North West,356.0,304.89217571526154
2021-04-10,North West,352.42857142857144,417.49612149149254
2021-04-11,North West,347.85714285714283,440.3171659510035
2021-04-12,North West,341.7142857142857,324.0142369189767
2021-04-13,North West,327.7142857142857,308.90707531377313
2021-04-14,North West,315.85714285714283,301.5516374514665
2021-04-15,North West,300.85714285714283,295.63065663098024
2021-04-16,North West,285.85714285714283,287.3336388280472
2021-04-17,North West,272.42857142857144,377.74417948704354
2021-04-18,North West,273.57142857142856,389.4363769090427
2021-04-19,North West,266.1428571428572,313.96354970465416
2021-04-20,North West,262.57142857142856,308.28244464101033
2021-04-21,North West,259.1428571428572,302.29682792971283
2021-04-22,North West,256.0,303.1109972332609
2021-04-23,North West,256.57142857142856,297.12262908089343
2021-04-24,North West,254.57142857142856,357.0486828916671
2021-04-25,North West,253.8571428571429,371.29748727505336
2021-04-26,North West,265.0,297.4845756485277
2021-04-27,North West,266.85714285714283,288.8011314293272
2021-04-28,North West,275.2857142857143,286.2958098666844
2021-04-29,North West,282.7142857142857,282.4611887215469
2021-04-30,North West,283.1428571428572,276.7683802074765
2021-05-01,North West,287.57142857142856,326.4320279239172
2021-05-02,North West,275.1428571428572,334.470803850836
2021-05-03,North West,264.1428571428572,100.068696998482
2021-05-04,North West,279.57142857142856,245.34340985536633
2021-05-05,North West,291.42857142857144,246.9599524263692
2021-05-06,North West,301.1428571428572,240.98839980050744
2021-05-07,North West,315.42857142857144,244.07967715770855
2021-05-08,North West,324.2857142857143,276.31675739396155
2021-05-09,North West,353.85714285714283,300.41506439508237
2021-05-10,North West,388.8571428571428,239.72300885709282
2021-05-11,North West,395.1428571428572,236.7484332568153
2021-05-12,North West,401.7142857142857,230.50444773527585
2021-05-13,North West,399.8571428571428,223.4617159849985
2021-05-14,North West,410.7142857142857,223.80520824109982
2021-05-15,North West,425.4285714285714,264.21156461014283
2021-05-16,North West,427.7142857142857,286.0494600708098
2021-05-17,North West,445.8571428571428,230.0158894044125
2021-05-18,North West,486.1428571428572,226.09228261452628
2021-05-19,North West,501.4285714285714,224.0764008863939
2021-05-20,North West,530.4285714285714,217.77736499605075
2021-05-21,North West,547.5714285714286,216.24562469569335
2021-05-22,North West,564.1428571428571,269.7104078442725
2021-05-23,North West,582.1428571428571,273.92006482884995
2021-05-24,North West,621.5714285714286,216.13677733148455
2021-05-25,North West,652.1428571428571,214.38780512329623
2021-05-26,North West,726.1428571428571,212.8354948152898
2021-05-27,North West,794.8571428571429,210.58941143691615
2021-05-28,North West,859.8571428571429,203.685082700153
2021-05-29,North West,915.7142857142856,252.78222754786148
2021-05-30,North West,962.5714285714286,268.29370795497255
2021-05-31,North West,989.7142857142856,78.72438903446782
2021-06-01,North West,1094.0,152.19769497571775
2021-06-02,North West,1199.0,148.30914417157805
2021-06-03,North West,1317.857142857143,144.69615015573754
2021-06-04,North West,1435.0,143.5243879357613
2021-06-05,North West,1514.2857142857142,212.51912284739572
2021-06-06,North West,1634.142857142857,227.21024146157637
2021-06-07,North West,1820.4285714285716,170.36079079647405
2021-06-08,North West,1906.0,169.03675022382038
2021-06-09,North West,1969.7142857142856,166.43239074531206
2021-06-10,North West,2025.571428571429,165.29981455177537
2021-06-11,North West,2074.285714285714,163.1417616789124
2021-06-12,North West,2114.8571428571427,209.3698665214951
2021-06-13,North West,2152.1428571428573,221.53477177600013
2021-06-14,North West,2207.1428571428573,166.85659634474547
2021-06-15,North West,2297.1428571428573,166.40419977891935
2021-06-16,North West,2384.285714285714,162.8861424731355
2021-06-17,North West,2468.1428571428573,161.6178006635064
2021-06-18,North West,2518.714285714286,159.57405346833235
2021-06-19,North West,2566.428571428572,201.4659457759287
2021-06-20,North West,2631.8571428571427,218.34000909099206
2021-06-21,North West,2752.8571428571427,162.2676807275302
2021-06-22,North West,2859.285714285714,160.83720519494688
2021-06-23,North West,2983.0,157.48712271123227
2021-06-24,North West,3119.0,155.90203222826904
2021-06-25,North West,3254.1428571428573,152.4252508376655
2021-06-26,North West,3390.5714285714284,197.66993571919969
2021-06-27,North West,3525.0,209.02906224423043
2021-06-28,North West,3781.428571428572,155.889537556225
2021-06-29,North West,3975.857142857143,151.43361894781086
2021-06-30,North West,4162.428571428572,150.4192592459771
2021-07-01,North West,4324.0,149.38001506691145
2021-07-02,North West,4457.142857142857,146.36953907938172
2021-07-03,North West,4550.714285714285,186.59435165669714
2021-07-04,North West,4628.571428571428,196.90082285159528
2021-07-05,North West,4604.571428571428,149.87874992756605
2021-07-06,North West,4671.285714285715,147.40037892249256
2021-07-07,North West,4799.285714285715,145.17347703242794
2021-07-08,North West,4828.714285714285,141.75507214855233
2021-07-09,North West,4899.285714285715,140.95875196042394
2021-07-10,North West,4952.285714285715,182.1282068443995
2021-07-11,North West,5006.714285714285,198.37602743925717
2021-07-12,North West,5143.428571428572,134.1614347133967
2021-07-13,North West,5312.571428571428,139.6291908296225
2021-07-14,North West,5535.0,137.50666135603865
2021-07-15,North West,5959.142857142857,135.265157200718
2021-07-16,North West,6305.0,131.70779001570722
2021-07-17,North West,6442.285714285715,170.94818668383218
2021-07-18,North West,6492.285714285715,182.6484007531526
2021-07-19,North West,6506.285714285715,124.63329144325836
2021-07-20,North West,6307.571428571428,120.05459112608203
2021-07-21,North West,5870.571428571428,115.13283212550708
2021-07-22,North West,5273.571428571428,110.97127749505437
2021-07-23,North West,4721.714285714285,106.17693500626206
2021-07-24,North West,4425.142857142857,153.12761688712249
2021-07-25,North West,4167.285714285715,166.28804264941897
2021-07-26,North West,3788.285714285714,105.22868906687114
2021-07-27,North West,3523.8571428571427,102.16416497259674
2021-07-28,North West,3394.714285714286,98.40406118699525
2021-07-29,North West,3313.0,96.19551590227273
2021-07-30,North West,3220.5714285714284,92.58498367973192
2021-07-31,North West,3131.1428571428573,136.24197947940067
2021-08-01,North West,3075.8571428571427,147.09324841815757
2021-08-02,North West,3064.714285714286,91.73761483274333
2021-08-03,North West,3070.428571428572,89.70335956353536
2021-08-04,North West,3082.714285714286,87.08807055287699
2021-08-05,North West,3120.5714285714284,84.30708192187544
2021-08-06,North West,3162.5714285714284,80.9420023530886
2021-08-07,North West,3191.5714285714284,117.09032528970204
2021-08-08,North West,3212.285714285714,125.81757611974038
2021-08-09,North West,3229.714285714286,81.69606513934605
2021-08-10,North West,3265.0,79.35653292950155
2021-08-11,North West,3287.1428571428573,76.21823776666433
2021-08-12,North West,3263.5714285714284,74.76594665189262
2021-08-13,North West,3262.285714285714,72.47700468784056
2021-08-14,North West,3286.8571428571427,104.92375958759169
2021-08-15,North West,3312.0,112.07336916663367
2021-08-16,North West,3328.0,71.3014967351511
2021-08-17,North West,3298.714285714286,69.1781460217594
2021-08-18,North West,3277.714285714286,68.84987958277426
2021-08-19,North West,3295.0,66.80981641904603
2021-08-20,North West,3310.5714285714284,64.41506211621865
2021-08-21,North West,3328.714285714286,91.6466269341432
2021-08-22,North West,3346.5714285714284,101.41569160641296
2021-08-23,North West,3358.428571428572,64.39141541568804
2021-08-24,North West,3389.8571428571427,62.27460900335948
2021-08-25,North West,3412.5714285714284,60.42648202010407
2021-08-26,North West,3432.5714285714284,58.457718407692234
2021-08-27,North West,3431.5714285714284,55.42152545786873
2021-08-28,North West,3409.285714285714,81.9695057040611
2021-08-29,North West,3367.285714285714,89.21175885982797
2021-08-30,North West,3298.5714285714284,26.44613330380273
2021-08-31,North West,3422.428571428572,52.724462043528135
2021-09-01,North West,3528.5714285714284,54.61885227859703
2021-09-02,North West,3642.571428571429,55.10847867230974
2021-09-03,North West,3761.428571428572,55.025599044629594
2021-09-04,North West,3850.714285714286,73.3165638517412
2021-09-05,North West,3958.142857142857,79.76689031487501
2021-09-06,North West,4169.428571428572,57.43491187118377
2021-09-07,North West,4111.714285714285,56.75126826152064
2021-09-08,North West,4046.714285714286,55.94921677781805
2021-09-09,North West,3937.0,55.580450224620265
2021-09-10,North West,3822.428571428572,55.19421333674183
2021-09-11,North West,3727.142857142857,71.62919254171115
2021-09-12,North West,3644.571428571429,76.03054299781267
2021-09-13,North West,3514.8571428571427,56.00989071123611
2021-09-14,North West,3436.0,54.99331436329248
2021-09-15,North West,3366.5714285714284,54.3652655983138
2021-09-16,North West,3342.714285714286,53.15397467146273
2021-09-17,North West,3353.285714285714,51.8543031814598
2021-09-18,North West,3419.285714285714,67.25597626369141
2021-09-19,North West,3534.428571428572,71.72051496292046
2021-09-20,North West,3653.285714285714,53.2283620734504
2021-09-21,North West,3756.285714285714,52.80877534645912
2021-09-22,North West,3827.0,53.5210144093951
2021-09-23,North West,3868.857142857143,52.58349066260237
2021-09-24,North West,3908.428571428572,51.48697808033299
2021-09-25,North West,3902.857142857143,65.83927865133725
2021-09-26,North West,3893.428571428572,69.52193553432826
2021-09-27,North West,3904.714285714286,52.51249693115559
2021-09-28,North West,3861.714285714286,51.14264998112502
2021-09-29,North West,3859.571428571429,50.26240885995833
2021-09-30,North West,3851.857142857143,49.542184455135285
2021-10-01,North West,3851.428571428572,48.84891821237055
2021-10-02,North West,3875.0,60.88182113022578
2021-10-03,North West,3912.571428571429,65.90739467571542
2021-10-04,North West,4007.714285714286,49.65014503775522
2021-10-05,North West,4124.0,48.14926789583814
2021-10-06,North West,4258.142857142857,48.86747972527315
2021-10-07,North West,4400.142857142857,48.34975812158631
2021-10-08,North West,4504.428571428572,47.65303722320692
2021-10-09,North West,4619.285714285715,60.238610571763
2021-10-10,North West,4696.714285714285,64.03316087447352
2021-10-11,North West,4777.428571428572,48.88794348288084
2021-10-12,North West,4883.857142857143,48.1756356131649
2021-10-13,North West,4920.428571428572,47.597381339228654
2021-10-14,North West,4969.0,47.51586053086161
2021-10-15,North West,4969.285714285715,46.82888822525326
2021-10-16,North West,4936.571428571428,58.20044974105823
2021-10-17,North West,4966.142857142857,61.252633306688445
2021-10-18,North West,4955.714285714285,46.959374738091626
2021-10-19,North West,4919.285714285715,46.015934501004395
2021-10-20,North West,4927.857142857143,45.585113544135055
2021-10-21,North West,4859.142857142857,45.39148357400629
2021-10-22,North West,4836.857142857143,43.385991310962616
2021-10-23,North West,4795.428571428572,55.69310154764077
2021-10-24,North West,4666.571428571428,58.12228616998193
2021-10-25,North West,4500.0,38.10656023770001
2021-10-26,North West,4339.0,36.99878109298565
2021-10-27,North West,4228.142857142857,35.63950598675371
2021-10-28,North West,4190.142857142857,34.43415086395006
2021-10-29,North West,4209.571428571428,33.38264902452254
2021-10-30,North West,4213.428571428572,47.480815960874956
2021-10-31,North West,4238.142857142857,50.54935858277289
2021-11-01,North West,4224.142857142857,38.47708237117128
2021-11-02,North West,4204.142857142857,39.34645233124569
2021-11-03,North West,4103.571428571428,38.81498383332659
2021-11-04,North West,3960.571428571429,38.56463863630388
2021-11-05,North West,3797.714285714286,37.75270200249328
2021-11-06,North West,3707.142857142857,46.206820379920636
2021-11-07,North West,3621.714285714286,48.96902901776539
2021-11-08,North West,3596.285714285714,38.83916390825764
2021-11-09,North West,3629.714285714286,38.49999509322081
2021-11-10,North West,3667.0,38.18128762436755
2021-11-11,North West,3758.0,37.88428747896636
2021-11-12,North West,3838.285714285714,36.976285162721275
2021-11-13,North West,3877.428571428572,45.88529169386266
2021-11-14,North West,3897.285714285714,48.18202838263845
2021-11-15,North West,3956.857142857143,38.102078018331646
2021-11-16,North West,4001.285714285714,37.78181110508477
2021-11-17,North West,4064.571428571429,37.4285511087059
2021-11-18,North West,4124.428571428572,37.09116888259798
2021-11-19,North West,4137.857142857143,36.305023934238235
2021-11-20,North West,4168.142857142857,44.5203400471204
2021-11-21,North West,4189.571428571428,47.01612752931857
2021-11-22,North West,4142.142857142857,36.987058287062915
2021-11-23,North West,4139.142857142857,36.592940396162575
2021-11-24,North West,4098.428571428572,36.36814068140902
2021-11-25,North West,4045.857142857143,36.12348268502406
2021-11-26,North West,4029.714285714286,34.54776429962689
2021-11-27,North West,3971.142857142857,42.47056684934037
2021-11-28,North West,3986.857142857143,44.8060235948176
2021-11-29,North West,4024.285714285714,34.69496861456693
2021-11-30,North West,4107.571428571428,35.256578759049695
2021-12-01,North West,4233.428571428572,34.84109784074296
2021-12-02,North West,4318.0,34.82857551074817
2021-12-03,North West,4402.428571428572,33.751144508133585
2021-12-04,North West,4454.857142857143,40.86996753166514
2021-12-05,North West,4484.285714285715,44.15541739159324
2021-12-06,North West,4634.0,34.10824899886052
2021-12-07,North West,4644.571428571428,34.32019190153558
2021-12-08,North West,4694.428571428572,34.27019849973145
2021-12-09,North West,4768.285714285715,34.55038747653625
2021-12-10,North West,4818.428571428572,33.628065128252544
2021-12-11,North West,4967.714285714285,41.548046448331654
2021-12-12,North West,5075.428571428572,44.36643292294263
2021-12-13,North West,5307.285714285715,33.918426870520115
2021-12-14,North West,5814.714285714285,33.72602303119058
2021-12-15,North West,6495.0,33.37572438927055
2021-12-16,North West,7181.571428571428,33.04027686636818
2021-12-17,North West,7797.0,31.795101859977358
2021-12-18,North West,8394.857142857143,41.19658206653779
2021-12-19,North West,9056.42857142857,45.17912236763748
2021-12-20,North West,10161.857142857143,28.70005957688342
2021-12-21,North West,11502.42857142857,27.445832709522406
2021-12-22,North West,13088.42857142857,25.059226117982025
2021-12-23,North West,14661.714285714286,21.916580571956953
2021-12-24,North West,16092.0,15.562780636980767
2021-12-25,North West,16239.285714285714,13.585079980900176
2021-12-26,North West,17191.285714285714,22.360224757335786
2021-12-27,North West,18839.285714285717,7.427719910113228
2021-12-28,North West,20534.285714285717,7.345256649835814
2021-12-29,North West,23034.14285714286,9.650413683920926
2021-12-30,North West,24849.285714285717,9.171737491804988
2021-12-31,North West,26004.571428571428,8.382357687669458
2022-01-01,North West,27116.42857142857,10.654515500356936
2022-01-02,North West,28639.42857142857,17.00645247698466
2022-01-03,North West,29587.42857142857,5.275141803829958
2022-01-04,North West,31039.571428571428,11.39420946564085
2022-01-05,North West,30014.14285714286,11.830896414792212
2022-01-06,North West,28626.42857142857,11.797575195779297
2022-01-07,North West,27073.14285714286,11.843339168540565
2022-01-08,North West,26350.285714285717,14.558277840290136
2022-01-09,North West,24323.0,15.700100697838101
2022-01-10,North West,21997.42857142857,12.240788987285264
2022-01-11,North West,18280.714285714286,11.995713580650689
2022-01-12,North West,15520.42857142857,11.907589086544071
2022-01-13,North West,13705.857142857143,11.799133204384866
2022-01-14,North West,12766.285714285714,11.785791432359883
2022-01-15,North West,12205.42857142857,14.304757422672322
2022-01-16,North West,11967.714285714286,15.215392761858801
2022-01-17,North West,11519.285714285714,11.947827665609642
2022-01-18,North West,11251.57142857143,11.689021409856371
2022-01-19,North West,11119.857142857143,11.675599832805522
2022-01-20,North West,10883.57142857143,11.581261860846949
2022-01-21,North West,10725.714285714286,11.495570631485906
2022-01-22,North West,10577.285714285714,13.979415839523732
2022-01-23,North West,10375.857142857143,14.804785337966573
2022-01-24,North West,9985.285714285714,11.735059746465039
2022-01-25,North West,9640.42857142857,11.50222311197608
2022-01-26,North West,9318.285714285714,11.441811498677692
2022-01-27,North West,9105.57142857143,11.45706673981
2022-01-28,North West,8880.285714285714,11.378911877856016
2022-01-29,North West,8666.714285714286,13.666302467894022
2022-01-30,North West,8372.42857142857,14.671566695656002
2022-01-31,North West,7949.285714285715,11.63274151831868
2022-02-01,North West,7571.714285714285,11.550006015416912
2022-02-02,North West,7239.857142857143,11.505140902652307
2022-02-03,North West,6914.571428571428,11.517525577315775
2022-02-04,North West,6606.571428571428,11.402935132358984
2022-02-05,North West,6325.571428571428,13.49771034061439
2022-02-06,North West,5946.571428571428,14.37275521694718
2022-02-07,North West,5563.857142857143,11.607685353756905
2022-02-08,North West,5246.857142857143,11.42651918934047
2022-02-09,North West,4906.142857142857,11.334592685847019
2022-02-10,North West,4600.857142857143,11.325639908738564
2022-02-11,North West,4367.285714285715,11.17400144462568
2022-02-12,North West,4180.571428571428,13.307480951779405
2022-02-13,North West,3948.142857142857,14.248931300875508
2022-02-14,North West,3679.571428571429,10.414587349801494
2022-02-15,North West,3480.428571428572,10.254211323682663
2022-02-16,North West,3338.5714285714284,10.087214916506083
2022-02-17,North West,3220.1428571428573,9.94278133073637
2022-02-18,North West,3127.285714285714,9.283399326244039
2022-02-19,North West,3078.428571428572,12.205721420331875
2022-02-20,North West,3026.285714285714,12.852241148457903
2022-02-21,North West,2892.1428571428573,9.468234588257022
2022-02-22,North West,2737.428571428572,9.58969764228513
2022-02-23,North West,2595.5714285714284,9.417940742166287
2022-02-24,North West,2472.5714285714284,9.34756498862316
2022-02-25,North West,2389.5714285714284,9.153821816323783
2022-02-26,North West,2306.1428571428573,11.774763520684001
2022-02-27,North West,2251.8571428571427,12.571480360862834
2022-02-28,North West,2268.285714285714,9.901737925638752
2022-03-01,North West,2344.1428571428573,10.0347082037518
2022-03-02,North West,2468.1428571428573,9.907419594824866
2022-03-03,North West,2629.0,9.898825751486655
2022-03-04,North West,2816.1428571428573,9.79204433386045
2022-03-05,North West,2981.714285714286,11.781706641166982
2022-03-06,North West,3184.428571428572,12.59815932821857
2022-03-07,North West,3517.285714285714,10.04209436142728
2022-03-08,North West,3854.0,9.975402243319998
2022-03-09,North West,4200.857142857143,9.951350633455405
2022-03-10,North West,4571.142857142857,9.921983048181213
2022-03-11,North West,4912.0,9.695979233480326
2022-03-12,North West,5246.285714285715,11.631302050142812
2022-03-13,North West,5649.285714285715,12.282808592340114
2022-03-14,North West,6103.714285714285,9.99198065771846
2022-03-15,North West,6478.857142857143,9.899541602875184
2022-03-16,North West,6787.714285714285,9.751650392257375
2022-03-17,North West,6999.571428571428,9.720052985281443
2022-03-18,North West,7178.857142857143,9.456679414979472
2022-03-19,North West,7304.857142857143,11.306478272366645
2022-03-20,North West,7460.857142857143,11.944354578630499
2022-03-21,North West,7759.428571428572,9.737440399468506
2022-03-22,North West,7924.142857142857,9.687992035988321
2022-03-23,North West,8017.428571428572,9.578027617944922
2022-03-24,North West,8108.0,9.5734475293596
2022-03-25,North West,8133.285714285715,9.239088773157775
2022-03-26,North West,8103.857142857143,11.035081254609231
2022-03-27,North West,7997.714285714285,12.001530369094727
2022-03-28,North West,7806.428571428572,9.520303279960292
2022-03-29,North West,7659.142857142857,9.530436419746346
2022-03-30,North West,7517.428571428572,9.422233128594828
2022-03-31,North West,7120.285714285715,9.469805150639441
2020-09-01,South East,118.85714285714286,2258.976089905551
2020-09-02,South East,131.28571428571428,2342.879836982163
2020-09-03,South East,145.57142857142858,2372.249423181475
2020-09-04,South East,162.42857142857142,2528.285256970036
2020-09-05,South East,170.14285714285714,4299.75616236253
2020-09-06,South East,181.28571428571428,5016.236882287938
2020-09-07,South East,193.42857142857144,3056.14370318397
2020-09-08,South East,203.28571428571428,3103.650022862007
2020-09-09,South East,198.0,3280.5035874467853
2020-09-10,South East,196.0,3300.2272313364124
2020-09-11,South East,186.0,3485.017740888493
2020-09-12,South East,183.0,5832.655876141006
2020-09-13,South East,166.0,6683.065832581738
2020-09-14,South East,158.14285714285714,4567.917404192032
2020-09-15,South East,149.57142857142858,4707.193101412655
2020-09-16,South East,146.42857142857142,4833.068960642955
2020-09-17,South East,139.14285714285714,4908.645117882178
2020-09-18,South East,144.14285714285714,5223.403660760687
2020-09-19,South East,149.14285714285714,8264.69128660222
2020-09-20,South East,165.28571428571428,9501.71343774243
2020-09-21,South East,176.0,6410.494760576941
2020-09-22,South East,194.42857142857144,6659.277382361486
2020-09-23,South East,210.14285714285717,6946.321708974381
2020-09-24,South East,228.42857142857144,7074.2114434017185
2020-09-25,South East,245.57142857142856,7550.325808657166
2020-09-26,South East,251.7142857142857,11879.159204908403
2020-09-27,South East,265.1428571428572,13363.629737702957
2020-09-28,South East,286.2857142857143,9640.892695718752
2020-09-29,South East,298.2857142857143,9899.339145916174
2020-09-30,South East,331.7142857142857,10196.141660586542
2020-10-01,South East,364.7142857142857,10870.664825848029
2020-10-02,South East,410.57142857142856,11170.40892202514
2020-10-03,South East,457.4285714285714,16715.894503405
2020-10-04,South East,499.4285714285714,18379.67497117512
2020-10-05,South East,552.8571428571429,13778.907934667352
2020-10-06,South East,601.0,14170.540214587496
2020-10-07,South East,661.0,15051.68756743226
2020-10-08,South East,725.7142857142857,15257.271005425986
2020-10-09,South East,746.1428571428571,16294.746836744347
2020-10-10,South East,749.4285714285714,24924.230598596812
2020-10-11,South East,739.2857142857143,28407.754677312147
2020-10-12,South East,757.2857142857143,19991.285147206592
2020-10-13,South East,808.2857142857143,20663.479785154595
2020-10-14,South East,833.5714285714286,21937.058874457947
2020-10-15,South East,833.7142857142857,22354.90948287756
2020-10-16,South East,860.1428571428571,23758.272473963436
2020-10-17,South East,891.8571428571429,35235.34870895709
2020-10-18,South East,932.4285714285714,39143.25650232545
2020-10-19,South East,1010.8571428571428,27704.935060731426
2020-10-20,South East,1094.2857142857142,28228.731202750623
2020-10-21,South East,1176.142857142857,28875.868927078267
2020-10-22,South East,1243.857142857143,29698.603092628375
2020-10-23,South East,1311.571428571429,30516.26848945711
2020-10-24,South East,1357.0,45936.06196973367
2020-10-25,South East,1386.7142857142858,51120.16120042278
2020-10-26,South East,1452.142857142857,29796.42429783823
2020-10-27,South East,1464.857142857143,28965.57273191826
2020-10-28,South East,1462.142857142857,29432.75969431015
2020-10-29,South East,1501.2857142857142,28650.841144097896
2020-10-30,South East,1542.142857142857,29492.249312787775
2020-10-31,South East,1559.142857142857,51304.34433817215
2020-11-01,South East,1565.7142857142858,57579.1234174229
2020-11-02,South East,1665.142857142857,41059.75018244768
2020-11-03,South East,1705.7142857142858,42395.71908470264
2020-11-04,South East,1753.0,44580.03938475138
2020-11-05,South East,1785.857142857143,37931.13782190801
2020-11-06,South East,1818.2857142857144,38022.62627252118
2020-11-07,South East,1890.571428571429,45928.21236864057
2020-11-08,South East,2026.7142857142856,45254.53372239858
2020-11-09,South East,2091.1428571428573,37576.12893159655
2020-11-10,South East,2183.0,37369.61665473091
2020-11-11,South East,2293.8571428571427,37359.594837668126
2020-11-12,South East,2395.8571428571427,36564.810499890846
2020-11-13,South East,2510.714285714286,36669.101348870696
2020-11-14,South East,2523.428571428572,42755.20326091921
2020-11-15,South East,2485.714285714286,42956.588142780565
2020-11-16,South East,2489.714285714286,35922.35352675828
2020-11-17,South East,2442.0,35156.23988155963
2020-11-18,South East,2378.714285714286,35141.06332801245
2020-11-19,South East,2272.8571428571427,34110.10526161225
2020-11-20,South East,2152.0,34107.98682967313
2020-11-21,South East,2105.5714285714284,42039.510169598354
2020-11-22,South East,2046.857142857143,41405.39025671427
2020-11-23,South East,1952.857142857143,33522.28277654611
2020-11-24,South East,1906.2857142857144,32937.71010537672
2020-11-25,South East,1873.2857142857144,32821.406374767874
2020-11-26,South East,1851.2857142857144,32106.293894388353
2020-11-27,South East,1875.7142857142856,31680.31319373642
2020-11-28,South East,1873.4285714285716,39956.33335028631
2020-11-29,South East,1900.142857142857,39179.2034347904
2020-11-30,South East,1906.142857142857,31573.211033299925
2020-12-01,South East,1951.7142857142856,31807.697475274443
2020-12-02,South East,1983.2857142857144,33891.276098105096
2020-12-03,South East,2059.428571428572,32601.88470963681
2020-12-04,South East,2097.714285714286,33174.34961038432
2020-12-05,South East,2157.5714285714284,46684.11249446224
2020-12-06,South East,2238.5714285714284,47674.13695195117
2020-12-07,South East,2365.714285714286,33397.51220123723
2020-12-08,South East,2491.714285714286,33710.7040373878
2020-12-09,South East,2632.8571428571427,33438.836574230925
2020-12-10,South East,2823.5714285714284,32423.76385850956
2020-12-11,South East,3077.8571428571427,32553.604012118623
2020-12-12,South East,3284.0,46085.88755256295
2020-12-13,South East,3521.714285714286,45133.804261272744
2020-12-14,South East,3915.428571428572,31615.86225424885
2020-12-15,South East,4336.714285714285,30874.0254854074
2020-12-16,South East,4743.571428571428,30416.73721434414
2020-12-17,South East,5082.714285714285,29304.871000692005
2020-12-18,South East,5398.428571428572,27548.60451867612
2020-12-19,South East,5496.142857142857,40278.47599920735
2020-12-20,South East,5836.857142857143,38362.81340840586
2020-12-21,South East,6258.285714285715,20415.26609856131
2020-12-22,South East,6600.714285714285,18708.32148190025
2020-12-23,South East,6746.285714285715,16746.200735123664
2020-12-24,South East,6718.428571428572,11869.836182208779
2020-12-25,South East,6171.285714285715,4390.344379029621
2020-12-26,South East,6667.714285714285,13054.191764200385
2020-12-27,South East,6960.428571428572,19056.426540408585
2020-12-28,South East,6821.857142857143,5319.623001518171
2020-12-29,South East,7739.285714285715,7151.7507690817665
2020-12-30,South East,8484.57142857143,6864.047498037423
2020-12-31,South East,8889.0,5899.043128168698
2021-01-01,South East,9335.42857142857,2916.4561367903907
2021-01-02,South East,9656.0,10843.160901277497
2021-01-03,South East,9711.0,11776.163458498584
2021-01-04,South East,10389.0,7682.163202521118
2021-01-05,South East,9769.0,7027.525800804654
2021-01-06,South East,9248.285714285714,6666.198597718894
2021-01-07,South East,9172.0,6199.240604842818
2021-01-08,South East,9438.857142857143,6075.301366970592
2021-01-09,South East,8905.142857142857,8255.054828936924
2021-01-10,South East,8471.0,8074.474199337121
2021-01-11,South East,7940.571428571428,5323.041820179454
2021-01-12,South East,7479.857142857143,4863.795459203526
2021-01-13,South East,7219.428571428572,4625.916607936425
2021-01-14,South East,7021.142857142857,4218.167295594567
2021-01-15,South East,6831.285714285715,4180.6563392218295
2021-01-16,South East,6601.428571428572,5595.655445305272
2021-01-17,South East,6403.571428571428,5689.230972288364
2021-01-18,South East,6067.714285714285,3672.453299475048
2021-01-19,South East,5834.428571428572,3374.2360450110214
2021-01-20,South East,5550.571428571428,3195.0084008774284
2021-01-21,South East,5239.285714285715,3041.881044643868
2021-01-22,South East,4961.142857142857,2999.600948781267
2021-01-23,South East,4789.714285714285,4110.7957720047625
2021-01-24,South East,4523.428571428572,3750.3121918499296
2021-01-25,South East,4204.0,2553.0572252199204
2021-01-26,South East,3914.0,2390.7974049030313
2021-01-27,South East,3688.428571428572,2328.94608753712
2021-01-28,South East,3493.0,2173.664331695977
2021-01-29,South East,3296.5714285714284,2146.9636008729117
2021-01-30,South East,3147.428571428572,2849.3696883233765
2021-01-31,South East,3070.1428571428573,2837.0540622167287
2021-02-01,South East,2834.0,1873.8901028690268
2021-02-02,South East,2665.714285714286,1757.7334078422002
2021-02-03,South East,2528.5714285714284,1681.4250036067979
2021-02-04,South East,2382.0,1571.128818647901
2021-02-05,South East,2238.8571428571427,1547.2263249699838
2021-02-06,South East,2107.1428571428573,2166.0737090860857
2021-02-07,South East,2038.857142857143,1980.8197584889124
2021-02-08,South East,1871.7142857142856,1284.1424845925176
2021-02-09,South East,1724.142857142857,1210.377238696326
2021-02-10,South East,1589.7142857142858,1198.3517446803828
2021-02-11,South East,1466.2857142857142,1122.4089087068653
2021-02-12,South East,1386.142857142857,1106.655580876609
2021-02-13,South East,1344.142857142857,1529.266304207847
2021-02-14,South East,1286.2857142857142,1495.526272162996
2021-02-15,South East,1242.857142857143,898.2705194206652
2021-02-16,South East,1199.428571428571,832.4879490552786
2021-02-17,South East,1155.571428571429,799.4656436843521
2021-02-18,South East,1132.7142857142858,748.2726240682184
2021-02-19,South East,1095.857142857143,729.0671341580288
2021-02-20,South East,1079.428571428571,1116.9202368047518
2021-02-21,South East,1071.2857142857142,1106.1789224184984
2021-02-22,South East,1029.2857142857142,712.4353620099848
2021-02-23,South East,978.1428571428572,679.0828412689804
2021-02-24,South East,932.7142857142856,657.7877396929041
2021-02-25,South East,878.8571428571429,620.2423498903427
2021-02-26,South East,818.7142857142857,617.1313360209966
2021-02-27,South East,765.5714285714286,878.7855089087772
2021-02-28,South East,719.4285714285714,874.635647094728
2021-03-01,South East,644.1428571428571,557.5303663226268
2021-03-02,South East,607.0,526.448772001699
2021-03-03,South East,568.1428571428571,505.134591166876
2021-03-04,South East,526.4285714285714,478.32528199154683
2021-03-05,South East,505.2857142857143,476.69277013550396
2021-03-06,South East,499.7142857142857,669.7343520967395
2021-03-07,South East,488.1428571428572,678.33429396958
2021-03-08,South East,490.57142857142856,454.41212529957704
2021-03-09,South East,484.1428571428572,439.722583472868
2021-03-10,South East,481.57142857142856,423.8264174120151
2021-03-11,South East,487.0,409.2302995468785
2021-03-12,South East,486.57142857142856,410.0454803344516
2021-03-13,South East,476.8571428571428,541.0771307947002
2021-03-14,South East,477.0,599.6495565644616
2021-03-15,South East,475.57142857142856,383.4157400968067
2021-03-16,South East,462.7142857142857,365.80888684317506
2021-03-17,South East,457.2857142857143,362.83059749475024
2021-03-18,South East,449.7142857142857,344.88159341692153
2021-03-19,South East,444.0,344.882028616993
2021-03-20,South East,442.7142857142857,449.71605283739007
2021-03-21,South East,462.2857142857143,458.7153292872708
2021-03-22,South East,451.8571428571428,321.2686495586388
2021-03-23,South East,449.2857142857143,306.21020613404784
2021-03-24,South East,469.57142857142856,303.06289561721013
2021-03-25,South East,474.2857142857143,288.165747364959
2021-03-26,South East,467.2857142857143,283.1791144125255
2021-03-27,South East,465.57142857142856,372.9548637594106
2021-03-28,South East,463.8571428571428,363.87322731338134
2021-03-29,South East,443.57142857142856,262.6141483127391
2021-03-30,South East,425.0,251.97847362901825
2021-03-31,South East,387.2857142857143,245.25770524513877
2021-04-01,South East,361.57142857142856,231.10024643466105
2021-04-02,South East,340.0,105.33011514955946
2021-04-03,South East,323.85714285714283,262.9022972595974
2021-04-04,South East,282.2857142857143,273.0845355501893
2021-04-05,South East,260.42857142857144,74.65603895754597
2021-04-06,South East,262.42857142857144,146.90046803606683
2021-04-07,South East,257.42857142857144,142.41763317677564
2021-04-08,South East,258.57142857142856,137.21740341573923
2021-04-09,South East,262.85714285714283,135.283612522884
2021-04-10,South East,264.85714285714283,202.03060053109598
2021-04-11,South East,263.57142857142856,211.85921757313858
2021-04-12,South East,270.42857142857144,129.46949440922546
2021-04-13,South East,258.0,123.0580390160369
2021-04-14,South East,246.42857142857144,117.9653343360143
2021-04-15,South East,231.7142857142857,113.39969745513815
2021-04-16,South East,226.14285714285717,111.37853471217284
2021-04-17,South East,217.7142857142857,173.99983022645182
2021-04-18,South East,231.57142857142856,180.0640320379605
2021-04-19,South East,233.7142857142857,127.21207379021627
2021-04-20,South East,231.8571428571429,124.75412491834747
2021-04-21,South East,238.57142857142856,122.26480445952595
2021-04-22,South East,245.0,121.08168782254168
2021-04-23,South East,245.0,121.13452523893835
2021-04-24,South East,241.28571428571428,160.4175594533176
2021-04-25,South East,233.42857142857144,163.14811396335588
2021-04-26,South East,233.14285714285717,117.47916938927689
2021-04-27,South East,231.28571428571428,114.14519095725477
2021-04-28,South East,228.14285714285717,110.79821861168436
2021-04-29,South East,220.14285714285717,109.02683115754164
2021-04-30,South East,211.57142857142856,109.60569243409023
2021-05-01,South East,210.28571428571428,142.76894271118167
2021-05-02,South East,197.42857142857144,145.66339108354873
2021-05-03,South East,188.42857142857144,38.77150810636842
2021-05-04,South East,187.0,95.08788921426337
2021-05-05,South East,180.28571428571428,94.42158049533835
2021-05-06,South East,181.0,92.60470165151733
2021-05-07,South East,183.8571428571429,94.65705234049527
2021-05-08,South East,182.42857142857144,117.77607777900515
2021-05-09,South East,186.8571428571429,125.97870706670146
2021-05-10,South East,188.7142857142857,90.57524953832227
2021-05-11,South East,182.14285714285717,89.14175138287399
2021-05-12,South East,176.85714285714286,87.45314390936984
2021-05-13,South East,174.14285714285714,83.33752572488734
2021-05-14,South East,169.0,85.17373341698527
2021-05-15,South East,169.85714285714286,108.69298145718031
2021-05-16,South East,164.57142857142858,113.45847957050557
2021-05-17,South East,162.71428571428572,84.38510081461514
2021-05-18,South East,165.85714285714286,82.28465406963493
2021-05-19,South East,166.57142857142858,81.77004341007782
2021-05-20,South East,164.0,79.54889960307214
2021-05-21,South East,170.71428571428572,79.59371909665386
2021-05-22,South East,173.42857142857142,107.08354791808685
2021-05-23,South East,184.57142857142856,109.11491339857893
2021-05-24,South East,199.28571428571428,77.55001364411177
2021-05-25,South East,215.0,77.26794987027918
2021-05-26,South East,237.7142857142857,76.51241987391865
2021-05-27,South East,264.0,75.06440484421366
2021-05-28,South East,284.85714285714283,73.84533851193352
2021-05-29,South East,304.42857142857144,98.83452195810004
2021-05-30,South East,318.0,104.2947542125218
2021-05-31,South East,326.85714285714283,26.059373667079935
2021-06-01,South East,353.7142857142857,51.3970092251992
2021-06-02,South East,384.1428571428572,50.604026901194274
2021-06-03,South East,410.0,48.73208961614269
2021-06-04,South East,433.1428571428572,48.202098945848824
2021-06-05,South East,450.57142857142856,80.86856847911456
2021-06-06,South East,473.4285714285714,87.05588045765012
2021-06-07,South East,508.7142857142857,58.15024931328539
2021-06-08,South East,523.7142857142857,58.04780955238515
2021-06-09,South East,536.0,57.597942980632745
2021-06-10,South East,558.5714285714286,56.728480312636286
2021-06-11,South East,575.7142857142857,57.2694582603378
2021-06-12,South East,591.7142857142857,78.62640032026908
2021-06-13,South East,605.8571428571429,83.4116004019651
2021-06-14,South East,640.2857142857143,56.47168065634416
2021-06-15,South East,681.2857142857143,55.793116118321535
2021-06-16,South East,726.2857142857143,54.91670350468812
2021-06-17,South East,748.4285714285714,53.3840904423847
2021-06-18,South East,783.1428571428571,52.675365205449275
2021-06-19,South East,796.5714285714286,74.35849876347791
2021-06-20,South East,823.2857142857143,80.28039333579996
2021-06-21,South East,859.0,52.56830121922307
2021-06-22,South East,916.4285714285714,52.426744550180054
2021-06-23,South East,983.4285714285714,52.182490492278205
2021-06-24,South East,1085.0,51.15119844014663
2021-06-25,South East,1191.571428571429,50.80888799008696
2021-06-26,South East,1323.2857142857142,71.77074792449883
2021-06-27,South East,1481.857142857143,74.27436902796885
2021-06-28,South East,1696.142857142857,50.2919850549862
2021-06-29,South East,1888.0,48.44011252164508
2021-06-30,South East,2062.428571428572,48.49353182197845
2021-07-01,South East,2234.428571428572,47.90961871898149
2021-07-02,South East,2371.1428571428573,48.323639705509194
2021-07-03,South East,2511.1428571428573,66.82060081454726
2021-07-04,South East,2601.8571428571427,69.98071976670175
2021-07-05,South East,2733.1428571428573,47.77041258876555
2021-07-06,South East,2868.8571428571427,46.13237550338886
2021-07-07,South East,3036.5714285714284,46.02814689580627
2021-07-08,South East,3132.714285714286,44.37204304169134
2021-07-09,South East,3262.1428571428573,44.82549675478027
2021-07-10,South East,3340.8571428571427,62.240091474318376
2021-07-11,South East,3470.285714285714,68.89756205347793
2021-07-12,South East,3673.142857142857,42.21960085821098
2021-07-13,South East,3919.285714285714,42.72213271932547
2021-07-14,South East,4315.428571428572,42.390432201155996
2021-07-15,South East,4959.428571428572,41.15630190136202
2021-07-16,South East,5461.857142857143,41.06613025600326
2021-07-17,South East,5710.285714285715,58.00198456913268
2021-07-18,South East,5880.285714285715,62.05596642227994
2021-07-19,South East,5992.571428571428,38.63203526695456
2021-07-20,South East,5939.428571428572,37.25463110003923
2021-07-21,South East,5608.714285714285,36.1452038376609
2021-07-22,South East,4992.285714285715,34.257368406518665
2021-07-23,South East,4456.857142857143,33.427354941197244
2021-07-24,South East,4161.571428571428,51.68052000305708
2021-07-25,South East,3882.285714285714,54.62587584840419
2021-07-26,South East,3551.428571428572,30.850485311773767
2021-07-27,South East,3351.5714285714284,29.599401922653332
2021-07-28,South East,3263.0,28.69007853015485
2021-07-29,South East,3235.1428571428573,27.702549524510374
2021-07-30,South East,3214.714285714286,26.89814270058897
2021-07-31,South East,3180.0,44.11867645827245
2021-08-01,South East,3174.5714285714284,47.18776397736586
2021-08-02,South East,3209.1428571428573,25.714130574210458
2021-08-03,South East,3243.5714285714284,24.74103837431087
2021-08-04,South East,3300.5714285714284,24.110271827151735
2021-08-05,South East,3361.428571428572,22.907820690320076
2021-08-06,South East,3420.1428571428573,22.588945707372954
2021-08-07,South East,3476.8571428571427,36.248742265140585
2021-08-08,South East,3523.5714285714284,38.76892839499496
2021-08-09,South East,3560.285714285714,21.438380889628554
2021-08-10,South East,3605.285714285714,20.86839035339564
2021-08-11,South East,3674.142857142857,20.24272638519528
2021-08-12,South East,3708.285714285714,19.29121355052963
2021-08-13,South East,3761.142857142857,18.952129660476967
2021-08-14,South East,3827.0,30.913248728769442
2021-08-15,South East,3853.571428571429,33.23790961582212
2021-08-16,South East,3971.714285714286,18.1537846684468
2021-08-17,South East,4132.428571428572,17.4249660745924
2021-08-18,South East,4200.0,17.45159057990248
2021-08-19,South East,4258.285714285715,16.60140540327557
2021-08-20,South East,4285.0,16.267260077159538
2021-08-21,South East,4300.0,26.06433745122824
2021-08-22,South East,4331.857142857143,28.65374091613715
2021-08-23,South East,4309.142857142857,15.755588796272935
2021-08-24,South East,4162.857142857143,15.166369140040063
2021-08-25,South East,4027.714285714286,14.782972332646922
2021-08-26,South East,3913.428571428572,13.98298752363902
2021-08-27,South East,3840.857142857143,13.568901900567997
2021-08-28,South East,3779.285714285714,22.24324225861541
2021-08-29,South East,3700.0,24.194452085173946
2021-08-30,South East,3578.1428571428573,5.96344560282937
2021-08-31,South East,3754.571428571429,12.486425496174947
2021-09-01,South East,3899.0,12.888438750585221
2021-09-02,South East,4047.428571428572,12.914205745153563
2021-09-03,South East,4145.0,13.109040571784343
2021-09-04,South East,4207.857142857143,19.380489641884644
2021-09-05,South East,4290.428571428572,20.993506913147176
2021-09-06,South East,4405.428571428572,13.364918490462223
2021-09-07,South East,4168.0,13.21542696343833
2021-09-08,South East,3922.428571428572,13.165879410912952
2021-09-09,South East,3704.142857142857,12.874095951942374
2021-09-10,South East,3509.285714285714,12.928751328243234
2021-09-11,South East,3340.428571428572,18.252767750105154
2021-09-12,South East,3212.285714285714,19.538226684502938
2021-09-13,South East,3048.0,12.873547749785228
2021-09-14,South East,2968.428571428572,12.296919531419983
2021-09-15,South East,2940.285714285714,12.33941072658218
2021-09-16,South East,2889.428571428572,11.814110801940243
2021-09-17,South East,2924.714285714286,11.689335760262578
2021-09-18,South East,3010.0,16.596277884155345
2021-09-19,South East,3160.285714285714,17.381190673590126
2021-09-20,South East,3333.0,11.688257226085033
2021-09-21,South East,3514.285714285714,11.58202907484608
2021-09-22,South East,3641.428571428572,11.786190468547925
2021-09-23,South East,3774.142857142857,11.520983710832018
2021-09-24,South East,3829.714285714286,11.417486356384128
2021-09-25,South East,3908.857142857143,15.690810573962251
2021-09-26,South East,4037.0,16.714488582015214
2021-09-27,South East,4161.0,11.228917202255573
2021-09-28,South East,4121.571428571428,10.857423105821914
2021-09-29,South East,4142.0,10.751517961363493
2021-09-30,South East,4147.571428571428,10.486660890353782
2021-10-01,South East,4153.0,10.400331305827937
2021-10-02,South East,4166.0,14.015384562423373
2021-10-03,South East,4145.142857142857,15.366925300493635
2021-10-04,South East,4175.571428571428,10.363864263769598
2021-10-05,South East,4284.142857142857,10.10282370352129
2021-10-06,South East,4386.0,10.169216604832897
2021-10-07,South East,4522.857142857143,9.97491218222847
2021-10-08,South East,4703.714285714285,9.90082775679579
2021-10-09,South East,4848.142857142857,13.782566097753936
2021-10-10,South East,4970.857142857143,14.414131994586524
2021-10-11,South East,5134.285714285715,9.979755111955495
2021-10-12,South East,5361.857142857143,9.843684985066101
2021-10-13,South East,5587.571428571428,9.751464509081108
2021-10-14,South East,5816.285714285715,9.618386156373052
2021-10-15,South East,6048.714285714285,9.501911369388285
2021-10-16,South East,6210.714285714285,12.90011820414869
2021-10-17,South East,6408.571428571428,13.641376075676055
2021-10-18,South East,6668.714285714285,9.238250707242667
2021-10-19,South East,6898.142857142857,9.059455164590332
2021-10-20,South East,7070.285714285715,8.927890715001244
2021-10-21,South East,7187.428571428572,8.756667163359964
2021-10-22,South East,7208.0,8.492902108397505
2021-10-23,South East,7200.428571428572,11.829375039792945
2021-10-24,South East,7022.857142857143,12.31807407937095
2021-10-25,South East,6780.714285714285,7.213487229431134
2021-10-26,South East,6505.857142857143,7.0222585881177615
2021-10-27,South East,6327.142857142857,6.7725151786130375
2021-10-28,South East,6156.714285714285,6.535140479346257
2021-10-29,South East,6098.428571428572,6.327404558132366
2021-10-30,South East,6020.714285714285,9.910844591081956
2021-10-31,South East,5997.0,10.437990452688169
2021-11-01,South East,5930.285714285715,7.321310107373065
2021-11-02,South East,5806.0,7.386809945134182
2021-11-03,South East,5590.857142857143,7.312979807076257
2021-11-04,South East,5398.0,7.178653617348119
2021-11-05,South East,5129.142857142857,7.116649071145577
2021-11-06,South East,4953.571428571428,9.531401226877884
2021-11-07,South East,4859.285714285715,10.006389730563585
2021-11-08,South East,4821.857142857143,7.167182332106031
2021-11-09,South East,4933.571428571428,7.12495516205603
2021-11-10,South East,5176.571428571428,7.048378364459636
2021-11-11,South East,5426.285714285715,6.957108347088685
2021-11-12,South East,5636.571428571428,6.816678663774129
2021-11-13,South East,5866.142857142857,9.10410376658332
2021-11-14,South East,6054.571428571428,9.569149780712257
2021-11-15,South East,6360.428571428572,6.841689137924438
2021-11-16,South East,6538.571428571428,6.811569383402189
2021-11-17,South East,6642.571428571428,6.733516472413569
2021-11-18,South East,6795.857142857143,6.6516296512273385
2021-11-19,South East,6957.428571428572,6.549363385596987
2021-11-20,South East,7070.142857142857,8.725183216552253
2021-11-21,South East,7236.428571428572,9.069900097181902
2021-11-22,South East,7342.142857142857,6.545041006238989
2021-11-23,South East,7548.0,6.4959305827939255
2021-11-24,South East,7717.0,6.435860234820292
2021-11-25,South East,7791.571428571428,6.32249223467983
2021-11-26,South East,7835.857142857143,6.116807914009415
2021-11-27,South East,7886.714285714285,8.17525157243092
2021-11-28,South East,7946.571428571428,8.770938325917637
2021-11-29,South East,8123.0,6.121372948977389
2021-11-30,South East,8312.142857142857,6.149727956727786
2021-12-01,South East,8556.714285714286,6.070496517705025
2021-12-02,South East,8727.142857142857,6.001994822885616
2021-12-03,South East,8891.57142857143,5.910899994944027
2021-12-04,South East,8972.57142857143,8.033735319901538
2021-12-05,South East,8965.714285714286,8.330752276772712
2021-12-06,South East,8936.0,5.895018720594755
2021-12-07,South East,8861.714285714286,5.902405841356145
2021-12-08,South East,8791.142857142857,5.92775545010674
2021-12-09,South East,8811.142857142857,5.874278907712772
2021-12-10,South East,8859.285714285714,5.758024402425914
2021-12-11,South East,8976.57142857143,7.882143119515938
2021-12-12,South East,9157.0,8.307712238537544
2021-12-13,South East,9617.142857142857,5.602338985196903
2021-12-14,South East,10483.42857142857,5.441585477353844
2021-12-15,South East,11471.57142857143,5.3775096343624265
2021-12-16,South East,12349.57142857143,5.224465842231167
2021-12-17,South East,13152.57142857143,5.102769861055531
2021-12-18,South East,13921.714285714286,7.337115336411166
2021-12-19,South East,14596.57142857143,7.958252394310952
2021-12-20,South East,15435.857142857143,4.237266589403788
2021-12-21,South East,16133.285714285714,3.97813857844404
2021-12-22,South East,16783.714285714286,3.6866061436228725
2021-12-23,South East,17541.0,3.2299077445660314
2021-12-24,South East,18060.714285714286,2.3541168029492927
2021-12-25,South East,17511.428571428572,2.081359201441636
2021-12-26,South East,17656.0,3.574691631307763
2021-12-27,South East,18053.285714285717,1.0655048957562099
2021-12-28,South East,18460.42857142857,1.0284404070948878
2021-12-29,South East,19897.285714285717,1.4172418390952506
2021-12-30,South East,20658.285714285717,1.3398982699418491
2021-12-31,South East,20961.14285714286,1.2561573875408303
2022-01-01,South East,21479.285714285717,1.84653895944428
2022-01-02,South East,22046.571428571428,2.987108748899841
2022-01-03,South East,22452.14285714286,0.7780348289389124
2022-01-04,South East,23659.0,1.7391597714743112
2022-01-05,South East,22462.714285714286,1.8166339224779822
2022-01-06,South East,21416.14285714286,1.7976305532947274
2022-01-07,South East,20495.714285714286,1.8385824800975274
2022-01-08,South East,20165.0,2.450708886745476
2022-01-09,South East,19160.0,2.7020510605075745
2022-01-10,South East,17870.0,1.849587665871596
2022-01-11,South East,15350.857142857143,1.7917473850755579
2022-01-12,South East,13922.57142857143,1.7804174119675344
2022-01-13,South East,12984.0,1.7520351450172946
2022-01-14,South East,12679.714285714286,1.782480349829719
2022-01-15,South East,12673.285714285714,2.393632340051176
2022-01-16,South East,13032.714285714286,2.536537264354398
2022-01-17,South East,13432.857142857143,1.7608379040190696
2022-01-18,South East,13860.57142857143,1.7046736496213748
2022-01-19,South East,14361.857142857143,1.6885465655459824
2022-01-20,South East,14813.857142857143,1.6709226736461378
2022-01-21,South East,15253.42857142857,1.6893570490436198
2022-01-22,South East,15592.42857142857,2.254989117987393
2022-01-23,South East,16016.42857142857,2.376827253101479
2022-01-24,South East,16310.142857142857,1.673895068576326
2022-01-25,South East,16532.714285714286,1.6283815976210385
2022-01-26,South East,16799.85714285714,1.616156160393546
2022-01-27,South East,16947.571428571428,1.5935190841955393
2022-01-28,South East,16979.14285714286,1.6095556198137073
2022-01-29,South East,17014.571428571428,2.15099057488745
2022-01-30,South East,16861.714285714286,2.2812726256347826
2022-01-31,South East,16501.428571428572,1.609922006106042
2022-02-01,South East,16143.42857142857,1.5796740115393708
2022-02-02,South East,15719.857142857143,1.5746257881961925
2022-02-03,South East,15279.857142857143,1.5523936765267312
2022-02-04,South East,14745.142857142857,1.5497322812948753
2022-02-05,South East,14144.57142857143,2.073794130975161
2022-02-06,South East,13434.285714285714,2.1478696861764464
2022-02-07,South East,12744.857142857143,1.5595137502978458
2022-02-08,South East,12074.57142857143,1.5225168491851082
2022-02-09,South East,11424.142857142857,1.5099706566608517
2022-02-10,South East,10774.42857142857,1.489876852032219
2022-02-11,South East,10268.857142857143,1.495689972018009
2022-02-12,South East,9846.42857142857,1.9821305438678547
2022-02-13,South East,9293.42857142857,2.0591384320608963
2022-02-14,South East,8699.0,1.4038133155804102
2022-02-15,South East,8266.714285714286,1.3568446402687644
2022-02-16,South East,7948.285714285715,1.3492554737475524
2022-02-17,South East,7748.428571428572,1.3277023783150665
2022-02-18,South East,7371.857142857143,1.025183287247441
2022-02-19,South East,7323.142857142857,1.7503862702308586
2022-02-20,South East,7210.142857142857,1.8379735936111767
2022-02-21,South East,6908.571428571428,1.1749987284146606
2022-02-22,South East,6533.857142857143,1.1703011499553588
2022-02-23,South East,6062.571428571428,1.1501343546694567
2022-02-24,South East,5642.571428571428,1.1141205889730885
2022-02-25,South East,5537.714285714285,1.1134111124837367
2022-02-26,South East,5224.142857142857,1.6119730035669106
2022-02-27,South East,5026.285714285715,1.7296279109969541
2022-02-28,South East,4970.0,1.2292097265107553
2022-03-01,South East,5071.857142857143,1.2052623898373276
2022-03-02,South East,5318.428571428572,1.1994264428398842
2022-03-03,South East,5608.714285714285,1.187887055823524
2022-03-04,South East,5955.714285714285,1.1895848081989262
2022-03-05,South East,6311.857142857143,1.5707973830040842
2022-03-06,South East,6736.428571428572,1.6742634600130326
2022-03-07,South East,7354.857142857143,1.2049490388126771
2022-03-08,South East,7991.857142857143,1.190888346703088
2022-03-09,South East,8714.857142857143,1.1872162981205383
2022-03-10,South East,9465.142857142857,1.1715520308896383
2022-03-11,South East,10152.857142857143,1.1527607926287542
2022-03-12,South East,10767.0,1.5261057142738201
2022-03-13,South East,11483.857142857143,1.59817958865934
2022-03-14,South East,12322.57142857143,1.1733311726917202
2022-03-15,South East,12904.57142857143,1.1535074267941798
2022-03-16,South East,13318.0,1.135056903687824
2022-03-17,South East,13603.0,1.1278027203752743
2022-03-18,South East,13736.857142857143,1.108784732070066
2022-03-19,South East,13827.142857142857,1.4555287159037371
2022-03-20,South East,13904.142857142857,1.5147278449518382
2022-03-21,South East,14001.57142857143,1.1218656039637467
2022-03-22,South East,14058.0,1.1120873503997482
2022-03-23,South East,14001.714285714286,1.0997326876360047
2022-03-24,South East,13867.0,1.0865807284685578
2022-03-25,South East,13722.857142857143,1.069808385004928
2022-03-26,South East,13514.42857142857,1.4064081491784517
2022-03-27,South East,13155.142857142857,1.494829228410587
2022-03-28,South East,12720.714285714286,1.0725981216852565
2022-03-29,South East,12226.285714285714,1.0615577873909887
2022-03-30,South East,11783.857142857143,1.060967590267015
2022-03-31,South East,11169.142857142857,1.0433218925395158
2020-09-01,South West,62.142857142857146,828.2490700793314
2020-09-02,South West,72.14285714285714,847.4849404328809
2020-09-03,South West,85.14285714285714,866.8002007799662
2020-09-04,South West,94.28571428571428,907.8089919457049
2020-09-05,South West,99.28571428571428,1410.5021376122122
2020-09-06,South West,105.57142857142856,1591.5545656346487
2020-09-07,South West,111.71428571428572,1057.5556750724866
2020-09-08,South West,108.42857142857144,1080.0045251015324
2020-09-09,South West,100.57142857142856,1134.923087567858
2020-09-10,South West,91.57142857142856,1155.02248709862
2020-09-11,South West,86.14285714285714,1196.0626408325847
2020-09-12,South West,83.42857142857143,1840.4832898601749
2020-09-13,South West,80.14285714285714,2076.6043832229366
2020-09-14,South West,77.42857142857143,1507.9313208831106
2020-09-15,South West,78.57142857142857,1552.6969887487255
2020-09-16,South West,78.0,1586.3065741319222
2020-09-17,South West,81.42857142857143,1630.5546611142483
2020-09-18,South West,85.28571428571429,1691.9775127349653
2020-09-19,South West,93.85714285714286,2464.79028992121
2020-09-20,South West,107.14285714285714,2813.2584756936276
2020-09-21,South West,117.57142857142856,2021.4030368686438
2020-09-22,South West,128.14285714285714,2088.604946550435
2020-09-23,South West,141.71428571428572,2183.4021918645726
2020-09-24,South West,156.0,2258.6089104989724
2020-09-25,South West,170.0,2359.108378220224
2020-09-26,South West,170.85714285714286,3460.2168944421824
2020-09-27,South West,166.71428571428572,3870.7623837188607
2020-09-28,South West,191.0,2930.053449842651
2020-09-29,South West,207.28571428571428,3035.4918031220845
2020-09-30,South West,240.7142857142857,3075.823581732642
2020-10-01,South West,267.7142857142857,3334.001376982587
2020-10-02,South West,297.1428571428572,3383.8467759386826
2020-10-03,South West,336.7142857142857,4613.098523308685
2020-10-04,South West,383.4285714285714,5043.123524916403
2020-10-05,South West,431.57142857142856,4019.195668069091
2020-10-06,South West,487.1428571428572,4145.26021041594
2020-10-07,South West,546.2857142857143,4386.0513389881335
2020-10-08,South West,612.8571428571429,4534.341583739618
2020-10-09,South West,663.8571428571429,4782.215757879851
2020-10-10,South West,687.8571428571429,6726.029104867745
2020-10-11,South West,693.8571428571429,7478.042950240737
2020-10-12,South West,708.8571428571429,5661.081641587146
2020-10-13,South West,753.7142857142857,5910.221741301656
2020-10-14,South West,762.5714285714286,6256.692498318871
2020-10-15,South West,738.1428571428571,6495.945407358425
2020-10-16,South West,742.5714285714286,6794.396811094763
2020-10-17,South West,755.2857142857143,9383.969615314852
2020-10-18,South West,771.4285714285714,10251.61916947662
2020-10-19,South West,828.5714285714286,7965.156106991189
2020-10-20,South West,856.0,8183.324539104418
2020-10-21,South West,929.7142857142856,8365.493495387556
2020-10-22,South West,1017.4285714285714,8606.534983369087
2020-10-23,South West,1067.7142857142858,8708.193572804912
2020-10-24,South West,1088.857142857143,12174.941837205104
2020-10-25,South West,1135.857142857143,13786.78912263992
2020-10-26,South West,1166.0,8692.62864830348
2020-10-27,South West,1206.0,8601.380606811197
2020-10-28,South West,1207.142857142857,8772.653859759455
2020-10-29,South West,1227.2857142857142,8760.95828562887
2020-10-30,South West,1241.428571428571,8871.237192745124
2020-10-31,South West,1249.0,14226.17467943566
2020-11-01,South West,1220.571428571429,15954.938136830171
2020-11-02,South West,1285.428571428571,12215.900205241016
2020-11-03,South West,1301.7142857142858,12889.270667841105
2020-11-04,South West,1336.2857142857142,13695.417758071464
2020-11-05,South West,1356.428571428571,11922.750394144545
2020-11-06,South West,1391.2857142857142,11856.361441387626
2020-11-07,South West,1437.428571428571,13250.112976116076
2020-11-08,South West,1521.571428571429,13164.938201322879
2020-11-09,South West,1537.142857142857,11951.751976482157
2020-11-10,South West,1571.7142857142858,11964.498837711839
2020-11-11,South West,1569.0,12056.541051711132
2020-11-12,South West,1568.7142857142858,12143.115025788535
2020-11-13,South West,1603.571428571429,12238.230277445842
2020-11-14,South West,1615.571428571429,13119.935566208896
2020-11-15,South West,1580.428571428571,13592.417620201684
2020-11-16,South West,1556.0,12294.103775598089
2020-11-17,South West,1487.7142857142858,12258.480008629233
2020-11-18,South West,1427.0,12250.065133674338
2020-11-19,South West,1344.7142857142858,12372.076346516345
2020-11-20,South West,1223.2857142857142,12233.509919262086
2020-11-21,South West,1142.857142857143,14005.13760499207
2020-11-22,South West,1072.428571428571,14167.815493406712
2020-11-23,South West,965.8571428571428,12621.827831649603
2020-11-24,South West,896.4285714285714,12621.601024360993
2020-11-25,South West,849.7142857142857,12754.53413069524
2020-11-26,South West,815.5714285714286,12889.56144307893
2020-11-27,South West,788.5714285714286,12727.274168468331
2020-11-28,South West,760.4285714285714,14751.209139787969
2020-11-29,South West,750.4285714285714,15063.116259764052
2020-11-30,South West,721.2857142857143,13381.39548612312
2020-12-01,South West,708.4285714285714,13731.020364897378
2020-12-02,South West,678.4285714285714,14781.257501641057
2020-12-03,South West,665.8571428571429,14837.695420725368
2020-12-04,South West,649.8571428571429,15117.964879267713
2020-12-05,South West,649.0,19444.172384504884
2020-12-06,South West,646.0,20423.808088124624
2020-12-07,South West,640.5714285714286,16134.478114197951
2020-12-08,South West,654.5714285714286,16704.34834401552
2020-12-09,South West,678.1428571428571,16891.025522069336
2020-12-10,South West,707.1428571428571,16961.715747993654
2020-12-11,South West,740.0,17236.75269777845
2020-12-12,South West,763.2857142857143,22406.03283323981
2020-12-13,South West,812.5714285714286,22329.87773342983
2020-12-14,South West,883.8571428571429,17967.89218550458
2020-12-15,South West,940.1428571428572,18082.11166701317
2020-12-16,South West,1016.1428571428572,18075.694788524164
2020-12-17,South West,1051.857142857143,18190.999243553993
2020-12-18,South West,1114.428571428571,16943.833739778544
2020-12-19,South West,1131.571428571429,24207.40390558757
2020-12-20,South West,1198.142857142857,25881.946806170516
2020-12-21,South West,1302.0,15000.034043291418
2020-12-22,South West,1387.7142857142858,14201.710460592707
2020-12-23,South West,1451.7142857142858,12828.440042492013
2020-12-24,South West,1452.857142857143,9294.9749792089
2020-12-25,South West,1353.428571428571,3558.6515794400643
2020-12-26,South West,1507.2857142857142,10012.232855694649
2020-12-27,South West,1646.571428571429,15330.965729306517
2020-12-28,South West,1714.857142857143,4678.3892076498105
2020-12-29,South West,2054.0,6226.600738723681
2020-12-30,South West,2260.285714285714,6075.448830901317
2020-12-31,South West,2475.714285714286,5162.301430400782
2021-01-01,South West,2661.428571428572,2379.0358927822413
2021-01-02,South West,2838.285714285714,8823.002235498956
2021-01-03,South West,2923.1428571428573,9613.950239016238
2021-01-04,South West,3180.285714285714,7324.359411851525
2021-01-05,South West,3147.285714285714,6682.814881286234
2021-01-06,South West,3146.285714285714,6329.2141957827025
2021-01-07,South West,3185.285714285714,6066.529578902841
2021-01-08,South West,3311.285714285714,5911.466633446201
2021-01-09,South West,3231.8571428571427,7224.082747392405
2021-01-10,South West,3136.8571428571427,7294.718694398348
2021-01-11,South West,3065.285714285714,5455.429909424051
2021-01-12,South West,2946.1428571428573,5083.054535278832
2021-01-13,South West,2900.1428571428573,4904.4731554936
2021-01-14,South West,2887.428571428572,4668.152294021374
2021-01-15,South West,2849.714285714286,4525.5206238180635
2021-01-16,South West,2740.8571428571427,5503.473257854594
2021-01-17,South West,2661.1428571428573,5608.647099006348
2021-01-18,South West,2540.714285714286,4127.969806615355
2021-01-19,South West,2452.8571428571427,3884.730606110916
2021-01-20,South West,2340.1428571428573,3727.5108451656206
2021-01-21,South West,2230.8571428571427,3635.6095749033775
2021-01-22,South West,2125.714285714286,3567.950787005887
2021-01-23,South West,2046.857142857143,4472.039259635174
2021-01-24,South West,1956.2857142857144,4147.593308502906
2021-01-25,South West,1836.571428571429,3235.7743076956017
2021-01-26,South West,1704.571428571429,3062.1254012994577
2021-01-27,South West,1637.7142857142858,3011.488522491588
2021-01-28,South West,1549.0,2890.872072978865
2021-01-29,South West,1506.857142857143,2835.7382786916028
2021-01-30,South West,1469.428571428571,3417.4902593449656
2021-01-31,South West,1447.7142857142858,3385.3550719492678
2021-02-01,South West,1336.428571428571,2593.2715367656597
2021-02-02,South West,1280.428571428571,2463.247366383991
2021-02-03,South West,1208.142857142857,2414.949131907706
2021-02-04,South West,1151.428571428571,2300.5466824575865
2021-02-05,South West,1080.857142857143,2264.565420696949
2021-02-06,South West,1034.428571428571,2846.773378845137
2021-02-07,South West,1015.5714285714286,2793.1320697692104
2021-02-08,South West,974.0,2050.926685176889
2021-02-09,South West,910.4285714285714,1964.7945598410608
2021-02-10,South West,868.8571428571429,1925.9387558606065
2021-02-11,South West,827.4285714285714,1851.4468883923605
2021-02-12,South West,795.7142857142857,1809.8417525240363
2021-02-13,South West,773.5714285714286,2219.9153552520297
2021-02-14,South West,734.7142857142857,2195.1123306181585
2021-02-15,South West,692.4285714285714,1522.9242444818888
2021-02-16,South West,668.7142857142857,1435.4697351538084
2021-02-17,South West,634.5714285714286,1381.041143771711
2021-02-18,South West,620.4285714285714,1334.2133939284286
2021-02-19,South West,596.0,1271.595641824988
2021-02-20,South West,584.4285714285714,1728.2428817126415
2021-02-21,South West,567.2857142857143,1800.0903322243296
2021-02-22,South West,544.1428571428571,1322.3439969354336
2021-02-23,South West,519.1428571428571,1267.0661248364156
2021-02-24,South West,486.1428571428572,1246.026410346544
2021-02-25,South West,442.0,1204.584720004993
2021-02-26,South West,406.0,1193.6923312579688
2021-02-27,South West,377.0,1526.8650047603971
2021-02-28,South West,360.1428571428572,1580.0719154253857
2021-03-01,South West,331.1428571428572,1132.9581595187717
2021-03-02,South West,310.7142857142857,1086.521770365794
2021-03-03,South West,293.57142857142856,1058.1870840976374
2021-03-04,South West,283.1428571428572,1027.0841708320336
2021-03-05,South West,272.0,1011.7325670923132
2021-03-06,South West,272.0,1296.8582486008459
2021-03-07,South West,271.42857142857144,1334.4708979533177
2021-03-08,South West,262.2857142857143,1010.8807978523182
2021-03-09,South West,263.57142857142856,990.3976867566806
2021-03-10,South West,260.1428571428572,961.9624565358138
2021-03-11,South West,255.28571428571428,958.6222726148106
2021-03-12,South West,258.7142857142857,958.6516550505039
2021-03-13,South West,248.0,1148.0692791185659
2021-03-14,South West,246.28571428571428,1306.9148497704807
2021-03-15,South West,242.42857142857144,936.9244324226827
2021-03-16,South West,229.42857142857144,911.7706451797546
2021-03-17,South West,228.28571428571428,907.2664525242164
2021-03-18,South West,231.0,890.6276788520486
2021-03-19,South West,224.42857142857144,881.565980941615
2021-03-20,South West,227.7142857142857,1062.5507617097385
2021-03-21,South West,228.8571428571429,1103.8646412071685
2021-03-22,South West,233.14285714285717,866.4481138359694
2021-03-23,South West,234.42857142857144,838.1263023178814
2021-03-24,South West,245.42857142857144,831.0930765393713
2021-03-25,South West,242.0,820.1297215447174
2021-03-26,South West,239.42857142857144,801.8464361403595
2021-03-27,South West,236.14285714285717,973.3167015948183
2021-03-28,South West,241.57142857142856,965.3610466788714
2021-03-29,South West,225.8571428571429,796.3114976034319
2021-03-30,South West,213.7142857142857,779.8261786496784
2021-03-31,South West,189.8571428571429,769.5118604453125
2021-04-01,South West,174.42857142857142,748.4852900024233
2021-04-02,South West,156.71428571428572,334.3788900956073
2021-04-03,South West,151.57142857142858,776.7925934280818
2021-04-04,South West,130.42857142857142,816.0334328340691
2021-04-05,South West,122.42857142857144,242.96281878724471
2021-04-06,South West,119.0,494.39414571126923
2021-04-07,South West,116.42857142857144,481.5583092056191
2021-04-08,South West,114.71428571428572,474.61185005742897
2021-04-09,South West,119.42857142857144,466.6612312476145
2021-04-10,South West,117.57142857142856,656.2443344160748
2021-04-11,South West,116.14285714285714,686.6979180843281
2021-04-12,South West,113.42857142857144,465.98238050433815
2021-04-13,South West,115.42857142857144,445.8878526431681
2021-04-14,South West,108.0,429.9827277401462
2021-04-15,South West,107.14285714285714,426.05554016698244
2021-04-16,South West,105.57142857142856,414.32286274189494
2021-04-17,South West,103.71428571428572,603.5451033953814
2021-04-18,South West,112.57142857142856,641.3242677678305
2021-04-19,South West,114.57142857142856,499.87682276111747
2021-04-20,South West,113.71428571428572,498.7545875147653
2021-04-21,South West,120.85714285714286,494.12913519640955
2021-04-22,South West,123.28571428571428,501.8635808174005
2021-04-23,South West,122.71428571428572,503.59994068619517
2021-04-24,South West,120.14285714285714,622.4833559913791
2021-04-25,South West,115.85714285714286,644.900331272102
2021-04-26,South West,114.14285714285714,514.4036486750346
2021-04-27,South West,111.85714285714286,508.96792405828063
2021-04-28,South West,111.71428571428572,496.4388698409727
2021-04-29,South West,107.57142857142856,505.31610016810316
2021-04-30,South West,103.42857142857144,504.8189665506588
2021-05-01,South West,101.85714285714286,611.5360756146838
2021-05-02,South West,94.0,642.9737056003262
2021-05-03,South West,93.85714285714286,183.17094916261118
2021-05-04,South West,95.71428571428572,465.84462010313405
2021-05-05,South West,93.57142857142856,467.0284883227216
2021-05-06,South West,92.28571428571428,468.8969141415522
2021-05-07,South West,93.85714285714286,481.1064568700992
2021-05-08,South West,96.42857142857144,553.2062995525185
2021-05-09,South West,101.71428571428572,602.802174663794
2021-05-10,South West,99.0,479.6965707886396
2021-05-11,South West,97.28571428571428,480.53484715112234
2021-05-12,South West,91.14285714285714,477.56410735135694
2021-05-13,South West,87.28571428571429,471.95211893315195
2021-05-14,South West,82.28571428571429,486.133981819908
2021-05-15,South West,81.57142857142857,582.1333214139651
2021-05-16,South West,76.57142857142857,610.3982155988206
2021-05-17,South West,76.0,501.9248205806187
2021-05-18,South West,72.14285714285714,497.177626924827
2021-05-19,South West,74.42857142857143,501.71168549456473
2021-05-20,South West,77.42857142857143,494.8249678202593
2021-05-21,South West,79.42857142857143,495.1278282742432
2021-05-22,South West,78.85714285714286,640.3596943296554
2021-05-23,South West,79.57142857142857,645.0816040861705
2021-05-24,South West,76.57142857142857,513.3214805355458
2021-05-25,South West,77.14285714285714,516.6139108064798
2021-05-26,South West,76.57142857142857,521.9089530465411
2021-05-27,South West,77.14285714285714,524.7188589381262
2021-05-28,South West,81.57142857142857,515.9258998013413
2021-05-29,South West,82.85714285714286,656.9409235103119
2021-05-30,South West,82.71428571428571,703.0742250552922
2021-05-31,South West,87.57142857142857,198.08896687976457
2021-06-01,South West,95.42857142857144,388.8481900491415
2021-06-02,South West,113.57142857142856,386.9481685545194
2021-06-03,South West,127.85714285714286,382.8763982343536
2021-06-04,South West,142.71428571428572,383.05987220504915
2021-06-05,South West,155.57142857142858,585.6205187387469
2021-06-06,South West,177.0,639.0192688239218
2021-06-07,South West,209.8571428571429,474.95052288166414
2021-06-08,South West,236.57142857142856,482.1241376842922
2021-06-09,South West,272.85714285714283,483.5413460935257
2021-06-10,South West,306.85714285714283,489.1233631374563
2021-06-11,South West,347.85714285714283,492.3889973970813
2021-06-12,South West,386.4285714285714,638.3750019101207
2021-06-13,South West,430.4285714285714,686.2598061684272
2021-06-14,South West,486.1428571428572,512.3928063536189
2021-06-15,South West,543.0,518.1302627536546
2021-06-16,South West,600.1428571428571,516.2683194409756
2021-06-17,South West,665.8571428571429,514.9872525811978
2021-06-18,South West,708.2857142857143,515.4969894760561
2021-06-19,South West,736.4285714285714,666.8366389987527
2021-06-20,South West,761.7142857142857,725.8480210149991
2021-06-21,South West,793.5714285714286,527.7968245667367
2021-06-22,South West,851.4285714285714,536.7553763635814
2021-06-23,South West,902.4285714285714,539.4235191579497
2021-06-24,South West,945.1428571428572,538.5918090262633
2021-06-25,South West,996.4285714285714,541.0013178921198
2021-06-26,South West,1064.857142857143,713.5372468950949
2021-06-27,South West,1120.142857142857,743.7822633693207
2021-06-28,South West,1242.142857142857,557.4801475251113
2021-06-29,South West,1339.571428571429,548.8704340286254
2021-06-30,South West,1433.571428571429,556.8080316068613
2021-07-01,South West,1524.571428571429,560.5942222473997
2021-07-02,South West,1601.7142857142858,559.5814288378741
2021-07-03,South West,1680.142857142857,735.4979396654793
2021-07-04,South West,1761.2857142857142,771.6915146637808
2021-07-05,South West,1817.0,576.1026677808245
2021-07-06,South West,1918.4285714285716,573.1360042049856
2021-07-07,South West,2043.571428571429,572.474626059882
2021-07-08,South West,2147.285714285714,565.8092912441907
2021-07-09,South West,2261.0,571.2610836730322
2021-07-10,South West,2328.5714285714284,752.5899076120976
2021-07-11,South West,2442.8571428571427,826.8908463919731
2021-07-12,South West,2645.0,563.5704707525217
2021-07-13,South West,2883.1428571428573,580.5792986444342
2021-07-14,South West,3190.714285714286,582.1020824494382
2021-07-15,South West,3663.714285714286,573.8178389828814
2021-07-16,South West,4039.857142857143,573.9048089045228
2021-07-17,South West,4232.142857142857,762.0938697117208
2021-07-18,South West,4356.0,826.2387722798874
2021-07-19,South West,4413.714285714285,576.8991481234184
2021-07-20,South West,4313.142857142857,568.9541426221729
2021-07-21,South West,4043.142857142857,559.9080516893098
2021-07-22,South West,3573.5714285714284,537.0123981163796
2021-07-23,South West,3204.1428571428573,531.3996677579055
2021-07-24,South West,2986.714285714286,754.7536867347042
2021-07-25,South West,2801.285714285714,831.9883487480741
2021-07-26,South West,2622.285714285714,513.570292427535
2021-07-27,South West,2535.5714285714284,499.7992563067036
2021-07-28,South West,2534.5714285714284,492.27631694297287
2021-07-29,South West,2567.5714285714284,481.69679070828226
2021-07-30,South West,2544.428571428572,468.5171000121221
2021-07-31,South West,2553.428571428572,714.809321604479
2021-08-01,South West,2560.428571428572,773.7016740814652
2021-08-02,South West,2562.714285714286,472.6116936096702
2021-08-03,South West,2606.285714285714,461.32950442233283
2021-08-04,South West,2631.1428571428573,452.4342154414055
2021-08-05,South West,2669.714285714286,433.5655833482864
2021-08-06,South West,2746.5714285714284,429.6666356667225
2021-08-07,South West,2782.0,649.7867760114744
2021-08-08,South West,2814.5714285714284,708.7024343807934
2021-08-09,South West,2874.8571428571427,435.96041885948955
2021-08-10,South West,2875.8571428571427,428.33172537406415
2021-08-11,South West,2882.1428571428573,418.01207470911953
2021-08-12,South West,2886.1428571428573,407.6205062750409
2021-08-13,South West,2870.714285714286,399.2223696159181
2021-08-14,South West,2889.285714285714,612.4120224147292
2021-08-15,South West,2916.428571428572,662.9075354433365
2021-08-16,South West,3078.5714285714284,404.5917445164424
2021-08-17,South West,3390.428571428572,392.6158827087151
2021-08-18,South West,3662.714285714286,396.1285206424569
2021-08-19,South West,3831.0,382.5497570999329
2021-08-20,South West,3942.857142857143,376.9567455386611
2021-08-21,South West,4033.285714285714,561.105812996866
2021-08-22,South West,4063.857142857143,626.14785031848
2021-08-23,South West,3989.0,383.6951076694177
2021-08-24,South West,3739.285714285714,372.00145060144246
2021-08-25,South West,3490.714285714286,366.42832669955123
2021-08-26,South West,3351.428571428572,353.40425399175257
2021-08-27,South West,3247.1428571428573,342.82534283268774
2021-08-28,South West,3150.714285714286,531.7258638221988
2021-08-29,South West,3058.5714285714284,578.4691378587677
2021-08-30,South West,2901.0,159.90811804454935
2021-08-31,South West,2927.1428571428573,327.74544179477164
2021-09-01,South West,2933.428571428572,335.37294699502144
2021-09-02,South West,2944.714285714286,340.56688012202903
2021-09-03,South West,2992.714285714286,342.7857253765715
2021-09-04,South West,3008.285714285714,498.1483026025373
2021-09-05,South West,3061.5714285714284,544.5085490811053
2021-09-06,South West,3143.428571428572,369.2817497653344
2021-09-07,South West,2893.428571428572,368.8018821357345
2021-09-08,South West,2677.714285714286,371.90000399571386
2021-09-09,South West,2534.8571428571427,372.0240494217781
2021-09-10,South West,2308.285714285714,377.74064578355984
2021-09-11,South West,2119.714285714286,508.280357267023
2021-09-12,South West,1943.7142857142856,549.3072084528795
2021-09-13,South West,1733.571428571429,392.5560550305808
2021-09-14,South West,1672.2857142857142,383.6463327609608
2021-09-15,South West,1629.142857142857,385.4680637405717
2021-09-16,South West,1541.2857142857142,376.9825233539133
2021-09-17,South West,1620.857142857143,372.8978658158461
2021-09-18,South West,1773.571428571429,499.91116406377427
2021-09-19,South West,1924.142857142857,538.8303233995998
2021-09-20,South West,1974.857142857143,389.2768884171721
2021-09-21,South West,2051.285714285714,388.5428368972
2021-09-22,South West,2135.5714285714284,400.91899279471943
2021-09-23,South West,2298.5714285714284,397.28537806329297
2021-09-24,South West,2380.285714285714,396.2407145843289
2021-09-25,South West,2413.285714285714,516.7994852228888
2021-09-26,South West,2465.714285714286,557.2255156501824
2021-09-27,South West,2564.285714285714,407.8666279378842
2021-09-28,South West,2646.1428571428573,399.121794643331
2021-09-29,South West,2672.8571428571427,401.0897178867206
2021-09-30,South West,2622.8571428571427,396.0278538926232
2021-10-01,South West,2542.8571428571427,397.26100775387243
2021-10-02,South West,2434.8571428571427,500.6892902241101
2021-10-03,South West,2369.0,552.8557789538187
2021-10-04,South West,2392.428571428572,408.8861458733387
2021-10-05,South West,2360.285714285714,403.5989225559943
2021-10-06,South West,2366.428571428572,409.4851263189941
2021-10-07,South West,2384.0,408.22369606866766
2021-10-08,South West,2459.0,408.6227202250338
2021-10-09,South West,2559.1428571428573,537.1425013575306
2021-10-10,South West,2694.428571428572,572.1127303164004
2021-10-11,South West,2882.0,428.5952816354009
2021-10-12,South West,3353.5714285714284,425.20235413613824
2021-10-13,South West,3840.857142857143,427.16569253162237
2021-10-14,South West,4274.285714285715,427.88502246192553
2021-10-15,South West,4793.714285714285,425.7295715260611
2021-10-16,South West,5204.142857142857,550.3397776811996
2021-10-17,South West,5622.714285714285,585.8139010340091
2021-10-18,South West,6098.142857142857,430.3896814658126
2021-10-19,South West,6181.571428571428,429.5247228877023
2021-10-20,South West,6261.0,430.1313983633185
2021-10-21,South West,6215.714285714285,424.5144765676109
2021-10-22,South West,5997.285714285715,411.55010434214773
2021-10-23,South West,5841.571428571428,543.6232541634552
2021-10-24,South West,5561.0,571.6093318402676
2021-10-25,South West,5230.285714285715,369.4870433560807
2021-10-26,South West,5013.857142857143,362.310938119747
2021-10-27,South West,4768.285714285715,354.68356887036487
2021-10-28,South West,4667.714285714285,346.5818599575833
2021-10-29,South West,4598.0,339.2925238957532
2021-10-30,South West,4510.285714285715,495.33447313432015
2021-10-31,South West,4471.142857142857,529.9517733023177
2021-11-01,South West,4359.142857142857,400.46458493298826
2021-11-02,South West,4209.285714285715,411.53308700229974
2021-11-03,South West,4035.857142857143,412.4367029048387
2021-11-04,South West,3841.142857142857,413.32553001093896
2021-11-05,South West,3659.714285714286,411.40644380755555
2021-11-06,South West,3543.428571428572,516.6297193955019
2021-11-07,South West,3455.428571428572,545.964068883772
2021-11-08,South West,3459.285714285714,427.72110477349327
2021-11-09,South West,3526.1428571428573,431.41920871449145
2021-11-10,South West,3659.714285714286,431.1769809686231
2021-11-11,South West,3773.0,433.5256608369213
2021-11-12,South West,3900.714285714286,428.3683385362937
2021-11-13,South West,4003.857142857143,539.7337979559389
2021-11-14,South West,4070.714285714286,575.387081181077
2021-11-15,South West,4161.142857142857,446.8221994552466
2021-11-16,South West,4245.428571428572,449.3308913979408
2021-11-17,South West,4277.0,451.99265678120435
2021-11-18,South West,4318.142857142857,452.7944005754145
2021-11-19,South West,4311.857142857143,451.93894941596034
2021-11-20,South West,4336.142857142857,557.2959684594225
2021-11-21,South West,4360.142857142857,592.1954797149401
2021-11-22,South West,4332.857142857143,464.19447918075497
2021-11-23,South West,4322.857142857143,466.1523082426423
2021-11-24,South West,4309.857142857143,466.1634692704233
2021-11-25,South West,4291.0,468.55022689968484
2021-11-26,South West,4317.714285714285,459.7456070904044
2021-11-27,South West,4278.0,571.4503019104169
2021-11-28,South West,4321.714285714285,620.009663532634
2021-11-29,South West,4430.857142857143,478.81285477677403
2021-11-30,South West,4529.428571428572,484.3398600761484
2021-12-01,South West,4639.0,484.55811894272716
2021-12-02,South West,4726.142857142857,486.6896276774183
2021-12-03,South West,4767.428571428572,481.3974992857201
2021-12-04,South West,4835.571428571428,611.0787316780885
2021-12-05,South West,4796.0,642.5683355500544
2021-12-06,South West,4761.285714285715,497.75659857862195
2021-12-07,South West,4679.428571428572,500.18832500131174
2021-12-08,South West,4610.285714285715,512.0591224994157
2021-12-09,South West,4577.285714285715,518.5953019584201
2021-12-10,South West,4546.714285714285,513.93202158586
2021-12-11,South West,4516.571428571428,658.2725429420506
2021-12-12,South West,4499.857142857143,704.9943448610771
2021-12-13,South West,4530.571428571428,526.0685863905178
2021-12-14,South West,4707.714285714285,523.5486155507314
2021-12-15,South West,5003.857142857143,522.4275425220707
2021-12-16,South West,5210.142857142857,519.9111605094032
2021-12-17,South West,5406.285714285715,508.3175885340106
2021-12-18,South West,5619.285714285715,678.2846783698392
2021-12-19,South West,5835.142857142857,736.0949233211612
2021-12-20,South West,6081.285714285715,437.7311437493861
2021-12-21,South West,6368.285714285715,417.4941744727488
2021-12-22,South West,6709.142857142857,393.0878865539868
2021-12-23,South West,7162.714285714285,343.33770198552276
2021-12-24,South West,7552.0,246.24824926094212
2021-12-25,South West,7444.857142857143,204.72437809160846
2021-12-26,South West,7795.428571428572,354.0792794026596
2021-12-27,South West,8182.142857142857,112.77060249104667
2021-12-28,South West,8662.285714285714,112.03110904195435
2021-12-29,South West,9400.714285714286,153.63198965725388
2021-12-30,South West,10067.714285714286,146.72023960758108
2021-12-31,South West,10574.0,138.2197180209336
2022-01-01,South West,11007.142857142857,185.02670881874113
2022-01-02,South West,11565.0,300.5104754211375
2022-01-03,South West,12118.142857142857,86.53116574849723
2022-01-04,South West,12909.285714285714,198.65318231327038
2022-01-05,South West,12618.42857142857,208.40420338004924
2022-01-06,South West,12197.42857142857,208.4139133898342
2022-01-07,South West,11598.0,213.14260290473734
2022-01-08,South West,11418.714285714286,264.4686148051831
2022-01-09,South West,10676.142857142857,290.43148672563666
2022-01-10,South West,9945.0,221.80972846936066
2022-01-11,South West,8640.714285714286,218.73944729813914
2022-01-12,South West,7885.285714285715,220.33922815850835
2022-01-13,South West,7254.571428571428,219.6676197307345
2022-01-14,South West,7079.0,223.322153832125
2022-01-15,South West,7027.428571428572,280.3185682424945
2022-01-16,South West,7174.857142857143,296.68633254902187
2022-01-17,South West,7333.428571428572,227.97422108509375
2022-01-18,South West,7509.142857142857,224.3136339569383
2022-01-19,South West,7763.571428571428,225.31289560900362
2022-01-20,South West,8002.571428571428,226.44040921312651
2022-01-21,South West,8208.857142857143,227.4179175724801
2022-01-22,South West,8403.0,285.4943448818063
2022-01-23,South West,8647.285714285714,303.88857339251086
2022-01-24,South West,8842.857142857143,233.60189428659973
2022-01-25,South West,9035.57142857143,231.23141671496876
2022-01-26,South West,9217.57142857143,231.7105528927043
2022-01-27,South West,9339.285714285714,231.9729068034282
2022-01-28,South West,9385.714285714286,235.0253128881382
2022-01-29,South West,9434.857142857143,293.0849775945974
2022-01-30,South West,9378.142857142857,317.4519857977591
2022-01-31,South West,9283.57142857143,242.3239009083023
2022-02-01,South West,9151.714285714286,241.74262232201525
2022-02-02,South West,8978.285714285714,244.010170175459
2022-02-03,South West,8810.142857142857,244.62383401725197
2022-02-04,South West,8600.57142857143,245.4692157244571
2022-02-05,South West,8321.857142857143,304.5377376300819
2022-02-06,South West,8011.714285714285,319.73718240517064
2022-02-07,South West,7666.571428571428,252.98349917501028
2022-02-08,South West,7352.428571428572,251.8722510739511
2022-02-09,South West,7057.714285714285,252.22140239400582
2022-02-10,South West,6702.142857142857,252.80456948154298
2022-02-11,South West,6409.571428571428,255.00162473035826
2022-02-12,South West,6206.714285714285,314.295684131909
2022-02-13,South West,5944.142857142857,326.91934784551745
2022-02-14,South West,5617.571428571428,261.7498758083927
2022-02-15,South West,5398.428571428572,259.2097703682041
2022-02-16,South West,5179.571428571428,261.4524766961562
2022-02-17,South West,5062.714285714285,264.7485926049554
2022-02-18,South West,4827.857142857143,188.4430265351774
2022-02-19,South West,4739.0,310.92616787250716
2022-02-20,South West,4576.285714285715,326.5496134832697
2022-02-21,South West,4303.714285714285,220.15929341503963
2022-02-22,South West,3993.285714285714,218.01255104445053
2022-02-23,South West,3712.142857142857,214.33462216121345
2022-02-24,South West,3473.8571428571427,209.56984298803454
2022-02-25,South West,3418.1428571428573,207.50971225502792
2022-02-26,South West,3278.714285714286,293.8798575590228
2022-02-27,South West,3207.285714285714,320.992918117386
2022-02-28,South West,3241.428571428572,245.3893511853806
2022-03-01,South West,3313.1428571428573,248.27710991187988
2022-03-02,South West,3462.0,248.73606368473287
2022-03-03,South West,3635.571428571429,251.2888149929076
2022-03-04,South West,3838.428571428572,252.94124577568968
2022-03-05,South West,4046.857142857143,313.77495023069577
2022-03-06,South West,4312.142857142857,332.41071763041924
2022-03-07,South West,4679.857142857143,262.01369786896356
2022-03-08,South West,5120.571428571428,261.9068153261568
2022-03-09,South West,5604.714285714285,262.80213010767574
2022-03-10,South West,6106.0,264.80141131338206
2022-03-11,South West,6611.428571428572,259.4738771696611
2022-03-12,South West,7050.428571428572,323.99731467369986
2022-03-13,South West,7651.857142857143,342.4597772700825
2022-03-14,South West,8377.42857142857,272.4768450792057
2022-03-15,South West,8931.285714285714,272.24328149093884
2022-03-16,South West,9401.285714285714,268.0092588413522
2022-03-17,South West,9725.714285714286,271.67682973578786
2022-03-18,South West,10001.285714285714,266.60151245752843
2022-03-19,South West,10180.714285714286,330.25085038194385
2022-03-20,South West,10352.714285714286,350.20444462852356
2022-03-21,South West,10483.142857142857,277.6997846427184
2022-03-22,South West,10598.57142857143,278.8592660986284
2022-03-23,South West,10569.857142857143,279.77775591057076
2022-03-24,South West,10486.142857142857,279.4762266148373
2022-03-25,South West,10292.42857142857,275.9214633865126
2022-03-26,South West,10145.57142857143,343.30203311222795
2022-03-27,South West,9746.714285714286,370.0995466170562
2022-03-28,South West,9360.57142857143,288.0033092672282
2022-03-29,South West,8885.42857142857,288.30302150108423
2022-03-30,South West,8434.285714285714,291.9979012484133
2022-03-31,South West,7928.428571428572,293.2026037943626
2020-09-01,West Midlands,147.28571428571428,1797.4930931020342
2020-09-02,West Midlands,178.71428571428572,1813.5303684559374
2020-09-03,West Midlands,210.8571428571429,1844.5644632793767
2020-09-04,West Midlands,250.7142857142857,1910.5893807212396
2020-09-05,West Midlands,278.85714285714283,2806.7715970366353
2020-09-06,West Midlands,311.42857142857144,3107.399095699993
2020-09-07,West Midlands,364.4285714285714,2145.878743603401
2020-09-08,West Midlands,389.1428571428572,2204.170714971804
2020-09-09,West Midlands,394.7142857142857,2259.568194833147
2020-09-10,West Midlands,397.8571428571428,2263.171371765735
2020-09-11,West Midlands,387.57142857142856,2323.155590411496
2020-09-12,West Midlands,384.8571428571428,3397.9602796831496
2020-09-13,West Midlands,370.4285714285714,3705.7783063045613
2020-09-14,West Midlands,346.2857142857143,2822.6179338031284
2020-09-15,West Midlands,335.1428571428572,2923.69450501269
2020-09-16,West Midlands,345.7142857142857,2905.886589606968
2020-09-17,West Midlands,363.0,2948.395300302101
2020-09-18,West Midlands,394.8571428571428,3057.7793645288
2020-09-19,West Midlands,437.2857142857143,4196.405660976252
2020-09-20,West Midlands,492.57142857142856,4627.9242960490465
2020-09-21,West Midlands,538.5714285714286,3490.550009992091
2020-09-22,West Midlands,575.0,3664.339797751462
2020-09-23,West Midlands,607.2857142857143,3683.5817243191004
2020-09-24,West Midlands,633.2857142857143,3768.8295152468622
2020-09-25,West Midlands,636.0,3934.769338779739
2020-09-26,West Midlands,633.4285714285714,5426.837545292856
2020-09-27,West Midlands,617.8571428571429,5960.988512854693
2020-09-28,West Midlands,625.0,4632.820489801872
2020-09-29,West Midlands,647.1428571428571,4865.828553609501
2020-09-30,West Midlands,682.8571428571429,4815.897057954399
2020-10-01,West Midlands,711.8571428571429,5107.093891561233
2020-10-02,West Midlands,761.4285714285714,5189.478342583335
2020-10-03,West Midlands,788.2857142857143,6694.948297959084
2020-10-04,West Midlands,816.1428571428571,7418.091589778771
2020-10-05,West Midlands,884.1428571428571,5951.528100186783
2020-10-06,West Midlands,950.0,6211.965939278562
2020-10-07,West Midlands,990.4285714285714,6369.345464534727
2020-10-08,West Midlands,1046.0,6476.850374861584
2020-10-09,West Midlands,1081.7142857142858,6758.572129437824
2020-10-10,West Midlands,1105.7142857142858,9040.403901041462
2020-10-11,West Midlands,1139.0,9876.543511785407
2020-10-12,West Midlands,1189.2857142857142,7755.500447989451
2020-10-13,West Midlands,1229.428571428571,8122.451555046058
2020-10-14,West Midlands,1282.571428571429,8310.379488561235
2020-10-15,West Midlands,1328.7142857142858,8482.94734806707
2020-10-16,West Midlands,1392.142857142857,8760.841080157714
2020-10-17,West Midlands,1439.142857142857,11576.593552214787
2020-10-18,West Midlands,1478.571428571429,12473.66765541502
2020-10-19,West Midlands,1578.857142857143,9940.203823858246
2020-10-20,West Midlands,1693.571428571429,10349.591358324205
2020-10-21,West Midlands,1787.857142857143,10410.895898578092
2020-10-22,West Midlands,1862.857142857143,10665.771518867045
2020-10-23,West Midlands,1921.0,10594.904084738415
2020-10-24,West Midlands,1965.142857142857,13934.011953030897
2020-10-25,West Midlands,2022.7142857142856,15267.544803439883
2020-10-26,West Midlands,2083.285714285714,9871.970773775172
2020-10-27,West Midlands,2105.1428571428573,9858.983262615473
2020-10-28,West Midlands,2152.714285714286,9808.985757038628
2020-10-29,West Midlands,2209.5714285714284,9500.946393703503
2020-10-30,West Midlands,2289.5714285714284,9672.460413610901
2020-10-31,West Midlands,2348.428571428572,14462.152648025269
2020-11-01,West Midlands,2353.8571428571427,15940.8811684177
2020-11-02,West Midlands,2505.5714285714284,12862.941938668864
2020-11-03,West Midlands,2604.1428571428573,13439.79718669731
2020-11-04,West Midlands,2631.8571428571427,13726.40398541913
2020-11-05,West Midlands,2682.285714285714,12173.832809479443
2020-11-06,West Midlands,2713.8571428571427,12063.619275757685
2020-11-07,West Midlands,2763.0,13296.6450742117
2020-11-08,West Midlands,2883.428571428572,13202.1219392814
2020-11-09,West Midlands,2924.1428571428573,12197.77809887213
2020-11-10,West Midlands,2999.8571428571427,12250.523362852931
2020-11-11,West Midlands,3118.1428571428573,12063.039632771966
2020-11-12,West Midlands,3157.714285714286,11883.525358054048
2020-11-13,West Midlands,3194.8571428571427,11852.593625471929
2020-11-14,West Midlands,3205.0,13000.189588981733
2020-11-15,West Midlands,3142.1428571428573,13325.40651288528
2020-11-16,West Midlands,3064.714285714286,11935.916746400431
2020-11-17,West Midlands,2978.428571428572,11978.192513558986
2020-11-18,West Midlands,2842.8571428571427,11815.349518098348
2020-11-19,West Midlands,2736.1428571428573,11613.845696509306
2020-11-20,West Midlands,2629.714285714286,11478.44123412731
2020-11-21,West Midlands,2520.0,13119.445243025748
2020-11-22,West Midlands,2442.285714285714,13449.231055393304
2020-11-23,West Midlands,2276.428571428572,11772.404542097216
2020-11-24,West Midlands,2130.5714285714284,11880.619767725451
2020-11-25,West Midlands,2028.7142857142856,11797.362874280352
2020-11-26,West Midlands,1930.4285714285716,11658.630622955325
2020-11-27,West Midlands,1820.571428571429,11589.731510546675
2020-11-28,West Midlands,1754.0,13087.366211870056
2020-11-29,West Midlands,1702.7142857142858,13494.910266698538
2020-11-30,West Midlands,1622.857142857143,12020.361861245627
2020-12-01,West Midlands,1551.857142857143,12316.086661470948
2020-12-02,West Midlands,1487.7142857142858,12759.47722154474
2020-12-03,West Midlands,1438.7142857142858,12521.808275365245
2020-12-04,West Midlands,1415.7142857142858,12613.77958665521
2020-12-05,West Midlands,1411.0,15779.764190653095
2020-12-06,West Midlands,1412.2857142857142,15925.216212270754
2020-12-07,West Midlands,1418.142857142857,13216.82424419714
2020-12-08,West Midlands,1446.571428571429,13703.444448853266
2020-12-09,West Midlands,1473.428571428571,13525.9965199173
2020-12-10,West Midlands,1517.857142857143,13345.926660684365
2020-12-11,West Midlands,1569.0,13417.273286860407
2020-12-12,West Midlands,1602.428571428571,16669.609531109607
2020-12-13,West Midlands,1631.142857142857,16269.834311739714
2020-12-14,West Midlands,1724.571428571429,13794.923898924619
2020-12-15,West Midlands,1801.2857142857142,14087.28283401545
2020-12-16,West Midlands,1859.0,13668.440867187222
2020-12-17,West Midlands,1927.2857142857144,13545.799949115328
2020-12-18,West Midlands,1975.857142857143,12679.241452672393
2020-12-19,West Midlands,2020.142857142857,16884.25021450802
2020-12-20,West Midlands,2151.714285714286,17768.0456837168
2020-12-21,West Midlands,2239.1428571428573,10953.346672909362
2020-12-22,West Midlands,2322.0,10419.775924803314
2020-12-23,West Midlands,2422.428571428572,8994.408250727596
2020-12-24,West Midlands,2422.1428571428573,6038.156642619802
2020-12-25,West Midlands,2267.5714285714284,2391.1503419140126
2020-12-26,West Midlands,2409.285714285714,6780.725790698274
2020-12-27,West Midlands,2546.1428571428573,10447.791300826253
2020-12-28,West Midlands,2567.1428571428573,2974.9028545106503
2020-12-29,West Midlands,3046.428571428572,4063.5881198450406
2020-12-30,West Midlands,3507.714285714286,4011.5190251819004
2020-12-31,West Midlands,3868.857142857143,3217.2832184686213
2021-01-01,West Midlands,4160.142857142857,1497.2313626666962
2021-01-02,West Midlands,4607.285714285715,5497.721324950525
2021-01-03,West Midlands,4857.285714285715,6284.254867546411
2021-01-04,West Midlands,5453.857142857143,5031.89054740658
2021-01-05,West Midlands,5430.285714285715,4724.5567819515945
2021-01-06,West Midlands,5391.714285714285,4416.106800040275
2021-01-07,West Midlands,5425.714285714285,4209.421336082786
2021-01-08,West Midlands,5665.714285714285,4082.7587148393586
2021-01-09,West Midlands,5420.714285714285,4905.368539178673
2021-01-10,West Midlands,5271.0,4892.314064472114
2021-01-11,West Midlands,5084.285714285715,3862.2287471281106
2021-01-12,West Midlands,5021.428571428572,3701.6788849621407
2021-01-13,West Midlands,4968.571428571428,3489.485480050801
2021-01-14,West Midlands,5001.428571428572,3290.045263517588
2021-01-15,West Midlands,5044.857142857143,3189.6073536635904
2021-01-16,West Midlands,4989.0,3788.482973230359
2021-01-17,West Midlands,4959.428571428572,3886.39443801604
2021-01-18,West Midlands,4872.285714285715,2984.449883224461
2021-01-19,West Midlands,4768.285714285715,2842.9577036577143
2021-01-20,West Midlands,4633.285714285715,2683.7199511459235
2021-01-21,West Midlands,4430.571428571428,2592.1079236236756
2021-01-22,West Midlands,4241.285714285715,2539.085652376612
2021-01-23,West Midlands,4087.285714285714,3005.1855744142813
2021-01-24,West Midlands,3751.0,2731.217342258601
2021-01-25,West Midlands,3451.5714285714284,2103.937365596769
2021-01-26,West Midlands,3264.5714285714284,2196.086924469576
2021-01-27,West Midlands,3089.714285714286,2158.437739576969
2021-01-28,West Midlands,3010.5714285714284,2043.025805566025
2021-01-29,West Midlands,2878.8571428571427,2003.7048242729395
2021-01-30,West Midlands,2795.714285714286,2321.650307723632
2021-01-31,West Midlands,2874.1428571428573,2421.3314674123435
2021-02-01,West Midlands,2794.0,1866.1301743165493
2021-02-02,West Midlands,2639.428571428572,1809.3978321148509
2021-02-03,West Midlands,2521.8571428571427,1741.6272531782658
2021-02-04,West Midlands,2392.5714285714284,1658.8760270969874
2021-02-05,West Midlands,2276.0,1624.532092272947
2021-02-06,West Midlands,2213.0,1975.7306907897087
2021-02-07,West Midlands,2138.285714285714,1961.2532987156196
2021-02-08,West Midlands,2031.857142857143,1490.1390852484028
2021-02-09,West Midlands,1924.2857142857144,1462.0583689431455
2021-02-10,West Midlands,1826.2857142857144,1411.065562368425
2021-02-11,West Midlands,1723.2857142857142,1358.6382969265987
2021-02-12,West Midlands,1658.7142857142858,1318.3370457120946
2021-02-13,West Midlands,1593.857142857143,1605.647700403225
2021-02-14,West Midlands,1542.142857142857,1584.7423015253455
2021-02-15,West Midlands,1512.571428571429,1143.294026820823
2021-02-16,West Midlands,1500.7142857142858,1104.9227554254585
2021-02-17,West Midlands,1469.428571428571,1051.3162177993054
2021-02-18,West Midlands,1453.571428571429,996.9725790258301
2021-02-19,West Midlands,1423.0,965.8952430938815
2021-02-20,West Midlands,1401.2857142857142,1273.6041928927505
2021-02-21,West Midlands,1392.0,1316.6643778531645
2021-02-22,West Midlands,1346.571428571429,1010.3173635220694
2021-02-23,West Midlands,1279.7142857142858,986.1523975602884
2021-02-24,West Midlands,1219.142857142857,944.4544091818191
2021-02-25,West Midlands,1142.0,908.0686951699797
2021-02-26,West Midlands,1065.7142857142858,899.1676156991164
2021-02-27,West Midlands,1002.4285714285714,1132.2123549936382
2021-02-28,West Midlands,940.4285714285714,1181.7665484722893
2021-03-01,West Midlands,847.2857142857143,869.3402154534433
2021-03-02,West Midlands,794.1428571428571,853.8157430155578
2021-03-03,West Midlands,736.1428571428571,819.4432441076117
2021-03-04,West Midlands,697.8571428571429,787.5187455400671
2021-03-05,West Midlands,667.4285714285714,782.7071585217135
2021-03-06,West Midlands,655.4285714285714,970.2359371022673
2021-03-07,West Midlands,645.4285714285714,1010.8261519680144
2021-03-08,West Midlands,626.1428571428571,785.9624568848513
2021-03-09,West Midlands,594.0,783.1004794590613
2021-03-10,West Midlands,593.7142857142857,753.6319932281965
2021-03-11,West Midlands,581.2857142857143,744.6042352282844
2021-03-12,West Midlands,580.8571428571429,743.4070863293308
2021-03-13,West Midlands,576.0,882.0592787877237
2021-03-14,West Midlands,577.7142857142857,997.8375440918336
2021-03-15,West Midlands,579.7142857142857,736.2954250726569
2021-03-16,West Midlands,583.7142857142857,721.2220429425969
2021-03-17,West Midlands,580.5714285714286,709.8155841263828
2021-03-18,West Midlands,573.7142857142857,689.6696821184595
2021-03-19,West Midlands,562.8571428571429,681.8132057439888
2021-03-20,West Midlands,563.0,814.8679936682553
2021-03-21,West Midlands,578.1428571428571,853.3192082639722
2021-03-22,West Midlands,564.8571428571429,678.9559552786119
2021-03-23,West Midlands,551.4285714285714,673.7819440000235
2021-03-24,West Midlands,551.8571428571429,654.902653036375
2021-03-25,West Midlands,557.5714285714286,637.2759819263703
2021-03-26,West Midlands,545.7142857142857,632.2346613982355
2021-03-27,West Midlands,535.1428571428571,766.2791216642461
2021-03-28,West Midlands,527.2857142857143,756.1553922045889
2021-03-29,West Midlands,488.4285714285714,629.7821535855115
2021-03-30,West Midlands,466.1428571428572,625.9210928029299
2021-03-31,West Midlands,434.1428571428572,606.7989314659719
2021-04-01,West Midlands,402.7142857142857,589.8838163254347
2021-04-02,West Midlands,375.57142857142856,286.3297150408509
2021-04-03,West Midlands,356.42857142857144,594.3862305783696
2021-04-04,West Midlands,312.7142857142857,619.8716820041477
2021-04-05,West Midlands,290.57142857142856,192.46970947009058
2021-04-06,West Midlands,274.7142857142857,387.9719527556658
2021-04-07,West Midlands,253.57142857142856,379.7248335994487
2021-04-08,West Midlands,243.14285714285717,373.2490398600723
2021-04-09,West Midlands,248.28571428571428,365.62774142564285
2021-04-10,West Midlands,244.57142857142856,500.2878794137578
2021-04-11,West Midlands,237.42857142857144,531.812929650468
2021-04-12,West Midlands,237.0,372.4211836222228
2021-04-13,West Midlands,229.8571428571429,363.0568181195437
2021-04-14,West Midlands,220.28571428571428,343.8422666699201
2021-04-15,West Midlands,210.57142857142856,336.3738921200575
2021-04-16,West Midlands,199.42857142857144,329.3958264656992
2021-04-17,West Midlands,196.14285714285717,459.52030647931736
2021-04-18,West Midlands,205.8571428571429,480.5150694842812
2021-04-19,West Midlands,204.8571428571429,391.7296012544863
2021-04-20,West Midlands,200.42857142857144,395.2221517434439
2021-04-21,West Midlands,206.8571428571429,382.61109086185945
2021-04-22,West Midlands,206.0,387.44571828367606
2021-04-23,West Midlands,201.42857142857144,387.764456426213
2021-04-24,West Midlands,195.42857142857144,468.7774796133458
2021-04-25,West Midlands,186.28571428571428,486.0117574228048
2021-04-26,West Midlands,187.57142857142856,400.6658892044223
2021-04-27,West Midlands,181.8571428571429,399.1458732689756
2021-04-28,West Midlands,176.14285714285714,387.3063282832029
2021-04-29,West Midlands,173.71428571428572,387.2708788008281
2021-04-30,West Midlands,175.28571428571428,386.0836490963269
2021-05-01,West Midlands,172.14285714285714,452.3312059908008
2021-05-02,West Midlands,161.71428571428572,468.4688425136957
2021-05-03,West Midlands,152.14285714285714,140.227341914528
2021-05-04,West Midlands,158.42857142857142,357.10456079164305
2021-05-05,West Midlands,156.28571428571428,353.00970278265163
2021-05-06,West Midlands,152.85714285714286,351.04281920263674
2021-05-07,West Midlands,144.42857142857142,362.12588560351276
2021-05-08,West Midlands,145.42857142857142,403.04735698922553
2021-05-09,West Midlands,153.28571428571428,439.8897962679021
2021-05-10,West Midlands,155.85714285714286,364.0861372743496
2021-05-11,West Midlands,147.0,367.33069159228535
2021-05-12,West Midlands,140.85714285714286,359.629998960218
2021-05-13,West Midlands,140.14285714285714,350.569741124455
2021-05-14,West Midlands,141.28571428571428,355.8184452568376
2021-05-15,West Midlands,142.0,412.3193086485138
2021-05-16,West Midlands,133.14285714285714,445.6488193726601
2021-05-17,West Midlands,134.57142857142858,370.3392779855139
2021-05-18,West Midlands,139.14285714285714,373.4703043823747
2021-05-19,West Midlands,141.42857142857142,366.2339076269564
2021-05-20,West Midlands,140.85714285714286,361.2244979910548
2021-05-21,West Midlands,144.42857142857142,361.6686169606735
2021-05-22,West Midlands,144.85714285714286,446.3301557446827
2021-05-23,West Midlands,148.71428571428572,457.47741280655146
2021-05-24,West Midlands,152.57142857142858,373.25088031331387
2021-05-25,West Midlands,161.42857142857142,381.01475037218984
2021-05-26,West Midlands,172.42857142857142,373.60010493232517
2021-05-27,West Midlands,178.28571428571428,370.68332598323303
2021-05-28,West Midlands,192.42857142857144,361.79976752736025
2021-05-29,West Midlands,204.0,431.8670299600506
2021-05-30,West Midlands,214.57142857142856,473.6205617271167
2021-05-31,West Midlands,220.14285714285717,132.95285989759483
2021-06-01,West Midlands,235.57142857142856,271.299340435859
2021-06-02,West Midlands,258.7142857142857,262.67271928786977
2021-06-03,West Midlands,285.42857142857144,255.6482147976131
2021-06-04,West Midlands,305.1428571428572,255.111360149677
2021-06-05,West Midlands,320.7142857142857,375.7797207131655
2021-06-06,West Midlands,339.0,410.4019213670869
2021-06-07,West Midlands,375.1428571428572,321.15266546090834
2021-06-08,West Midlands,399.7142857142857,331.232975300947
2021-06-09,West Midlands,420.0,324.1998472042179
2021-06-10,West Midlands,439.4285714285714,321.49316273084816
2021-06-11,West Midlands,454.2857142857143,321.80436097192813
2021-06-12,West Midlands,468.8571428571428,397.44486605753355
2021-06-13,West Midlands,490.57142857142856,427.5364897595381
2021-06-14,West Midlands,517.7142857142857,332.2892163217706
2021-06-15,West Midlands,550.2857142857143,341.88714460569
2021-06-16,West Midlands,582.4285714285714,330.3288907377787
2021-06-17,West Midlands,615.5714285714286,325.45725452002546
2021-06-18,West Midlands,650.2857142857143,325.52930093290337
2021-06-19,West Midlands,684.2857142857143,405.7175422479996
2021-06-20,West Midlands,715.4285714285714,441.519752006431
2021-06-21,West Midlands,783.0,340.4205934965233
2021-06-22,West Midlands,862.1428571428571,347.3459818309144
2021-06-23,West Midlands,954.8571428571428,338.3399755599596
2021-06-24,West Midlands,1065.0,331.20539412666733
2021-06-25,West Midlands,1157.7142857142858,330.27068615765427
2021-06-26,West Midlands,1259.7142857142858,413.84827742188605
2021-06-27,West Midlands,1376.142857142857,445.9480087071258
2021-06-28,West Midlands,1548.2857142857142,338.3444806396487
2021-06-29,West Midlands,1694.857142857143,340.1093054827245
2021-06-30,West Midlands,1850.7142857142856,334.90857885913636
2021-07-01,West Midlands,1997.0,332.9286350077296
2021-07-02,West Midlands,2143.1428571428573,333.1037582037936
2021-07-03,West Midlands,2264.428571428572,410.5550325104547
2021-07-04,West Midlands,2373.1428571428573,435.82247803661
2021-07-05,West Midlands,2478.1428571428573,340.1658369298091
2021-07-06,West Midlands,2623.0,343.44577583157235
2021-07-07,West Midlands,2765.285714285714,334.40374684037516
2021-07-08,West Midlands,2863.1428571428573,326.1020283917894
2021-07-09,West Midlands,2956.428571428572,328.8001844945913
2021-07-10,West Midlands,3040.8571428571427,412.2314731510228
2021-07-11,West Midlands,3149.428571428572,459.26746721934734
2021-07-12,West Midlands,3363.5714285714284,322.84432023658013
2021-07-13,West Midlands,3572.285714285714,339.19859825229736
2021-07-14,West Midlands,3848.857142857143,329.6724778305433
2021-07-15,West Midlands,4314.0,322.9608031533001
2021-07-16,West Midlands,4686.285714285715,318.0437090837388
2021-07-17,West Midlands,4841.142857142857,402.1876349583474
2021-07-18,West Midlands,4926.714285714285,438.2919339748967
2021-07-19,West Midlands,4913.285714285715,312.06340092646934
2021-07-20,West Midlands,4752.285714285715,310.56206332517365
2021-07-21,West Midlands,4452.0,294.3031041870202
2021-07-22,West Midlands,3938.0,273.5790415376613
2021-07-23,West Midlands,3492.5714285714284,267.2495682637635
2021-07-24,West Midlands,3224.8571428571427,377.04101809238375
2021-07-25,West Midlands,2993.8571428571427,411.57846449590033
2021-07-26,West Midlands,2717.714285714286,261.4691286586862
2021-07-27,West Midlands,2543.1428571428573,260.5332268090352
2021-07-28,West Midlands,2429.428571428572,248.18088466093553
2021-07-29,West Midlands,2353.1428571428573,241.65834045416437
2021-07-30,West Midlands,2280.285714285714,232.04063899625157
2021-07-31,West Midlands,2258.8571428571427,341.12814511899654
2021-08-01,West Midlands,2242.0,374.30848331677396
2021-08-02,West Midlands,2255.5714285714284,233.58462714669088
2021-08-03,West Midlands,2277.714285714286,233.1173237193457
2021-08-04,West Midlands,2325.0,222.3978827922715
2021-08-05,West Midlands,2407.8571428571427,212.7814313667175
2021-08-06,West Midlands,2468.714285714286,207.33135657421784
2021-08-07,West Midlands,2486.0,298.40522102293136
2021-08-08,West Midlands,2512.1428571428573,329.83003333819164
2021-08-09,West Midlands,2578.285714285714,212.92586562649117
2021-08-10,West Midlands,2614.428571428572,212.35202260719512
2021-08-11,West Midlands,2641.8571428571427,202.56727461370141
2021-08-12,West Midlands,2645.0,196.0603837008842
2021-08-13,West Midlands,2647.428571428572,190.62338596615203
2021-08-14,West Midlands,2697.428571428572,274.1650258198072
2021-08-15,West Midlands,2744.285714285714,302.04876587533545
2021-08-16,West Midlands,2745.0,192.4403320770941
2021-08-17,West Midlands,2791.428571428572,191.42625529129677
2021-08-18,West Midlands,2816.428571428572,186.87718053152892
2021-08-19,West Midlands,2831.714285714286,179.96449414259826
2021-08-20,West Midlands,2869.714285714286,175.60078334837436
2021-08-21,West Midlands,2905.5714285714284,245.56268018090105
2021-08-22,West Midlands,2916.285714285714,276.24847288553065
2021-08-23,West Midlands,2935.1428571428573,176.10050739153095
2021-08-24,West Midlands,2920.8571428571427,175.68252533669116
2021-08-25,West Midlands,2894.714285714286,167.6751706424228
2021-08-26,West Midlands,2877.714285714286,161.58873562643507
2021-08-27,West Midlands,2867.714285714286,155.22165189997818
2021-08-28,West Midlands,2815.428571428572,222.97096706584844
2021-08-29,West Midlands,2770.714285714286,245.37400636617056
2021-08-30,West Midlands,2700.5714285714284,69.70959429818004
2021-08-31,West Midlands,2773.5714285714284,150.8662509931631
2021-09-01,West Midlands,2816.0,149.63950398561514
2021-09-02,West Midlands,2852.285714285714,152.68790343973345
2021-09-03,West Midlands,2923.428571428572,152.70752232646262
2021-09-04,West Midlands,2987.285714285714,205.1800936626387
2021-09-05,West Midlands,3055.285714285714,225.37399931203478
2021-09-06,West Midlands,3185.285714285714,163.10821647005474
2021-09-07,West Midlands,3152.1428571428573,166.52960654400948
2021-09-08,West Midlands,3103.285714285714,163.14276958118896
2021-09-09,West Midlands,3072.714285714286,160.93736706728882
2021-09-10,West Midlands,2994.714285714286,161.35466676753063
2021-09-11,West Midlands,2911.8571428571427,206.9066091220469
2021-09-12,West Midlands,2830.8571428571427,226.31943217556028
2021-09-13,West Midlands,2741.0,167.5946818499021
2021-09-14,West Midlands,2674.5714285714284,166.9974461728748
2021-09-15,West Midlands,2642.428571428572,163.50589489583726
2021-09-16,West Midlands,2627.428571428572,158.5310467205154
2021-09-17,West Midlands,2654.428571428572,156.26738992722508
2021-09-18,West Midlands,2732.5714285714284,198.9311195748291
2021-09-19,West Midlands,2896.1428571428573,216.06558393250523
2021-09-20,West Midlands,3057.1428571428573,162.96647955061005
2021-09-21,West Midlands,3199.428571428572,165.82299002917327
2021-09-22,West Midlands,3338.0,164.87069457797733
2021-09-23,West Midlands,3467.5714285714284,162.01333258202018
2021-09-24,West Midlands,3544.285714285714,160.34560593806268
2021-09-25,West Midlands,3602.1428571428573,200.92777227246285
2021-09-26,West Midlands,3625.428571428572,219.20988952843507
2021-09-27,West Midlands,3630.857142857143,164.1649497284927
2021-09-28,West Midlands,3594.8571428571427,165.10334920868468
2021-09-29,West Midlands,3566.714285714286,160.34669937252812
2021-09-30,West Midlands,3534.428571428572,157.2988520621957
2021-10-01,West Midlands,3485.1428571428573,157.76429041429503
2021-10-02,West Midlands,3450.428571428572,192.1737117877308
2021-10-03,West Midlands,3459.0,213.32937437805884
2021-10-04,West Midlands,3441.285714285714,163.3698391224897
2021-10-05,West Midlands,3487.0,164.14515452958958
2021-10-06,West Midlands,3557.285714285714,161.90757084295169
2021-10-07,West Midlands,3623.857142857143,159.94364677595868
2021-10-08,West Midlands,3692.142857142857,159.5824161326454
2021-10-09,West Midlands,3720.714285714286,198.86411839468565
2021-10-10,West Midlands,3731.285714285714,215.2654575461856
2021-10-11,West Midlands,3804.0,166.79340958766443
2021-10-12,West Midlands,3863.428571428572,169.26496719495947
2021-10-13,West Midlands,3884.571428571429,165.51453214148052
2021-10-14,West Midlands,3925.428571428572,163.7962484315555
2021-10-15,West Midlands,3957.857142857143,162.70961674700106
2021-10-16,West Midlands,3995.571428571429,200.65143866941102
2021-10-17,West Midlands,4045.0,214.3528125394405
2021-10-18,West Midlands,4106.714285714285,166.95842923884783
2021-10-19,West Midlands,4146.285714285715,168.94393027184563
2021-10-20,West Midlands,4188.0,163.9543257059045
2021-10-21,West Midlands,4108.0,163.57288674219504
2021-10-22,West Midlands,4072.142857142857,158.41389789177578
2021-10-23,West Midlands,4013.428571428572,195.64609555119367
2021-10-24,West Midlands,3882.0,209.4257331215571
2021-10-25,West Midlands,3707.571428571429,138.93328714173015
2021-10-26,West Midlands,3516.428571428572,138.2698385581154
2021-10-27,West Midlands,3421.0,131.93258627603424
2021-10-28,West Midlands,3396.8571428571427,127.4146527203555
2021-10-29,West Midlands,3373.5714285714284,124.16725408244055
2021-10-30,West Midlands,3388.0,172.65215597816092
2021-10-31,West Midlands,3392.714285714286,186.58349832573555
2021-11-01,West Midlands,3419.428571428572,149.15304933942147
2021-11-02,West Midlands,3388.714285714286,154.61048195614944
2021-11-03,West Midlands,3271.428571428572,150.95159162060045
2021-11-04,West Midlands,3174.285714285714,148.74353170274358
2021-11-05,West Midlands,3048.0,148.48304528384222
2021-11-06,West Midlands,2979.8571428571427,179.05576899320351
2021-11-07,West Midlands,2946.8571428571427,191.31346901650434
2021-11-08,West Midlands,2914.0,154.22157711789683
2021-11-09,West Midlands,2952.1428571428573,158.0135932277184
2021-11-10,West Midlands,3039.8571428571427,153.530037803942
2021-11-11,West Midlands,3099.285714285714,152.8361458008088
2021-11-12,West Midlands,3195.428571428572,150.67531794558138
2021-11-13,West Midlands,3213.1428571428573,182.93125024960094
2021-11-14,West Midlands,3251.714285714286,198.40233280668195
2021-11-15,West Midlands,3315.285714285714,157.03631267025278
2021-11-16,West Midlands,3420.714285714286,160.85985652845875
2021-11-17,West Midlands,3470.5714285714284,157.80102588930032
2021-11-18,West Midlands,3538.285714285714,156.30973455601617
2021-11-19,West Midlands,3599.714285714286,155.05895494234449
2021-11-20,West Midlands,3661.714285714286,187.56931301747196
2021-11-21,West Midlands,3682.857142857143,200.2589221798111
2021-11-22,West Midlands,3678.0,160.8629134503021
2021-11-23,West Midlands,3635.0,163.87933345734274
2021-11-24,West Midlands,3617.857142857143,159.75839251835095
2021-11-25,West Midlands,3579.5714285714284,158.39353471716396
2021-11-26,West Midlands,3532.8571428571427,153.86918922418704
2021-11-27,West Midlands,3445.285714285714,181.8345578855622
2021-11-28,West Midlands,3440.1428571428573,200.27577090325656
2021-11-29,West Midlands,3470.0,155.8427384123648
2021-11-30,West Midlands,3553.0,164.85030398997168
2021-12-01,West Midlands,3589.1428571428573,160.4738910097413
2021-12-02,West Midlands,3627.714285714286,159.45480465523548
2021-12-03,West Midlands,3685.285714285714,157.8123249790266
2021-12-04,West Midlands,3793.285714285714,192.1903595909698
2021-12-05,West Midlands,3810.142857142857,207.23531228057772
2021-12-06,West Midlands,3877.0,162.69423401723404
2021-12-07,West Midlands,3882.714285714286,168.1392954002693
2021-12-08,West Midlands,3930.285714285714,166.27195958911798
2021-12-09,West Midlands,4003.0,167.1673566414901
2021-12-10,West Midlands,4047.285714285714,165.67675440769716
2021-12-11,West Midlands,4075.285714285714,203.59625633086515
2021-12-12,West Midlands,4106.571428571428,220.5821418060226
2021-12-13,West Midlands,4193.857142857143,169.55225240675603
2021-12-14,West Midlands,4390.571428571428,172.90737507318357
2021-12-15,West Midlands,4755.0,169.06681767983363
2021-12-16,West Midlands,5053.285714285715,166.22347772332876
2021-12-17,West Midlands,5335.714285714285,162.87472796194564
2021-12-18,West Midlands,5595.428571428572,209.32231767643933
2021-12-19,West Midlands,5888.285714285715,232.5328602148955
2021-12-20,West Midlands,6331.428571428572,144.93450078319194
2021-12-21,West Midlands,6926.714285714285,141.0147376731634
2021-12-22,West Midlands,7565.857142857143,129.8082682845025
2021-12-23,West Midlands,8318.714285714286,111.11307761734686
2021-12-24,West Midlands,8987.714285714286,74.21688485243551
2021-12-25,West Midlands,9066.42857142857,63.59487087359003
2021-12-26,West Midlands,9600.0,109.62861063317048
2021-12-27,West Midlands,10643.0,35.35233956724821
2021-12-28,West Midlands,11729.714285714286,36.27113210264737
2021-12-29,West Midlands,13310.714285714286,46.880308089549175
2021-12-30,West Midlands,14482.714285714286,44.01315952102252
2021-12-31,West Midlands,15209.285714285714,39.534878763099776
2022-01-01,West Midlands,15946.285714285714,51.91218337071846
2022-01-02,West Midlands,16896.428571428572,88.52334112543825
2022-01-03,West Midlands,17595.14285714286,26.22292262800798
2022-01-04,West Midlands,18712.0,63.920306140720086
2022-01-05,West Midlands,18516.571428571428,64.83288944487448
2022-01-06,West Midlands,18266.571428571428,64.32385103062549
2022-01-07,West Midlands,17779.285714285714,65.49095187211731
2022-01-08,West Midlands,17542.571428571428,78.48939066734968
2022-01-09,West Midlands,16630.0,86.87836357279612
2022-01-10,West Midlands,15601.57142857143,68.521413269832
2022-01-11,West Midlands,13676.57142857143,69.11144954871638
2022-01-12,West Midlands,12185.42857142857,67.51695864746169
2022-01-13,West Midlands,11070.714285714286,67.02807155452007
2022-01-14,West Midlands,10577.57142857143,67.23090872384837
2022-01-15,West Midlands,10411.42857142857,80.37038761455524
2022-01-16,West Midlands,10556.857142857143,88.2773519660598
2022-01-17,West Midlands,10611.0,69.57428614583151
2022-01-18,West Midlands,10660.142857142857,70.1111969781264
2022-01-19,West Midlands,10786.0,68.84550716270428
2022-01-20,West Midlands,10750.285714285714,68.1748474079579
2022-01-21,West Midlands,10752.714285714286,68.5795901184174
2022-01-22,West Midlands,10745.0,83.48916824809552
2022-01-23,West Midlands,10688.285714285714,88.77157995358739
2022-01-24,West Midlands,10442.0,71.0982553725423
2022-01-25,West Midlands,10237.857142857143,71.71045948356156
2022-01-26,West Midlands,10015.142857142857,70.0715765650104
2022-01-27,West Midlands,9822.285714285714,69.82291313676028
2022-01-28,West Midlands,9610.0,70.43911476781683
2022-01-29,West Midlands,9355.0,85.58284971938332
2022-01-30,West Midlands,9011.42857142857,91.94303266727842
2022-01-31,West Midlands,8525.285714285714,73.0890846877377
2022-02-01,West Midlands,8091.714285714285,74.77928443196002
2022-02-02,West Midlands,7672.571428571428,73.70884081694003
2022-02-03,West Midlands,7333.142857142857,73.25132499723478
2022-02-04,West Midlands,6985.428571428572,73.49203037585637
2022-02-05,West Midlands,6657.571428571428,87.50731446821601
2022-02-06,West Midlands,6224.142857142857,93.60348385059419
2022-02-07,West Midlands,5798.0,77.1550041113403
2022-02-08,West Midlands,5401.857142857143,77.94973248951933
2022-02-09,West Midlands,5036.285714285715,76.19233625260694
2022-02-10,West Midlands,4638.0,75.86638074983678
2022-02-11,West Midlands,4396.428571428572,76.28043247501637
2022-02-12,West Midlands,4194.142857142857,90.82150306179727
2022-02-13,West Midlands,3967.428571428572,96.09616391782592
2022-02-14,West Midlands,3691.714285714286,78.81860550382451
2022-02-15,West Midlands,3489.1428571428573,79.67322109598629
2022-02-16,West Midlands,3328.5714285714284,78.99065036717741
2022-02-17,West Midlands,3241.714285714286,78.71104990421416
2022-02-18,West Midlands,3119.0,72.51152376585195
2022-02-19,West Midlands,3030.714285714286,91.5437758632679
2022-02-20,West Midlands,2887.714285714286,96.22616411993671
2022-02-21,West Midlands,2702.428571428572,67.21238184470054
2022-02-22,West Midlands,2503.5714285714284,68.20533478527902
2022-02-23,West Midlands,2327.714285714286,65.58928141673829
2022-02-24,West Midlands,2176.0,63.64621843959694
2022-02-25,West Midlands,2084.0,62.553286820201734
2022-02-26,West Midlands,2025.142857142857,85.79034376107674
2022-02-27,West Midlands,1989.0,93.66198458626519
2022-02-28,West Midlands,2002.4285714285716,75.23254008375305
2022-03-01,West Midlands,2052.8571428571427,77.82891304641929
2022-03-02,West Midlands,2112.1428571428573,75.65839828184167
2022-03-03,West Midlands,2189.285714285714,75.70018809444448
2022-03-04,West Midlands,2291.8571428571427,75.9253007772753
2022-03-05,West Midlands,2386.428571428572,90.23687427790018
2022-03-06,West Midlands,2516.285714285714,97.37685546317354
2022-03-07,West Midlands,2683.714285714286,79.65245448456125
2022-03-08,West Midlands,2896.714285714286,81.13826664236139
2022-03-09,West Midlands,3115.428571428572,80.07825890931298
2022-03-10,West Midlands,3383.8571428571427,79.49249644516127
2022-03-11,West Midlands,3625.857142857143,78.3902814404472
2022-03-12,West Midlands,3864.0,94.26895900126677
2022-03-13,West Midlands,4163.428571428572,99.95746182668441
2022-03-14,West Midlands,4516.428571428572,82.81623614488058
2022-03-15,West Midlands,4808.857142857143,84.34100108927342
2022-03-16,West Midlands,5083.142857142857,82.09601481451652
2022-03-17,West Midlands,5306.714285714285,81.95884768609983
2022-03-18,West Midlands,5464.571428571428,80.5743153137306
2022-03-19,West Midlands,5626.571428571428,95.13837162643927
2022-03-20,West Midlands,5768.285714285715,101.54250064030448
2022-03-21,West Midlands,6006.0,84.458256344004
2022-03-22,West Midlands,6211.285714285715,85.91803938811549
2022-03-23,West Midlands,6377.571428571428,83.99620252074115
2022-03-24,West Midlands,6456.142857142857,83.15955684921809
2022-03-25,West Midlands,6525.285714285715,81.94170884123277
2022-03-26,West Midlands,6531.0,97.9135274082143
2022-03-27,West Midlands,6524.857142857143,105.2392764840927
2022-03-28,West Midlands,6466.285714285715,86.02105790102547
2022-03-29,West Midlands,6359.0,87.76755515547748
2022-03-30,West Midlands,6207.428571428572,86.0889427761023
2022-03-31,West Midlands,5926.0,85.39696496357395
2020-09-01,Yorkshire and The Humber,180.0,1567.033595685603
2020-09-02,Yorkshire and The Humber,217.28571428571428,1596.8378544910872
2020-09-03,Yorkshire and The Humber,237.57142857142856,1603.521365644831
2020-09-04,Yorkshire and The Humber,258.57142857142856,1638.7597514004244
2020-09-05,Yorkshire and The Humber,278.85714285714283,2461.982798774276
2020-09-06,Yorkshire and The Humber,302.2857142857143,2672.798566592038
2020-09-07,Yorkshire and The Humber,351.42857142857144,1859.0908356991467
2020-09-08,Yorkshire and The Humber,368.4285714285714,1912.2163585513688
2020-09-09,Yorkshire and The Humber,370.2857142857143,1964.7997609927347
2020-09-10,Yorkshire and The Humber,389.2857142857143,1983.644288186151
2020-09-11,Yorkshire and The Humber,401.1428571428572,2031.6834865803633
2020-09-12,Yorkshire and The Humber,401.4285714285714,2889.6137261472277
2020-09-13,Yorkshire and The Humber,400.7142857142857,3152.778471576617
2020-09-14,Yorkshire and The Humber,380.1428571428572,2427.511236337517
2020-09-15,Yorkshire and The Humber,385.57142857142856,2472.9338691879134
2020-09-16,Yorkshire and The Humber,407.7142857142857,2485.0540001666495
2020-09-17,Yorkshire and The Humber,424.1428571428572,2528.067888340413
2020-09-18,Yorkshire and The Humber,448.57142857142856,2618.3921739909792
2020-09-19,Yorkshire and The Humber,484.2857142857143,3545.50558206896
2020-09-20,Yorkshire and The Humber,537.2857142857143,3867.808432553026
2020-09-21,Yorkshire and The Humber,569.7142857142857,2959.9003712563654
2020-09-22,Yorkshire and The Humber,612.0,3038.284631731563
2020-09-23,Yorkshire and The Humber,638.0,3063.9506906335437
2020-09-24,Yorkshire and The Humber,688.1428571428571,3165.959573116163
2020-09-25,Yorkshire and The Humber,723.5714285714286,3248.3263686645228
2020-09-26,Yorkshire and The Humber,761.5714285714286,4411.3720602443345
2020-09-27,Yorkshire and The Humber,812.5714285714286,4824.266834722422
2020-09-28,Yorkshire and The Humber,932.4285714285714,3901.7933481250084
2020-09-29,Yorkshire and The Humber,1029.0,3993.627680109016
2020-09-30,Yorkshire and The Humber,1182.571428571429,3981.9424331324867
2020-10-01,Yorkshire and The Humber,1358.142857142857,4230.80158208594
2020-10-02,Yorkshire and The Humber,1560.428571428571,4389.523218962385
2020-10-03,Yorkshire and The Humber,1682.7142857142858,5465.439190281314
2020-10-04,Yorkshire and The Humber,1776.857142857143,6142.941131506822
2020-10-05,Yorkshire and The Humber,1896.4285714285716,4931.2802740281195
2020-10-06,Yorkshire and The Humber,2046.142857142857,5029.315264404601
2020-10-07,Yorkshire and The Humber,2171.428571428572,5185.66916159955
2020-10-08,Yorkshire and The Humber,2213.0,5275.771741936115
2020-10-09,Yorkshire and The Humber,2164.285714285714,5493.3921710300065
2020-10-10,Yorkshire and The Humber,2201.285714285714,7254.432893175278
2020-10-11,Yorkshire and The Humber,2194.428571428572,7865.19332950209
2020-10-12,Yorkshire and The Humber,2262.8571428571427,6234.734786209129
2020-10-13,Yorkshire and The Humber,2280.1428571428573,6380.730053373111
2020-10-14,Yorkshire and The Humber,2297.5714285714284,6558.012889430249
2020-10-15,Yorkshire and The Humber,2308.8571428571427,6710.610660349122
2020-10-16,Yorkshire and The Humber,2392.1428571428573,6982.044393902337
2020-10-17,Yorkshire and The Humber,2453.714285714286,9010.49698005253
2020-10-18,Yorkshire and The Humber,2536.8571428571427,9636.38727935429
2020-10-19,Yorkshire and The Humber,2693.0,7769.580869172836
2020-10-20,Yorkshire and The Humber,2842.8571428571427,7936.21815404744
2020-10-21,Yorkshire and The Humber,2946.285714285714,8020.326587779009
2020-10-22,Yorkshire and The Humber,3061.428571428572,8248.900355827443
2020-10-23,Yorkshire and The Humber,3139.714285714286,8294.52657914265
2020-10-24,Yorkshire and The Humber,3126.5714285714284,10658.466279723196
2020-10-25,Yorkshire and The Humber,3121.1428571428573,11697.332420330416
2020-10-26,Yorkshire and The Humber,3122.1428571428573,7731.672686837134
2020-10-27,Yorkshire and The Humber,3122.8571428571427,7584.24165714994
2020-10-28,Yorkshire and The Humber,3141.428571428572,7698.940605621379
2020-10-29,Yorkshire and The Humber,3164.0,7455.234847101627
2020-10-30,Yorkshire and The Humber,3234.428571428572,7684.738363855003
2020-10-31,Yorkshire and The Humber,3287.5714285714284,11095.425346950504
2020-11-01,Yorkshire and The Humber,3385.714285714286,12122.649994233181
2020-11-02,Yorkshire and The Humber,3508.8571428571427,9840.524868809873
2020-11-03,Yorkshire and The Humber,3566.8571428571427,10086.389066763333
2020-11-04,Yorkshire and The Humber,3552.5714285714284,10370.029422250258
2020-11-05,Yorkshire and The Humber,3574.0,9178.322219760861
2020-11-06,Yorkshire and The Humber,3601.285714285714,9064.5892912913
2020-11-07,Yorkshire and The Humber,3631.714285714286,9818.164798785445
2020-11-08,Yorkshire and The Humber,3641.285714285714,9986.25655194892
2020-11-09,Yorkshire and The Humber,3616.571428571429,9032.446136354007
2020-11-10,Yorkshire and The Humber,3587.428571428572,8963.542315280953
2020-11-11,Yorkshire and The Humber,3620.0,8819.042429023399
2020-11-12,Yorkshire and The Humber,3563.0,8811.80465112582
2020-11-13,Yorkshire and The Humber,3481.8571428571427,8756.70070452953
2020-11-14,Yorkshire and The Humber,3434.8571428571427,9427.330265509254
2020-11-15,Yorkshire and The Humber,3318.0,9666.794330303774
2020-11-16,Yorkshire and The Humber,3142.714285714286,8728.033011110656
2020-11-17,Yorkshire and The Humber,3042.428571428572,8647.002979007566
2020-11-18,Yorkshire and The Humber,2875.428571428572,8564.76095383142
2020-11-19,Yorkshire and The Humber,2716.1428571428573,8516.726032033575
2020-11-20,Yorkshire and The Humber,2550.714285714286,8453.895865637316
2020-11-21,Yorkshire and The Humber,2386.714285714286,9403.517181444382
2020-11-22,Yorkshire and The Humber,2281.1428571428573,9632.370453552703
2020-11-23,Yorkshire and The Humber,2103.428571428572,8574.70744644564
2020-11-24,Yorkshire and The Humber,1913.857142857143,8533.50176370412
2020-11-25,Yorkshire and The Humber,1774.2857142857142,8477.47617514069
2020-11-26,Yorkshire and The Humber,1673.2857142857142,8456.323760802676
2020-11-27,Yorkshire and The Humber,1580.428571428571,8422.537888199016
2020-11-28,Yorkshire and The Humber,1538.2857142857142,9308.448857508074
2020-11-29,Yorkshire and The Humber,1491.857142857143,9590.624331781446
2020-11-30,Yorkshire and The Humber,1437.7142857142858,8642.15478841116
2020-12-01,Yorkshire and The Humber,1396.857142857143,8776.060131242406
2020-12-02,Yorkshire and The Humber,1356.571428571429,9273.435433223889
2020-12-03,Yorkshire and The Humber,1321.0,9240.130083128655
2020-12-04,Yorkshire and The Humber,1283.2857142857142,9177.365275703054
2020-12-05,Yorkshire and The Humber,1253.571428571429,11250.7437542301
2020-12-06,Yorkshire and The Humber,1227.2857142857142,11431.413427181846
2020-12-07,Yorkshire and The Humber,1186.857142857143,9659.829897031528
2020-12-08,Yorkshire and The Humber,1166.428571428571,9941.411906943702
2020-12-09,Yorkshire and The Humber,1167.2857142857142,9912.003160911157
2020-12-10,Yorkshire and The Humber,1175.0,9871.992221499495
2020-12-11,Yorkshire and The Humber,1201.142857142857,9968.32624842636
2020-12-12,Yorkshire and The Humber,1210.571428571429,12031.604568413895
2020-12-13,Yorkshire and The Humber,1234.142857142857,11794.469139188783
2020-12-14,Yorkshire and The Humber,1279.428571428571,10342.730667746397
2020-12-15,Yorkshire and The Humber,1299.571428571429,10385.095847514454
2020-12-16,Yorkshire and The Humber,1281.2857142857142,10354.667151072254
2020-12-17,Yorkshire and The Humber,1276.142857142857,10376.05162096982
2020-12-18,Yorkshire and The Humber,1308.571428571429,9750.044878944134
2020-12-19,Yorkshire and The Humber,1318.142857142857,12512.98732329862
2020-12-20,Yorkshire and The Humber,1375.428571428571,13326.818400498167
2020-12-21,Yorkshire and The Humber,1414.2857142857142,8455.753059939048
2020-12-22,Yorkshire and The Humber,1472.0,8054.537836992186
2020-12-23,Yorkshire and The Humber,1532.428571428571,7184.273956130695
2020-12-24,Yorkshire and The Humber,1544.0,5088.014376560695
2020-12-25,Yorkshire and The Humber,1420.0,1953.5583390918528
2020-12-26,Yorkshire and The Humber,1514.7142857142858,5354.87133337099
2020-12-27,Yorkshire and The Humber,1593.857142857143,7980.6274244765345
2020-12-28,Yorkshire and The Humber,1612.857142857143,2747.06573025604
2020-12-29,Yorkshire and The Humber,1809.2857142857144,3502.857415333482
2020-12-30,Yorkshire and The Humber,2001.7142857142856,3432.491549207555
2020-12-31,Yorkshire and The Humber,2135.285714285714,3014.9365634531423
2021-01-01,Yorkshire and The Humber,2266.428571428572,1363.4867017782976
2021-01-02,Yorkshire and The Humber,2424.0,4696.287386237349
2021-01-03,Yorkshire and The Humber,2496.285714285714,5318.243285646447
2021-01-04,Yorkshire and The Humber,2699.285714285714,4351.583452973298
2021-01-05,Yorkshire and The Humber,2645.428571428572,4038.4590553328912
2021-01-06,Yorkshire and The Humber,2594.428571428572,3829.2967102557595
2021-01-07,Yorkshire and The Humber,2636.285714285714,3686.4026052769013
2021-01-08,Yorkshire and The Humber,2727.285714285714,3562.2959119111792
2021-01-09,Yorkshire and The Humber,2598.714285714286,4151.317855008051
2021-01-10,Yorkshire and The Humber,2498.428571428572,4168.174441635864
2021-01-11,Yorkshire and The Humber,2406.5714285714284,3424.7272297547647
2021-01-12,Yorkshire and The Humber,2361.1428571428573,3252.5126131695965
2021-01-13,Yorkshire and The Humber,2312.285714285714,3116.9175748797743
2021-01-14,Yorkshire and The Humber,2130.8571428571427,2740.266457922464
2021-01-15,Yorkshire and The Humber,2110.5714285714284,2662.8994918784715
2021-01-16,Yorkshire and The Humber,2087.8571428571427,3236.401891507068
2021-01-17,Yorkshire and The Humber,2070.285714285714,3368.665274376683
2021-01-18,Yorkshire and The Humber,2022.142857142857,2708.3611323157957
2021-01-19,Yorkshire and The Humber,1985.571428571429,2557.9017209369945
2021-01-20,Yorkshire and The Humber,1964.7142857142856,2466.7429296823934
2021-01-21,Yorkshire and The Humber,2056.0,2401.165168523568
2021-01-22,Yorkshire and The Humber,2011.0,2371.839083937012
2021-01-23,Yorkshire and The Humber,1960.4285714285716,2750.8270325014123
2021-01-24,Yorkshire and The Humber,1914.7142857142856,2742.5510775616676
2021-01-25,Yorkshire and The Humber,1835.2857142857144,2219.1944249250573
2021-01-26,Yorkshire and The Humber,1758.428571428571,2115.0237609599826
2021-01-27,Yorkshire and The Humber,1714.428571428571,2079.1467176698725
2021-01-28,Yorkshire and The Humber,1680.0,1977.7767343338319
2021-01-29,Yorkshire and The Humber,1655.571428571429,1957.8786809888331
2021-01-30,Yorkshire and The Humber,1642.571428571429,2287.152253207144
2021-01-31,Yorkshire and The Humber,1632.7142857142858,2343.683490324586
2021-02-01,Yorkshire and The Humber,1593.2857142857142,1863.5347928147914
2021-02-02,Yorkshire and The Humber,1487.7142857142858,1587.455521191311
2021-02-03,Yorkshire and The Humber,1480.571428571429,1715.6674086602602
2021-02-04,Yorkshire and The Humber,1476.2857142857142,1666.9882150262495
2021-02-05,Yorkshire and The Humber,1460.571428571429,1635.1076917120708
2021-02-06,Yorkshire and The Humber,1441.0,1882.7025745120723
2021-02-07,Yorkshire and The Humber,1425.0,1867.5933177408615
2021-02-08,Yorkshire and The Humber,1377.2857142857142,1440.4734871448225
2021-02-09,Yorkshire and The Humber,1422.142857142857,1398.8291616362615
2021-02-10,Yorkshire and The Humber,1349.142857142857,1391.533425521594
2021-02-11,Yorkshire and The Humber,1301.571428571429,1368.8783718607995
2021-02-12,Yorkshire and The Humber,1274.857142857143,1330.6672509375164
2021-02-13,Yorkshire and The Humber,1247.142857142857,1550.037841634571
2021-02-14,Yorkshire and The Humber,1222.0,1535.365056836388
2021-02-15,Yorkshire and The Humber,1224.2857142857142,1140.4941808012215
2021-02-16,Yorkshire and The Humber,1229.142857142857,1090.498474734078
2021-02-17,Yorkshire and The Humber,1238.0,1055.3183905342346
2021-02-18,Yorkshire and The Humber,1252.2857142857142,1004.7379672228698
2021-02-19,Yorkshire and The Humber,1256.142857142857,974.8989414715684
2021-02-20,Yorkshire and The Humber,1260.857142857143,1272.591529494034
2021-02-21,Yorkshire and The Humber,1256.571428571429,1294.0724048312009
2021-02-22,Yorkshire and The Humber,1231.2857142857142,1020.4893063273157
2021-02-23,Yorkshire and The Humber,1194.7142857142858,984.4831313099528
2021-02-24,Yorkshire and The Humber,1157.142857142857,964.2715341346284
2021-02-25,Yorkshire and The Humber,1100.0,932.96310949307
2021-02-26,Yorkshire and The Humber,1045.2857142857142,920.614538080047
2021-02-27,Yorkshire and The Humber,995.0,1128.6744480447833
2021-02-28,Yorkshire and The Humber,942.1428571428572,1151.3471261913485
2021-03-01,Yorkshire and The Humber,904.8571428571428,884.4968412951716
2021-03-02,Yorkshire and The Humber,877.2857142857143,863.7028237269021
2021-03-03,Yorkshire and The Humber,848.7142857142857,838.4175852469938
2021-03-04,Yorkshire and The Humber,823.2857142857143,813.874820460755
2021-03-05,Yorkshire and The Humber,812.2857142857143,807.4230595391244
2021-03-06,Yorkshire and The Humber,818.5714285714286,977.9634311522203
2021-03-07,Yorkshire and The Humber,815.2857142857143,999.4992608080374
2021-03-08,Yorkshire and The Humber,815.8571428571429,808.2960497507381
2021-03-09,Yorkshire and The Humber,822.5714285714286,798.8290315854739
2021-03-10,Yorkshire and The Humber,833.1428571428571,775.7620887389154
2021-03-11,Yorkshire and The Humber,852.1428571428571,770.2555245266469
2021-03-12,Yorkshire and The Humber,864.5714285714286,769.1497175199198
2021-03-13,Yorkshire and The Humber,865.4285714285714,885.5076234314516
2021-03-14,Yorkshire and The Humber,881.7142857142857,999.0704535427335
2021-03-15,Yorkshire and The Humber,886.1428571428571,758.5687136516993
2021-03-16,Yorkshire and The Humber,877.0,738.1921115548814
2021-03-17,Yorkshire and The Humber,875.5714285714286,734.2420230544335
2021-03-18,Yorkshire and The Humber,873.0,719.7806495141914
2021-03-19,Yorkshire and The Humber,876.7142857142857,719.9473704526715
2021-03-20,Yorkshire and The Humber,880.8571428571429,840.0891382624463
2021-03-21,Yorkshire and The Humber,902.5714285714286,855.3359498535065
2021-03-22,Yorkshire and The Humber,916.2857142857144,712.0724176375186
2021-03-23,Yorkshire and The Humber,925.2857142857144,693.7236451243813
2021-03-24,Yorkshire and The Humber,935.7142857142856,684.7568378506282
2021-03-25,Yorkshire and The Humber,938.4285714285714,673.6448518556243
2021-03-26,Yorkshire and The Humber,917.7142857142856,664.1774226831764
2021-03-27,Yorkshire and The Humber,905.8571428571428,773.5616208255941
2021-03-28,Yorkshire and The Humber,906.7142857142856,773.9159586155455
2021-03-29,Yorkshire and The Humber,833.7142857142857,603.927176508123
2021-03-30,Yorkshire and The Humber,784.2857142857143,583.8323680120849
2021-03-31,Yorkshire and The Humber,732.8571428571429,568.8983195782912
2021-04-01,Yorkshire and The Humber,686.4285714285714,544.9155920648944
2021-04-02,Yorkshire and The Humber,645.5714285714286,289.55606314125225
2021-04-03,Yorkshire and The Humber,622.5714285714286,588.1708837078088
2021-04-04,Yorkshire and The Humber,567.4285714285714,612.8826503610393
2021-04-05,Yorkshire and The Humber,553.1428571428571,208.8444110970107
2021-04-06,Yorkshire and The Humber,533.8571428571429,411.5802811679368
2021-04-07,Yorkshire and The Humber,520.8571428571429,404.11392804467647
2021-04-08,Yorkshire and The Humber,511.2857142857143,396.49843909473395
2021-04-09,Yorkshire and The Humber,513.1428571428571,389.53532192869045
2021-04-10,Yorkshire and The Humber,509.8571428571428,517.1339118210471
2021-04-11,Yorkshire and The Humber,500.7142857142857,530.1169957603962
2021-04-12,Yorkshire and The Humber,495.0,435.7429121249893
2021-04-13,Yorkshire and The Humber,476.2857142857143,429.14987691794505
2021-04-14,Yorkshire and The Humber,445.4285714285714,421.8338925430647
2021-04-15,Yorkshire and The Humber,420.57142857142856,422.8813631167711
2021-04-16,Yorkshire and The Humber,406.2857142857143,419.8553930458787
2021-04-17,Yorkshire and The Humber,376.57142857142856,510.00525455831007
2021-04-18,Yorkshire and The Humber,368.8571428571428,529.5427463010232
2021-04-19,Yorkshire and The Humber,359.0,445.2220949550374
2021-04-20,Yorkshire and The Humber,362.2857142857143,447.1620347191239
2021-04-21,Yorkshire and The Humber,366.8571428571428,443.12604773990955
2021-04-22,Yorkshire and The Humber,372.2857142857143,450.42955825781627
2021-04-23,Yorkshire and The Humber,361.1428571428572,450.8455770063687
2021-04-24,Yorkshire and The Humber,362.0,526.1166013366081
2021-04-25,Yorkshire and The Humber,357.1428571428572,536.6178486228945
2021-04-26,Yorkshire and The Humber,356.85714285714283,462.5894473992866
2021-04-27,Yorkshire and The Humber,343.7142857142857,456.310326716974
2021-04-28,Yorkshire and The Humber,349.7142857142857,456.1198400154541
2021-04-29,Yorkshire and The Humber,349.1428571428572,455.39936549904667
2021-04-30,Yorkshire and The Humber,348.85714285714283,455.68176678324886
2021-05-01,Yorkshire and The Humber,349.1428571428572,518.3248805730467
2021-05-02,Yorkshire and The Humber,336.1428571428572,524.8027457117698
2021-05-03,Yorkshire and The Humber,326.1428571428572,171.1892015734821
2021-05-04,Yorkshire and The Humber,334.1428571428572,417.50535563517684
2021-05-05,Yorkshire and The Humber,328.1428571428572,422.26169385168845
2021-05-06,Yorkshire and The Humber,315.57142857142856,422.60210761650876
2021-05-07,Yorkshire and The Humber,313.2857142857143,430.06244285095636
2021-05-08,Yorkshire and The Humber,311.85714285714283,466.9977319456624
2021-05-09,Yorkshire and The Humber,323.85714285714283,507.703586940468
2021-05-10,Yorkshire and The Humber,328.85714285714283,435.44587404955695
2021-05-11,Yorkshire and The Humber,318.1428571428572,437.0645592093603
2021-05-12,Yorkshire and The Humber,308.42857142857144,432.05480153297754
2021-05-13,Yorkshire and The Humber,305.2857142857143,431.21093973694315
2021-05-14,Yorkshire and The Humber,293.57142857142856,435.09630948761475
2021-05-15,Yorkshire and The Humber,286.85714285714283,494.9434137756119
2021-05-16,Yorkshire and The Humber,279.2857142857143,520.647508737943
2021-05-17,Yorkshire and The Humber,274.2857142857143,454.14008635394504
2021-05-18,Yorkshire and The Humber,279.1428571428572,454.4944072726878
2021-05-19,Yorkshire and The Humber,286.2857142857143,454.92726961133775
2021-05-20,Yorkshire and The Humber,284.2857142857143,452.26076391007877
2021-05-21,Yorkshire and The Humber,297.42857142857144,454.8711197014994
2021-05-22,Yorkshire and The Humber,303.1428571428572,544.4683302221954
2021-05-23,Yorkshire and The Humber,304.1428571428572,557.6560833914742
2021-05-24,Yorkshire and The Humber,302.1428571428572,470.7934050517085
2021-05-25,Yorkshire and The Humber,302.0,472.1092221802534
2021-05-26,Yorkshire and The Humber,299.57142857142856,472.0696436617698
2021-05-27,Yorkshire and The Humber,311.0,480.476816333355
2021-05-28,Yorkshire and The Humber,311.42857142857144,475.05986928933055
2021-05-29,Yorkshire and The Humber,314.57142857142856,554.9056008630375
2021-05-30,Yorkshire and The Humber,322.2857142857143,590.5538384290771
2021-05-31,Yorkshire and The Humber,320.85714285714283,184.21076839006895
2021-06-01,Yorkshire and The Humber,342.0,359.24283939033415
2021-06-02,Yorkshire and The Humber,354.7142857142857,354.8781002721011
2021-06-03,Yorkshire and The Humber,380.1428571428572,351.1290309882678
2021-06-04,Yorkshire and The Humber,410.1428571428572,350.1395014716207
2021-06-05,Yorkshire and The Humber,438.7142857142857,500.0484795311314
2021-06-06,Yorkshire and The Humber,465.57142857142856,521.667199735046
2021-06-07,Yorkshire and The Humber,524.7142857142857,431.9628305276174
2021-06-08,Yorkshire and The Humber,557.0,440.36796953621155
2021-06-09,Yorkshire and The Humber,599.0,442.3291163558912
2021-06-10,Yorkshire and The Humber,623.2857142857143,446.04011615344643
2021-06-11,Yorkshire and The Humber,645.7142857142857,452.4818293605551
2021-06-12,Yorkshire and The Humber,661.5714285714286,541.2687163103885
2021-06-13,Yorkshire and The Humber,678.0,569.9326328907214
2021-06-14,Yorkshire and The Humber,708.8571428571429,462.4976659168937
2021-06-15,Yorkshire and The Humber,732.4285714285714,475.43006896167753
2021-06-16,Yorkshire and The Humber,771.0,470.52040389750647
2021-06-17,Yorkshire and The Humber,821.5714285714286,468.14187719661385
2021-06-18,Yorkshire and The Humber,876.4285714285714,473.6363380192479
2021-06-19,Yorkshire and The Humber,915.5714285714286,566.5880477907904
2021-06-20,Yorkshire and The Humber,965.5714285714286,607.1927424120087
2021-06-21,Yorkshire and The Humber,1045.0,488.8747285111545
2021-06-22,Yorkshire and The Humber,1149.571428571429,497.8613034143185
2021-06-23,Yorkshire and The Humber,1267.2857142857142,495.1580937830474
2021-06-24,Yorkshire and The Humber,1382.142857142857,492.98045486788317
2021-06-25,Yorkshire and The Humber,1493.428571428571,488.83704150707285
2021-06-26,Yorkshire and The Humber,1602.857142857143,599.9096717904586
2021-06-27,Yorkshire and The Humber,1743.7142857142858,628.4956124374852
2021-06-28,Yorkshire and The Humber,1943.7142857142856,509.35414367313325
2021-06-29,Yorkshire and The Humber,2126.0,505.40810556195447
2021-06-30,Yorkshire and The Humber,2283.0,504.8381974571444
2021-07-01,Yorkshire and The Humber,2440.1428571428573,507.1975622903849
2021-07-02,Yorkshire and The Humber,2556.5714285714284,512.8268218455975
2021-07-03,Yorkshire and The Humber,2681.428571428572,616.176714977023
2021-07-04,Yorkshire and The Humber,2807.0,647.0304313707463
2021-07-05,Yorkshire and The Humber,2954.714285714286,522.561321933509
2021-07-06,Yorkshire and The Humber,3136.285714285714,522.3914139347393
2021-07-07,Yorkshire and The Humber,3376.0,518.8062382167132
2021-07-08,Yorkshire and The Humber,3489.1428571428573,513.24636305635
2021-07-09,Yorkshire and The Humber,3629.857142857143,518.5029522009512
2021-07-10,Yorkshire and The Humber,3726.714285714286,636.3879335186375
2021-07-11,Yorkshire and The Humber,3806.571428571429,691.2089852112789
2021-07-12,Yorkshire and The Humber,3963.142857142857,505.72094431911495
2021-07-13,Yorkshire and The Humber,4128.428571428572,524.4984685984207
2021-07-14,Yorkshire and The Humber,4315.285714285715,522.2138409945175
2021-07-15,Yorkshire and The Humber,4696.285714285715,517.3448837302626
2021-07-16,Yorkshire and The Humber,5007.285714285715,518.0462432277261
2021-07-17,Yorkshire and The Humber,5115.142857142857,635.3023581566073
2021-07-18,Yorkshire and The Humber,5182.142857142857,674.6483831756735
2021-07-19,Yorkshire and The Humber,5211.428571428572,521.9620403627691
2021-07-20,Yorkshire and The Humber,5058.142857142857,514.1424499899895
2021-07-21,Yorkshire and The Humber,4742.0,508.0985921102236
2021-07-22,Yorkshire and The Humber,4289.0,500.2277596967617
2021-07-23,Yorkshire and The Humber,3855.142857142857,494.0910484802528
2021-07-24,Yorkshire and The Humber,3634.571428571429,645.1969358102751
2021-07-25,Yorkshire and The Humber,3401.428571428572,696.043294106166
2021-07-26,Yorkshire and The Humber,3121.5714285714284,464.8990485179079
2021-07-27,Yorkshire and The Humber,2972.285714285714,460.0018779685468
2021-07-28,Yorkshire and The Humber,2908.5714285714284,443.7712135323413
2021-07-29,Yorkshire and The Humber,2907.0,436.45705285441613
2021-07-30,Yorkshire and The Humber,2908.0,423.4680557422105
2021-07-31,Yorkshire and The Humber,2902.1428571428573,603.9522069539448
2021-08-01,Yorkshire and The Humber,2913.714285714286,635.1825997520837
2021-08-02,Yorkshire and The Humber,2922.714285714286,425.37059891575916
2021-08-03,Yorkshire and The Humber,2934.714285714286,416.44963319589516
2021-08-04,Yorkshire and The Humber,2983.714285714286,405.4177520430824
2021-08-05,Yorkshire and The Humber,3002.1428571428573,395.5115013419324
2021-08-06,Yorkshire and The Humber,3041.5714285714284,388.35469148265963
2021-08-07,Yorkshire and The Humber,3056.0,546.2825190739103
2021-08-08,Yorkshire and The Humber,3065.428571428572,583.1620652172589
2021-08-09,Yorkshire and The Humber,3080.0,394.97184870703177
2021-08-10,Yorkshire and The Humber,3090.428571428572,387.8031868549935
2021-08-11,Yorkshire and The Humber,3033.285714285714,377.9382137407721
2021-08-12,Yorkshire and The Humber,3001.714285714286,369.8662058837032
2021-08-13,Yorkshire and The Humber,2983.1428571428573,363.63383917884204
2021-08-14,Yorkshire and The Humber,2979.1428571428573,506.5598989688838
2021-08-15,Yorkshire and The Humber,2992.714285714286,543.2721970348072
2021-08-16,Yorkshire and The Humber,2979.714285714286,367.4937084520067
2021-08-17,Yorkshire and The Humber,2928.285714285714,357.1969515451876
2021-08-18,Yorkshire and The Humber,2935.1428571428573,358.1160833098657
2021-08-19,Yorkshire and The Humber,2927.428571428572,349.8610097459129
2021-08-20,Yorkshire and The Humber,2888.428571428572,345.31636217260996
2021-08-21,Yorkshire and The Humber,2875.428571428572,473.7947810801744
2021-08-22,Yorkshire and The Humber,2876.428571428572,514.8573683204074
2021-08-23,Yorkshire and The Humber,2888.8571428571427,348.8236221333294
2021-08-24,Yorkshire and The Humber,2898.0,339.606889272761
2021-08-25,Yorkshire and The Humber,2847.285714285714,333.2968421296668
2021-08-26,Yorkshire and The Humber,2805.285714285714,323.9533422482135
2021-08-27,Yorkshire and The Humber,2803.285714285714,313.3658324146357
2021-08-28,Yorkshire and The Humber,2794.714285714286,444.0709546589448
2021-08-29,Yorkshire and The Humber,2767.285714285714,471.5786887649306
2021-08-30,Yorkshire and The Humber,2701.1428571428573,147.10952829943898
2021-08-31,Yorkshire and The Humber,2813.428571428572,297.3267808497638
2021-09-01,Yorkshire and The Humber,2885.285714285714,302.6961565188557
2021-09-02,Yorkshire and The Humber,2952.0,303.8295813063791
2021-09-03,Yorkshire and The Humber,3037.0,305.0726073891155
2021-09-04,Yorkshire and The Humber,3086.1428571428573,405.3343925073441
2021-09-05,Yorkshire and The Humber,3141.0,440.29090219884114
2021-09-06,Yorkshire and The Humber,3261.285714285714,328.4220054091025
2021-09-07,Yorkshire and The Humber,3183.714285714286,329.5606976803284
2021-09-08,Yorkshire and The Humber,3132.714285714286,333.05301248167416
2021-09-09,Yorkshire and The Humber,3047.428571428572,333.69911549272285
2021-09-10,Yorkshire and The Humber,2935.1428571428573,338.2670111349721
2021-09-11,Yorkshire and The Humber,2845.5714285714284,420.27890716077405
2021-09-12,Yorkshire and The Humber,2760.428571428572,443.05205605111956
2021-09-13,Yorkshire and The Humber,2635.428571428572,346.60028542141316
2021-09-14,Yorkshire and The Humber,2519.0,339.6739253913342
2021-09-15,Yorkshire and The Humber,2429.428571428572,342.769745137499
2021-09-16,Yorkshire and The Humber,2421.0,336.06950710107503
2021-09-17,Yorkshire and The Humber,2450.8571428571427,336.24032781629876
2021-09-18,Yorkshire and The Humber,2527.714285714286,418.3208293145287
2021-09-19,Yorkshire and The Humber,2659.285714285714,440.08101778913453
2021-09-20,Yorkshire and The Humber,2811.0,347.8289256442767
2021-09-21,Yorkshire and The Humber,3002.714285714286,348.0223381960891
2021-09-22,Yorkshire and The Humber,3191.5714285714284,355.4439854044893
2021-09-23,Yorkshire and The Humber,3316.714285714286,355.89568735249577
2021-09-24,Yorkshire and The Humber,3377.1428571428573,355.30901574195383
2021-09-25,Yorkshire and The Humber,3426.714285714286,430.99680827321174
2021-09-26,Yorkshire and The Humber,3463.714285714286,459.61628569635786
2021-09-27,Yorkshire and The Humber,3478.8571428571427,361.88524004673417
2021-09-28,Yorkshire and The Humber,3445.8571428571427,362.5322012499339
2021-09-29,Yorkshire and The Humber,3428.714285714286,359.5628307632703
2021-09-30,Yorkshire and The Humber,3384.714285714286,356.5316052893651
2021-10-01,Yorkshire and The Humber,3355.5714285714284,361.77307534522254
2021-10-02,Yorkshire and The Humber,3312.428571428572,429.6616727126406
2021-10-03,Yorkshire and The Humber,3295.1428571428573,461.3899920315638
2021-10-04,Yorkshire and The Humber,3317.8571428571427,372.18995537336394
2021-10-05,Yorkshire and The Humber,3340.1428571428573,365.28848760851895
2021-10-06,Yorkshire and The Humber,3384.714285714286,371.03125824431555
2021-10-07,Yorkshire and The Humber,3478.428571428572,371.8514097371361
2021-10-08,Yorkshire and The Humber,3560.1428571428573,372.97741891631983
2021-10-09,Yorkshire and The Humber,3649.285714285714,451.6470104341948
2021-10-10,Yorkshire and The Humber,3714.142857142857,473.19718759871716
2021-10-11,Yorkshire and The Humber,3809.142857142857,385.6049238634904
2021-10-12,Yorkshire and The Humber,3893.571428571429,386.44350962503046
2021-10-13,Yorkshire and The Humber,3937.571428571429,386.15664198291654
2021-10-14,Yorkshire and The Humber,3964.857142857143,389.45426816884674
2021-10-15,Yorkshire and The Humber,3971.571428571429,390.60129251814396
2021-10-16,Yorkshire and The Humber,3962.142857142857,465.8240681789219
2021-10-17,Yorkshire and The Humber,3938.571428571429,484.12142289562195
2021-10-18,Yorkshire and The Humber,3884.571428571429,396.27097625637714
2021-10-19,Yorkshire and The Humber,3847.0,393.996588854983
2021-10-20,Yorkshire and The Humber,3834.142857142857,393.0508581664348
2021-10-21,Yorkshire and The Humber,3782.142857142857,396.4878460129756
2021-10-22,Yorkshire and The Humber,3724.428571428572,392.89103057689647
2021-10-23,Yorkshire and The Humber,3676.571428571429,473.62853754799687
2021-10-24,Yorkshire and The Humber,3618.428571428572,493.1393154232808
2021-10-25,Yorkshire and The Humber,3514.5714285714284,341.69737450542954
2021-10-26,Yorkshire and The Humber,3438.428571428572,338.3854879674431
2021-10-27,Yorkshire and The Humber,3353.0,330.88187651231823
2021-10-28,Yorkshire and The Humber,3344.428571428572,322.95647428447484
2021-10-29,Yorkshire and The Humber,3404.8571428571427,317.14787053753355
2021-10-30,Yorkshire and The Humber,3419.428571428572,429.25935236208664
2021-10-31,Yorkshire and The Humber,3403.0,448.13842770941915
2021-11-01,Yorkshire and The Humber,3400.285714285714,374.6612876453838
2021-11-02,Yorkshire and The Humber,3349.5714285714284,383.88663216908697
2021-11-03,Yorkshire and The Humber,3282.714285714286,382.5270748641997
2021-11-04,Yorkshire and The Humber,3172.0,385.7520118003459
2021-11-05,Yorkshire and The Humber,3011.714285714286,386.14909087276504
2021-11-06,Yorkshire and The Humber,2909.1428571428573,454.11153459847753
2021-11-07,Yorkshire and The Humber,2833.714285714286,475.0264102045591
2021-11-08,Yorkshire and The Humber,2770.0,401.12063574550655
2021-11-09,Yorkshire and The Humber,2780.8571428571427,404.5957120500967
2021-11-10,Yorkshire and The Humber,2796.1428571428573,402.9916159415118
2021-11-11,Yorkshire and The Humber,2837.0,406.78593633941915
2021-11-12,Yorkshire and The Humber,2918.714285714286,404.1539162094288
2021-11-13,Yorkshire and The Humber,2966.8571428571427,475.96241881905576
2021-11-14,Yorkshire and The Humber,3034.714285714286,501.6042313006038
2021-11-15,Yorkshire and The Humber,3101.714285714286,420.35636646862525
2021-11-16,Yorkshire and The Humber,3109.714285714286,423.2108757544291
2021-11-17,Yorkshire and The Humber,3136.5714285714284,425.0504214751293
2021-11-18,Yorkshire and The Humber,3142.8571428571427,427.17396253985896
2021-11-19,Yorkshire and The Humber,3119.428571428572,425.1788478948894
2021-11-20,Yorkshire and The Humber,3101.714285714286,497.6524964643914
2021-11-21,Yorkshire and The Humber,3047.5714285714284,517.2524400840621
2021-11-22,Yorkshire and The Humber,2989.714285714286,439.402591750727
2021-11-23,Yorkshire and The Humber,2980.5714285714284,443.86545280865477
2021-11-24,Yorkshire and The Humber,2945.1428571428573,443.6458054457379
2021-11-25,Yorkshire and The Humber,2899.5714285714284,442.6560458608378
2021-11-26,Yorkshire and The Humber,2865.1428571428573,438.50700058631367
2021-11-27,Yorkshire and The Humber,2791.285714285714,487.5586296310583
2021-11-28,Yorkshire and The Humber,2792.1428571428573,529.3196529692403
2021-11-29,Yorkshire and The Humber,2824.0,437.24347065604724
2021-11-30,Yorkshire and The Humber,2867.285714285714,452.32589320177397
2021-12-01,Yorkshire and The Humber,2908.428571428572,450.0694151920723
2021-12-02,Yorkshire and The Humber,2934.5714285714284,451.52204517238664
2021-12-03,Yorkshire and The Humber,2955.428571428572,450.9375559108508
2021-12-04,Yorkshire and The Humber,3012.8571428571427,528.4752192872836
2021-12-05,Yorkshire and The Humber,3023.0,553.7433630422671
2021-12-06,Yorkshire and The Humber,2996.714285714286,457.07342837731744
2021-12-07,Yorkshire and The Humber,2933.285714285714,469.19843594683016
2021-12-08,Yorkshire and The Humber,2910.0,473.41381229883444
2021-12-09,Yorkshire and The Humber,2921.1428571428573,479.9017139106354
2021-12-10,Yorkshire and The Humber,2915.285714285714,482.38477453805353
2021-12-11,Yorkshire and The Humber,2948.5714285714284,566.9981431922677
2021-12-12,Yorkshire and The Humber,2983.5714285714284,604.736318155588
2021-12-13,Yorkshire and The Humber,3080.0,490.0794227210171
2021-12-14,Yorkshire and The Humber,3322.285714285714,495.2243391319079
2021-12-15,Yorkshire and The Humber,3673.142857142857,496.0719208082074
2021-12-16,Yorkshire and The Humber,3973.428571428572,496.27834441659235
2021-12-17,Yorkshire and The Humber,4251.285714285715,484.61795130947854
2021-12-18,Yorkshire and The Humber,4529.0,593.0522525129397
2021-12-19,Yorkshire and The Humber,4810.428571428572,634.2279360418031
2021-12-20,Yorkshire and The Humber,5295.0,429.786594290911
2021-12-21,Yorkshire and The Humber,5889.142857142857,412.3519131598884
2021-12-22,Yorkshire and The Humber,6578.428571428572,384.770331422352
2021-12-23,Yorkshire and The Humber,7389.714285714285,341.5651441027056
2021-12-24,Yorkshire and The Humber,8131.0,240.11495991297025
2021-12-25,Yorkshire and The Humber,8225.857142857143,185.64685603457207
2021-12-26,Yorkshire and The Humber,8825.57142857143,311.4421188557142
2021-12-27,Yorkshire and The Humber,9745.57142857143,115.33665230485778
2021-12-28,Yorkshire and The Humber,10886.142857142857,112.23673170924735
2021-12-29,Yorkshire and The Humber,12681.0,151.29749665502482
2021-12-30,Yorkshire and The Humber,14028.42857142857,144.4288231292216
2021-12-31,Yorkshire and The Humber,14988.857142857143,134.03513572810073
2022-01-01,Yorkshire and The Humber,15855.142857142857,155.70509496377062
2022-01-02,Yorkshire and The Humber,16930.714285714286,259.24885222140057
2022-01-03,Yorkshire and The Humber,18226.42857142857,85.00504406572313
2022-01-04,Yorkshire and The Humber,19651.571428571428,192.63974979570793
2022-01-05,Yorkshire and The Humber,19510.571428571428,200.06900840538205
2022-01-06,Yorkshire and The Humber,19030.571428571428,199.72855025151728
2022-01-07,Yorkshire and The Humber,18407.85714285714,204.41718875793498
2022-01-08,Yorkshire and The Humber,18150.42857142857,238.7363590527718
2022-01-09,Yorkshire and The Humber,17167.571428571428,252.96843068450687
2022-01-10,Yorkshire and The Humber,15818.857142857143,212.35742033324988
2022-01-11,Yorkshire and The Humber,13660.142857142857,211.07663772785745
2022-01-12,Yorkshire and The Humber,11987.57142857143,210.17686941079634
2022-01-13,Yorkshire and The Humber,10958.714285714286,211.56334924759906
2022-01-14,Yorkshire and The Humber,10424.42857142857,215.8742529659578
2022-01-15,Yorkshire and The Humber,10145.0,249.44913968073132
2022-01-16,Yorkshire and The Humber,10086.285714285714,260.1684403502275
2022-01-17,Yorkshire and The Humber,9897.57142857143,219.55778282552257
2022-01-18,Yorkshire and The Humber,9768.142857142857,219.01488135517306
2022-01-19,Yorkshire and The Humber,9709.857142857143,219.6639519565735
2022-01-20,Yorkshire and The Humber,9541.142857142857,220.50665231679827
2022-01-21,Yorkshire and The Humber,9429.285714285714,224.5979368759458
2022-01-22,Yorkshire and The Humber,9348.714285714286,263.09975421534256
2022-01-23,Yorkshire and The Humber,9269.714285714286,270.85037194324036
2022-01-24,Yorkshire and The Humber,9020.57142857143,230.71467301228498
2022-01-25,Yorkshire and The Humber,8721.0,229.79533368794887
2022-01-26,Yorkshire and The Humber,8501.285714285714,230.0159296204839
2022-01-27,Yorkshire and The Humber,8357.714285714286,230.73587331682387
2022-01-28,Yorkshire and The Humber,8167.285714285715,234.78889566682912
2022-01-29,Yorkshire and The Humber,7940.428571428572,270.54183463193567
2022-01-30,Yorkshire and The Humber,7598.857142857143,282.9932582423392
2022-01-31,Yorkshire and The Humber,7169.0,241.49908985502555
2022-02-01,Yorkshire and The Humber,6830.428571428572,243.65536581180373
2022-02-02,Yorkshire and The Humber,6493.142857142857,244.05928551663635
2022-02-03,Yorkshire and The Humber,6149.857142857143,244.9318255081856
2022-02-04,Yorkshire and The Humber,5852.0,248.41472940140054
2022-02-05,Yorkshire and The Humber,5593.0,286.71563726125737
2022-02-06,Yorkshire and The Humber,5255.0,297.67476897916634
2022-02-07,Yorkshire and The Humber,4862.428571428572,257.22490769548506
2022-02-08,Yorkshire and The Humber,4539.0,257.75805026356807
2022-02-09,Yorkshire and The Humber,4223.0,258.7815964630337
2022-02-10,Yorkshire and The Humber,3926.714285714286,258.6023432812491
2022-02-11,Yorkshire and The Humber,3682.142857142857,261.88707017146953
2022-02-12,Yorkshire and The Humber,3495.5714285714284,300.88536777735715
2022-02-13,Yorkshire and The Humber,3298.714285714286,309.39904887981186
2022-02-14,Yorkshire and The Humber,3074.1428571428573,254.74117758388138
2022-02-15,Yorkshire and The Humber,2904.5714285714284,255.58099128697782
2022-02-16,Yorkshire and The Humber,2755.285714285714,253.57046382248222
2022-02-17,Yorkshire and The Humber,2671.5714285714284,254.2137337388144
2022-02-18,Yorkshire and The Humber,2611.0,245.742618396519
2022-02-19,Yorkshire and The Humber,2546.5714285714284,297.7803879939776
2022-02-20,Yorkshire and The Humber,2464.714285714286,306.1657523327154
2022-02-21,Yorkshire and The Humber,2347.428571428572,242.18642307526616
2022-02-22,Yorkshire and The Humber,2208.1428571428573,243.2504371460907
2022-02-23,Yorkshire and The Humber,2059.714285714286,241.2179167784013
2022-02-24,Yorkshire and The Humber,1934.0,238.42489560800988
2022-02-25,Yorkshire and The Humber,1838.0,239.15458290132682
2022-02-26,Yorkshire and The Humber,1779.571428571429,299.6489901595489
2022-02-27,Yorkshire and The Humber,1734.142857142857,317.0531719139169
2022-02-28,Yorkshire and The Humber,1714.0,269.2284085097139
2022-03-01,Yorkshire and The Humber,1757.571428571429,275.2588731934604
2022-03-02,Yorkshire and The Humber,1840.857142857143,275.1893229227226
2022-03-03,Yorkshire and The Humber,1928.4285714285716,277.7703359124321
2022-03-04,Yorkshire and The Humber,2018.7142857142856,279.22077016044483
2022-03-05,Yorkshire and The Humber,2108.5714285714284,321.7828682203981
2022-03-06,Yorkshire and The Humber,2225.285714285714,339.29472993024103
2022-03-07,Yorkshire and The Humber,2416.0,292.30098676783155
2022-03-08,Yorkshire and The Humber,2615.428571428572,295.9557479563788
2022-03-09,Yorkshire and The Humber,2824.714285714286,297.05574528476325
2022-03-10,Yorkshire and The Humber,3036.5714285714284,300.6432932761454
2022-03-11,Yorkshire and The Humber,3263.0,300.59914763863657
2022-03-12,Yorkshire and The Humber,3484.428571428572,344.8863069619131
2022-03-13,Yorkshire and The Humber,3753.428571428572,357.25538131700654
2022-03-14,Yorkshire and The Humber,4046.857142857143,312.70036187102835
2022-03-15,Yorkshire and The Humber,4296.0,317.1117757396182
2022-03-16,Yorkshire and The Humber,4543.285714285715,314.1022905276714
2022-03-17,Yorkshire and The Humber,4757.571428571428,316.8610998343565
2022-03-18,Yorkshire and The Humber,4937.428571428572,315.1314809267041
2022-03-19,Yorkshire and The Humber,5074.714285714285,360.2819366254424
2022-03-20,Yorkshire and The Humber,5232.285714285715,370.55607500414595
2022-03-21,Yorkshire and The Humber,5479.428571428572,324.92001786280855
2022-03-22,Yorkshire and The Humber,5685.857142857143,328.2297497893111
2022-03-23,Yorkshire and The Humber,5831.857142857143,328.6477979423112
2022-03-24,Yorkshire and The Humber,5926.428571428572,327.9504337184706
2022-03-25,Yorkshire and The Humber,5956.142857142857,327.6560829478776
2022-03-26,Yorkshire and The Humber,5953.714285714285,379.0253623298868
2022-03-27,Yorkshire and The Humber,5915.857142857143,395.28428602067373
2022-03-28,Yorkshire and The Humber,5902.142857142857,338.47389349977635
2022-03-29,Yorkshire and The Humber,5772.857142857143,342.1137078496684
2022-03-30,Yorkshire and The Humber,5642.714285714285,338.71855326189217
2022-03-31,Yorkshire and The Humber,5400.714285714285,341.2538597442987
