date,cases_7d,deaths,stringency,workplace_m,inc_filter,deaths_filter,inc_openloop,S,I,R,D,V,beta,Reff
2020-09-01,1315.857142857143,4.0,64.35,0.5764637044242308,2154.317237662108,14.661067190404243,2154.317237662108,56150348.596162364,7263.6850043664945,350902.5300664665,40012.751706223906,0.0,0.29869906717100486,2.0761115955013785
2020-09-02,1532.2857142857142,10.0,64.35,0.5903188259109312,2170.1750187541606,14.822017595210045,2170.1750187541606,56148675.58337831,7343.426337425783,351708.0635967642,40024.132963598626,0.0,0.297639228063773,2.068683531808174
2020-09-03,1726.571428571429,6.0,64.35,0.5953735548077653,2198.472860605545,15.06556706319379,2198.472860605545,56147157.99419237,7464.090583448256,352444.8506575201,40034.54291283417,0.0,0.29665392450386624,2.061779643774001
2020-09-04,1904.0,8.0,64.35,0.6155884685489948,2291.3601061537292,15.75534385414721,2291.3601061537292,56145599.05003806,7805.833873192381,353207.10904559854,40045.312742521426,0.0,0.29565960505938504,2.054811952655145
2020-09-05,2068.1428571428573,12.0,64.35,0.9092927689594356,2447.2033956765476,16.896485469046596,2447.2033956765476,56143881.18574303,8371.201532200748,354053.5178616594,40057.27152042844,0.0,0.29445132057252177,2.046351853296301
2020-09-06,2224.1428571428573,9.0,64.35,0.9324232804232804,2578.3235651002938,17.891572099857505,2578.3235651002938,56142235.822943866,8864.207651359493,354875.0720601588,40068.87913137321,0.0,0.2929823524148143,2.0360832762005554
2020-09-07,2545.714285714286,13.0,64.35,0.5917557763873553,2792.3091040764693,19.46039391455418,2792.3091040764693,56140267.56347503,9641.46535995206,355860.54764268134,40082.80276189513,0.0,0.2917290232883097,2.0273021785386036
2020-09-08,2704.1428571428573,10.0,64.35,0.6005602759813287,2969.128911668454,20.819277503204077,2969.128911668454,56138387.7542261,10314.711189697406,356820.6717960705,40096.368206026295,0.0,0.28996509006109,2.0149766677363368
2020-09-09,2732.285714285714,10.0,64.35,0.6224649078991185,3112.3635236845525,22.042681931410765,3112.3635236845525,56136571.09472262,10920.835169898295,357784.29551295325,40109.983094945135,0.0,0.28709276755008645,1.9949522474108334
2020-09-10,2793.285714285714,12.0,64.35,0.6189717256427782,3250.1206062949927,23.3268775911992,3250.1206062949927,56134685.379791945,11557.07758223667,358824.660961389,40124.68225575983,0.0,0.2833047294887777,1.9685637724742113
2020-09-11,2829.8571428571427,9.0,64.35,0.633413861479651,3328.637292803251,24.299670929630754,3328.637292803251,56132979.86983971,12039.038703684751,359833.4796398584,40138.93569722029,0.0,0.27854170857558214,1.9354087666892597
2020-09-12,2833.285714285714,18.0,64.35,0.9185276955013796,3456.205855966419,25.7598560700625,3456.205855966419,56130858.99886012,12762.473414842392,361112.88729469624,40157.01224801639,0.0,0.2728328953524903,1.895670236118076
2020-09-13,2782.285714285714,15.0,64.35,0.9424955804429488,3497.5077427356414,26.782409462457622,3497.5077427356414,56128963.86292245,13269.087677367967,362382.61441859865,40174.95202412869,0.0,0.2655609812325897,1.8450819524621465
2020-09-14,2698.1428571428573,17.0,65.74,0.6528237774246546,3505.305568007781,27.714342089167406,3505.305568007781,56127028.706862606,13730.804751425321,363775.8718751087,40194.637141022446,0.0,0.2572121669940643,1.7870139019715805
2020-09-15,2696.1428571428573,15.0,65.74,0.6557520853091028,3471.562097569403,28.392497504211445,3471.562097569403,56125191.386274405,14066.790342031532,365207.4112339963,40214.86313691964,0.0,0.24865990171140176,1.727539409638793
2020-09-16,2822.5714285714284,23.0,65.74,0.6535839569786939,3517.445022689005,29.63498914907493,3517.445022689005,56122825.77627305,14682.370900502236,366935.54441943695,40239.279660622924,0.0,0.2413933305569684,1.6769849587426513
2020-09-17,2942.0,25.0,65.74,0.6539376809025932,3571.3756035113925,30.960784104822,3571.3756035113925,56120280.0431443,15339.223284701644,368813.5145816549,40265.81320755787,0.0,0.23460971820152243,1.6297845569216525
2020-09-18,3141.5714285714284,21.0,65.74,0.6657906599573267,3602.9218926717394,32.0493720479581,3602.9218926717394,56117842.08961512,15878.55373151026,370680.77926224115,40292.19549840623,0.0,0.22865284562749905,1.5883344084828932
2020-09-19,3426.0,19.0,65.74,0.9135406445406444,3657.099535863417,33.14850729589038,3657.099535863417,56115363.525438584,16423.109739234023,372563.7904920197,40318.80026977771,0.0,0.22440538496014453,1.5587606219233547
2020-09-20,3844.571428571429,28.0,65.74,0.9389062969194548,3854.4767947284276,35.12122869201318,3854.4767947284276,56112180.91904677,17400.475618314686,374721.0727654384,40349.28017388263,0.0,0.22324453509024353,1.550609199135918
2020-09-21,4099.714285714285,24.0,65.74,0.6472181828892355,4022.3406495001777,36.86058352623054,4022.3406495001777,56109104.93985188,18262.2222744412,376870.4177881285,40379.64793380874,0.0,0.22198598269746503,1.5417830384151758
2020-09-22,4434.428571428572,35.0,65.74,0.6556827121870982,4314.856968302512,39.459521053052065,4314.856968302512,56105275.74248412,19549.8409242769,379358.5967223264,40414.80302513451,0.0,0.22246062038220754,1.544974145575293
2020-09-23,4742.285714285715,52.0,65.74,0.6629500054850932,4751.867314008199,43.19218949591047,4751.867314008199,56100388.21125303,21399.15567350663,382369.7613417804,40457.34729951131,0.0,0.22383885198237985,1.5544104499056934
2020-09-24,5082.571428571428,33.0,67.59,0.6647990745446886,4989.829918786225,45.59305527493371,4989.829918786225,56096390.67846642,22588.641577234146,385112.69924693013,40496.1018405135,0.0,0.22268675070813404,1.546299688366671
2020-09-25,5341.857142857143,30.0,67.59,0.6782615139895842,5194.550432488013,47.7653128199816,5194.550432488013,56092451.68890844,23664.865725904136,387899.67457405233,40535.47857936619,0.0,0.2212957987131662,1.5365332492722972
2020-09-26,5554.571428571428,36.0,67.59,0.9241132097272448,5440.228252291238,50.278619635111475,5440.228252291238,56088105.18912554,24910.059461622062,390930.30089894973,40578.29782510165,0.0,0.22019388690078837,1.5287638242979502
2020-09-27,5759.142857142857,44.0,67.59,0.9427998609577556,5728.6960812812085,53.21570062775914,5728.6960812812085,56083248.91074586,26365.20804568066,394269.2187881719,40625.47287417742,0.0,0.21909127596725114,1.5209769063642222
2020-09-28,6318.285714285715,47.0,67.59,0.6807477094056041,6109.747433682627,56.597737700018016,6109.747433682627,56077978.67054357,28040.80584814193,397789.509641442,40675.21051351856,0.0,0.21972227406494638,1.5252140850514242
2020-09-29,6808.571428571428,43.0,67.59,0.6837238177676774,6481.866756065801,59.83272120771464,6481.866756065801,56072705.038874075,29643.547373643458,401370.00247003057,40725.79873715053,0.0,0.22052208358958375,1.530622051421637
2020-09-30,7484.285714285715,48.0,67.59,0.6758384119129733,6990.616867452106,63.76058980190891,6990.616867452106,56066841.31990236,31589.572164079214,405190.39675084216,40779.77649091275,0.0,0.22320264458017805,1.5490655529614425
2020-10-01,8210.42857142857,56.0,67.59,0.7005526450482591,7649.500072206685,68.57661058191113,7649.500072206685,56060189.58102001,33975.62342938653,409358.897903148,40838.67259226852,0.0,0.22711442844156451,1.5760270188046899
2020-10-02,9012.42857142857,65.0,67.59,0.6986375872340784,8454.44422203159,74.33923483041947,8454.44422203159,56052653.378111064,36830.66029649024,413944.8825770068,40903.46725306317,0.0,0.23158639999114655,1.6068435666862262
2020-10-03,9600.42857142857,55.0,67.59,0.8943956222464995,9107.851142494837,79.3849402890207,9107.851142494837,56045388.693988405,39330.506631010816,418589.7645975669,40969.094065266676,0.0,0.23365773731693187,1.6210052566979951
2020-10-04,10155.0,54.0,67.59,0.9210409239882924,9718.103395323102,84.34995967644211,9718.103395323102,56037932.130293794,41790.37782609041,423453.0024596352,41037.805993039,0.0,0.23466957455223186,1.6278082971719763
2020-10-05,10951.714285714286,59.0,67.59,0.6807826575633593,10443.186942879542,89.92205776423819,10443.186942879542,56029838.711482264,44551.020335775785,428644.9618681029,41111.162376183995,0.0,0.2365863554672595,1.6408672135720652
2020-10-06,11755.42857142857,62.0,67.59,0.6830994713538573,11231.539807535964,95.9087088064991,11231.539807535964,56021210.78698236,47517.049127357,434154.72728482634,41189.008990760274,0.0,0.23860031695053263,1.6545804105391602
2020-10-07,12434.714285714286,81.0,67.59,0.6985291805335665,12138.212714456124,103.23615892886049,12138.212714456124,56011215.059929684,51147.3639525203,440383.20439676294,41277.01017055728,0.0,0.23960184792177097,1.6612290924722446
2020-10-08,13007.285714285714,78.0,67.59,0.6916946211683053,12868.37958170477,110.09176372502354,12868.37958170477,56001137.11077597,54543.90754017571,446902.38056753547,41369.11859193831,0.0,0.23823986745447043,1.6514888854558816
2020-10-09,13213.0,68.0,67.59,0.7076414014835067,13262.831175941437,115.62194091082256,13262.831175941437,55991555.89648965,57283.78074137549,453546.0660209199,41462.98618551976,0.0,0.2338383300839077,1.6206999089453054
2020-10-10,13281.714285714286,91.0,67.59,0.9363105322228128,13638.157768384053,122.08731434329394,13638.157768384053,55980720.01566523,60486.98794581482,461008.07909019786,41568.41580210965,0.0,0.22776602400480292,1.5783081224710565
2020-10-11,13255.285714285714,104.0,67.59,0.9546902410455042,13849.635067403164,128.5326226650645,13849.635067403164,55969259.74737179,63680.25408376727,469113.7498300239,41682.93955732152,0.0,0.21974431518188428,1.5224098406437585
2020-10-12,13569.857142857143,97.0,60.19,0.6827156965841177,13965.048865585715,133.80069644829123,13965.048865585715,55958203.02768957,66290.27067015637,477371.7248857945,41799.61519642179,0.0,0.21289358575549533,1.4746559498226506
2020-10-13,13741.57142857143,87.0,60.19,0.6882050657269956,13959.529504535105,137.67299017869522,13959.529504535105,55947775.75881211,68208.76142780375,485661.64052989736,41916.74211910097,0.0,0.20686235333563305,1.4326122405136328
2020-10-14,13917.0,102.0,60.19,0.7025192103218418,14076.014873850414,142.04615851703272,14076.014873850414,55936592.648076266,70375.40570193566,494473.6826838399,42041.24608563982,0.0,0.20220713071370788,1.4000928752620012
2020-10-15,13913.57142857143,124.0,60.19,0.7000467842748545,14223.996923831595,147.21843874544427,14223.996923831595,55924323.45708429,72937.96229113702,504001.954954791,42175.86955557306,0.0,0.19719729522537222,1.36510501992623
2020-10-16,14142.42857142857,122.0,60.19,0.7129183180367391,14328.069035724902,151.6047119221849,14328.069035724902,55912216.76852575,75111.09923165925,513739.91830906767,42313.45571806063,0.0,0.19293477167239464,1.3353084201409144
2020-10-17,14454.714285714286,162.0,60.19,0.924411475626388,14744.621294285256,158.32282638888017,14744.621294285256,55897915.16651535,78439.52455538267,524570.5191006707,42466.4795841501,0.0,0.1901676889557245,1.3158206866376805
2020-10-18,14769.142857142857,121.0,60.19,0.9302042358226568,14774.301812505486,161.48943303500096,14774.301812505486,55885856.70649865,80008.38942118242,534832.5758398677,42611.4705801621,0.0,0.18685434225373174,1.292615854858812
2020-10-19,15619.0,159.0,65.74,0.6750682480287744,15430.298600995131,167.51715215928365,15430.298600995131,55871468.776176915,82994.76499977891,546056.6905975419,42770.05434358266,0.0,0.18817729072233205,1.3014325687560377
2020-10-20,16473.0,174.0,65.74,0.6779085660927766,16272.447151106788,174.73526976077446,16272.447151106788,55855889.652561426,86570.91207698612,557890.4176032451,42937.25122319333,0.0,0.19030297262233345,1.3157667780657292
2020-10-21,17203.85714285714,191.0,65.74,0.6785406312336137,17153.431533324492,183.10272915953354,17153.431533324492,55839031.414307356,90716.48951484082,570442.9852592364,43114.604490022364,0.0,0.19149638073480857,1.3236184664490118
2020-10-22,17837.85714285714,187.0,67.59,0.683164941458801,17841.19541574468,190.83339783743423,17841.19541574468,55822142.29447661,94546.57510275394,583311.6810144626,43296.424281359206,0.0,0.19116365183324197,1.3209190049928643
2020-10-23,18351.85714285714,189.0,75.0,0.6780386423193441,18404.034338045953,198.22551683868926,18404.034338045953,55804982.942885,98208.92950319294,596600.254130005,43484.1764543044,0.0,0.18989903030521255,1.3117772591354162
2020-10-24,18527.0,171.0,75.0,0.903398377451009,18591.515162514646,203.49557681712594,18591.515162514646,55788855.393448465,100819.93013093284,609857.0452805464,43671.47958482638,0.0,0.1869195001120813,1.2908222210488696
2020-10-25,18722.85714285714,207.0,75.0,0.9337002558844664,18952.1176006018,210.7243561814391,18952.1176006018,55770743.31055399,104401.35947618556,624177.8744007025,43873.816341553305,0.0,0.18406822524455002,1.270719307390572
2020-10-26,18817.714285714286,226.0,75.0,0.5720916047889733,19207.02382630639,218.35236459217475,19207.02382630639,55751658.873891205,108180.58302019241,639288.0245560127,44087.30529184082,0.0,0.1800887701851159,1.242821613921689
2020-10-27,18692.571428571428,220.0,75.0,0.5698483991641886,19129.80559568288,224.20112361141156,19129.80559568288,55733167.02581196,111078.2945326251,654659.0569676845,44304.48020675817,0.0,0.17474360864692082,1.2055338059808753
2020-10-28,18519.0,238.0,75.0,0.5842972912402737,19022.552605163866,230.03867088387662,19022.552605163866,55713993.32491587,113970.451292744,670734.7279283887,44531.61084962331,0.0,0.16941267777306124,1.1683543122429028
2020-10-29,18574.85714285714,250.0,75.0,0.5744055983003351,19004.291713709674,235.55881784356407,19004.291713709674,55694419.61396746,116705.35511469937,687372.1346290046,44766.67816897617,0.0,0.16534188716862563,1.1398795013752738
2020-10-30,18794.85714285714,282.0,75.0,0.593342954965762,19243.33819067677,242.50222872169377,19243.33819067677,55673198.72452238,120145.4013827934,704986.7480834122,45015.55228984817,0.0,0.16268996070329028,1.1211695644143813
2020-10-31,18916.571428571428,283.0,75.0,0.902835668392686,19356.651307812466,248.48878927440705,19356.651307812466,55652064.66626596,123111.38534219687,722972.3840333215,45269.66852957574,0.0,0.159766012612012,1.100601368249289
2020-11-01,18953.42857142857,288.0,75.0,0.9360804225014752,19394.040051518885,253.81662690882368,19394.040051518885,55630835.89423736,125751.01135497038,741372.1951286448,45529.63658520621,0.0,0.15677430533044104,1.0795800280079921
2020-11-02,19719.285714285717,291.0,75.0,0.6923373484864712,19850.504822226543,258.9100537602077,19850.504822226543,55609392.52083412,128274.50079545604,760092.0169688262,45794.126022643606,0.0,0.15736811433166176,1.0832514092349375
2020-11-03,19994.714285714286,293.0,75.0,0.7054682327094608,20180.465311102384,263.81651727223726,20180.465311102384,55587737.86984571,130705.36104416472,779107.1139440904,46062.78735632642,0.0,0.15706971035507228,1.0807763051890777
2020-11-04,20067.0,278.0,75.0,0.7232753182490025,20238.477710326395,267.003698031897,20238.477710326395,55566979.69578356,132284.41915702145,798041.5961738097,46330.309696866236,0.0,0.15569907250510245,1.0709450506345988
2020-11-05,20202.571428571428,304.0,75.0,0.6293118265749845,20453.83555368625,271.6854025428758,20453.83555368625,55544782.927292265,134603.9247161754,817709.2174601739,46608.19044457141,0.0,0.15470609788258166,1.0636900014446478
2020-11-06,20385.42857142857,334.0,72.22,0.6267334218737728,20769.363980299728,278.0691360235102,20769.363980299728,55520884.73361002,137766.68419015867,838273.0543765589,46898.73368286339,0.0,0.15355228466190035,1.0553026569284574
2020-11-07,20717.285714285717,336.0,72.22,0.7151962493322143,21062.182582501184,283.8964790786272,21062.182582501184,55496887.95184301,140653.7853687452,859198.3150896692,47194.3834215026,0.0,0.15258680777134245,1.04821407892425
2020-11-08,21383.14285714286,345.0,72.22,0.710362835994415,21606.930146500108,290.015953033559,21606.930146500108,55472266.21579989,143685.61999741005,880603.4173793243,47496.81276679476,0.0,0.1532983647309275,1.05263498900048
2020-11-09,21406.85714285714,405.0,66.67,0.6178095720069404,22071.19290458708,300.15445037100227,22071.19290458708,55444108.29214655,148708.6411813656,903639.8668662909,47822.291161715664,0.0,0.1513797791254794,1.0389332395531938
2020-11-10,21713.42857142857,320.0,64.81,0.6175640269412199,21945.96879314591,302.3967141943313,21945.96879314591,55421061.46450424,149819.54926860283,925307.8419604459,48128.434595774364,0.0,0.14946692532471353,1.0253787459779482
2020-11-11,22286.571428571428,313.0,64.81,0.6225030367618087,22230.572096867472,303.8673655092425,22230.572096867472,55398427.15274086,150548.16934543898,946927.3863375501,48433.8937598005,0.0,0.1507340592666736,1.0336492655783123
2020-11-12,22445.714285714286,353.0,64.81,0.6195274603564077,22622.192217142652,308.56317439016976,22622.192217142652,55373305.338430405,152874.66277929262,969500.5971850059,48752.82712836002,0.0,0.15112363704544773,1.03585082472835
2020-11-13,22564.14285714286,360.0,64.81,0.6236816971202936,22839.885841616826,313.36797300223,22839.885841616826,55347741.43864397,155255.15412921735,992462.2020921668,49077.24805589669,0.0,0.15030785177138328,1.0297835314262869
2020-11-14,22478.714285714286,365.0,64.81,0.7030564253809868,22842.496290793675,317.7806357359708,22842.496290793675,55322011.86169715,157441.3655224356,1015780.1853452374,49406.70419739375,0.0,0.1483065795978698,1.0156001474261236
2020-11-15,21928.714285714286,385.0,64.81,0.7102350638315551,22518.655353768925,322.5146657157572,22518.655353768925,55295464.6456687,159786.79523282545,1039779.8968923676,49745.792371423406,0.0,0.14412712548804,0.9865057199920613
2020-11-16,21296.714285714286,361.0,64.81,0.6181872247310845,21828.11790398118,323.6524094059475,21828.11790398118,55270917.55206513,160350.4794226542,1063509.7545449482,50081.06782194067,0.0,0.13927816071525764,0.9528928499497914
2020-11-17,20702.571428571428,367.0,64.81,0.6188325353983248,21200.426852989673,323.8439339484208,21200.426852989673,55246631.34510823,160445.3684187323,1087453.739458374,50419.368643061185,0.0,0.13525249563316513,0.9249440444028514
2020-11-18,19771.14285714286,440.0,64.81,0.6234731324555887,20661.123958014254,328.3256195902608,20661.123958014254,55218688.58432767,162665.7765492008,1113038.9615998454,50780.8582484959,0.0,0.13007844405158442,0.889110609338006
2020-11-19,18839.285714285717,401.0,64.81,0.6202413207325488,19639.35596526946,327.6764865953535,19639.35596526946,55193819.277581505,162344.1698380581,1138022.3446423206,51133.84456335987,0.0,0.12394635710527052,0.84681508362155
2020-11-20,17832.428571428572,394.0,67.59,0.6226443507759297,18584.2304019809,324.78974055862165,18584.2304019809,55170200.41741413,160913.9592247306,1162853.423191432,51484.67899183464,0.0,0.11838044492890472,0.8084420608418733
2020-11-21,17049.0,400.0,67.59,0.7276578713683977,17745.769400409303,321.20864488838373,17745.769400409303,55146924.005762264,159139.73975071212,1187697.0814303288,51835.691156785244,0.0,0.11434799815783495,0.7805742676056456
2020-11-22,16448.14285714286,410.0,67.59,0.735630366709314,17130.77055662207,317.764069775237,17130.77055662207,55123542.09196763,157433.15807621068,1212598.031146561,52187.51278407022,0.0,0.11162905381765786,0.7616908366807045
2020-11-23,15353.285714285714,401.0,67.59,0.6248460574513206,16175.195598780023,312.93538906705777,16175.195598780023,55101187.10283963,155040.83457101378,1237157.389599835,52534.508121783845,0.0,0.10707205974174731,0.7303003076882874
2020-11-24,14437.42857142857,410.0,67.59,0.6269286176786177,15315.865998008352,308.0901548157345,15315.865998008352,55078881.79878126,152640.3097717676,1261700.3670291707,52881.272014556846,0.0,0.10301984060456096,0.7023771253239969
2020-11-25,13810.285714285714,429.0,67.59,0.6370503262169929,14734.5224020111,304.30375362732974,14734.5224020111,55055895.82283725,150764.3736495505,1286436.0256547648,53230.758269859216,0.0,0.10038461811890037,0.6841248652936333
2020-11-26,13333.42857142857,374.0,67.59,0.6346479365339015,13991.369915458396,296.05056030753747,13991.369915458396,55036425.31076114,146675.40824365226,1309806.6464116282,53560.95811841875,0.0,0.09801360977280948,0.6677301299582193
2020-11-27,12976.142857142857,369.0,67.59,0.6334115572536625,13527.43091208138,288.0159445078008,13527.43091208138,55017367.432867795,142694.73497188723,1332670.4879143364,53883.997762092375,0.0,0.09744088926935662,0.6635985301295474
2020-11-28,12767.714285714286,387.0,67.59,0.748873171987207,13376.055576553583,282.3760509696742,13376.055576553583,54997171.096807145,139900.5038571205,1355535.1868740513,54207.04952063578,0.0,0.09831099777656126,0.6692784261270517
2020-11-29,12603.714285714286,404.0,67.59,0.7541301476301476,13356.304093832361,278.9761217821559,13356.304093832361,54975813.18812459,138216.04157790466,1378498.7957570148,54531.49876201983,0.0,0.09940079424556483,0.6764347147369949
2020-11-30,12426.0,365.0,67.59,0.6427093890514943,13063.241331753585,273.1229204992032,13063.241331753585,54956647.938157484,135316.12918855628,1400441.3977092272,54841.52235603344,0.0,0.0993378641351723,0.6757708033079657
2020-12-01,12349.57142857143,347.0,67.59,0.6577020972854306,12848.116800080374,266.69701055016156,12848.116800080374,54938437.5322568,132132.47378816272,1421703.2619166968,55141.92791282187,0.0,0.10008921322985011,0.6806564277662058
2020-12-02,12279.142857142857,337.0,67.59,0.7023646559743051,12712.8740733593,260.52563636309765,12712.8740733593,54920641.74965088,129074.92568769089,1442427.700072352,55434.74026090586,0.0,0.10141447043092632,0.6894454367445094
2020-12-03,12322.42857142857,408.0,63.89,0.6899416116696818,13132.795079882952,261.05686356826476,13132.795079882952,54898382.76441379,129338.11710711288,1464434.7917955718,55745.67502079454,0.0,0.10459351341207511,0.7107693200995662
2020-12-04,12409.0,414.0,63.89,0.6918384576761769,13402.614381252804,262.52885925716413,13402.614381252804,54875517.83933575,130067.40324113652,1486598.3769329938,56058.82085167609,0.0,0.10618815866356932,0.721305248901115
2020-12-05,12545.42857142857,345.0,63.89,0.8893554205703329,13190.232037313417,258.7058910173967,13190.232037313417,54856631.72460548,128173.35032433773,1507283.4938238391,56351.07763573986,0.0,0.10608628233347922,0.720365224343066
2020-12-06,12826.57142857143,357.0,63.89,0.8775410481331534,13365.934280828365,256.5940640375648,13365.934280828365,54836845.66479538,127127.06591911645,1528053.29357082,56644.53089063644,0.0,0.10842327007549835,0.7359686884091728
2020-12-07,13174.285714285714,360.0,63.89,0.6781675486631626,13685.590341971136,255.59596938425145,13685.590341971136,54816563.67052285,126632.56950408359,1548780.1337206583,56937.37717611171,0.0,0.1114910430824003,0.7565125841556007
2020-12-08,13632.285714285714,376.0,67.59,0.6959631442306882,14200.017976297548,256.75304831481463,14200.017976297548,54789825.07398653,127205.83315315144,1569810.237788906,57234.50823009635,5121.0,0.1152167505237342,0.7814116960690675
2020-12-09,14215.42857142857,376.0,67.59,0.6987928561042596,14762.12368557064,258.676260062123,14762.12368557064,54758431.946976066,128158.66995198207,1590883.1303733932,57532.2438363526,14475.0,0.11895522259395819,0.8063041371895602
2020-12-10,15085.142857142857,380.0,67.59,0.6912445246436475,15535.89507097498,261.7855782245768,15535.89507097498,54724178.386346966,129699.15178847498,1612124.1620103824,57832.35505302351,25940.0,0.1237808790692163,0.838488640806119
2020-12-11,16101.142857142857,400.0,67.59,0.6978684763904062,16575.343640850624,267.4363691645532,16575.343640850624,54687496.84179717,132498.78191638144,1633951.6021744623,58140.75154413396,38023.0,0.1293588896120924,0.8756865822296999
2020-12-12,16953.428571428572,378.0,67.59,0.890531913181036,17350.410155347443,271.92077427793475,17350.410155347443,54653409.626523726,134720.5373829203,1655526.5126804023,58445.58008316487,48285.0,0.13325771043005044,0.9015171216413942
2020-12-13,18006.714285714286,368.0,67.59,0.8620658128421286,18224.342007829728,276.2586125130751,18224.342007829728,54623682.724892594,136869.67769656534,1677067.1862917182,58749.92489447058,54261.0,0.137846995475509,0.9320573862797183
2020-12-14,19772.0,415.0,73.15,0.6750388328370784,19934.379302013087,285.63083571350575,19934.379302013087,54584493.69400362,141513.0557149882,1699863.650809853,59072.01257925005,66038.0,0.14593873970812177,0.9860620591440764
2020-12-15,21588.42857142857,391.0,73.15,0.681431166624149,21573.173178107067,294.2941648419772,21573.173178107067,54504913.0692202,145805.21897030403,1722511.5608561982,59392.00136110518,118635.0,0.15351081524223364,1.035711981458675
2020-12-16,23432.14285714286,354.0,73.15,0.6803810051222332,23133.091920766663,301.2195146339982,23133.091920766663,54394652.997366264,149236.31704665822,1744673.3226915887,59705.12143085878,203153.0,0.16115234122909725,1.0850686123186712
2020-12-17,25047.714285714286,441.0,73.15,0.6751182500086009,25200.768373441828,316.46209624641625,25200.768373441828,54277882.010040015,156788.10778931432,1769143.9591312166,60050.863229084076,287930.0,0.16746013627770526,1.1251196350372403
2020-12-18,26797.571428571428,436.0,73.15,0.6411659656133342,26987.58887302125,331.5499206044314,26987.58887302125,54176353.645497724,164263.22553582868,1794181.2014584034,60404.61051334816,356908.0,0.17149348924155872,1.150063390603173
2020-12-19,27644.285714285717,415.0,76.85,0.8759159467887538,27947.449854067163,344.33902117580703,27947.449854067163,54065195.77318443,170599.46264825642,1819431.5897205882,60761.369303220265,436330.0,0.17134854296073404,1.1467336763060412
2020-12-20,29236.714285714286,430.0,76.85,0.8800758787995631,29356.98489409779,357.7176603659442,29356.98489409779,53961258.02687032,177227.7810102262,1845613.4302883614,61131.28843716015,507293.0,0.1735926178238104,1.1595185195419626
2020-12-21,31154.85714285714,498.0,76.85,0.5235841726499622,31391.887675713988,376.5374404919246,31391.887675713988,53864397.63048591,186551.86041803562,1873962.0731239356,61531.82198173342,566418.0,0.17666467096806993,1.1779202482225875
2020-12-22,32881.857142857145,491.0,76.85,0.5108740619354655,33107.31745485271,394.3283529922259,33107.31745485271,53748788.32266388,195366.19723705077,1903013.5461804902,61942.28570466701,644018.0,0.17829516281636093,1.1862401247579688
2020-12-23,33986.57142857143,483.0,76.85,0.4803925557872927,34260.62935325509,410.4862816200968,34260.62935325509,53637962.17850342,203371.48787187622,1932721.2853009463,62362.0217082734,716907.0,0.177609695588929,1.1792430098356503
2020-12-24,33862.0,490.0,79.63,0.3596184327368538,34392.71675871473,425.23596633417026,34392.71675871473,53574343.56237575,210679.07757768364,1963386.460613973,62795.28517822302,742287.0,0.1723145243414463,1.1427286471872458
2020-12-25,31076.285714285717,541.0,75.46,0.1540827637275006,32335.84725825187,439.8711553983306,32335.84725825187,53533997.90949688,217929.94151281298,1996007.0634745932,63256.17657841745,742553.0,0.15673692923551477,1.0386408092274697
2020-12-26,33257.28571428572,572.0,79.63,0.4741552315455825,33508.920888581866,452.1226784674578,33508.920888581866,53491850.74492733,223999.8410120878,2030012.6185501765,63736.63575204347,744349.0,0.15814620583848707,1.0471545210043938
2020-12-27,35213.57142857143,585.0,79.63,0.723412149903378,35325.57401511971,465.41474258416264,35325.57401511971,53445166.95073555,230585.26658498056,2064858.841033573,64228.97258410318,749321.0,0.16209995873769426,1.0723973034708407
2020-12-28,34842.0,594.0,79.63,0.2381737351342614,35402.29211266117,479.0540845394719,35402.29211266117,53393413.06004082,237342.74762940613,2100556.2385620056,64733.33553536251,758343.0,0.15797974245409482,1.0441273106670843
2020-12-29,39458.71428571428,580.0,79.63,0.3398941901178743,38991.28987572532,490.8074576140145,38991.28987572532,53308509.348229766,243165.84349572595,2136562.031673313,65242.05575961781,801076.0,0.1700991570814857,1.1224398345028037
2020-12-30,43153.0,629.0,79.63,0.357443105789597,42888.770266785585,510.7226262656235,42888.770266785585,53165200.04854329,253032.62263365946,2174140.585764885,65772.99727796439,896731.0,0.18029068710748106,1.1864928274571127
2020-12-31,45801.142857142855,653.0,79.63,0.3215844488519928,45847.69939096074,534.9336644103207,45847.69939096074,53033881.97634491,265027.74907485634,2213157.302287698,66324.25836858181,976846.0,0.18446180380084992,1.2109445024418117
2021-01-01,48080.142857142855,644.0,79.63,0.1679771651350599,48173.28735898828,558.2409674945104,48173.28735898828,52959331.323658094,276575.1286554956,2253112.0533118825,66888.77280208294,999595.0,0.1859877483649028,1.2192456102332816
2021-01-02,50646.71428571428,673.0,79.63,0.6308827986503425,50722.302721552296,583.2353443100682,50722.302721552296,52876756.14097557,288958.35272171354,2294815.319481033,67477.99173283337,1027765.0,0.18772952164612636,1.2287449582494312
2021-01-03,51705.857142857145,656.0,79.63,0.7230538056809988,51917.26395190192,605.539806744997,51917.26395190192,52806714.55421565,300008.8845291857,2337336.0473681283,68078.76045244017,1043781.0,0.18531996171413592,1.211366950794282
2021-01-04,56002.28571428572,759.0,79.63,0.5510021787828805,55940.713158522114,634.7802316644519,55940.713158522114,52718581.73687434,314495.7723696399,2383207.106823746,68726.865483202,1071238.0,0.19080209451439706,1.2451200509284077
2021-01-05,53936.857142857145,823.0,87.96,0.5296565320644269,54759.940454303294,668.6260577688324,54759.940454303294,52596447.20583852,331264.36201880896,2431932.074630712,69415.29293909139,1127614.0,0.17773195199578026,1.15714102429877
2021-01-06,52295.28571428572,829.0,87.96,0.5278816923816925,52997.45200595867,693.4921062414602,52997.45200595867,52448033.17074488,343584.00703937694,2482554.004155136,70130.52227064982,1212672.0,0.1663131205809032,1.0797422360790907
2021-01-07,52339.28571428572,891.0,87.96,0.5220459125020529,52798.31882866406,715.427373349493,52798.31882866406,52199655.995363474,354451.6245661334,2535818.7044613142,70883.0908975832,1396394.0,0.16137236027484153,1.0427042963988193
2021-01-08,54427.142857142855,892.0,87.96,0.5254502326783028,54562.17018152326,733.094999931446,54562.17018152326,51912300.970115624,363204.88056035416,2590193.0759646245,71651.33789545643,1620015.0,0.16364522973870646,1.0515695457654965
2021-01-09,51711.57142857143,930.0,87.96,0.6792384850367306,52368.42591543248,752.3774758882691,52368.42591543248,51655418.081795,372758.19817602576,2646289.8455147296,72443.92038618754,1810698.0,0.1538013347540784,0.9834229889557513
2021-01-10,49295.142857142855,984.0,87.96,0.6940722808705264,49968.01235261845,767.9263670187963,49968.01235261845,51488342.88972328,380461.74702909007,2704633.6879135766,73268.25141806802,1911124.0,0.14424668156899784,0.919346265950846
2021-01-11,46809.28571428572,1008.0,87.96,0.5266405232194706,47461.85048833852,777.7175918975323,47461.85048833852,51318621.45292434,385312.7154069312,2764372.5460501076,74112.29240929791,2015544.0,0.13573442680853323,0.8622423816652314
2021-01-12,44861.857142857145,1094.0,87.96,0.515973955544131,45542.33287715234,788.1336145881719,45542.33287715234,51090609.07695428,390473.23386309505,2826527.0013333894,74990.46299513198,2175435.0,0.12909713165141196,0.8164358078685634
2021-01-13,43369.142857142855,1105.0,87.96,0.5158077302814146,43999.90752735926,794.0125993873679,43999.90752735926,50794201.15157823,393385.920448064,2889512.017540723,75880.36844647735,2405091.0,0.1245238346689493,0.7829445251642603
2021-01-14,42158.57142857143,1096.0,87.96,0.496134052432298,42732.15833090534,795.344328993235,42732.15833090534,50469354.83464302,394045.71309769724,2952675.005886543,76772.78843836502,2665279.0,0.12151059229459579,0.7591127079262864
2021-01-15,41356.42857142857,1104.0,87.96,0.5086957043930729,41898.8772343591,795.0377776214958,41898.8772343591,50105126.96521169,393893.8351632296,3016145.861142393,77669.55823371783,2965409.0,0.12005346623774167,0.7445969305891107
2021-01-16,40212.71428571428,1175.0,87.96,0.6566251850813254,40914.16257437822,799.3980932654833,40914.16257437822,49777081.84842161,396054.1116933219,3081186.5870019016,78588.50848548072,3225584.0,0.11736088518881373,0.7231313337365785
2021-01-17,39245.142857142855,1174.0,87.96,0.6916649172789524,39951.204393078915,801.0957350479802,39951.204393078915,49573179.44428074,396895.19201838714,3146501.056502465,79511.32641838014,3362711.0,0.11482618437639465,0.7046153150139363
2021-01-18,37590.28571428572,1173.0,87.96,0.5135302905346766,38356.61834077042,800.5429326755027,38356.61834077042,49367992.19003462,396621.31138942647,3211956.949921902,80436.14250777432,3502136.0,0.11077773200518494,0.6769589043130548
2021-01-19,36317.0,1255.0,87.96,0.5039314418524945,37193.32666778765,804.3709472696057,37193.32666778765,49026825.24718921,398517.86447403964,3279235.298269244,81386.70777806127,3773580.0,0.10765076687204961,0.6533039290926786
2021-01-20,34942.142857142855,1179.0,87.96,0.5077458379826801,35719.463946484,798.8243007832763,35719.463946484,48669524.96168599,395769.83171598485,3345141.057709233,82317.87995414551,4067142.0,0.10486699134110856,0.631771872406942
2021-01-21,33510.0,1139.0,87.96,0.5096731035371387,34234.496094306174,788.3693893209039,34234.496094306174,48278736.23475972,390590.04619116866,3409984.848692853,83234.04774382788,4397693.0,0.1026645585438208,0.6135370703810876
2021-01-22,32061.714285714286,1128.0,87.96,0.5253006014453383,32802.22708324169,776.5039019927265,32802.22708324169,47788164.951602995,384711.4043940972,3474140.980327542,84140.49970202544,4829455.0,0.10089777402494327,0.5968515280807075
2021-01-23,30920.571428571428,1069.0,87.96,0.6793904641492361,31571.205754907573,759.5477375788464,31571.205754907573,47304558.22105727,376310.63550155127,3536482.924650811,85021.31929123818,5258604.0,0.10029409271157756,0.5872766258381291
2021-01-24,29335.85714285714,1042.0,87.96,0.6626181349514683,30058.645844999544,741.4881405449767,30058.645844999544,47073325.85993897,367363.1815095473,3597441.9381452873,85882.5996668917,5437372.0,0.09829525859736457,0.5727588705280434
2021-01-25,27341.14285714286,1077.0,87.96,0.4996406166932483,28272.732154806858,727.3199073554514,28272.732154806858,46841183.79165957,360343.6663800839,3658323.5316822957,86742.78618809611,5615287.0,0.09472327228817716,0.5492232653116683
2021-01-26,25649.0,969.0,87.96,0.5088005495154617,26408.399158726286,703.6498746570228,26408.399158726286,46582006.343293816,348616.575893999,3716178.4613789306,87560.20944881074,5827876.0,0.09196223585300431,0.5302639257385529
2021-01-27,24394.714285714286,1013.0,87.96,0.52398493141037,25272.901318521406,685.4906503719807,25272.901318521406,46312134.343803786,339619.7625367477,3773862.1452388493,88375.21320385703,6048679.0,0.0908659183743968,0.5209069928918162
2021-01-28,23379.0,1021.0,87.96,0.5173283548809864,24361.936362849934,669.9213468536966,24361.936362849934,45947730.26288684,331906.10056211264,3830840.076329695,89180.24548831179,6363512.0,0.09033710642900093,0.5138006027943921
2021-01-29,22325.0,947.0,87.96,0.5318382337285846,23221.8852305905,649.7788772531218,23221.8852305905,45455106.3902771,321926.70735093066,3885432.3148731124,89951.57069557214,6811212.0,0.08974111416372267,0.5049385245224005
2021-01-30,21624.85714285714,833.0,87.96,0.6790242788400683,22228.001782356652,622.2899298406396,22228.001782356652,44979974.497137286,308307.57222845114,3936524.521829975,90673.44450349083,7248499.0,0.09064225382510951,0.5046778817394806
2021-01-31,21375.571428571428,812.0,87.96,0.7051796551401814,21908.890308092694,597.2789444490304,21908.890308092694,44676090.99977189,295916.11960265826,3985790.8216550997,91369.52035485157,7515208.0,0.09371524821705894,0.5182625142644349
2021-02-01,20346.0,812.0,87.96,0.526062495658987,21146.089353892534,576.7171219445693,21146.089353892534,44389274.131573096,285728.9620207154,4033811.169447691,92047.99234463391,7764008.0,0.09428257282139384,0.5180525783260156
2021-02-02,19343.571428571428,764.0,87.96,0.5118239340256885,20148.5469518315,554.9495958261226,20148.5469518315,44072580.5755767,274944.4501570632,4079745.939836945,92696.997537203,8045362.0,0.09402946445663891,0.5129757250319145
2021-02-03,18493.42857142857,786.0,87.96,0.5300065110328269,19462.53574793419,537.8194308064619,19462.53574793419,43690113.294448294,266457.474334657,4125104.6744173486,93337.8640098207,8390866.0,0.09454139678329236,0.5112926577710923
2021-02-04,17664.0,654.0,87.96,0.5270462690331111,18299.173930468845,511.9713429081743,18299.173930468845,43289574.88330803,253651.2873074791,4166651.3308943245,93924.87022667116,8762395.0,0.09424205822786719,0.5050012514149185
2021-02-05,16820.85714285714,680.0,87.96,0.5389616622818377,17613.473745243256,491.6947627566603,17613.473745243256,42877453.97146716,243605.4503111938,4207509.093551413,94502.14317040294,9143548.0,0.09535922114727532,0.5061229790187391
2021-02-06,16167.57142857143,613.0,87.96,0.7004331209725947,16807.234340160114,468.91561198588965,16807.234340160114,42396964.66337098,232319.73872437663,4245849.067815826,95043.84267539586,9596770.0,0.09649594169822935,0.506416893489628
2021-02-07,15641.714285714286,569.0,87.96,0.6909454755770545,16173.551552613,445.92243196676446,16173.551552613,42156527.26457094,220927.98840098057,4282064.826019171,95555.52946357611,9812160.0,0.09820271623156411,0.5124514177117658
2021-02-08,14728.142857142857,614.0,87.96,0.5051207131075552,15694.173770887213,430.0442023286971,15694.173770887213,41903827.1521757,213061.27194575523,4318153.637100771,96065.42263571463,10036569.0,0.09940630268840069,0.5156226441010847
2021-02-09,13942.857142857143,543.0,87.96,0.5103878223790504,14798.020178187919,410.6819386570575,14798.020178187919,41588070.28594467,203468.42427267932,4351845.241438414,96541.44604837771,10328071.0,0.09889435292934666,0.5091018010170165
2021-02-10,13132.0,544.0,87.96,0.5269931734931734,14100.833104583298,393.8095140481123,14100.833104583298,41244430.20646651,195109.1434626498,4384606.092202703,97004.31898923976,10647206.0,0.09909129654597237,0.5059005948174777
2021-02-11,12406.285714285714,513.0,87.96,0.5296511670590618,13361.595477447498,376.6443215837369,13361.595477447498,40846104.58192619,186604.81362899664,4415830.112734796,97445.4782959071,11022693.0,0.09913305746203889,0.501225914397305
2021-02-12,11909.857142857143,460.0,87.96,0.5390234870717328,12628.527134132946,357.61492826179506,12628.527134132946,40411033.7827472,177176.88337537574,4445004.245486908,97857.67505851047,11437845.0,0.09974229395303061,0.4989346705667167
2021-02-13,11491.857142857143,435.0,87.96,0.7006128163584304,12088.021608096858,339.408244858764,12088.021608096858,39967525.07011092,168156.55685368832,4472668.399900134,98248.53757312565,11862543.0,0.10171097897737723,0.503198643216166
2021-02-14,11109.57142857143,440.0,87.96,0.7078539428407848,11834.789940900138,324.40767926183446,11834.789940900138,39767924.09968347,160724.67062273592,4499540.054820893,98628.20298625993,12042601.0,0.10470773310315859,0.5154375446241048
2021-02-15,10907.142857142857,462.0,87.96,0.4911143151844905,11863.910369694642,313.7905970089511,11863.910369694642,39550825.54439429,155464.5391364776,4526159.517563217,99004.30521553721,12238329.0,0.10911253086631516,0.5341885233066416
2021-02-16,10703.142857142857,397.0,87.96,0.4918256999660508,11457.550671939009,300.22715831344976,11457.550671939009,39230959.99366859,148744.66363351012,4550757.234954921,99351.84252066861,12540214.0,0.11103378029238133,0.539198198741326
2021-02-17,10438.42857142857,386.0,87.96,0.4980553015860033,11152.798793797445,287.99309148965614,11152.798793797445,38802469.68578532,142683.4126634191,4574433.273191434,99686.35756507938,12951008.0,0.11391598765946885,0.5471525393126336
2021-02-18,10247.857142857143,369.0,87.96,0.4950450752950752,10904.175115315642,276.4761697090858,10904.175115315642,38396425.33479846,136977.46432094485,4597113.7947451845,100006.80710985707,13340000.0,0.1172429048566801,0.55723929615434
2021-02-19,9999.285714285714,316.0,87.96,0.5037315579157684,10422.307750626775,262.7621118371982,10422.307750626775,38069437.31426866,130182.96599286661,4618004.165524267,100301.96389407605,13652738.0,0.11892329734788437,0.5604124448845719
2021-02-20,9875.857142857143,304.0,87.96,0.7236056109257863,10138.177617623856,250.34854478396272,10138.177617623856,37750101.790842146,124032.78335716463,4637945.492547339,100583.71178737425,13958146.0,0.12244440583205324,0.572165208282151
2021-02-21,9769.0,287.0,87.96,0.7482918514234304,9946.720843102214,238.76667177398065,9946.720843102214,37627017.71851939,118294.65555156085,4656878.555737665,100851.214078546,14067901.0,0.12637136503688864,0.5885899542720028
2021-02-22,9387.0,241.0,86.11,0.5461077066208645,9450.831011520251,225.58201518967604,9450.831011520251,37472716.07809926,111762.44400956499,4674166.2368624685,101095.46902362215,14211246.0,0.1276123199043305,0.5919324480321847
2021-02-23,8996.714285714286,258.0,86.11,0.5462836208625683,9197.22653556183,215.56459663119642,9197.22653556183,37181540.611507796,106799.41014438258,4691201.227174621,101336.15373968508,14490226.0,0.13097678259846032,0.6028178026629215
2021-02-24,8597.0,241.0,86.11,0.554893670169986,8835.997112195182,205.7477058081524,8835.997112195182,36773469.28065453,101935.72582080765,4707342.489674975,101564.21111516499,14886888.0,0.13329940495664086,0.6067743108446161
2021-02-25,8115.714285714285,222.0,86.11,0.5526132821045101,8375.994373074218,195.7532861407465,8375.994373074218,36328781.921910115,96984.08653543581,4722557.674900759,101779.18408954759,15321167.0,0.13443697440272095,0.6045523828292877
2021-02-26,7635.285714285715,197.0,86.11,0.5667667003237179,7820.856557644051,185.0876088981847,7820.856557644051,35874295.65478878,91699.8791280163,4736703.9424409475,101979.054492993,15766622.0,0.13444227206576412,0.5970127379020971
2021-02-27,7220.0,197.0,86.11,0.7609348283295652,7415.554494567092,175.66690123149837,7415.554494567092,35490560.9158827,87032.47994620114,4750335.916075989,102171.65851821446,16141256.0,0.13576351632638126,0.5964311426499278
2021-02-28,6802.714285714285,201.0,86.11,0.7804906540827593,7145.49135241305,167.62507339417508,7145.49135241305,35325322.88728764,83048.2335396439,4763598.287880391,102359.04049692255,16297116.0,0.13773655853639602,0.6022817986009849
2021-03-01,6222.142857142857,192.0,86.11,0.5580275762249446,6788.097471544737,159.76050273147456,6788.097471544737,35171493.85074246,79151.80749871916,4776242.789749583,102537.69268787229,16442100.0,0.13788914777391933,0.600323401352295
2021-03-02,5852.714285714285,158.0,86.11,0.556759938729237,6259.024077602559,150.39257823738498,6259.024077602559,34993906.09860078,74510.55923308866,4787709.820703923,102699.70857627722,16612717.0,0.13574693927674114,0.5880128802437089
2021-03-03,5521.857142857143,126.0,86.11,0.5606011514476427,5646.823724075899,139.87533967661224,5646.823724075899,34761482.61682022,69299.89434566285,4797985.42967725,102844.89104969356,16839894.0,0.13255833360463926,0.570387104363676
2021-03-04,5247.142857142857,130.0,86.11,0.5591935971760533,5234.663105837106,130.94518548668674,5234.663105837106,34437183.30177499,64875.535174967714,4807862.205302569,102984.4384690623,17158599.0,0.13249937502147802,0.5648144811759235
2021-03-05,5082.142857142857,156.0,86.11,0.5760731821784454,5126.812730112789,125.05303195438773,5126.812730112789,34045760.3998085,61956.32426759275,4817925.786185382,103126.62523074236,17542811.0,0.1374461060743883,0.579241740613737
2021-03-06,5021.857142857143,129.0,86.11,0.761977828539232,4894.94368536187,118.32678325684631,4894.94368536187,33652494.57164926,58623.86891727905,4827067.687553871,103255.78972658262,17930166.0,0.14031032461582096,0.5844821645238397
2021-03-07,4959.714285714285,115.0,86.11,0.787716229676756,4686.934082043733,111.67779843927454,4686.934082043733,33507365.984186444,55329.69321462169,4835560.621672453,103375.78506555525,18069987.0,0.14296310209698138,0.5929644042493264
2021-03-08,4903.0,122.0,82.41,0.5881825547746601,4609.019722984769,106.57275543149835,4609.019722984769,33335114.522893008,52800.44866095782,4843905.928713719,103493.69460462783,18236348.0,0.14808213635589515,0.6110390892331505
2021-03-09,4837.0,118.0,82.41,0.5962533587270429,4547.2634229640935,102.07884456341667,4547.2634229640935,33153491.08272328,50573.983659500824,4851907.873580869,103606.75283320213,18412130.0,0.15336538605425293,0.629391668551483
2021-03-10,4825.142857142857,99.0,82.41,0.5984861038896125,4399.003079384294,97.13989533520811,4399.003079384294,32946023.990273003,48127.0286745495,4859240.877988309,103710.35970654976,18614620.0,0.15689022116961218,0.6398280218777358
2021-03-11,4801.857142857143,110.0,82.41,0.6039799839536681,4396.8532185503,93.73549401073522,4396.8532185503,32803339.039176844,46440.35071800865,4866610.874221654,103814.48923163806,18751571.0,0.16321576061578288,0.6627420347606683
2021-03-12,4807.428571428572,84.0,82.41,0.6224348773383861,4228.088603987964,89.30495600034344,4228.088603987964,32487458.316107187,44245.28319056277,4873188.438544232,103907.42261007814,19062973.0,0.16633936318257755,0.6689214780351666
2021-03-13,4773.142857142857,98.0,80.56,0.7717595351367281,4194.972319693311,86.48789463697524,4194.972319693311,32011693.284230344,42849.597179733326,4879911.100409026,104002.40604902849,19533363.0,0.17294474801924029,0.6852994700202674
2021-03-14,4777.428571428572,83.0,80.56,0.8672901206980155,4115.544089981665,83.1855938340572,4115.544089981665,31782914.097578082,41213.50394650929,4886133.077854064,104090.3153960478,19757484.0,0.17767555229740015,0.6990138151626809
2021-03-15,4752.428571428572,90.0,78.7,0.6115868301613916,4109.057542639715,80.89598170582045,4109.057542639715,31459021.28569242,40079.13759611332,4892378.070167536,104178.5499165538,20076223.0,0.18429447554439193,0.7176652124687273
2021-03-16,4673.142857142857,68.0,78.7,0.6083260037558282,3955.3940810933586,77.55259554195266,3955.3940810933586,31083351.303010363,38422.68901519503,4897958.934830896,104257.40108125868,20447879.0,0.1872870874321782,0.7206096001428697
2021-03-17,4648.285714285715,67.0,78.7,0.6224253715744944,3837.3979710559433,74.62118077286864,3837.3979710559433,30690425.634821,36970.34770720959,4903372.663352062,104333.89080552569,20836764.0,0.19125555760764482,0.7265764988234962
2021-03-18,4625.571428571428,52.0,78.7,0.6179070458456424,3649.2220465314376,71.1618520672292,3649.2220465314376,30229609.231762677,35256.456506930954,4908283.071948992,104403.26920124084,21294278.0,0.19362559482795458,0.7245354994963362
2021-03-19,4563.571428571428,56.0,78.7,0.6309796694533536,3518.122531774908,68.38506209596532,3518.122531774908,29684972.15886299,33880.72257074479,4913150.125971712,104472.03504695257,21835342.0,0.19781322368575754,0.7268693184155726
2021-03-20,4552.428571428572,59.0,78.7,0.7861512782214537,3422.4467708925204,66.19253522905487,3422.4467708925204,28985714.710122935,32794.456181128095,4917982.718249568,104540.3139880442,22530793.0,0.20360382117825337,0.7305236977838354
2021-03-21,4691.285714285715,71.0,78.7,0.813241955413008,3487.5433219091547,65.14661163384305,3487.5433219091547,28687023.50955735,32276.263375953204,4923051.560289746,104611.93086510143,22824919.0,0.2130024212291978,0.7563701835309838
2021-03-22,4656.571428571428,60.0,78.7,0.6240343285694163,3488.323957880221,63.67211097872681,3488.323957880221,28417623.15261198,31545.736180463206,4927777.051661188,104678.69659422856,23090285.0,0.22005034919561897,0.7740592124866684
2021-03-23,4604.142857142857,48.0,78.7,0.6206389846345988,3420.784636638913,61.70645278493163,3420.784636638913,28152236.940497912,30571.869697174378,4932116.746690661,104740.01146713673,23352237.0,0.22476283078674497,0.7832524701191429
2021-03-24,4643.142857142857,36.0,78.7,0.6311123295158383,3305.408084977624,59.34515951973844,3305.408084977624,27879453.84079842,29401.98961555786,4936069.440704331,104795.85846317923,23622143.0,0.22803303765650856,0.7869486690315728
2021-03-25,4641.0,38.0,78.7,0.6274674617130758,3229.3191917608906,57.43021633984964,3229.3191917608906,27592875.30716851,28453.249399083303,4939983.130015701,104851.1543678763,23905678.0,0.23260326885886493,0.7944693425087165
2021-03-26,4565.285714285715,41.0,78.7,0.6336990426727269,3179.908690092271,55.92076591466009,3179.908690092271,27269098.461886343,27705.406675501756,4943889.1449210765,104906.34184208458,24226234.0,0.23801975795332247,0.8034302145915995
2021-03-27,4511.285714285715,32.0,70.37,0.7920218626402837,3076.1857424989516,54.067560974757804,3076.1857424989516,26852688.48955594,26787.25407738826,4947489.853205514,104957.21568676371,24639878.0,0.24184118005400432,0.8038636634902205
2021-03-28,4482.428571428572,27.0,70.37,0.7918434810803232,2982.5300488120233,52.117274207539644,2982.5300488120233,26640248.6398512,25821.00321984299,4950884.191484952,105005.1737618965,24849798.0,0.24519246016395138,0.8085553517781221
2021-03-29,4199.857142857143,28.0,70.37,0.5988999835447204,2889.810111321686,50.274112840219885,2889.810111321686,26463480.637486607,24907.826613354835,4954186.359016719,105051.82957093815,25024089.0,0.2479249171985326,0.8121411431540076
2021-03-30,3995.428571428572,38.0,70.37,0.6001802486013013,2854.6879274431167,49.10614004570331,2854.6879274431167,26291530.444724318,24329.165703964096,4957654.4600474015,105100.8298284423,25193096.0,0.25237668047390055,0.8213522705731706
2021-03-31,3712.428571428572,37.0,70.37,0.6035305014997997,2796.0019835544804,47.85151493250709,2796.0019835544804,26109069.377524126,23707.573735080023,4961002.20786209,105148.12963416975,25372772.0,0.25544219770801097,0.8255595491798777
2021-04-01,3482.8571428571427,29.0,70.37,0.5929537923090555,2689.082800563245,46.13332693777461,2689.082800563245,25987398.617167216,22856.313986390698,4964048.390431533,105191.16867168306,25492163.0,0.25601702255155834,0.8235614725607472
2021-04-02,3260.714285714286,23.0,70.37,0.3116212895291842,2553.078592369165,44.111486873787875,2553.078592369165,25917454.3405577,21854.612734818784,4966834.989906841,105230.54010022507,25560221.0,0.2548956335203092,0.8177472812460868
2021-04-03,3115.714285714286,27.0,70.37,0.7300123489246296,2449.4507570336596,42.44027318478557,2449.4507570336596,25840875.408429936,21026.625954985786,4969638.095370329,105270.14473927958,25634743.0,0.2549327148159716,0.8154496748999317
2021-04-04,2767.8571428571427,25.0,70.37,0.7689227322385217,2327.5160160490614,40.606842970009566,2327.5160160490614,25813053.874152806,20118.270554613755,4972269.263085701,105307.32009675495,25660755.0,0.25345234574597336,0.8098415849471229
2021-04-05,2609.5714285714284,12.0,70.37,0.2496318721888897,2148.523537746623,38.15600698897191,2148.523537746623,25794622.778021745,18904.02739397422,4974458.771445605,105338.25531820857,25678090.0,0.24916685232730365,0.795579928593436
2021-04-06,2555.428571428572,24.0,70.37,0.5231406720310229,2051.951520501631,36.57866263817141,2051.951520501631,25742662.534961917,18122.547276678888,4976889.462017215,105372.59816542783,25728329.0,0.248729937141774,0.7925850833340293
2021-04-07,2471.428571428572,23.0,70.37,0.5361840471094856,1960.7631420101382,35.0743004359106,1960.7631420101382,25685814.255820725,17377.22546430431,4979225.389079487,105405.60211383806,25783518.0,0.24841912626453008,0.7898465737390065
2021-04-08,2412.0,31.0,70.37,0.5435402938516973,1918.91185767215,34.121552255356995,1918.91185767215,25631387.342587568,16905.19552390855,4981719.642011957,105440.84302375144,25835884.0,0.25043578384988097,0.7945712893239246
2021-04-09,2445.428571428572,21.0,70.37,0.559074191078577,1841.6248664616144,32.79597773542864,1841.6248664616144,25569386.435357507,16248.45235251951,4983911.587194313,105471.8126746876,25896286.0,0.25067009836451015,0.7933908895164621
2021-04-10,2429.428571428572,19.0,70.37,0.7985892528524108,1766.2211176195106,31.507537992614616,1766.2211176195106,25492949.80267322,15610.107249986084,4986001.7244904265,105501.34389791692,25971207.0,0.2509878881686298,0.7920219653422049
2021-04-11,2426.285714285714,21.0,70.37,0.8343928980376348,1714.5380710787847,30.459017417643082,1714.5380710787847,25455612.73799336,15090.627796118273,4988103.612402671,105531.041143766,26006909.0,0.25240034209506246,0.7953126045981125
2021-04-12,2438.428571428572,27.0,61.11,0.6027813622375027,1701.0890948714655,29.84293017090568,1701.0890948714655,25429907.91104254,14785.393283692272,4990337.514327897,105562.60359498125,26030654.0,0.2558486095358072,0.8053640126863532
2021-04-13,2339.0,20.0,61.11,0.6013140363535101,1654.9433794317679,28.91961520564371,1654.9433794317679,25391823.11454983,14327.945747276224,4992335.628903079,105590.83464356874,26067149.0,0.257240293555467,0.8085320715444948
2021-04-14,2241.285714285714,10.0,61.11,0.6039212024168165,1564.488123667934,27.559345650446108,1564.488123667934,25311661.9129532,13654.013253709045,4994006.5898595415,105614.44338979351,26146239.0,0.25599115431766284,0.8020657855082016
2021-04-15,2142.428571428572,18.0,61.11,0.6117729067553629,1513.7102017582079,26.660721027951066,1513.7102017582079,25215376.396983717,13208.79831060832,4995838.416876358,105640.32498745498,26241091.0,0.25700859221604344,0.8021904160500027
2021-04-16,2068.285714285714,17.0,61.11,0.621200983227299,1461.6042664956974,25.76845779615687,1461.6042664956974,25110507.620990735,12766.735057465805,4997598.793133163,105665.19706849042,26344595.0,0.2578268443455002,0.8013975240667979
2021-04-17,1981.0,21.0,61.11,0.850170526192456,1427.8893791023027,25.10991836552938,1427.8893791023027,24992483.04316976,12440.468018040208,4999425.387217205,105691.00473085995,26461087.0,0.25970607405890217,0.8034445037937332
2021-04-18,2018.2857142857144,16.0,61.11,0.8788922130501078,1383.9363139387353,24.308729114980625,1383.9363139387353,24920573.62385114,12043.52649466464,5001097.683535896,105714.63234421899,26531678.0,0.26075825565428745,0.804378534963393
2021-04-19,1999.571428571429,16.0,61.11,0.6804654383952629,1345.0071447636758,23.58258385961865,1345.0071447636758,24836602.497430317,11683.764798338956,5002740.699776194,105737.84626392485,26614326.0,0.2621098054305641,0.8058233091686545
2021-04-20,2007.0,17.0,61.11,0.6851747972625166,1316.398318263006,22.9835882895979,1316.398318263006,24751390.52426729,11386.998193075093,5004390.501028548,105761.15604799875,26698151.0,0.2641265956108221,0.8092377000151756
2021-04-21,2039.857142857143,17.0,61.11,0.6866489850305639,1294.0165935878742,22.46980925943525,1294.0165935878742,24656261.459480084,11132.451304469809,5006028.115604769,105784.29364842072,26791866.0,0.266597138531597,0.8136677095976325
2021-04-22,2050.285714285714,15.0,61.11,0.6988192960385943,1268.0932540197891,21.93208486618285,1268.0932540197891,24551218.093898263,10866.040915579024,5007594.7454746375,105806.4283170259,26895575.0,0.2688069424521389,0.8169169292756628
2021-04-23,2012.857142857143,19.0,61.11,0.708608072401932,1259.7933786749616,21.614433380159852,1259.7933786749616,24440716.8343107,10708.66353604214,5009250.70990344,105829.82517962871,27004557.0,0.2721972779078461,0.8234971265129524
2021-04-24,1998.857142857143,7.0,61.11,0.8723792631994386,1206.3510308245407,20.80015533263416,1206.3510308245407,24313271.910738908,10305.237293846867,5010549.628308238,105848.17739483123,27131053.0,0.27227387050550667,0.819433553540186
2021-04-25,1944.0,12.0,61.11,0.885236830421041,1178.2448032544696,20.247770422665706,1178.2448032544696,24249922.835122637,10031.563492678948,5011956.107276986,105868.04931639307,27193233.0,0.27389885374995854,0.8221762867573421
2021-04-26,1943.857142857143,11.0,61.11,0.6969011027958396,1150.624132859414,19.710163101138335,1150.624132859414,24185670.66436272,9765.211105850529,5013316.850887509,105887.27505022821,27256354.0,0.27550366236869334,0.8248023358338226
2021-04-27,1900.571428571429,13.0,61.11,0.6932480141690668,1131.4055978867843,19.294782477768205,1131.4055978867843,24099520.70392011,9559.414763340565,5014709.611041969,105906.95314079622,27341288.0,0.2777232774433206,0.8284857788135016
2021-04-28,1879.857142857143,15.0,61.11,0.6949069088805931,1120.964068640923,19.002022744766556,1120.964068640923,23995045.662894726,9414.369763896171,5016143.38048874,105927.2106452387,27444453.0,0.2806160637427145,0.8334863275265129
2021-04-29,1861.142857142857,13.0,61.11,0.6978151161703794,1104.252821445948,18.65138525308815,1104.252821445948,23881411.143549614,9240.649784497939,5017505.665022875,105946.45815053387,27556873.0,0.2829695408538841,0.8364963428317624
2021-04-30,1836.4285714285716,12.0,61.11,0.7083055300774599,1085.202607726263,18.283931336755792,1085.202607726263,23764201.668708514,9058.598268929822,5018822.67197609,105965.06593596346,27672920.0,0.28507574538852837,0.8385865040664047
2021-05-01,1823.571428571429,8.0,61.11,0.8563022240916978,1053.4605932432648,17.777618562891984,1053.4605932432648,23639388.69208725,8807.750465337405,5020008.43822216,105981.81944196924,27796760.0,0.2861216494595012,0.8372426287193148
2021-05-02,1739.0,12.0,61.11,0.8701155963919122,1037.8137514949433,17.442054173798393,1037.8137514949433,23566897.65185332,8641.498309924473,5021278.130765183,105999.7587294975,27868123.0,0.28817853219354916,0.8406755402730732
2021-05-03,1673.142857142857,9.0,59.72,0.2679830401891805,1011.6049051813432,16.986320811136103,1011.6049051813432,23506915.89666983,8415.709590087885,5022433.419949629,106016.081629856,27927142.0,0.289173307048823,0.8414304534236496
2021-05-04,1729.0,9.0,59.72,0.6872743924366731,989.5044098656139,16.598794070819185,989.5044098656139,23407552.583547637,8223.713186560495,5023589.368620593,106032.41384799509,28025511.0,0.29068822508838355,0.8422631859752723
2021-05-05,1736.142857142857,13.0,59.72,0.7020888091765285,983.8533814992049,16.414978654122756,983.8533814992049,23298248.56347351,8132.643602846758,5024855.765831565,106050.30657631288,28133624.0,0.29363582245472153,0.8468308715856817
2021-05-06,1745.571428571429,7.0,59.72,0.7020690466129063,959.6697002810089,16.01315002798973,959.6697002810089,23194867.251483425,7933.561467279029,5025939.514190849,106065.61868752936,28236087.0,0.294913986582632,0.8467430333367076
2021-05-07,1764.0,10.0,59.72,0.7265960196398793,948.8433889437221,15.77610397006369,948.8433889437221,23083499.409663834,7816.119273341843,5027107.076651322,106082.11499508205,28346383.0,0.2973961756375567,0.849770006102563
2021-05-08,1777.0,10.0,59.72,0.8402245545228001,939.0471540377704,15.570188346822853,939.0471540377704,22941625.900842596,7714.100354440891,5028271.468109503,106098.56650004226,28487174.0,0.30006240917378085,0.852118818298783
2021-05-09,1874.142857142857,8.0,59.72,0.90304436061015,930.7210931650227,15.347879772879702,930.7210931650227,22865638.44168437,7603.959705474365,5029394.056532258,106114.42737644642,28562125.0,0.3027123132125279,0.856796709149411
2021-05-10,1948.2857142857144,10.0,59.72,0.7045694992142361,934.0667227544587,15.26586037629792,934.0667227544587,22789239.18390059,7563.323982761887,5030590.017863294,106131.32492721858,28637354.0,0.30645664191928046,0.8644964931005868
2021-05-11,1901.4285714285716,14.0,59.72,0.7103274412397219,949.1981496990637,15.34433983856102,949.1981496990637,22686480.87103628,7602.205878996857,5031893.885229292,106149.74706550209,28738768.0,0.31123167637576693,0.8740077753287845
2021-05-12,1853.7142857142856,10.0,59.72,0.7088770620217989,946.9479627615162,15.253989684654043,946.9479627615162,22531228.548379082,7557.44276253656,5033065.1574819675,106166.29578813912,28892878.0,0.31448507808406434,0.8771003562461382
2021-05-13,1820.857142857143,6.0,59.72,0.696591798390044,929.3247800126525,15.001928327095653,929.3247800126525,22349647.57171636,7432.561382532008,5034102.726984373,106180.95544550386,29073517.0,0.3163676021670824,0.8752397895262932
2021-05-14,1804.142857142857,3.0,59.72,0.7194630947350246,901.8225267500635,14.638620291390785,901.8225267500635,22157408.68173665,7252.563903723473,5035037.148871129,106194.1577463136,29264963.0,0.3173541750913957,0.8704173821907963
2021-05-15,1804.857142857143,8.0,59.72,0.8629751463611113,891.8505772875311,14.493981856306618,891.8505772875311,21941216.06607891,7180.904179480239,5036117.519092419,106209.42212837565,29480128.0,0.3201001967240533,0.8693827246507825
2021-05-16,1748.0,7.0,59.72,0.902515611581401,881.1369331654895,14.293393930065708,881.1369331654895,21830637.569638364,7081.524816916053,5037148.806598857,106223.99302841345,29589752.0,0.3223174906529774,0.8709929982063558
2021-05-17,1750.2857142857142,7.0,62.5,0.7181639968218916,872.8699734432765,14.112175122575232,872.8699734432765,21746288.055305272,6991.741698307928,5038175.6739347745,106238.50147655269,29673143.0,0.3246479847075889,0.8739009645596091
2021-05-18,1803.0,3.0,62.5,0.7186754155526085,852.0013543187566,13.815899549513816,852.0013543187566,21586852.042525075,6844.954809655318,5039086.885217444,106251.37583836692,29831781.0,0.3260724105297034,0.8713000518014552
2021-05-19,1859.0,3.0,62.5,0.7254753952999566,831.5557659795262,13.561147405257053,831.5557659795262,21343458.275253046,6718.740305210568,5040005.335277379,106264.35247574086,30074352.0,0.327923396826848,0.8663663272328631
2021-05-20,1896.571428571429,6.0,62.5,0.7185103720191439,823.0174163226428,13.447945940175583,823.0174163226428,21101932.185218666,6662.655725984114,5041021.5578906825,106278.71052626864,30314901.0,0.3310343788414654,0.8646885192927406
2021-05-21,1944.0,9.0,62.5,0.7272443011828977,827.6936134273598,13.473649526427167,827.6936134273598,20906313.21521857,6675.390321057539,5042142.126161535,106294.54286031064,30509383.0,0.33538926354474957,0.8679425494738169
2021-05-22,1986.857142857143,3.0,62.5,0.913006553712694,815.4801590107057,13.289888770929398,815.4801590107057,20718626.579005606,6584.347818709973,5043086.179360439,106307.88124044752,30696192.0,0.3380440845185765,0.866959229713558
2021-05-23,2034.142857142857,8.0,62.5,0.9197194121667804,824.5557552225143,13.326626863014791,824.5557552225143,20612611.83694907,6602.549353775876,5044196.418287834,106323.56763282744,30801075.0,0.34261708453157996,0.8741911612151397
2021-05-24,2092.5714285714284,8.0,62.5,0.7115629662734926,836.992376161789,13.397058410455417,836.992376161789,20522123.88590556,6637.443987865927,5045323.89798283,106339.4976173431,30890399.0,0.347481747639172,0.8827112731713306
2021-05-25,2172.0,6.0,62.5,0.7190897148660307,843.787433591213,13.434753247153774,843.787433591213,20360904.569734123,6656.119532866301,5046411.512041422,106354.86434651825,31050505.0,0.3520858255037532,0.8873807037228783
2021-05-26,2303.1428571428573,12.0,62.5,0.7252386031771997,872.5565507198934,13.757745752317575,872.5565507198934,20149101.557369098,6816.143069066763,5047726.188637472,106373.43920689792,31260854.0,0.35927985682376373,0.8960926719332379
2021-05-27,2456.714285714286,8.0,62.5,0.7301626974390132,892.5722947121576,13.988678258886111,892.5722947121576,19906607.71656742,6930.556362669327,5048964.384687576,106390.93348554724,31502004.0,0.36585729019455665,0.9015157998915204
2021-05-28,2607.714285714286,6.0,62.5,0.7256624442808653,914.3742561350869,14.204180512584715,914.3742561350869,19725217.147207893,7037.324885606202,5050187.34532206,106408.2125053652,31682070.0,0.37250170523107473,0.90952455613313
2021-05-29,2730.0,7.0,62.5,0.8970779073103634,945.3949990764994,14.514059487814514,945.3949990764994,19562107.289806135,7190.851449280799,5051482.876901186,106426.5168686841,31843744.0,0.380058995498644,0.9203033938626812
2021-05-30,2827.1428571428573,8.0,62.5,0.9343983647931016,987.4242914712703,14.91137001750444,987.4242914712703,19460887.95199732,7387.695137336093,5052847.562528836,106445.79829879127,31943422.0,0.388388049583209,0.9356057487222276
2021-05-31,2887.1428571428573,8.0,62.5,0.2754010234404971,1034.8331813296825,15.349053111573165,1034.8331813296825,19387387.185496844,7604.54102486688,5054240.874550638,106465.48418668097,32015334.0,0.3969279890460536,0.9525666632108919
2021-06-01,3132.5714285714284,3.0,62.5,0.5736217435910418,1077.3657853944605,15.720925751627078,1077.3657853944605,19312212.339198712,7788.781754686447,5055555.7536711,106484.06190833592,32089017.0,0.40503754828621386,0.9682593164487543
2021-06-02,3398.285714285714,12.0,62.5,0.5864510174685613,1164.5997456119194,16.59850725595334,1164.5997456119194,19177065.256914962,8223.571086888416,5057251.175107766,106508.01625295747,32222090.0,0.4176069934376584,0.9913209399115217
2021-06-03,3692.0,10.0,62.5,0.5921006142979828,1260.6486581410195,17.560532633550608,1260.6486581410195,19013908.170527406,8700.197325505404,5058991.066759278,106532.59891022494,32383088.0,0.4309503522846275,1.0142920070464627
2021-06-04,3971.571428571429,11.0,62.5,0.6095311869741695,1380.6441519777534,18.73333344699326,1380.6441519777534,18860939.701922033,9281.250230527752,5060871.056024898,106559.16098474326,32533668.0,0.4460110497709257,1.041293880005079
2021-06-05,4186.142857142857,6.0,51.39,0.9282839746348518,1493.706064346533,19.838006191483124,1493.706064346533,18676010.31049796,9828.549737765203,5062674.020464663,106584.63478751316,32716305.0,0.46017738144281106,1.0638337017566122
2021-06-06,4490.714285714285,7.0,51.39,0.9677582110871584,1641.5436610311058,21.18753507736455,1641.5436610311058,18572404.89340971,10497.160869821959,5064624.178754654,106612.18826914096,32817367.0,0.4761525467547114,1.0946584290474572
2021-06-07,5008.0,5.0,51.39,0.7176818533967657,1825.636491299827,22.80896642371792,1825.636491299827,18484324.231520537,11300.483465862253,5066692.1668150835,106641.40654910299,32902667.0,0.49425079324728116,1.1308768759942336
2021-06-08,5310.142857142857,9.0,51.39,0.7304843374624077,2061.4666414463445,24.872824433177726,2061.4666414463445,18373813.39461294,12323.00210517841,5069004.009236489,106674.07020921164,33009968.0,0.5148659325175428,1.1710025176462875
2021-06-09,5578.714285714285,6.0,51.39,0.7331897606941467,2306.8626236845776,27.023041401863217,2306.8626236845776,18218230.00997113,13388.306461862458,5071306.733932533,106706.60504644655,33162305.0,0.5348396252855946,1.2061300218807276
2021-06-10,5805.428571428572,11.0,51.39,0.7352923192791614,2603.020600166417,29.609826681516022,2603.020600166417,18037530.427333184,14669.904397490769,5073840.585944025,106742.40544538482,33339344.0,0.5562972510588929,1.2420765471574295
2021-06-11,6037.428571428572,6.0,51.39,0.7464110144241722,2887.1469094453387,32.08589706913213,2887.1469094453387,17855021.378679756,15896.649702638448,5076261.299883315,106776.60733422916,33518339.0,0.5752234378569523,1.2713388509003265
2021-06-12,6245.714285714285,14.0,51.39,0.9434209739253598,3226.9713601408,35.10302856151008,3226.9713601408,17616755.12585946,17391.458538364364,5078981.523046241,106815.04094201283,33752566.0,0.595616687123906,1.2988444569589301
2021-06-13,6437.857142857143,8.0,51.39,0.9720492533782008,3544.0108609906774,37.79396689905625,3544.0108609906774,17487832.884296026,18724.658106735627,5081525.392893946,106850.98288141507,33877743.0,0.6120386127556411,1.3248880639380434
2021-06-14,6745.0,10.0,51.39,0.7193516066454663,3893.4999567976106,40.72313122692526,3893.4999567976106,17373066.322883267,20175.884455223615,5084186.395874566,106888.57977657346,33988535.0,0.6281520531092482,1.3508453499557482
2021-06-15,7105.428571428572,15.0,51.39,0.7333790989712042,4289.686566258633,44.09908409641525,4289.686566258633,17215977.070510693,21848.467897826766,5087070.216907939,106929.324833158,34141230.0,0.644921070863815,1.3743666651700217
2021-06-16,7461.428571428572,12.0,51.39,0.7287357038672828,4663.380626349714,47.36862707853165,4663.380626349714,17037800.863947067,23468.33158318485,5089918.162548404,106969.56301196561,34315077.0,0.6595364154317425,1.390966557155572
2021-06-17,7862.142857142857,5.0,51.39,0.7233132543220262,4977.279868068473,50.29600452522307,4977.279868068473,16817370.814153213,24918.6726385461,5092625.632259557,107007.81642840804,34531452.0,0.6716495460167046,1.3981867967792425
2021-06-18,8185.285714285715,10.0,51.39,0.7309156533849517,5331.754544771946,53.53622156347253,5331.754544771946,16613572.44774496,26524.007066522106,5095551.347115595,107049.15339640279,34730842.0,0.684229275938512,1.4071132510182003
2021-06-19,8428.857142857143,19.0,51.39,0.9320846164881252,5716.787242277961,57.25032018249212,5716.787242277961,16344808.493648259,28364.12157478711,5098802.0928481035,107095.08267486903,34994669.0,0.6973270690362144,1.410849639409152
2021-06-20,8732.857142857143,22.0,51.39,0.9779747547773864,6141.682568439005,61.00477486845193,6141.682568439005,16197474.936591247,30224.23010903003,5102216.972448394,107143.33097513123,35136870.0,0.7094445743674705,1.422427563050762
2021-06-21,9270.857142857143,13.0,51.39,0.711198066228768,6517.504327213194,64.32033799857915,6517.504327213194,16067425.46378815,31866.89403496157,5105488.6881134035,107189.55653454852,35262103.0,0.7198283832205403,1.4316591457090024
2021-06-22,9900.857142857143,9.0,51.39,0.7237645486417417,6890.219200604366,67.67911803217473,6890.219200604366,15900441.649159059,33530.969360867035,5108777.627409011,107236.02544395185,35424239.0,0.73082166149146,1.4384175382808981
2021-06-23,10671.57142857143,6.0,51.39,0.7255456880676179,7299.6476558923805,71.28240463410536,7299.6476558923805,15717641.815166678,35316.18311897659,5112130.258425654,107283.39424372482,35602046.0,0.7436599949625748,1.4468588923979795
2021-06-24,11466.0,20.0,51.39,0.7231536252895903,7888.769260064293,76.26034069395712,7888.769260064293,15513536.965697965,37782.453755421535,5116018.810716847,107338.33499144243,35800077.0,0.7611003790778192,1.4615616332892665
2021-06-25,12341.57142857143,21.0,51.39,0.7270889914179388,8559.462880241717,81.71050933035745,8559.462880241717,15327929.52413547,40482.687488843105,5120101.108263754,107396.01313560327,35979249.0,0.7800588189356964,1.4800460117230303
2021-06-26,13250.0,9.0,51.39,0.9384341011490134,9169.80120571587,86.7949724366307,9169.80120571587,15104495.229859492,43001.735927858776,5124035.566778817,107451.60248518178,36196589.0,0.7983648088813873,1.4926980749729777
2021-06-27,14279.142857142857,19.0,51.39,0.9619794299267984,10016.506649862291,93.0702145410573,10016.506649862291,14978253.560105238,46110.74439093478,5128416.372926719,107513.49821071632,36315831.0,0.820137445417226,1.5205902111357057
2021-06-28,15822.57142857143,10.0,51.39,0.7055844848783446,10989.68663994806,99.84491496787658,10989.68663994806,14869411.159004232,49467.20468541936,5132772.16132005,107575.04046430565,36417568.0,0.8449049179130557,1.5551274216695572
2021-06-29,17206.428571428572,21.0,51.39,0.7015853623309765,12214.564834368388,108.26585255962229,12214.564834368388,14747624.562746553,53639.27738063923,5137625.536259838,107643.61304045134,36531123.0,0.8731858244570327,1.5940176306595837
2021-06-30,18511.42857142857,21.0,51.39,0.7121509276947873,13541.412296082552,117.31524052852615,13541.412296082552,14621562.474142117,58122.70978257539,5142737.660542335,107715.84144562155,36648447.0,0.9010688833970267,1.6308579972813821
2021-07-01,19823.285714285717,22.0,51.39,0.717475480984253,14955.088658519322,126.95492001805215,14955.088658519322,14491676.51159656,62898.59645205314,5148171.4126552595,107792.6140801398,36769004.0,0.9278186021465068,1.6643554310378916
2021-07-02,20878.42857142857,26.0,51.39,0.7275174051095104,16404.506450783105,136.93218835004862,16404.506450783105,14377489.148604337,67841.73827293619,5154060.878689245,107875.82542542694,36873128.0,0.9510795029698547,1.6926386038857004
2021-07-03,21900.14285714286,24.0,51.39,0.9290514779242848,17764.838059254045,146.74864446556575,17764.838059254045,14242265.993879942,72705.20722483977,5160298.326317003,107963.9533483016,36997825.0,0.970175521655708,1.7103845950155383
2021-07-04,22814.285714285717,23.0,51.39,0.952511942735627,19093.540754162754,156.20220235028685,19093.540754162754,14167681.27642785,77388.88173184311,5166946.685673965,108057.88697874777,37061362.0,0.9847881005595611,1.7270540972831319
2021-07-05,23772.0,24.0,51.39,0.7062220104456947,20372.71999852327,165.61104218305073,20372.71999852327,14094399.846196162,82050.4011092636,5174051.086373386,108158.26394605923,37122907.0,0.9962203043490746,1.7380663355899446
2021-07-06,24968.714285714286,19.0,51.39,0.7052440507835245,21605.76156235271,174.8759394319416,21605.76156235271,14011883.782067077,86640.60551524378,5181446.47353236,108262.75221560833,37193284.0,1.0064338673091375,1.7456056549588563
2021-07-07,26444.85714285714,23.0,51.39,0.711184754654053,22971.04615827564,184.95389406784133,22971.04615827564,13924962.831116434,91633.63139888359,5189325.838391294,108374.07853039626,37267144.0,1.0180415444772821,1.754785013462738
2021-07-08,27253.714285714286,30.0,51.39,0.7037510893914403,24252.69122486009,195.15699770404163,24252.69122486009,13827786.10410899,96688.66115338687,5197886.4987095175,108495.03076226627,37350279.0,1.0258064063953956,1.7558298620424524
2021-07-09,28219.85714285714,39.0,51.39,0.7190506610024154,25532.56249063258,205.74871995610616,25532.56249063258,13733908.70478165,101936.22827067629,5207169.718848331,108626.1919289259,37429040.0,1.031348297925593,1.7533308860500807
2021-07-10,28901.714285714286,33.0,51.39,0.9282891773593528,26561.193148171456,215.34196549490494,26561.193148171456,13634341.23093132,106689.10968499693,5216863.128357911,108763.14859705338,37513300.0,1.0325878225194847,1.742711628076753
2021-07-11,29703.42857142857,27.0,51.39,0.9876832947754,27509.430819794674,224.06510778589026,27509.430819794674,13584930.703574598,111010.90679751929,5226903.524248369,108905.00778156033,37547298.0,1.031554543341515,1.7346585240475305
2021-07-12,31169.42857142857,34.0,51.39,0.6579255971448954,28653.212452196723,233.83138177236637,28653.212452196723,13528281.338239048,115849.51349529986,5237472.7265499355,109054.3383892585,37587563.0,1.0338800335877039,1.7313192012111005
2021-07-13,32829.42857142857,38.0,51.39,0.6923832037033791,29975.040736344992,244.5427412019012,29975.040736344992,13463412.515120415,121156.35370374082,5248545.155096752,109210.77900196014,37635126.0,1.0391831686544608,1.7318553979223665
2021-07-14,35121.71428571428,33.0,51.39,0.6970183440665897,31567.071843485315,256.195086787779,31567.071843485315,13395521.76705972,126929.39647058891,5259896.875742822,109371.16568913184,37685048.0,1.0498956063776974,1.7408851617410679
2021-07-15,39072.28571428572,44.0,51.39,0.6931778771910351,34077.28652474786,271.6997608269178,34077.28652474786,13321965.47887963,134611.03839017535,5271802.760757921,109539.38207804947,37738579.0,1.0746070775666932,1.772076112969389
2021-07-16,42227.71428571428,41.0,51.39,0.7001014500444325,36935.02819028738,288.85621473517267,36935.02819028738,13250491.781234998,143111.0387900821,5284253.979169333,109715.30339732426,37788847.0,1.1014555427606407,1.8066055527082758
2021-07-17,43637.71428571428,44.0,51.39,0.91717269621217,39435.44954010628,305.8831343370407,39435.44954010628,13166905.21173155,151546.86266132054,5297684.840431927,109905.06593732352,37849948.0,1.1176087823426546,1.8215365328786854
2021-07-18,44458.57142857143,57.0,51.39,0.9566715433689118,41574.92680971538,322.519458823636,41574.92680971538,13114842.226469867,159789.16993211381,5312384.04695233,110112.7487292479,37877792.0,1.1219015586685703,1.8213029568377452
2021-07-19,44876.28571428572,70.0,43.98,0.6536308895782581,43193.17077181087,338.44713633453716,43193.17077181087,13058275.239679394,167680.3848612726,5328325.456170155,110337.9824089258,37908717.0,1.1155285121292895,1.803145881689274
2021-07-20,43833.42857142857,49.0,43.98,0.650038849065165,43574.37573385006,349.75829460583805,43574.37573385006,13000342.501315523,173284.38964825284,5344748.576903988,110570.02211536658,37942306.0,1.0938319580379254,1.7602314366349272
2021-07-21,41170.0,45.0,43.98,0.6504917827461687,42652.90651582772,356.3492802416344,42652.90651582772,12940147.87563396,176549.83021304768,5361855.653216057,110811.72532324198,37980133.0,1.0557856535601258,1.6911392395591707
2021-07-22,36902.57142857143,67.0,43.98,0.6388245828245829,40499.700688601864,358.72959508633323,40499.700688601864,12882940.129469726,177729.13435363755,5380031.2673422815,111068.52573490803,38017505.0,1.0002576199978674,1.5951121680259894
2021-07-23,33109.42857142857,74.0,43.98,0.6402995516504288,37590.82518776606,356.6338651321977,37590.82518776606,12831447.27770695,176690.82506527827,5398553.309496383,111330.2207740768,38053417.0,0.9376178915102401,1.4892441427965895
2021-07-24,30965.85714285714,66.0,43.98,0.9198310730854592,34639.537409932746,350.9877370779755,34639.537409932746,12780163.709715063,173893.5051193586,5416735.310496715,111587.11142490631,38092940.0,0.8814262377628364,1.394398035183062
2021-07-25,29036.285714285717,65.0,43.98,0.9672507916060548,31849.094102804745,342.7630637181393,31849.094102804745,12750215.344771387,169818.66965385058,5434628.865017803,111839.92666046045,38113507.0,0.8318170134986779,1.3128336193780694
2021-07-26,26627.714285714286,67.0,43.98,0.5998123152026661,29045.201433663642,332.15786011506333,29045.201433663642,12716339.105660679,164564.4233306133,5452232.610564814,112088.64723031667,38139966.0,0.7848921921031881,1.2354821651042929
2021-07-27,25210.571428571428,59.0,43.98,0.6039274807388842,26501.974014442392,319.7743122941272,26501.974014442392,12681678.914525198,158429.11343539215,5469201.764325737,112328.40175206424,38168484.0,0.7459335618114155,1.1709578755974666
2021-07-28,24531.85714285714,72.0,43.98,0.6066247066773383,24516.892184388285,308.09301475325225,24516.892184388285,12643550.076939248,152641.72670035754,5485954.166071012,112565.09381844575,38199367.0,0.7183842184179461,1.1243206494093998
2021-07-29,24196.14285714286,70.0,43.98,0.608453903796009,22929.276060322696,296.66925936892136,22929.276060322696,12603391.68121491,146981.93675457343,5502184.990039072,112794.41659389438,38231867.0,0.6999590180688451,1.0920044732453473
2021-07-30,23842.285714285717,96.0,43.98,0.6082417829084497,21840.901149866568,287.51122880092237,21840.901149866568,12564664.99800152,142444.6784198021,5518538.871388275,113025.47802780973,38260753.0,0.6900921376411998,1.073303051718725
2021-07-31,23581.42857142857,78.0,43.98,0.9207443367224069,20830.400842050654,277.82420647233886,20830.400842050654,12522161.160868512,137645.33619516864,5534100.570017007,113245.34683585067,38294312.0,0.6834244414928294,1.059337060920141
2021-08-01,23446.714285714286,75.0,43.98,0.9621744439770756,20049.35120921822,268.83168522853384,20049.35120921822,12494042.272908987,133190.07786630528,5549185.519391387,113458.47972827635,38313285.0,0.6813325678078561,1.0537230754186118
2021-08-02,23452.285714285717,68.0,43.98,0.5887151688467478,19430.578149054432,260.4904771513549,19430.578149054432,12462835.537221763,129057.50639373471,5563726.420933584,113663.9258539052,38335360.0,0.6831550114733685,1.0539026426593352
2021-08-03,23600.14285714286,66.0,43.98,0.5939628487172346,19008.61733054286,253.27345938874367,19008.61733054286,12428484.316703107,125481.90422114276,5577862.810108006,113863.65668748916,38360235.0,0.6892629392315782,1.060394501818378
2021-08-04,23881.571428571428,71.0,43.98,0.5992583998198033,18824.4125966209,247.7194469521008,18824.4125966209,12391226.177498898,122730.2220737127,5591799.986987864,114060.57288170951,38387233.0,0.6999859096699078,1.0736629165162253
2021-08-05,24276.571428571428,90.0,43.98,0.5947711179333985,18962.98077709965,244.7411735727389,18962.98077709965,12351831.09104499,121254.66511707217,5605925.534233469,114260.15053138249,38414767.0,0.7159957974619934,1.0947279043782394
2021-08-06,24668.285714285717,81.0,43.98,0.6034237671035916,19146.532874267643,242.27439435132987,19146.532874267643,12313720.160707692,120032.52303103366,5619688.490088124,114454.60518394863,38441242.0,0.7325471723186384,1.1165784633654834
2021-08-07,24883.571428571428,85.0,43.98,0.9044765095203692,19412.301020478746,240.9247892517631,19412.301020478746,12267827.106101792,119363.8741396381,5633398.236632291,114648.30805049166,38475004.0,0.7496700029250475,1.1384190411278428
2021-08-08,25089.714285714286,67.0,43.98,0.95176329372382,19591.322016281294,239.03530935664494,19591.322016281294,12237552.195249666,118427.74946317494,5646587.207349969,114834.65295675475,38493907.0,0.7644505169836041,1.1579993264721502
2021-08-09,25334.285714285717,72.0,43.98,0.5926037395028623,19871.135143011226,238.21470423374512,19871.135143011226,12204571.313584033,118021.18853222068,5659774.396945797,115020.97269787284,38514885.0,0.7801423115187573,1.1785845213980695
2021-08-10,25412.571428571428,69.0,43.98,0.6005109073837144,20118.342612271437,237.62907892803415,20118.342612271437,12165275.231276449,117731.0460960647,5672803.309546523,115205.0561680821,38542072.0,0.7943518786129705,1.1961874370078114
2021-08-11,25446.85714285714,81.0,43.98,0.6023487477434846,20443.23206369001,238.15526256365712,20443.23206369001,12119076.70371516,117991.7387273705,5686038.600297442,115392.05552288999,38575267.0,0.8084666183034903,1.2128190158844967
2021-08-12,25384.571428571428,93.0,43.98,0.6029712078045412,20804.753169400523,239.52512362721075,20804.753169400523,12071173.199527575,118670.42324168148,5699523.562004163,115582.58243961218,38609335.0,0.8213046167414473,1.2272078265804303
2021-08-13,25404.714285714286,90.0,43.98,0.6108168236896308,21090.575076513283,240.6760203324196,21090.575076513283,12026907.444620889,119240.6239665422,5712949.273331126,115772.27221700553,38639707.0,0.8316563007302747,1.2381185255875362
2021-08-14,25601.714285714286,82.0,43.98,0.9163148067007716,21295.169239584287,241.47142596043577,21295.169239584287,11972212.895700008,119634.70004965238,5726205.659610113,115959.569627237,38680668.0,0.8407815419204155,1.246011271104643
2021-08-15,25762.14285714286,74.0,43.98,0.9593551302498672,21461.84553771263,241.84405627841824,21461.84553771263,11933849.282601668,119819.31616372852,5739284.194632313,116144.35420485708,38705488.0,0.8487765036797226,1.2538288781309763
2021-08-16,26129.14285714286,76.0,43.98,0.59211354126705,21707.284537001462,242.7799275616614,21707.284537001462,11891623.753138728,120282.98460735723,5752415.735159549,116329.8876889653,38733787.0,0.8582104776920072,1.2632791932709992
2021-08-17,26627.0,97.0,43.98,0.5940386251175724,22199.46254696796,245.6447327322581,22199.46254696796,11843783.182084942,121702.32482917371,5766076.477887398,116522.89818825388,38766336.0,0.8709371311386696,1.276855130309928
2021-08-18,26954.285714285717,81.0,43.98,0.6164915153073047,22533.033837638184,247.57270204295773,22533.033837638184,11790376.314971052,122657.51871711753,5779452.442743868,116711.88510546561,38805019.0,0.881112771476383,1.285948374899378
2021-08-19,27153.0,94.0,43.98,0.6111809322905815,22938.190201970134,250.43964846792431,22938.190201970134,11727354.695544861,124077.91980285717,5793201.564146149,116906.14429321603,38852488.0,0.8914525963056293,1.2940846499434429
2021-08-20,27233.42857142857,101.0,43.98,0.6186818488529016,23317.925165344397,253.5731129088799,23317.925165344397,11659956.080096265,125630.36468124784,5807220.4957935065,117104.2155877472,38903860.0,0.9001855520559697,1.2992517897369014
2021-08-21,27414.714285714286,91.0,43.98,0.9062668520563256,23545.79738015898,255.8832843527339,23545.79738015898,11582381.740715,126774.91694721256,5821127.000834658,117300.69842432042,38965776.0,0.9068090842954357,1.300104039742673
2021-08-22,27576.0,104.0,43.98,0.9720447754000384,23900.004034401667,258.8796250096801,23900.004034401667,11533954.898252837,128259.42516310007,5835443.26256118,117502.97064908517,38997783.0,0.9136168596771125,1.3043877908236843
2021-08-23,27500.571428571428,98.0,43.98,0.604456410223954,24083.530733480904,261.05008036306606,24083.530733480904,11481003.46537301,129334.7564332108,5849742.339218869,117705.00006869176,39034551.0,0.9171887685157125,1.3034757228728728
2021-08-24,27088.714285714286,104.0,43.98,0.6057689532689532,24131.27236222759,262.8993398588267,24131.27236222759,11417340.742297985,130250.95429889759,5864277.924521835,117910.37108201416,39081835.0,0.9176308677300614,1.296872698129805
2021-08-25,26585.14285714286,88.0,43.98,0.6110122346789013,23876.61643967333,262.82232868612357,23876.61643967333,11350383.065948807,130212.79985263065,5878524.682071417,118111.6612931303,39133433.0,0.9135708964091582,1.2835628699088815
2021-08-26,26213.85714285714,106.0,43.98,0.606173764182536,23716.079752709473,263.41296938834006,23716.079752709473,11288696.972781762,130505.4271188413,5893211.052729872,118319.16272914853,39179094.0,0.9103411690427896,1.272073981396892
2021-08-27,26027.85714285714,106.0,43.98,0.6064454875858385,23532.72886817507,263.59536815315636,23532.72886817507,11235512.291187245,130595.7948359798,5907942.266332045,118527.29774411427,39216427.0,0.906951133834244,1.2613660515188492
2021-08-28,25675.42857142857,105.0,43.98,0.9120026261912226,23272.761028461726,263.2078259515833,23272.761028461726,11182444.150718527,130403.79077232144,5922674.185498311,118735.44272788116,39253939.0,0.9025154079714098,1.24926833978058
2021-08-29,25210.14285714286,106.0,43.98,0.9628440477651004,22972.161155437254,262.28894296925967,22972.161155437254,11147291.823937139,129948.53901930853,5937428.905045494,118943.9098546328,39273799.0,0.8967982488484475,1.2374523738521404
2021-08-30,24444.42857142857,91.0,43.98,0.2816255688755689,22427.927385564202,259.5619763020019,22427.927385564202,11117941.732148968,128597.48956082627,5951801.525046796,119146.97835661637,39289090.0,0.8870864105722873,1.2208285887625436
2021-08-31,25209.14285714286,95.0,43.98,0.6132451867495727,22181.602242564182,258.1102053858271,22181.602242564182,11069899.279209765,127878.22359630659,5966192.4843644835,119350.30597195907,39322571.0,0.8861073078967721,1.2142115469801842
2021-09-01,25737.571428571428,98.0,43.98,0.6474775581793126,22131.800374520615,257.53369074844977,23208.698659477068,11021023.60215002,127592.59495332101,5980617.57655818,119554.1158454239,39356546.0,0.8900266498003313,1.214197443655111
2021-09-02,26331.0,101.0,43.98,0.6653955227683298,22259.294300669015,257.86446983288585,23709.460069800964,10973063.359263565,127756.47627547669,5995106.726642879,119758.83078281293,39389240.0,0.8979129786005974,1.2196255301273713
2021-09-03,26970.571428571428,126.0,43.98,0.6854299412413447,22719.2333610334,260.55637026566654,24205.790234170458,10926778.102748655,129090.15250469651,6010204.291707061,119972.1419203661,39418716.0,0.9108400196113839,1.2319656491338324
2021-09-04,27437.85714285714,112.0,43.98,0.9451088497272708,23079.31497298251,262.6384081186938,24681.614987049445,10877137.010617316,130121.67817299544,6025082.44229505,120182.35298510203,39452167.0,0.9221303762576447,1.241570252391701
2021-09-05,28052.85714285714,118.0,43.98,0.9963382699172172,23592.63330189296,265.5824181412646,25185.327144053615,10845105.125104876,131580.25967841604,6040191.745150464,120395.82996411469,39467457.0,0.9349439622715322,1.2551155736952933
2021-09-06,29218.85714285714,121.0,43.98,0.6870219400482558,24312.858136094943,269.75779820015475,25677.098133537496,10810377.745130941,133648.91164811314,6055501.440199885,120612.13825311612,39484808.0,0.9516196230464518,1.2734110951891722
2021-09-07,28415.0,126.0,43.98,0.6977500400833734,24712.29204531171,273.0596190275454,26156.896660921884,10774406.95225955,135284.76708206953,6071066.797450913,120832.05875341849,39503345.0,0.9587478953900548,1.2786808747820166
2021-09-08,27566.285714285717,116.0,43.98,0.7062933872495276,24704.655373581172,274.36789535293394,26623.35523496256,10738089.557895703,135932.94002902336,6086526.217618781,121050.48248518365,39522918.0,0.9571075389593493,1.272190446098974
2021-09-09,26681.14285714286,132.0,43.98,0.7083709073577494,24579.015127022532,275.52780731576223,27073.64129418863,10699757.82182725,136507.607276732,6102412.752768425,121274.9408577347,39543974.0,0.9516282885657003,1.2603920713397825
2021-09-10,25581.285714285717,110.0,41.2,0.7229525162946215,24003.917591904414,273.74210138608504,27509.881784963356,10663133.81309928,135622.89641529525,6117835.820489229,121492.85097139474,39564949.0,0.9386375451268483,1.2389310919065522
2021-09-11,24659.42857142857,105.0,41.2,0.9452257659494502,23273.56273413659,270.6575910065015,27923.499516437438,10624615.99891165,134094.70535668952,6133070.673633114,121708.10183076045,39588657.0,0.9237866179712072,1.2149244722646237
2021-09-12,23862.571428571428,107.0,41.2,0.9826381410986674,22541.379668150625,267.00183832114345,28353.131657232014,10599050.064458333,132283.49778118043,6148226.081082243,121922.23021434624,39599893.0,0.909162574305455,1.1928143746097912
2021-09-13,22728.85714285714,72.0,41.2,0.7019584948839335,21433.494199861354,260.1155364690014,28761.47405761084,10572842.60994555,128871.74563180869,6162398.92223813,122122.47607228869,39614370.0,0.8895639371072215,1.1642153108384479
2021-09-14,21972.14285714286,119.0,41.2,0.6931599592739943,20752.696044387307,256.1734798177892,29149.174856612743,10542673.09307242,126918.69150471795,6177382.3012945745,122334.17389355802,39630853.0,0.8770651770422648,1.1445821776795668
2021-09-15,21508.571428571428,104.0,41.2,0.7059773662010504,19995.590443594323,251.08904389871867,29514.16582664517,10511679.172895271,124399.6565353409,6191854.975684977,122538.65604840957,39649319.0,0.8647222289492089,1.1251569096205365
2021-09-16,21205.714285714286,113.0,41.2,0.6953581614941264,19400.79292780733,246.74010184406075,29861.86849274316,10480999.071030142,122245.0149409041,6206338.3521588,122743.28941130004,39667180.0,0.8562869176602711,1.1109291496287415
2021-09-17,21397.714285714286,127.0,41.2,0.699766022151987,19075.818915932563,243.89983138872728,30194.186288073583,10450849.07803913,120837.83020825013,6220998.976946749,122950.42708790775,39683602.0,0.8542055045047832,1.1050407987416118
2021-09-18,21964.85714285714,94.0,41.2,0.9198164196102792,18690.496056944754,239.79719774185543,30492.54162586129,10417460.516853495,118805.21975007714,6234803.699254103,123145.4718521171,39704763.0,0.8539985080691626,1.1012434695532674
2021-09-19,22952.0,90.0,41.2,0.9534404572036153,18587.84391896685,236.89751348016907,30801.955822664673,10394919.323217785,117368.59901739309,6248403.400743652,123337.6199092042,39714691.0,0.8615681632535663,1.1086006693620498
2021-09-20,23940.85714285714,106.0,41.2,0.6918738461019163,18849.699662324965,236.53095912086502,31077.25162417721,10365667.774223145,117186.99317871958,6262299.641660554,123533.95772553691,39729922.0,0.8775288581876626,1.125960262800187
2021-09-21,25070.285714285717,94.0,41.2,0.702047564196687,19241.04465752205,236.8415326409152,31328.55023833646,10335827.156474153,117340.86384795833,6275920.279430941,123726.40158810557,39745993.0,0.8971556518632259,1.147829564107968
2021-09-22,25981.0,106.0,41.2,0.7250037112010796,19881.645978464432,239.14980136959954,31548.36055924336,10302238.04565642,118484.47343195685,6289833.123189143,123922.97398340903,39764904.0,0.9210707312649056,1.174597124991017
2021-09-23,26841.0,105.0,41.2,0.7217624289290956,20614.277685453606,242.36884983965246,31730.188590039827,10264376.40926344,120079.32009602207,6303792.020487212,124120.19706198016,39787971.0,0.9458036832092037,1.2017052035503288
2021-09-24,27323.714285714286,93.0,41.2,0.7257578771131403,21247.317099864526,245.23900714135144,31879.547749201818,10225525.114866914,121501.31197981679,6317553.080189352,124314.6249240753,39812570.0,0.9670995502162676,1.2241120468210107
2021-09-25,27675.571428571428,92.0,41.2,0.9264846498530708,21865.46098668876,248.27988320668348,32027.19474188251,10194819.001179254,123007.88483628293,6331368.617718606,124509.82249489502,39828871.0,0.9860066331927895,1.2442960637078986
2021-09-26,27964.85714285714,68.0,41.2,0.9642919595024858,22263.796058287546,249.83070611776284,32176.52585696856,10173036.429657547,123776.22516085413,6344708.882051887,124698.30500501476,39837181.0,0.9998734825991407,1.259099412714207
2021-09-27,28318.285714285717,80.0,41.2,0.7019881791373019,22750.659196900677,252.51919271110674,32250.07904958255,10133695.15540867,125108.21003609526,6358374.192615948,124891.38004254503,39862104.0,1.0147849267406865,1.2729349603224114
2021-09-28,28187.0,81.0,41.2,0.7025583532776516,23111.43521688346,254.91536242520417,32270.478508514476,10087142.993542092,126295.36931953393,6372132.724144278,125085.77218452148,39893984.0,1.0258998833526372,1.2809657819588955
2021-09-29,28172.571428571428,86.0,41.2,0.7064069007665499,23432.901530332216,257.3751041180868,32254.126080237653,10039216.936830737,127514.024729619,6386084.59866728,125282.89603948515,39926772.0,1.03514680027574,1.286370742827197
2021-09-30,27953.714285714286,81.0,41.2,0.7045720596817088,23585.964724978134,258.9806271641361,32197.842515547603,9989649.239641154,128309.46571098123,6399998.278969427,125479.48025428569,39961289.0,1.0405869565055972,1.28674647782215
2021-10-01,27722.285714285717,98.0,39.97,0.7141558194891529,23784.15247568169,261.24619902522915,32113.757152797316,9941196.52879202,129431.9215417892,6414370.233593123,125682.53935538785,39993763.0,1.0453008203137524,1.2863060777168343
2021-10-02,27505.714285714286,75.0,39.97,0.8958000605632185,23718.456009194804,261.4005595865592,32048.52433950599,9909070.315554392,129508.39800015591,6428289.10013354,125879.19684578478,40010935.0,1.0451755511997334,1.2819955665281555
2021-10-03,27552.0,74.0,39.97,0.9524590000642632,23677.310789637446,261.4562205570248,31983.501114972052,9884315.741236476,129535.97469367,6442202.051539691,126075.77076217756,40020688.0,1.0457528013125612,1.2794991964155995
2021-10-04,27820.571428571428,82.0,39.97,0.7036757284301144,23721.899988548834,262.35782499942997,31815.306235840315,9835101.107090296,129982.66595994121,6456317.13213295,126275.20053024321,40054403.0,1.0493463846987692,1.27750341704037
2021-10-05,28197.85714285714,87.0,39.97,0.7003846285293653,23863.077593379134,263.8725195514793,31595.643400365436,9780054.241848728,130733.10683583577,6470598.109565953,126476.9742288412,40093613.0,1.055439337499093,1.2777294688132173
2021-10-06,28749.14285714286,77.0,39.96,0.7178077896762107,24011.066132530945,265.1239967426042,31339.690751067938,9724829.162086673,131353.1391969473,6484716.530043521,126676.45118564754,40133350.0,1.062974082945917,1.2795846673729352
2021-10-07,29513.42857142857,93.0,39.96,0.7202977018108596,24429.17586468115,268.11728597537655,31053.187432480237,9669540.379432628,132836.1356140192,6499276.858890566,126882.17179673005,40172167.0,1.0755247797687946,1.2873321725471871
2021-10-08,30329.714285714286,96.0,39.96,0.7257778811506881,24973.732323634744,271.90034599967146,30736.958029705478,9614588.042831162,134710.41638855072,6514032.686992064,127090.65458620443,40210284.0,1.0903985425096285,1.2977179564289523
2021-10-09,31087.85714285714,92.0,39.96,0.9271620098549924,25592.61696388978,275.83164424641205,30458.77768987855,9579754.608912932,136658.1403674185,6528850.957938807,127300.01962090179,40228213.0,1.1054993072464376,1.3109231419772809
2021-10-10,31710.85714285714,70.0,39.96,0.955060874797717,26073.700977908335,278.60499182336525,30187.676315696364,9553829.65435818,138032.1688023878,6543314.531813449,127504.37319608593,40237981.0,1.118094585478897,1.3222708041822862
2021-10-11,32659.42857142857,95.0,43.66,0.7162412519254624,26833.451738374515,283.9109558174428,29805.078362937846,9498058.682571476,140660.9577300257,6558476.033963625,127718.58769079077,40276052.0,1.1357998120990962,1.3353681447920807
2021-10-12,33891.28571428572,87.0,43.66,0.7211961451478995,27649.21751052977,289.50362366317086,29373.54887158316,9435878.319707617,143431.7913288244,6573656.464294577,127933.06961876666,40320603.0,1.1552840033113332,1.3493837090132839
2021-10-13,35034.142857142855,89.0,43.66,0.7270060237033922,28587.420837434445,295.91133804323084,28914.969065801004,9373679.279995494,146606.43190922964,6589098.720049793,128151.25083726521,40364769.0,1.1763743052357973,1.3649602084712023
2021-10-14,36049.0,111.0,43.65,0.7294347549786147,29754.427620155537,304.2575295071859,28426.338174495213,9308976.87037692,150741.47235294172,6605301.981562062,128380.18418712816,40410044.0,1.1990866428357823,1.381709957386019
2021-10-15,37018.0,108.0,43.65,0.732592313956349,30876.980756004086,312.56736088424543,27918.312200321347,9245667.79924602,154858.49854063068,6621768.418911151,128612.8359072691,40453608.0,1.21953752218537,1.3957184612333027
2021-10-16,37655.0,97.0,43.65,0.9193300387072316,31866.677564779802,319.8088792795972,27474.205957814036,9208976.746651722,158446.23931652645,6638343.723097899,128847.0257899417,40470402.0,1.2350289646104002,1.407838670805184
2021-10-17,38512.42857142857,104.0,43.65,0.9479026309947364,32923.96641619112,327.61520230650024,27045.883714911597,9179737.35433971,162313.80712542843,6655405.757536623,129088.09260829806,40478669.0,1.2495685876095588,1.419890082026376
2021-10-18,39389.857142857145,95.0,43.65,0.7012645963523156,33781.38239750186,335.00494150310834,26503.026156036176,9116342.149871854,165974.9824744994,6672591.444658308,129330.90649609489,40520894.0,1.2625478272006365,1.424730843510374
2021-10-19,39923.857142857145,104.0,43.64,0.7053635761574357,34612.13853744826,342.6582671809633,25939.549977582723,9051111.207793526,169766.74921547397,6690321.757738639,129581.41531892853,40564055.0,1.2738185494734395,1.42716386384133
2021-10-20,40411.857142857145,120.0,43.64,0.7093723824908036,35451.45946884178,350.95563220675473,25349.74361591987,8981366.160283651,173877.59906909466,6708776.955186277,129842.16591974597,40610539.0,1.2837538256803283,1.4272121170897916
2021-10-21,40314.57142857143,113.0,43.64,0.7134850472789069,35942.76968464641,357.5613269185945,24751.414170221746,8913720.283489339,177150.32710441924,6727485.5872029625,130106.49725796997,40654803.0,1.2871947177646295,1.4202592335278195
2021-10-22,40011.0,105.0,43.64,0.7036255347965874,36105.91759243231,362.312737063829,24152.951914554906,8850410.98745533,179504.36765094395,6746361.5710754385,130373.19308439388,40694864.0,1.2852085229597863,1.4079959527140629
2021-10-23,39740.71428571428,133.0,43.64,0.9080228400579278,36365.83273685108,367.82366134077915,23593.512734581844,8802438.09004032,182234.7021832679,6766152.88522184,130652.82146918219,40718255.0,1.282015114359228,1.3968844907593594
2021-10-24,38682.142857142855,119.0,43.64,0.9332308773098248,36110.18213189444,370.3549667491328,23056.251560722318,8764330.678240845,183488.8131492257,6785945.136309746,130932.46309189433,40732609.0,1.2697990602031421,1.3775841185352826
2021-10-25,37353.71428571428,115.0,43.63,0.6077797691262603,35420.94399793641,370.6736540988556,22485.681919913786,8715446.261873035,183646.70373748915,6805813.215209408,131213.1760738597,40758670.0,1.251471700404042,1.3501282785885356
2021-10-26,36017.42857142857,132.0,43.63,0.61592818049397,34595.170411305335,370.3419657157228,21899.97662884925,8662243.182439959,183482.37191202276,6826122.669234557,131500.12517597567,40789376.0,1.230904687944289,1.3198335641488914
2021-10-27,34954.71428571428,134.0,43.63,0.61881131863588,33619.17517497801,368.68629819858705,21297.124329024206,8604611.554058285,182662.0873338096,6846486.143268807,131787.8375183267,40825600.0,1.2095979375989272,1.2883583542696508
2021-10-28,34454.0,154.0,43.63,0.6176630468297135,32835.05612011232,367.615387022969,20691.193891986193,8546504.645167459,182131.51467178424,6867260.388992331,132081.3535897454,40862160.0,1.1928828631953834,1.261974860610951
2021-10-29,34381.0,130.0,43.63,0.6205088086052999,31982.33239541031,364.6020017804029,20093.849513162448,8493861.324667236,180638.56187956643,6887458.050522927,132366.72319323802,40895044.0,1.1787675410988891,1.2393606572063658
2021-10-30,34166.142857142855,133.0,43.63,0.896181780208096,31266.600412580796,361.6000539752435,19506.09422201963,8444890.262915917,179151.27565592108,6907619.8836852955,132651.58658333664,40924555.0,1.1686929306537845,1.2216837535023823
2021-10-31,34090.857142857145,155.0,43.63,0.9295399819478768,30856.367004253756,360.0667011173631,18941.54161145814,8403256.86189715,178391.59070150807,6928189.618445755,132942.21315132402,40945785.0,1.1640092822731771,1.210788962531239
2021-11-01,33763.0,137.0,43.62,0.7106565669548126,30246.769555303556,357.0986764582575,18340.015864187688,8345545.559653431,176921.11137493863,6948283.777088177,133226.12037859365,40984538.0,1.1584526181077324,1.196733308092461
2021-11-02,33199.0,128.0,43.62,0.7340941693134675,29536.85112955703,353.121571669825,17731.929548804073,8284764.381578785,174950.69298469764,6968050.680685477,133505.403870509,41027389.0,1.1523967756712847,1.1818070244796557
2021-11-03,32180.714285714286,129.0,43.62,0.7357868390543829,28735.968128576984,348.4397329624555,17125.846583594575,8223919.39237514,172631.1209392301,6987671.325476554,133782.62089462185,41070924.0,1.144620624305317,1.1652115551682525
2021-11-04,31081.14285714286,121.0,43.62,0.7355865844681635,27789.55577905324,342.4441335807969,16525.989530582196,8164888.642419608,169660.6587787916,7006904.215770574,134054.35939613645,41113750.0,1.134446079760634,1.1465645120888188
2021-11-05,29711.14285714286,128.0,43.62,0.7372249227380806,26799.40794686632,335.99721064456816,15938.892418386758,8109370.4712486565,166466.59269560492,7026034.4173856275,134324.64702536675,41153382.0,1.1226506628735455,1.1269279474656853
2021-11-06,28902.285714285717,140.0,43.62,0.9109289200078674,25955.88880653712,330.02966689601277,15378.50377811662,8062836.508859029,163510.0304292746,7045175.873410389,134595.09366631496,41183736.0,1.1133643756756189,1.1111931247811095
2021-11-07,28314.14285714286,135.0,43.62,0.9416596006332848,25157.945006972037,323.6557607542862,14849.422600914822,8027744.4713336965,160352.1398160182,7063952.760135338,134860.3893646198,41203192.0,1.105199125634104,1.0982429997557943
2021-11-08,28096.285714285717,128.0,43.61,0.7308463615656597,24403.904467486303,317.28174591508764,14304.110148201422,7979343.024099637,157194.19534964274,7082310.198616841,135119.7587441692,41236396.0,1.1002448513954286,1.0867279856768095
2021-11-09,28575.0,126.0,43.61,0.7404757229450212,23886.220346822254,311.90502826719677,13761.40724760109,7927024.845885468,154530.3522034044,7100394.666780696,135375.27136880934,41273348.0,1.1026992762033325,1.082011009770236
2021-11-10,29431.285714285717,119.0,43.61,0.7420862188493768,23616.92044338567,307.5412145242724,13235.593064800954,7878514.892277868,152368.34257377294,7118131.930274684,135625.87839295657,41306545.0,1.1125456295118805,1.0849920679793226
2021-11-11,30334.285714285717,123.0,43.61,0.7444288675911483,23635.3017897347,304.97324022014067,12720.412446126253,7829494.742258947,151096.06435539544,7135801.078697072,135875.523029867,41339840.0,1.1298165495503936,1.0949796292442946
2021-11-12,31324.571428571428,119.0,43.61,0.7400534345446625,23856.080359108484,303.6687465715,12219.113001739977,7782236.147724325,150449.76549932553,7153264.606511488,136122.2624853026,41371587.0,1.1522237899416445,1.109955618471922
2021-11-13,32007.0,110.0,43.6,0.915889764718712,24153.853223086717,302.92410079201903,11735.401410288327,7739163.2822366785,150080.83789591608,7170426.439013871,136364.73933481734,41399787.0,1.1759824396262053,1.1265726853075355
2021-11-14,32600.14285714286,106.0,43.6,0.9464604591315118,24560.56657850966,302.90079959127286,11283.891016290438,7708754.5843154015,150069.29353968025,7187428.012551414,136604.95191042588,41415551.0,1.2005935129846084,1.1456305416944526
2021-11-15,33505.71428571428,137.0,43.6,0.7304442041064848,25331.399939437702,306.20137557996907,10827.069335494965,7664985.9599139625,151704.53223025496,7205114.492883614,136854.84142713185,41443135.0,1.2319212352197266,1.168849717073255
2021-11-16,34073.857142857145,130.0,43.6,0.7420342826439317,26068.797468165,309.6176589437841,10385.820960785613,7623771.376603872,153397.0970291293,7222701.774252824,137103.3293771579,41468534.0,1.2605720168679881,1.1896025792619975
2021-11-17,34483.42857142857,99.0,43.6,0.7462196502328082,26533.241140718477,311.32028200492255,9955.102763229595,7582367.190801582,154240.64528088103,7239657.283359295,137342.89111554815,41495285.0,1.282981303174031,1.2041747338828852
2021-11-18,34969.0,113.0,43.6,0.7469957492150474,27153.17447791639,314.4294249902429,9540.472104178642,7542558.105881716,155781.04032754476,7256985.622704247,137587.72051409533,41519402.0,1.3068357752981887,1.2201242265796244
2021-11-19,35232.857142857145,105.0,43.6,0.7435044933948443,27667.708618817225,317.1090721390846,9139.49169092605,7503365.818804548,157108.64578485925,7274230.781019916,137831.3746608504,41542683.0,1.3272436512949966,1.2327390345973264
2021-11-20,35591.42857142857,100.0,43.59,0.914561686202037,28136.832844755125,319.6494602279669,8752.567254132206,7464998.664754884,158367.25667769814,7291459.5401676,138074.79710630677,41564748.0,1.3459029701241243,1.2436777276133895
2021-11-21,35900.28571428572,90.0,43.59,0.9402178537836432,28542.982638879468,321.63195046898545,8390.13008162129,7436075.51309566,159349.4624372089,7308563.133097741,138316.45109777426,41577075.0,1.362192950220393,1.2538534828812944
2021-11-22,35956.28571428572,94.0,43.59,0.7310933778696936,28907.811111150102,323.8325397351095,8033.116082762479,7400295.980804802,160439.72326512303,7325838.085483206,138560.526200202,41595428.0,1.3768539762399628,1.2612504787462409
2021-11-23,36293.28571428572,121.0,43.59,0.7412661044283851,29491.957751161306,327.99988387198,7686.477678747443,7361454.958790686,162504.39391439426,7343821.938426698,138814.61724783084,41615311.0,1.39414679511101,1.2703884448003404
2021-11-24,36525.28571428572,98.0,43.59,0.7441770734139155,29824.931588338175,330.471510304568,7351.946669350187,7323119.594107969,163728.93750468187,7361447.414262804,139063.64484129773,41634972.0,1.40666782878186,1.2751229214591182
2021-11-25,36531.57142857143,110.0,43.59,0.74270351708071,30181.550123934765,333.4850499641903,7028.449518551234,7283234.993270551,165221.96680134785,7379458.777213145,139318.12457357196,41655224.0,1.4183489779898666,1.2787092113578444
2021-11-26,36600.42857142857,107.0,43.59,0.7266521558363663,30452.612075246216,336.01848944266226,6718.2672048429,7244873.151311925,166477.13507186034,7397538.595721551,139573.57150373491,41673603.0,1.4278179581788506,1.2804658395563386
2021-11-27,36399.142857142855,88.0,43.58,0.8896008593420874,30451.500734899444,336.7704792749903,6417.298249826578,7204736.861602565,166849.70121575551,7415305.5584428925,139824.59814339204,41694061.0,1.4325137947881807,1.2775600051489189
2021-11-28,36698.57142857143,93.0,43.58,0.9414252867016024,30565.188654848534,338.0001724526298,6132.991257144306,7170407.559266793,167458.94089649568,7433237.78153097,140077.95972103078,41708369.0,1.4394897219883325,1.2776643602217908
2021-11-29,37422.857142857145,107.0,43.58,0.7155494158213456,30910.23594109801,340.78558376835787,5856.7490839054635,7132410.707919228,168838.94619503827,7451546.852033244,140336.64571690877,41725750.0,1.4515333315213228,1.2815269016056248
2021-11-30,38368.142857142855,88.0,43.58,0.7406622281227544,31227.17099589725,343.03543356923143,5588.1299245812015,7091799.965269091,169953.6126820303,7469527.2555824695,140590.68802875685,41746447.0,1.4651410366650264,1.2861756424104132
2021-12-01,39422.71428571428,104.0,43.58,0.7402725802462644,31846.016160495667,347.25231613334665,5330.57920804732,7051744.772323306,172042.8266695486,7487952.4458666425,140851.01466284602,41766005.0,1.4844159957421952,1.2957361689461635
2021-12-02,40265.857142857145,85.0,43.57,0.7414510689115952,32380.905660888955,350.72919078218683,5083.305242804864,7012861.907896065,173765.41083895834,7506092.594165126,141107.31398330085,41785087.0,1.5026714729751318,1.304438774850835
2021-12-03,41059.57142857143,114.0,43.57,0.7387745672131637,33224.528338917284,356.6742726105164,4845.9106286365595,6973082.143450364,176710.84456253017,7525020.020290678,141374.7366291241,41803863.0,1.524770600498529,1.3161144634228956
2021-12-04,41762.42857142857,119.0,43.57,0.9178645947944194,34075.233736360926,363.15576813968664,4614.355913529493,6927985.319754186,179922.03930501905,7544282.932270618,141646.89930218467,41827590.0,1.5458992587450988,1.325722168756414
2021-12-05,41931.0,92.0,43.57,0.947815006630796,34588.16595103247,367.28664046114824,4398.1449832580765,6892484.479586246,181968.64034344768,7563222.27189955,141914.49027208405,41842176.0,1.559512485842818,1.3305433353805105
2021-12-06,42385.857142857145,111.0,43.57,0.7240889446810499,35238.23980115027,372.6952274634859,4190.69512820816,6855552.036053181,184648.27285542502,7582789.616222676,142190.95422228094,41856998.0,1.5742010377840139,1.3358786128543243
2021-12-07,42459.28571428572,95.0,43.56,0.740699488945103,35610.68923343514,376.4870921582661,3991.1529867641466,6817486.225787174,186526.9158194303,7602258.567789738,142466.02799664275,41872959.0,1.583610125648437,1.3364013635188163
2021-12-08,42858.71428571428,98.0,43.56,0.7525716521944592,35995.61223473941,380.4070928965608,3799.762676673953,6778660.2119527,188469.0425561861,7621982.577132328,142744.70544244908,41889212.0,1.5933065611025474,1.3369266497337846
2021-12-09,43683.28571428572,103.0,43.56,0.7596132900562724,36497.30262257645,385.0516467282121,3614.8505522800424,6736749.3636562405,190770.14216788553,7641987.883560597,143027.35729080823,41908218.0,1.6059560073707286,1.339209141717793
2021-12-10,44511.28571428572,96.0,43.56,0.755646070303965,37008.491672121105,389.5508247237445,3437.8731906047396,6695287.708143203,192999.21671707754,7662028.099078984,143310.50236426527,41926917.0,1.6196093069384663,1.3422823476253258
2021-12-11,45734.28571428572,78.0,43.55,0.9445590457300984,37520.95968586284,393.64607641143346,3266.6966990051924,6651284.514119702,195028.16985443456,7681823.072348939,143590.1824482092,41948921.0,1.6357040768767757,1.3467116980950737
2021-12-12,47352.857142857145,106.0,43.55,0.9795484194168405,38542.93785626775,400.88652529413184,3104.497450482395,6609867.483380085,198615.38075055272,7702373.668860903,143880.5386148588,41967459.0,1.6602475727616866,1.3584072088189656
2021-12-13,50979.142857142855,92.0,43.55,0.7225955865122532,40122.69493193229,410.4054301761658,2949.4575039965634,6570219.023203792,203331.4308000931,7722731.677104547,144168.173731965,41985739.0,1.698397730176067,1.3812860285218507
2021-12-14,57060.71428571428,110.0,43.55,0.7264557831706955,43082.37461699473,427.03478397556995,2799.6392428177364,6529418.950061272,211570.28451083082,7743443.647865006,144460.80993018224,42007514.0,1.7636162688892378,1.4254205074981825
2021-12-15,64145.71428571428,95.0,40.76,0.7288459024730954,47280.84560402009,449.3747841236375,2655.4408478381706,6493100.241211089,222638.42313714247,7763678.033355478,144746.69840077028,42031463.0,1.849552567546745,1.4865624475981394
2021-12-16,70572.42857142857,91.0,40.76,0.723978375263463,52505.593149117165,477.1826983318393,2515.873717460536,6459895.0833565425,236415.58729672202,7783741.117025719,145030.16657472492,42059575.0,1.9441853512927532,1.5546316393365673
2021-12-17,76279.42857142857,114.0,40.76,0.7172518095939149,58637.68522472033,510.80356833282866,2382.4945255896564,6430323.0412723785,253072.72460387385,7804643.426683698,145325.49204151586,42087521.0,2.037662978129902,1.6219203282990196
2021-12-18,81563.71428571429,92.0,40.76,0.9384582154362856,64798.95269018986,545.7274670122736,2252.4866429540107,6393783.3176760385,270375.43496168,7826017.386752377,145627.4813833122,42122399.0,2.11971030175301,1.6776400892174852
2021-12-19,86153.71428571429,92.0,40.75,0.9945238474975318,70907.53388557506,581.9284160481936,2129.8287979626125,6354901.118144705,288310.84765988734,7849002.485048587,145952.2342453358,42152732.0,2.1885489765394257,1.7215888379772648
2021-12-20,92020.85714285714,101.0,40.75,0.6003976007747938,77363.63887127768,621.1920240773779,2012.0500295712204,6307768.060188542,307763.62535710534,7873722.26215678,146301.4961132306,42185166.0,2.253603732009194,1.7596149365298648
2021-12-21,97575.42857142857,89.0,40.75,0.5921475512791302,83718.79601791118,661.1802194169397,1899.6076037383573,6252558.032902642,327575.39288176154,7900094.709015375,146674.1082937677,42217815.0,2.311466700114726,1.78899754029115
2021-12-22,103073.71428571428,115.0,41.3,0.5707301162125724,90254.02699986794,704.3576520146695,1792.071881063298,6186920.979652437,348967.23739171954,7929084.624417683,147083.70227842763,42251545.0,2.363964950297828,1.8104226451777128
2021-12-23,109247.57142857143,123.0,41.29,0.5208776444478198,96993.13209396144,749.7095992038926,1691.207402035567,6118941.882550535,371436.424282343,7960359.40372141,147525.57874815134,42279639.0,2.413314013210403,1.8279088432685133
2021-12-24,113904.0,114.0,41.29,0.3944138248041756,103227.80595540968,793.8776068515942,1600.3461054567165,6056880.689437332,393319.0396920408,7994339.072051181,148005.67217217665,42288776.0,2.450396575426655,1.8371717836330577
2021-12-25,111187.14285714286,95.0,41.29,0.3532004215732286,105980.03702169497,828.3982418133264,1516.328346202052,5976712.562010355,410421.95691193186,8032759.891238052,148548.5139226903,42289274.0,2.4432324021962306,1.8075549971393294
2021-12-26,114104.42857142857,108.0,44.07,0.6445685557132925,108668.80432492065,862.5233580145571,1436.4114864529283,5896627.032053563,427328.91815861233,8072796.227272043,149114.1810581349,42290926.0,2.438779946423343,1.7800846091864573
2021-12-27,119531.57142857143,128.0,44.07,0.2276728359359938,112124.45727626457,899.6543240408919,1357.3419568239453,5808090.145341856,445725.0988472634,8113910.974302214,149695.084894059,42306957.0,2.449252639494942,1.7608862569410841
2021-12-28,125386.85714285714,145.0,44.07,0.2485937170366995,116293.45012264358,939.5960439782525,1281.0231188031512,5718228.230404031,465513.8405800276,8156343.984741336,150294.61426765416,42328659.0,2.470556788138722,1.7487216918066248
2021-12-29,137656.7142857143,104.0,44.06,0.3635074748188782,121554.55717545944,984.5993229390742,1206.6939025890758,5636557.670330386,487810.28314384003,8197323.267565594,150873.60415099442,42359253.0,2.5,1.7442885679745255
2021-12-30,145628.7142857143,177.0,44.06,0.3702893576533926,126350.03713442701,1037.7870036224995,1136.1998206817375,5558650.752219512,514161.60897707066,8241089.594579446,151491.9717461717,42389126.0,2.5,1.7201795009561516
2021-12-31,150675.14285714287,149.0,44.06,0.3684978142390424,130832.69498521546,1086.8318540289029,1072.414714814451,5496119.549960994,538460.4093175776,8286825.619335027,152138.1688929667,42401933.0,2.5,1.7008286014141545
2022-01-01,156302.42857142858,164.0,42.1,0.5104965895053615,135452.49469154427,1136.0302371796288,1013.882828621864,5443764.87694761,562835.2759824614,8335067.40214829,152819.7695037529,42403883.0,2.5,1.684626929585622
2022-01-02,163401.14285714287,155.0,42.1,0.8548046982257509,139945.76629312013,1185.5489621705303,956.9831696412899,5389425.984588417,587368.8529370215,8384495.734038485,153518.1346809807,42415035.0,2.5,1.6678112214385283
2022-01-03,168836.85714285713,160.0,42.1,0.2660898153178854,144298.13041767105,1234.432529715726,902.2501882932772,5336980.163642178,611587.7472321363,8435588.210600354,154240.0122982095,42431611.0,2.5,1.6515813429798907
2022-01-04,178020.7142857143,182.0,40.24,0.6261810843477511,149205.94621745154,1287.4510302474603,849.682901993229,5291242.356967893,637855.2543832127,8487917.027863871,154979.3579800727,42453035.0,2.5,1.6374273259410643
2022-01-05,172273.14285714287,196.0,40.24,0.6677483208798998,152699.02087476247,1329.0861143454556,799.8345075613786,5245481.669267161,658482.9571343524,8543906.293593526,155770.42156630184,42474766.0,2.5,1.623266228142102
2022-01-06,166267.57142857142,224.0,40.23,0.676556165082481,154179.8035614389,1361.3095866280437,752.7869036127911,5203762.276003676,674447.76715588,8602959.562004039,156604.77596761522,42495261.0,2.4842505087847235,1.6002108354235707
2022-01-07,159438.0,230.0,40.23,0.7037243424217108,151655.38803588963,1382.3006936206968,708.4149610889693,5174070.465835442,684847.6096166922,8663459.507252708,157459.57024006156,42514454.0,2.420277872943955,1.5501079383855865
2022-01-08,156854.85714285713,222.0,40.22,0.877262013003241,148223.38321361877,1394.757107047994,665.3519667283473,5164687.740228619,691019.0200771304,8722623.751493178,158295.49260156185,42542836.0,2.348639283294072,1.501498008520114
2022-01-09,147493.7142857143,235.0,40.21,0.9389737221842483,141793.62354675418,1394.1979560491202,625.6532945609217,5204055.583913586,690741.9940821637,8780152.55880346,159108.30813041294,42561684.0,2.2306559113689883,1.4369408162973443
2022-01-10,136454.57142857142,248.0,40.21,0.7091841882938374,132671.52639018153,1379.09047571893,588.6335068845221,5308322.406185717,683257.1379729176,8833759.75117384,159865.7157745049,42575729.0,2.0685685860709295,1.3592257337940643
2022-01-11,117326.85714285714,248.0,40.21,0.7088483897518986,117975.77635579713,1340.847734513497,553.5443536486392,5523137.951279147,664310.1389439803,8878578.559785122,160498.9537178821,42591035.0,1.8183175960409117,1.2431398921644647
2022-01-12,103927.14285714286,228.0,40.2,0.7163929509411966,102423.39633687692,1282.7087273953337,520.3147793126346,5815929.125745552,635505.7259576351,8915765.763853826,161024.36591299268,42607346.0,1.5670911880106568,1.128178307564036
2022-01-13,94405.14285714286,235.0,40.2,0.7184705549486251,89419.14193254494,1214.0486731165397,488.90831415246464,6089637.691131376,601488.7611496241,8953080.356699213,161551.57796404394,42624033.0,1.380527924020785,1.0406412122006545
2022-01-14,90132.85714285714,253.0,40.19,0.7359560924780223,81025.91976610232,1146.2501561073127,459.22152548852546,6282313.817904064,567898.6367117162,8995105.004594168,162145.33764679672,42641237.0,1.2843020797604912,0.9987371014779108
2022-01-15,88218.57142857143,258.0,40.19,0.9093531731426469,76002.81969955964,1084.468104799814,430.6116220706483,6413004.516479873,537289.3124522244,9038963.274356132,162765.00428640837,42666089.0,1.2473652078971393,0.9901922959694545
2022-01-16,88578.28571428571,252.0,40.18,0.9467277882935776,73721.92592104479,1031.446891298888,404.36549518179686,6521138.9526406145,511020.46118660434,9082589.80375016,163381.39670242462,42680627.0,1.2510325153262563,1.0098489603508685
2022-01-17,88354.42857142857,260.0,40.18,0.7191201620017409,72824.87134478845,988.1778206007523,379.69931173320816,6610905.354399639,489583.21545945643,9125320.739496795,163985.13541576744,42694069.0,1.272406664677532,1.0412409643886884
2022-01-18,88687.14285714286,255.0,40.17,0.7176612367489561,72823.7280169229,953.4135121622012,356.34088452384395,6684176.867842329,472359.57255455595,9166873.041445497,164572.22139638558,42709263.0,1.3043253131888641,1.0791907812127262
2022-01-19,89735.0,243.0,40.17,0.7253049778356796,73575.9632659022,926.2760797258346,334.3590608455758,6744198.41870771,458914.59215271595,9207379.836757047,165144.53557700964,42724006.0,1.3443347330520157,1.1222823411331517
2022-01-20,90137.71428571428,228.0,38.19,0.7289006529532845,74507.20051613891,904.8664749250138,313.6532204669897,6791549.102053202,448307.4089701084,9247047.328235645,165704.9913650009,42738749.0,1.3838440591137897,1.1633767213687691
2022-01-21,90708.85714285714,270.0,38.18,0.7421644004144003,76004.22922325901,892.3617574526904,294.11250173778427,6814619.78184387,442112.0667342442,9288221.261634277,166286.73143560582,42754269.0,1.4265842669903035,1.2033817771425341
2022-01-22,91089.14285714286,260.0,38.17,0.9194220500097692,77317.22596329337,883.3212664361986,275.5963318279385,6822992.564222153,437633.04224197654,9329364.921025146,166868.04376948372,42772120.0,1.4642826957369892,1.2366995393455726
2022-01-23,91511.85714285714,224.0,38.16,0.9471499830578778,78346.34280341057,874.9041520409645,258.55303055029924,6830121.4811163405,433462.8637127686,9369946.99961318,167441.42161600344,42781882.0,1.4964839851330174,1.2652165745559327
2022-01-24,90720.0,251.0,38.16,0.7278035213649249,79123.47164444106,870.1190636510896,242.46172729762716,6819161.962046912,431092.1376032224,9411955.888909796,168034.95864801665,42793007.0,1.5220814589614646,1.2847933265274833
2022-01-25,89812.42857142857,214.0,38.15,0.7270012128871779,79137.51433369529,863.3572535633687,227.29207784293442,6799798.5230875695,427742.0637035066,9453595.19790777,168623.27393776638,42804991.0,1.5386437215242172,1.2950856306707574
2022-01-26,89223.28571428571,239.0,38.15,0.7319537171730154,79222.47693729094,859.2351952200735,212.99199373813357,6768499.690849133,425699.829465953,9496337.638470167,169227.17520104136,42817871.0,1.5548417592946673,1.30269570287763
2022-01-27,88619.57142857143,262.0,36.83,0.7361482012139906,79293.44600251007,857.1420187367511,199.5113880445126,6727868.3143626265,424662.78527019673,9540057.402629003,169844.8849167563,42831714.0,1.5694564711549401,1.3070467704496662
2022-01-28,87549.57142857143,226.0,36.82,0.7501526319684214,78700.3417653874,852.0313376608743,186.81448400310185,6683994.184109116,422130.7473898136,9583253.70563283,170455.19873166416,42846267.0,1.5773469755588427,1.3050515646257468
2022-01-29,86484.0,239.0,36.82,0.9199501921080868,78032.44605959143,847.4982298505603,174.84027255828772,6634373.3613503175,419884.8626395885,9626940.17461493,171072.43802514713,42862078.0,1.584086027420998,1.3008973912117396
2022-01-30,84544.28571428571,217.0,36.82,0.957175707333602,76778.99298592436,839.970601266324,163.78524096551334,6589722.885574005,416155.3713170506,9670266.226044586,171684.58503532386,42871520.0,1.5832643193171352,1.2914718586967577
2022-01-31,81582.71428571429,230.0,36.81,0.7346851040447531,74989.271904301,831.1352977377347,153.38204541758034,6541986.092799617,411778.0049960201,9713909.474861993,172301.2136777181,42881734.0,1.574200493656987,1.2747764498377732
2022-02-01,78947.85714285714,228.0,36.81,0.7418209217682902,72839.29194036349,820.1511046240685,143.6046405643435,6494062.740003482,406335.9919577726,9757317.545118552,172914.51951886728,42892310.0,1.5609809821208158,1.2548114212721082
2022-02-02,76190.28571428571,228.0,36.81,0.7482042574060118,70433.34353431987,807.1822377171284,134.43570487152542,6447549.507026268,399910.6913400098,9800368.942273904,173522.7859813955,42902509.0,1.5447360215386627,1.2328587742633148
2022-02-03,73519.85714285714,206.0,36.8,0.7508473886412483,67729.09126863487,790.9853493182685,125.82261047653998,6403650.783350783,391886.0984606321,9842389.206861101,174116.48373300914,42913025.0,1.526235039094463,1.2097995839678184
2022-02-04,70787.57142857143,179.0,36.8,0.7566964366043314,64799.665560380054,771.5338159182461,117.76368619454342,6364367.797272264,382249.0229575506,9883080.574799648,174691.40571165422,42922488.0,1.5062767751377044,1.1866548550289777
2022-02-05,67960.28571428571,195.0,36.8,0.920078905499958,62009.09007165867,752.1428489839133,110.17735176504873,6324906.724287414,372641.9545285029,9923310.044274393,175259.80159912983,42933176.0,1.4877952002097665,1.1648275918121556
2022-02-06,64412.857142857145,193.0,36.8,0.9460123765123764,59017.854821824425,730.8742409521427,103.17105115471776,6293474.200306094,362104.6268416593,9962633.195203932,175815.39225362687,42938264.0,1.4645107318984292,1.1408994890678983
2022-02-07,60722.857142857145,158.0,36.79,0.7447057985873775,55575.66042724143,705.6157484580954,96.54748688179193,6263799.056767766,349590.54919784376,10000143.167643132,176345.3647926073,42946303.0,1.4352276774141304,1.1128150457251824
2022-02-08,57426.57142857143,166.0,36.79,0.7452005027136606,52288.50220606675,680.0671079569312,90.32373324794578,6235009.935784211,336932.72050910286,10036715.196262293,176862.0852698945,42955095.0,1.407536067587239,1.086328198963326
2022-02-09,54155.857142857145,160.0,36.79,0.7478457794642005,49034.73012302592,653.4564800526751,84.48031541282101,6208159.3542851955,323748.74035577325,10071983.149873532,177360.38067510724,42964391.0,1.3796423432181362,1.0602145061135546
2022-02-10,50912.857142857145,165.0,36.79,0.7489072988415093,45914.72818293296,626.7499427548373,79.00655103238708,6183047.779664637,310517.242814051,10106171.544863043,177843.42316528593,42973411.0,1.3523757134013872,1.0350571658044727
2022-02-11,48396.857142857145,149.0,36.01,0.7571934227241245,42939.82255021551,599.3452559388351,73.8728805869587,6159860.317525455,296939.8537952597,10138800.178079113,178304.42802506854,42982654.0,1.3275612274347404,1.0122546839359527
2022-02-12,46383.857142857145,149.0,36.01,0.920193281215211,40309.75725728395,573.0174239218994,69.03821473753976,6135251.590218189,283895.98214967706,10170268.242733464,178749.035393028,42993673.0,1.3087365428862858,0.9939143860522182
2022-02-13,43837.857142857145,156.0,36.01,0.942220852247168,37904.33895748433,547.7215229586564,64.58944048846242,6117469.287823782,271363.3708388914,10200735.785454115,179179.50654299953,42998139.0,1.2912180043074757,0.9777678243093361
2022-02-14,40954.71428571428,169.0,36.0,0.6945792399608188,35600.30433516615,523.5395307044224,60.39969720160311,6097732.492715791,259382.63490530604,10230359.8856805,179598.06082578847,43004581.0,1.2728526001821472,0.9607510172650552
2022-02-15,38770.142857142855,149.0,29.06,0.6966200647955034,33305.5739890233,498.810853197698,56.46140781814909,6078490.363153423,247131.04901113783,10258418.742985338,179994.5000358848,43012316.0,1.2537979246055593,0.9433821401885281
2022-02-16,37117.57142857143,150.0,29.06,0.7030003734082682,31285.687503871075,475.49108933255,52.77357788665978,6058998.827042349,235577.49585618687,10285466.28895494,180376.6505862454,43019989.0,1.2394947816577027,0.9296295969662169
2022-02-17,36094.28571428572,144.0,29.06,0.7069890035240913,29550.548067796593,453.65017003783055,49.31768471631205,6039078.825560336,224756.62204786905,10311414.75398212,180743.27239381618,43027921.0,1.2311643020928302,0.920345903892968
2022-02-18,34662.71428571428,131.0,29.06,0.6389728151964993,27921.45866193508,432.40155731626805,46.10739707022023,6022830.361802629,214229.20084552828,10336080.6608434,181091.77313747336,43033003.0,1.223749347031803,0.9123415942464195
2022-02-19,34275.142857142855,137.0,29.06,0.9054410303796268,26670.091813048428,413.88358369610575,43.07962204216518,6002565.712233533,205054.648573913,10360062.500334661,181430.60880011646,43040797.0,1.2253259681785602,0.9104433573669778
2022-02-20,33715.857142857145,144.0,29.06,0.9305982102692628,25713.534574043824,397.78223402859606,40.27939790807917,5985783.772560892,197077.38944188342,10383434.08094007,181760.82221023407,43044247.0,1.2326438760908671,0.9133201050006089
2022-02-21,32364.85714285714,124.0,29.06,0.6708996214961127,24650.244812937366,381.49223176212945,37.64355673810971,5968521.475836398,189006.66419062242,10405515.489039868,182072.8069745979,43049800.0,1.2356942556137922,0.9129398396055224
2022-02-22,30632.571428571428,120.0,29.06,0.687757975293063,23545.570922208743,365.5951460345486,35.171870739458996,5950973.280820079,181130.60566685174,10426702.989484556,182372.16185741025,43056083.0,1.2352733014232469,0.9099455933946805
2022-02-23,28713.14285714286,121.0,29.05,0.6927461107768126,22410.928139160467,350.11865223691007,32.85587384577353,5933048.580493662,173462.92537740766,10447136.345674489,182660.86155381336,43062847.0,1.2314277649824235,0.904380556437655
2022-02-24,26958.0,137.0,29.05,0.6905712034878702,21378.975128156682,336.03348258720666,30.69226844775038,5914813.696539291,166484.56328140205,10467227.087805806,182944.72050975275,43069041.0,1.2277374685788585,0.8988991108091193
2022-02-25,26188.0,122.0,29.05,0.6999475300527932,20375.808642301803,322.09606652071267,28.66818545408032,5897266.716207386,159579.40427987525,10486344.294982322,183214.82454235785,43075223.0,1.2243932108922928,0.8937911576982869
2022-02-26,24927.285714285717,116.0,29.05,0.9278875333568316,19379.95747968748,308.4440225249476,26.76973729150713,5879155.59955406,152815.63013143578,10504663.748527922,183473.65723865217,43082363.0,1.2198424929726461,0.8877344695770475
2022-02-27,24035.0,107.0,29.05,0.9717300550326866,18436.44153371442,295.14581083534625,25.013383381579747,5865425.205015094,146227.1588025635,10522160.728209022,183720.86933025235,43085549.0,1.215579106373652,0.8825658092027331
2022-02-28,23868.14285714286,119.0,23.15,0.7465185276062469,17745.67977499095,284.0671240142097,23.36334924649543,5849039.519548801,140738.32976401766,10539445.47657776,183965.08283882425,43090402.0,1.2190720129744013,0.8826291930081991
2022-03-01,24417.42857142857,111.0,23.15,0.7512414025221043,17235.690000284343,274.3981116142331,21.819583047033426,5832484.552146854,135947.91038563082,10556159.77933461,184201.23661045125,43095437.0,1.229238657440877,0.8874710148891165
2022-03-02,25467.714285714286,128.0,23.15,0.7554980122216964,17093.570938259396,267.95347999898087,20.376109742233087,5814630.226780769,132754.97951542703,10573017.511760958,184439.41687748188,43100465.0,1.252257225027538,0.9013220973297736
2022-03-03,26846.42857142857,140.0,23.15,0.7558562162334093,17284.54522948251,264.499600552829,19.02605515463774,5795975.819424082,131043.78809845276,10589998.835020563,184679.3433401144,43105613.0,1.2869113249141806,0.9232930332834768
2022-03-04,28428.14285714286,108.0,23.15,0.7653710170596135,17526.280709251147,261.4245685058231,17.762895293590155,5778954.765800306,129520.29298873781,10606084.758262556,184906.61883580152,43111047.0,1.3241473603397262,0.9472180932714984
2022-03-05,29986.0,107.0,23.15,0.9282506523690734,18010.750164987556,260.5619819400132,16.580084890040613,5761894.161409281,129092.93275488373,10622042.52815756,185132.08367287897,43117086.0,1.369297222341582,0.9766239596887877
2022-03-06,31950.14285714286,106.0,23.15,0.9661823571165676,18793.384876420165,262.15635871350827,15.485000641792796,5749186.170680111,129882.85142250475,10637942.987690577,185356.73878082476,43119677.0,1.423247698794383,1.0128642287579694
2022-03-07,34681.142857142855,117.0,23.15,0.7552789733009031,20049.26552859382,267.5559775219351,14.458099293968413,5736285.993740599,132558.04072889686,10654153.951361476,185585.78095321625,43123496.0,1.4910604969758727,1.058742705674002
2022-03-08,37606.57142857143,128.0,23.15,0.7612976846090881,21814.994467048797,276.87141015955956,13.497315705057002,5724921.25483024,137173.2824081237,10670686.098839477,185819.36108148308,43127730.0,1.5709042977901633,1.1132267055840177
2022-03-09,40768.0,123.0,23.15,0.7657909187953048,24013.709176793414,289.24557706984297,12.598398667110276,5716390.75133964,143303.94462121156,10687160.343806565,186052.12311415208,43132395.0,1.6577264342556692,1.1730030508362765
2022-03-10,44020.142857142855,128.0,23.15,0.7671666971754691,26737.084678555577,305.259133561238,11.758873308156474,5711171.223076505,151237.707466883,10703813.533811033,186287.4134332851,43136865.0,1.7505013676418186,1.2375193718859565
2022-03-11,47115.142857142855,119.0,23.15,0.7613313525331069,29802.827431493122,323.5732080970818,10.974204825163792,5708687.869441367,160311.23989444916,10720371.227406979,186521.35449852608,43141452.0,1.8415811716892019,1.3013422649454258
2022-03-12,50065.42857142857,126.0,23.15,0.9246220303413286,33245.789632721666,344.675096060903,10.23788681368135,5705570.36667904,170765.96772401335,10737318.11773603,186760.7944636175,43147618.0,1.9296117369742853,1.3628039036745747
2022-03-13,53544.857142857145,126.0,23.15,0.9501836263152053,37060.078355900005,368.16199075015555,9.55646983939878,5705942.263735315,182402.32424143783,10754649.866462504,187005.67203284477,43150364.0,2.0136420018368715,1.422243655995944
2022-03-14,57621.28571428572,155.0,23.15,0.7566416845013336,41549.73589742489,396.2153647739658,8.918230273389378,5704059.241074104,196301.09911043267,10773132.10528398,187266.80469684151,43154103.0,2.0984333417116634,1.4816430096417983
2022-03-15,60729.71428571428,132.0,23.15,0.7614929021595689,45809.20318424676,423.4453700207108,8.321275340467873,5697420.895785108,209791.94382254596,10792053.88903411,187534.14762242243,43158333.0,2.1673013211058176,1.5284877791158835
2022-03-16,63367.0,145.0,23.15,0.7568539258012943,49992.00665052396,451.4094920226894,7.763899617403363,5683596.8998754285,223646.49963407597,10812494.523034135,187822.9501458348,43162448.0,2.224072112476304,1.5647195333986288
2022-03-17,65279.71428571428,159.0,23.15,0.7610926143382284,53830.369000423605,478.9671537507079,7.243676476774954,5660659.085219843,237299.67860458262,10834807.982269213,188138.21352431926,43166339.0,2.26619290621566,1.5879186403402428
2022-03-18,66656.0,162.0,20.37,0.7544270597823229,57055.6904349458,504.6218324595468,6.75690340693244,5627687.279724809,250010.04290542964,10858918.853413545,188478.87225481134,43170943.0,2.2932173723202425,1.5974951582072903
2022-03-19,67520.28571428571,149.0,20.37,0.9117795469637576,59463.04518600664,526.8341291975904,6.301380082104791,5586230.062720659,261014.91210310077,10884448.683003549,188839.57922750566,43176316.0,2.306198460276945,1.5947032027719228
2022-03-20,68468.42857142857,156.0,20.37,0.9382628687102372,61464.43425864837,547.4715066989293,5.879423373495882,5542361.144968022,271239.502682976,10911535.735236894,189222.2879556084,43178803.0,2.3121169465196005,1.5862403357722383
2022-03-21,69952.71428571429,146.0,20.37,0.7500656098287677,63125.73223492107,566.2586348177089,5.484223582667205,5495074.382805454,280547.4049672523,10939511.887495967,189617.55863904615,43182445.0,2.315582541318209,1.575064027756833
2022-03-22,71059.0,185.0,20.37,0.7575232595539613,64845.28842895554,586.3824412067743,5.115423161638961,5445006.393196912,290517.5516694446,10969382.072629083,190039.5898169562,43185940.0,2.318148887356211,1.5624426696228073
2022-03-23,71580.14285714286,165.0,20.37,0.7589262994964749,65901.50683992277,602.9670705517934,4.770757772693223,5393181.289064387,298734.2470785781,10999976.981893575,190471.86050884018,43189836.0,2.313124356240435,1.5442171508314475
2022-03-24,71711.14285714286,175.0,20.37,0.7576339957962765,66598.1079340155,618.0086591683202,4.448904402226091,5340262.018905306,306186.45777080004,11031744.443686929,190920.6980121876,43193863.0,2.3032814790418503,1.5225583748288405
2022-03-25,71475.71428571429,180.0,20.37,0.7523096205289188,66871.17707618297,630.8875703964706,4.1486636163286095,5287518.42015836,312567.1907110127,11064476.779334866,191383.16806741522,43197671.0,2.2881123968746975,1.497592368759094
2022-03-26,70985.0,186.0,20.37,0.9165964284253758,66746.23183211475,641.6041028600806,3.8673743294303695,5234221.732709913,317876.59384952905,11098039.085269501,191857.36464324367,43202844.0,2.2685573065759765,1.4698270708348213
2022-03-27,69712.57142857143,186.0,20.37,0.9540229799440326,66101.07438441247,649.0377790540012,3.607246511127158,5185774.467182326,321559.53736215667,11132221.145465696,192340.3176301561,43204699.0,2.2416467082748723,1.4389482099850228
2022-03-28,68141.42857142857,188.0,20.37,0.7451485061397343,64979.48328574957,653.3793952400675,3.36386248722182,5138818.166209869,323710.54942532256,11166831.735881045,192829.32525354385,43207511.0,2.2089700062772795,1.4051330233375012
2022-03-29,66083.71428571429,203.0,20.37,0.7531680476768197,63493.11579499671,655.2755212358021,3.1365327814460326,5094137.937435313,324649.96684853855,11201976.824013995,193325.88471164554,43210668.0,2.1710720955090435,1.3690184997688009
2022-03-30,63962.28571428572,212.0,20.37,0.7558054542922964,61689.515828652446,654.4667434358862,2.924283083153822,5052619.83307493,324249.26565122337,11237349.020883463,193825.65295355904,43214040.0,2.1293615469703213,1.331773596875494
2022-03-31,60715.857142857145,222.0,20.37,0.7572523900725655,59386.26661754204,650.1524970324274,2.7260378795561993,5014863.35373473,322111.81368412124,11272825.655110385,194326.89677457442,43217781.0,2.0789973506233093,1.2905576531584595
